Loading cuda/12.4.0
  Unloading conflict: cuda/12.8.1
VERSION: 1.6 (NCCL-only)
MASTER_PORT: 57665
MASTER_ADDR: g011
[2025-11-21 04:28:46,994] [INFO] [real_accelerator.py:260:get_accelerator] Setting ds_accelerator to cuda (auto detect)
[2025-11-21 04:28:46,994] [INFO] [real_accelerator.py:260:get_accelerator] Setting ds_accelerator to cuda (auto detect)
[2025-11-21 04:28:46,993] [INFO] [real_accelerator.py:260:get_accelerator] Setting ds_accelerator to cuda (auto detect)
[2025-11-21 04:28:46,993] [INFO] [real_accelerator.py:260:get_accelerator] Setting ds_accelerator to cuda (auto detect)
[2025-11-21 04:28:46,994] [INFO] [real_accelerator.py:260:get_accelerator] Setting ds_accelerator to cuda (auto detect)
[2025-11-21 04:28:46,994] [INFO] [real_accelerator.py:260:get_accelerator] Setting ds_accelerator to cuda (auto detect)
[2025-11-21 04:28:46,996] [INFO] [real_accelerator.py:260:get_accelerator] Setting ds_accelerator to cuda (auto detect)
[2025-11-21 04:28:46,996] [INFO] [real_accelerator.py:260:get_accelerator] Setting ds_accelerator to cuda (auto detect)
[2025-11-21 04:28:46,995] [INFO] [real_accelerator.py:260:get_accelerator] Setting ds_accelerator to cuda (auto detect)
[2025-11-21 04:28:46,995] [INFO] [real_accelerator.py:260:get_accelerator] Setting ds_accelerator to cuda (auto detect)
[2025-11-21 04:28:46,994] [INFO] [real_accelerator.py:260:get_accelerator] Setting ds_accelerator to cuda (auto detect)
[2025-11-21 04:28:46,994] [INFO] [real_accelerator.py:260:get_accelerator] Setting ds_accelerator to cuda (auto detect)
[2025-11-21 04:28:46,995] [INFO] [real_accelerator.py:260:get_accelerator] Setting ds_accelerator to cuda (auto detect)
[2025-11-21 04:28:46,995] [INFO] [real_accelerator.py:260:get_accelerator] Setting ds_accelerator to cuda (auto detect)
[2025-11-21 04:28:46,995] [INFO] [real_accelerator.py:260:get_accelerator] Setting ds_accelerator to cuda (auto detect)
[2025-11-21 04:28:46,995] [INFO] [real_accelerator.py:260:get_accelerator] Setting ds_accelerator to cuda (auto detect)
Warning: The cache directory for DeepSpeed Triton autotune, /home/li309/.triton/autotune, appears to be on an NFS system. While this is generally acceptable, if you experience slowdowns or hanging when DeepSpeed exits, it is recommended to set the TRITON_CACHE_DIR environment variable to a non-NFS path.
Warning: The cache directory for DeepSpeed Triton autotune, /home/li309/.triton/autotune, appears to be on an NFS system. While this is generally acceptable, if you experience slowdowns or hanging when DeepSpeed exits, it is recommended to set the TRITON_CACHE_DIR environment variable to a non-NFS path.
Warning: The cache directory for DeepSpeed Triton autotune, /home/li309/.triton/autotune, appears to be on an NFS system. While this is generally acceptable, if you experience slowdowns or hanging when DeepSpeed exits, it is recommended to set the TRITON_CACHE_DIR environment variable to a non-NFS path.Warning: The cache directory for DeepSpeed Triton autotune, /home/li309/.triton/autotune, appears to be on an NFS system. While this is generally acceptable, if you experience slowdowns or hanging when DeepSpeed exits, it is recommended to set the TRITON_CACHE_DIR environment variable to a non-NFS path.

Warning: The cache directory for DeepSpeed Triton autotune, /home/li309/.triton/autotune, appears to be on an NFS system. While this is generally acceptable, if you experience slowdowns or hanging when DeepSpeed exits, it is recommended to set the TRITON_CACHE_DIR environment variable to a non-NFS path.
Warning: The cache directory for DeepSpeed Triton autotune, /home/li309/.triton/autotune, appears to be on an NFS system. While this is generally acceptable, if you experience slowdowns or hanging when DeepSpeed exits, it is recommended to set the TRITON_CACHE_DIR environment variable to a non-NFS path.
Warning: The cache directory for DeepSpeed Triton autotune, /home/li309/.triton/autotune, appears to be on an NFS system. While this is generally acceptable, if you experience slowdowns or hanging when DeepSpeed exits, it is recommended to set the TRITON_CACHE_DIR environment variable to a non-NFS path.
Warning: The cache directory for DeepSpeed Triton autotune, /home/li309/.triton/autotune, appears to be on an NFS system. While this is generally acceptable, if you experience slowdowns or hanging when DeepSpeed exits, it is recommended to set the TRITON_CACHE_DIR environment variable to a non-NFS path.
Warning: The cache directory for DeepSpeed Triton autotune, /home/li309/.triton/autotune, appears to be on an NFS system. While this is generally acceptable, if you experience slowdowns or hanging when DeepSpeed exits, it is recommended to set the TRITON_CACHE_DIR environment variable to a non-NFS path.
Warning: The cache directory for DeepSpeed Triton autotune, /home/li309/.triton/autotune, appears to be on an NFS system. While this is generally acceptable, if you experience slowdowns or hanging when DeepSpeed exits, it is recommended to set the TRITON_CACHE_DIR environment variable to a non-NFS path.
Warning: The cache directory for DeepSpeed Triton autotune, /home/li309/.triton/autotune, appears to be on an NFS system. While this is generally acceptable, if you experience slowdowns or hanging when DeepSpeed exits, it is recommended to set the TRITON_CACHE_DIR environment variable to a non-NFS path.Warning: The cache directory for DeepSpeed Triton autotune, /home/li309/.triton/autotune, appears to be on an NFS system. While this is generally acceptable, if you experience slowdowns or hanging when DeepSpeed exits, it is recommended to set the TRITON_CACHE_DIR environment variable to a non-NFS path.

Warning: The cache directory for DeepSpeed Triton autotune, /home/li309/.triton/autotune, appears to be on an NFS system. While this is generally acceptable, if you experience slowdowns or hanging when DeepSpeed exits, it is recommended to set the TRITON_CACHE_DIR environment variable to a non-NFS path.
Warning: The cache directory for DeepSpeed Triton autotune, /home/li309/.triton/autotune, appears to be on an NFS system. While this is generally acceptable, if you experience slowdowns or hanging when DeepSpeed exits, it is recommended to set the TRITON_CACHE_DIR environment variable to a non-NFS path.
Warning: The cache directory for DeepSpeed Triton autotune, /home/li309/.triton/autotune, appears to be on an NFS system. While this is generally acceptable, if you experience slowdowns or hanging when DeepSpeed exits, it is recommended to set the TRITON_CACHE_DIR environment variable to a non-NFS path.
Warning: The cache directory for DeepSpeed Triton autotune, /home/li309/.triton/autotune, appears to be on an NFS system. While this is generally acceptable, if you experience slowdowns or hanging when DeepSpeed exits, it is recommended to set the TRITON_CACHE_DIR environment variable to a non-NFS path.
[2025-11-21 04:29:12,575] [INFO] [logging.py:107:log_dist] [Rank -1] [TorchCheckpointEngine] Initialized with serialization = False
[2025-11-21 04:29:12,575] [INFO] [logging.py:107:log_dist] [Rank -1] [TorchCheckpointEngine] Initialized with serialization = False
[2025-11-21 04:29:12,577] [INFO] [logging.py:107:log_dist] [Rank -1] [TorchCheckpointEngine] Initialized with serialization = False
[2025-11-21 04:29:12,577] [INFO] [logging.py:107:log_dist] [Rank -1] [TorchCheckpointEngine] Initialized with serialization = False
[2025-11-21 04:29:12,576] [INFO] [logging.py:107:log_dist] [Rank -1] [TorchCheckpointEngine] Initialized with serialization = False
[2025-11-21 04:29:12,576] [INFO] [logging.py:107:log_dist] [Rank -1] [TorchCheckpointEngine] Initialized with serialization = False
[2025-11-21 04:29:12,575] [INFO] [logging.py:107:log_dist] [Rank -1] [TorchCheckpointEngine] Initialized with serialization = False
[2025-11-21 04:29:12,575] [INFO] [logging.py:107:log_dist] [Rank -1] [TorchCheckpointEngine] Initialized with serialization = False
[2025-11-21 04:29:12,576] [INFO] [logging.py:107:log_dist] [Rank -1] [TorchCheckpointEngine] Initialized with serialization = False
[2025-11-21 04:29:12,576] [INFO] [logging.py:107:log_dist] [Rank -1] [TorchCheckpointEngine] Initialized with serialization = False
[2025-11-21 04:29:12,575] [INFO] [logging.py:107:log_dist] [Rank -1] [TorchCheckpointEngine] Initialized with serialization = False
[2025-11-21 04:29:12,575] [INFO] [logging.py:107:log_dist] [Rank -1] [TorchCheckpointEngine] Initialized with serialization = False
[2025-11-21 04:29:12,575] [INFO] [logging.py:107:log_dist] [Rank -1] [TorchCheckpointEngine] Initialized with serialization = False
[2025-11-21 04:29:12,575] [INFO] [logging.py:107:log_dist] [Rank -1] [TorchCheckpointEngine] Initialized with serialization = False
[2025-11-21 04:29:12,576] [INFO] [logging.py:107:log_dist] [Rank -1] [TorchCheckpointEngine] Initialized with serialization = False
[2025-11-21 04:29:12,576] [INFO] [logging.py:107:log_dist] [Rank -1] [TorchCheckpointEngine] Initialized with serialization = False
⚙️  Running in WANDB offline mode⚙️  Running in WANDB offline mode

⚙️  Running in WANDB offline mode⚙️  Running in WANDB offline mode

⚙️  Running in WANDB offline mode⚙️  Running in WANDB offline mode
⚙️  Running in WANDB offline mode
⚙️  Running in WANDB offline mode
⚙️  Running in WANDB offline mode⚙️  Running in WANDB offline mode

⚙️  Running in WANDB offline mode⚙️  Running in WANDB offline mode

⚙️  Running in WANDB offline mode⚙️  Running in WANDB offline mode

⚙️  Running in WANDB offline mode⚙️  Running in WANDB offline mode


[2025-11-21 04:29:21,003] [INFO] [comm.py:821:init_distributed] cdb=None
[2025-11-21 04:29:21,003] [INFO] [comm.py:821:init_distributed] cdb=None
[2025-11-21 04:29:21,004] [INFO] [comm.py:821:init_distributed] cdb=None
[2025-11-21 04:29:21,003] [INFO] [comm.py:821:init_distributed] cdb=None
[2025-11-21 04:29:21,005] [INFO] [comm.py:821:init_distributed] cdb=None
[2025-11-21 04:29:21,005] [INFO] [comm.py:821:init_distributed] cdb=None
[2025-11-21 04:29:21,004] [INFO] [comm.py:821:init_distributed] cdb=None
[2025-11-21 04:29:21,004] [INFO] [comm.py:821:init_distributed] cdb=None
[2025-11-21 04:29:21,004] [INFO] [comm.py:821:init_distributed] cdb=None
[2025-11-21 04:29:21,004] [INFO] [comm.py:852:init_distributed] Initializing TorchBackend in DeepSpeed with backend nccl
[2025-11-21 04:29:21,003] [INFO] [comm.py:821:init_distributed] cdb=None
[2025-11-21 04:29:21,003] [INFO] [comm.py:821:init_distributed] cdb=None
[2025-11-21 04:29:21,005] [INFO] [comm.py:821:init_distributed] cdb=None
[2025-11-21 04:29:21,005] [INFO] [comm.py:821:init_distributed] cdb=None
[2025-11-21 04:29:21,005] [INFO] [comm.py:821:init_distributed] cdb=None
[2025-11-21 04:29:21,003] [INFO] [comm.py:821:init_distributed] cdb=None
[2025-11-21 04:29:21,004] [INFO] [comm.py:821:init_distributed] cdb=None
[2025-11-21 04:29:21,860] [INFO] [logging.py:107:log_dist] [Rank 0] Creating MoE layer with num_experts: 4 | num_local_experts: 4 | expert_parallel_size: 1
[2025-11-21 04:29:21,925] [INFO] [logging.py:107:log_dist] [Rank 0] Creating MoE layer with num_experts: 4 | num_local_experts: 4 | expert_parallel_size: 1
[2025-11-21 04:29:21,927] [INFO] [logging.py:107:log_dist] [Rank 0] Creating MoE layer with num_experts: 4 | num_local_experts: 4 | expert_parallel_size: 1
[2025-11-21 04:29:21,929] [INFO] [logging.py:107:log_dist] [Rank 0] Creating MoE layer with num_experts: 4 | num_local_experts: 4 | expert_parallel_size: 1
[2025-11-21 04:29:21,932] [INFO] [logging.py:107:log_dist] [Rank 0] Creating MoE layer with num_experts: 4 | num_local_experts: 4 | expert_parallel_size: 1
[2025-11-21 04:29:21,934] [INFO] [logging.py:107:log_dist] [Rank 0] Creating MoE layer with num_experts: 4 | num_local_experts: 4 | expert_parallel_size: 1
[2025-11-21 04:29:21,936] [INFO] [logging.py:107:log_dist] [Rank 0] Creating MoE layer with num_experts: 4 | num_local_experts: 4 | expert_parallel_size: 1
[2025-11-21 04:29:21,938] [INFO] [logging.py:107:log_dist] [Rank 0] Creating MoE layer with num_experts: 4 | num_local_experts: 4 | expert_parallel_size: 1
[2025-11-21 04:29:21,940] [INFO] [logging.py:107:log_dist] [Rank 0] Creating MoE layer with num_experts: 4 | num_local_experts: 4 | expert_parallel_size: 1
[2025-11-21 04:29:21,942] [INFO] [logging.py:107:log_dist] [Rank 0] Creating MoE layer with num_experts: 4 | num_local_experts: 4 | expert_parallel_size: 1
[2025-11-21 04:29:21,944] [INFO] [logging.py:107:log_dist] [Rank 0] Creating MoE layer with num_experts: 4 | num_local_experts: 4 | expert_parallel_size: 1
[2025-11-21 04:29:21,945] [INFO] [logging.py:107:log_dist] [Rank 0] Creating MoE layer with num_experts: 4 | num_local_experts: 4 | expert_parallel_size: 1
Vision encoder and proj init.

Vision encoder and proj init.

Vision encoder and proj init.

Vision encoder and proj init.

Vision encoder and proj init.

Vision encoder and proj init.

Vision encoder and proj init.

Vision encoder and proj init.

RePaMoELLaVAStablelmForCausalLM(
  (model): MoELLaVAStablelmModel(
    (embed_tokens): Embedding(100352, 2048, padding_idx=100280)
    (layers): ModuleList(
      (0): DecoderLayer(
        (self_attn): Attention(
          (q_proj): Linear(in_features=2048, out_features=2048, bias=True)
          (k_proj): Linear(in_features=2048, out_features=2048, bias=True)
          (v_proj): Linear(in_features=2048, out_features=2048, bias=True)
          (o_proj): Linear(in_features=2048, out_features=2048, bias=False)
          (rotary_emb): RotaryEmbedding()
        )
        (mlp): RePaMoE(
          (deepspeed_moe): MOELayer(
            (gate): TopKGate(
              (wg): Linear(in_features=2048, out_features=4, bias=False)
            )
            (experts): Experts(
              (deepspeed_experts): ModuleList(
                (0-3): 4 x RePaMLP(
                  (gate_proj): Linear(in_features=2048, out_features=5632, bias=False)
                  (up_proj): Linear(in_features=2048, out_features=5632, bias=False)
                  (down_proj): Linear(in_features=5632, out_features=2048, bias=False)
                  (act_fn): SiLU()
                )
              )
            )
          )
        )
        (input_layernorm): LayerNorm((2048,), eps=1e-05, elementwise_affine=True)
        (post_attention_layernorm): LayerNorm((2048,), eps=1e-05, elementwise_affine=True)
      )
      (1): DecoderLayer(
        (self_attn): Attention(
          (q_proj): Linear(in_features=2048, out_features=2048, bias=True)
          (k_proj): Linear(in_features=2048, out_features=2048, bias=True)
          (v_proj): Linear(in_features=2048, out_features=2048, bias=True)
          (o_proj): Linear(in_features=2048, out_features=2048, bias=False)
          (rotary_emb): RotaryEmbedding()
        )
        (mlp): MLP(
          (gate_proj): Linear(in_features=2048, out_features=5632, bias=False)
          (up_proj): Linear(in_features=2048, out_features=5632, bias=False)
          (down_proj): Linear(in_features=5632, out_features=2048, bias=False)
          (act_fn): SiLU()
        )
        (input_layernorm): LayerNorm((2048,), eps=1e-05, elementwise_affine=True)
        (post_attention_layernorm): LayerNorm((2048,), eps=1e-05, elementwise_affine=True)
      )
      (2): DecoderLayer(
        (self_attn): Attention(
          (q_proj): Linear(in_features=2048, out_features=2048, bias=True)
          (k_proj): Linear(in_features=2048, out_features=2048, bias=True)
          (v_proj): Linear(in_features=2048, out_features=2048, bias=True)
          (o_proj): Linear(in_features=2048, out_features=2048, bias=False)
          (rotary_emb): RotaryEmbedding()
        )
        (mlp): RePaMoE(
          (deepspeed_moe): MOELayer(
            (gate): TopKGate(
              (wg): Linear(in_features=2048, out_features=4, bias=False)
            )
            (experts): Experts(
              (deepspeed_experts): ModuleList(
                (0-3): 4 x RePaMLP(
                  (gate_proj): Linear(in_features=2048, out_features=5632, bias=False)
                  (up_proj): Linear(in_features=2048, out_features=5632, bias=False)
                  (down_proj): Linear(in_features=5632, out_features=2048, bias=False)
                  (act_fn): SiLU()
                )
              )
            )
          )
        )
        (input_layernorm): LayerNorm((2048,), eps=1e-05, elementwise_affine=True)
        (post_attention_layernorm): LayerNorm((2048,), eps=1e-05, elementwise_affine=True)
      )
      (3): DecoderLayer(
        (self_attn): Attention(
          (q_proj): Linear(in_features=2048, out_features=2048, bias=True)
          (k_proj): Linear(in_features=2048, out_features=2048, bias=True)
          (v_proj): Linear(in_features=2048, out_features=2048, bias=True)
          (o_proj): Linear(in_features=2048, out_features=2048, bias=False)
          (rotary_emb): RotaryEmbedding()
        )
        (mlp): MLP(
          (gate_proj): Linear(in_features=2048, out_features=5632, bias=False)
          (up_proj): Linear(in_features=2048, out_features=5632, bias=False)
          (down_proj): Linear(in_features=5632, out_features=2048, bias=False)
          (act_fn): SiLU()
        )
        (input_layernorm): LayerNorm((2048,), eps=1e-05, elementwise_affine=True)
        (post_attention_layernorm): LayerNorm((2048,), eps=1e-05, elementwise_affine=True)
      )
      (4): DecoderLayer(
        (self_attn): Attention(
          (q_proj): Linear(in_features=2048, out_features=2048, bias=True)
          (k_proj): Linear(in_features=2048, out_features=2048, bias=True)
          (v_proj): Linear(in_features=2048, out_features=2048, bias=True)
          (o_proj): Linear(in_features=2048, out_features=2048, bias=False)
          (rotary_emb): RotaryEmbedding()
        )
        (mlp): RePaMoE(
          (deepspeed_moe): MOELayer(
            (gate): TopKGate(
              (wg): Linear(in_features=2048, out_features=4, bias=False)
            )
            (experts): Experts(
              (deepspeed_experts): ModuleList(
                (0-3): 4 x RePaMLP(
                  (gate_proj): Linear(in_features=2048, out_features=5632, bias=False)
                  (up_proj): Linear(in_features=2048, out_features=5632, bias=False)
                  (down_proj): Linear(in_features=5632, out_features=2048, bias=False)
                  (act_fn): SiLU()
                )
              )
            )
          )
        )
        (input_layernorm): LayerNorm((2048,), eps=1e-05, elementwise_affine=True)
        (post_attention_layernorm): LayerNorm((2048,), eps=1e-05, elementwise_affine=True)
      )
      (5): DecoderLayer(
        (self_attn): Attention(
          (q_proj): Linear(in_features=2048, out_features=2048, bias=True)
          (k_proj): Linear(in_features=2048, out_features=2048, bias=True)
          (v_proj): Linear(in_features=2048, out_features=2048, bias=True)
          (o_proj): Linear(in_features=2048, out_features=2048, bias=False)
          (rotary_emb): RotaryEmbedding()
        )
        (mlp): MLP(
          (gate_proj): Linear(in_features=2048, out_features=5632, bias=False)
          (up_proj): Linear(in_features=2048, out_features=5632, bias=False)
          (down_proj): Linear(in_features=5632, out_features=2048, bias=False)
          (act_fn): SiLU()
        )
        (input_layernorm): LayerNorm((2048,), eps=1e-05, elementwise_affine=True)
        (post_attention_layernorm): LayerNorm((2048,), eps=1e-05, elementwise_affine=True)
      )
      (6): DecoderLayer(
        (self_attn): Attention(
          (q_proj): Linear(in_features=2048, out_features=2048, bias=True)
          (k_proj): Linear(in_features=2048, out_features=2048, bias=True)
          (v_proj): Linear(in_features=2048, out_features=2048, bias=True)
          (o_proj): Linear(in_features=2048, out_features=2048, bias=False)
          (rotary_emb): RotaryEmbedding()
        )
        (mlp): RePaMoE(
          (deepspeed_moe): MOELayer(
            (gate): TopKGate(
              (wg): Linear(in_features=2048, out_features=4, bias=False)
            )
            (experts): Experts(
              (deepspeed_experts): ModuleList(
                (0-3): 4 x RePaMLP(
                  (gate_proj): Linear(in_features=2048, out_features=5632, bias=False)
                  (up_proj): Linear(in_features=2048, out_features=5632, bias=False)
                  (down_proj): Linear(in_features=5632, out_features=2048, bias=False)
                  (act_fn): SiLU()
                )
              )
            )
          )
        )
        (input_layernorm): LayerNorm((2048,), eps=1e-05, elementwise_affine=True)
        (post_attention_layernorm): LayerNorm((2048,), eps=1e-05, elementwise_affine=True)
      )
      (7): DecoderLayer(
        (self_attn): Attention(
          (q_proj): Linear(in_features=2048, out_features=2048, bias=True)
          (k_proj): Linear(in_features=2048, out_features=2048, bias=True)
          (v_proj): Linear(in_features=2048, out_features=2048, bias=True)
          (o_proj): Linear(in_features=2048, out_features=2048, bias=False)
          (rotary_emb): RotaryEmbedding()
        )
        (mlp): MLP(
          (gate_proj): Linear(in_features=2048, out_features=5632, bias=False)
          (up_proj): Linear(in_features=2048, out_features=5632, bias=False)
          (down_proj): Linear(in_features=5632, out_features=2048, bias=False)
          (act_fn): SiLU()
        )
        (input_layernorm): LayerNorm((2048,), eps=1e-05, elementwise_affine=True)
        (post_attention_layernorm): LayerNorm((2048,), eps=1e-05, elementwise_affine=True)
      )
      (8): DecoderLayer(
        (self_attn): Attention(
          (q_proj): Linear(in_features=2048, out_features=2048, bias=True)
          (k_proj): Linear(in_features=2048, out_features=2048, bias=True)
          (v_proj): Linear(in_features=2048, out_features=2048, bias=True)
          (o_proj): Linear(in_features=2048, out_features=2048, bias=False)
          (rotary_emb): RotaryEmbedding()
        )
        (mlp): RePaMoE(
          (deepspeed_moe): MOELayer(
            (gate): TopKGate(
              (wg): Linear(in_features=2048, out_features=4, bias=False)
            )
            (experts): Experts(
              (deepspeed_experts): ModuleList(
                (0-3): 4 x RePaMLP(
                  (gate_proj): Linear(in_features=2048, out_features=5632, bias=False)
                  (up_proj): Linear(in_features=2048, out_features=5632, bias=False)
                  (down_proj): Linear(in_features=5632, out_features=2048, bias=False)
                  (act_fn): SiLU()
                )
              )
            )
          )
        )
        (input_layernorm): LayerNorm((2048,), eps=1e-05, elementwise_affine=True)
        (post_attention_layernorm): LayerNorm((2048,), eps=1e-05, elementwise_affine=True)
      )
      (9): DecoderLayer(
        (self_attn): Attention(
          (q_proj): Linear(in_features=2048, out_features=2048, bias=True)
          (k_proj): Linear(in_features=2048, out_features=2048, bias=True)
          (v_proj): Linear(in_features=2048, out_features=2048, bias=True)
          (o_proj): Linear(in_features=2048, out_features=2048, bias=False)
          (rotary_emb): RotaryEmbedding()
        )
        (mlp): MLP(
          (gate_proj): Linear(in_features=2048, out_features=5632, bias=False)
          (up_proj): Linear(in_features=2048, out_features=5632, bias=False)
          (down_proj): Linear(in_features=5632, out_features=2048, bias=False)
          (act_fn): SiLU()
        )
        (input_layernorm): LayerNorm((2048,), eps=1e-05, elementwise_affine=True)
        (post_attention_layernorm): LayerNorm((2048,), eps=1e-05, elementwise_affine=True)
      )
      (10): DecoderLayer(
        (self_attn): Attention(
          (q_proj): Linear(in_features=2048, out_features=2048, bias=True)
          (k_proj): Linear(in_features=2048, out_features=2048, bias=True)
          (v_proj): Linear(in_features=2048, out_features=2048, bias=True)
          (o_proj): Linear(in_features=2048, out_features=2048, bias=False)
          (rotary_emb): RotaryEmbedding()
        )
        (mlp): RePaMoE(
          (deepspeed_moe): MOELayer(
            (gate): TopKGate(
              (wg): Linear(in_features=2048, out_features=4, bias=False)
            )
            (experts): Experts(
              (deepspeed_experts): ModuleList(
                (0-3): 4 x RePaMLP(
                  (gate_proj): Linear(in_features=2048, out_features=5632, bias=False)
                  (up_proj): Linear(in_features=2048, out_features=5632, bias=False)
                  (down_proj): Linear(in_features=5632, out_features=2048, bias=False)
                  (act_fn): SiLU()
                )
              )
            )
          )
        )
        (input_layernorm): LayerNorm((2048,), eps=1e-05, elementwise_affine=True)
        (post_attention_layernorm): LayerNorm((2048,), eps=1e-05, elementwise_affine=True)
      )
      (11): DecoderLayer(
        (self_attn): Attention(
          (q_proj): Linear(in_features=2048, out_features=2048, bias=True)
          (k_proj): Linear(in_features=2048, out_features=2048, bias=True)
          (v_proj): Linear(in_features=2048, out_features=2048, bias=True)
          (o_proj): Linear(in_features=2048, out_features=2048, bias=False)
          (rotary_emb): RotaryEmbedding()
        )
        (mlp): MLP(
          (gate_proj): Linear(in_features=2048, out_features=5632, bias=False)
          (up_proj): Linear(in_features=2048, out_features=5632, bias=False)
          (down_proj): Linear(in_features=5632, out_features=2048, bias=False)
          (act_fn): SiLU()
        )
        (input_layernorm): LayerNorm((2048,), eps=1e-05, elementwise_affine=True)
        (post_attention_layernorm): LayerNorm((2048,), eps=1e-05, elementwise_affine=True)
      )
      (12): DecoderLayer(
        (self_attn): Attention(
          (q_proj): Linear(in_features=2048, out_features=2048, bias=True)
          (k_proj): Linear(in_features=2048, out_features=2048, bias=True)
          (v_proj): Linear(in_features=2048, out_features=2048, bias=True)
          (o_proj): Linear(in_features=2048, out_features=2048, bias=False)
          (rotary_emb): RotaryEmbedding()
        )
        (mlp): RePaMoE(
          (deepspeed_moe): MOELayer(
            (gate): TopKGate(
              (wg): Linear(in_features=2048, out_features=4, bias=False)
            )
            (experts): Experts(
              (deepspeed_experts): ModuleList(
                (0-3): 4 x RePaMLP(
                  (gate_proj): Linear(in_features=2048, out_features=5632, bias=False)
                  (up_proj): Linear(in_features=2048, out_features=5632, bias=False)
                  (down_proj): Linear(in_features=5632, out_features=2048, bias=False)
                  (act_fn): SiLU()
                )
              )
            )
          )
        )
        (input_layernorm): LayerNorm((2048,), eps=1e-05, elementwise_affine=True)
        (post_attention_layernorm): LayerNorm((2048,), eps=1e-05, elementwise_affine=True)
      )
      (13): DecoderLayer(
        (self_attn): Attention(
          (q_proj): Linear(in_features=2048, out_features=2048, bias=True)
          (k_proj): Linear(in_features=2048, out_features=2048, bias=True)
          (v_proj): Linear(in_features=2048, out_features=2048, bias=True)
          (o_proj): Linear(in_features=2048, out_features=2048, bias=False)
          (rotary_emb): RotaryEmbedding()
        )
        (mlp): MLP(
          (gate_proj): Linear(in_features=2048, out_features=5632, bias=False)
          (up_proj): Linear(in_features=2048, out_features=5632, bias=False)
          (down_proj): Linear(in_features=5632, out_features=2048, bias=False)
          (act_fn): SiLU()
        )
        (input_layernorm): LayerNorm((2048,), eps=1e-05, elementwise_affine=True)
        (post_attention_layernorm): LayerNorm((2048,), eps=1e-05, elementwise_affine=True)
      )
      (14): DecoderLayer(
        (self_attn): Attention(
          (q_proj): Linear(in_features=2048, out_features=2048, bias=True)
          (k_proj): Linear(in_features=2048, out_features=2048, bias=True)
          (v_proj): Linear(in_features=2048, out_features=2048, bias=True)
          (o_proj): Linear(in_features=2048, out_features=2048, bias=False)
          (rotary_emb): RotaryEmbedding()
        )
        (mlp): RePaMoE(
          (deepspeed_moe): MOELayer(
            (gate): TopKGate(
              (wg): Linear(in_features=2048, out_features=4, bias=False)
            )
            (experts): Experts(
              (deepspeed_experts): ModuleList(
                (0-3): 4 x RePaMLP(
                  (gate_proj): Linear(in_features=2048, out_features=5632, bias=False)
                  (up_proj): Linear(in_features=2048, out_features=5632, bias=False)
                  (down_proj): Linear(in_features=5632, out_features=2048, bias=False)
                  (act_fn): SiLU()
                )
              )
            )
          )
        )
RePaMoELLaVAStablelmForCausalLM(
  (model): MoELLaVAStablelmModel(
    (embed_tokens): Embedding(100352, 2048, padding_idx=100280)
    (layers): ModuleList(
      (0): DecoderLayer(
        (self_attn): Attention(
          (q_proj): Linear(in_features=2048, out_features=2048, bias=True)
          (k_proj): Linear(in_features=2048, out_features=2048, bias=True)
          (v_proj): Linear(in_features=2048, out_features=2048, bias=True)
          (o_proj): Linear(in_features=2048, out_features=2048, bias=False)
          (rotary_emb): RotaryEmbedding()
        )
        (mlp): RePaMoE(
          (deepspeed_moe): MOELayer(
            (gate): TopKGate(
              (wg): Linear(in_features=2048, out_features=4, bias=False)
            )
            (experts): Experts(
              (deepspeed_experts): ModuleList(
                (0-3): 4 x RePaMLP(
                  (gate_proj): Linear(in_features=2048, out_features=5632, bias=False)
        (input_layernorm): LayerNorm((2048,), eps=1e-05, elementwise_affine=True)
        (post_attention_layernorm): LayerNorm((2048,), eps=1e-05, elementwise_affine=True)
      )
      (15): DecoderLayer(
        (self_attn): Attention(
          (q_proj): Linear(in_features=2048, out_features=2048, bias=True)
          (k_proj): Linear(in_features=2048, out_features=2048, bias=True)
          (v_proj): Linear(in_features=2048, out_features=2048, bias=True)
          (o_proj): Linear(in_features=2048, out_features=2048, bias=False)
          (rotary_emb): RotaryEmbedding()
        )
        (mlp): MLP(
          (gate_proj): Linear(in_features=2048, out_features=5632, bias=False)
          (up_proj): Linear(in_features=2048, out_features=5632, bias=False)
          (down_proj): Linear(in_features=5632, out_features=2048, bias=False)
          (act_fn): SiLU()
        )
        (input_layernorm): LayerNorm((2048,), eps=1e-05, elementwise_affine=True)
        (post_attention_layernorm): LayerNorm((2048,), eps=1e-05, elementwise_affine=True)
      )
      (16): DecoderLayer(
        (self_attn): Attention(
          (q_proj): Linear(in_features=2048, out_features=2048, bias=True)
          (k_proj): Linear(in_features=2048, out_features=2048, bias=True)
          (v_proj): Linear(in_features=2048, out_features=2048, bias=True)
          (o_proj): Linear(in_features=2048, out_features=2048, bias=False)
          (rotary_emb): RotaryEmbedding()
        )
        (mlp): RePaMoE(
          (deepspeed_moe): MOELayer(
            (gate): TopKGate(
              (wg): Linear(in_features=2048, out_features=4, bias=False)
            )
            (experts): Experts(
              (deepspeed_experts): ModuleList(
                (0-3): 4 x RePaMLP(
                  (gate_proj): Linear(in_features=2048, out_features=5632, bias=False)
                  (up_proj): Linear(in_features=2048, out_features=5632, bias=False)
                  (down_proj): Linear(in_features=5632, out_features=2048, bias=False)
                  (act_fn): SiLU()
                )
              )
            )
          )
        )
        (input_layernorm): LayerNorm((2048,), eps=1e-05, elementwise_affine=True)
        (post_attention_layernorm): LayerNorm((2048,), eps=1e-05, elementwise_affine=True)
      )
      (17): DecoderLayer(
        (self_attn): Attention(
          (q_proj): Linear(in_features=2048, out_features=2048, bias=True)
          (k_proj): Linear(in_features=2048, out_features=2048, bias=True)
          (v_proj): Linear(in_features=2048, out_features=2048, bias=True)
          (o_proj): Linear(in_features=2048, out_features=2048, bias=False)
          (rotary_emb): RotaryEmbedding()
        )
        (mlp): MLP(
          (gate_proj): Linear(in_features=2048, out_features=5632, bias=False)
          (up_proj): Linear(in_features=2048, out_features=5632, bias=False)
          (down_proj): Linear(in_features=5632, out_features=2048, bias=False)
          (act_fn): SiLU()
        )
        (input_layernorm): LayerNorm((2048,), eps=1e-05, elementwise_affine=True)
        (post_attention_layernorm): LayerNorm((2048,), eps=1e-05, elementwise_affine=True)
      )
      (18): DecoderLayer(
        (self_attn): Attention(
          (q_proj): Linear(in_features=2048, out_features=2048, bias=True)
          (k_proj): Linear(in_features=2048, out_features=2048, bias=True)
          (v_proj): Linear(in_features=2048, out_features=2048, bias=True)
          (o_proj): Linear(in_features=2048, out_features=2048, bias=False)
          (rotary_emb): RotaryEmbedding()
        )
        (mlp): RePaMoE(
          (deepspeed_moe): MOELayer(
            (gate): TopKGate(
              (wg): Linear(in_features=2048, out_features=4, bias=False)
            )
            (experts): Experts(
              (deepspeed_experts): ModuleList(
                (0-3): 4 x RePaMLP(
                  (gate_proj): Linear(in_features=2048, out_features=5632, bias=False)
                  (up_proj): Linear(in_features=2048, out_features=5632, bias=False)
                  (down_proj): Linear(in_features=5632, out_features=2048, bias=False)
                  (act_fn): SiLU()
                )
              )
            )
          )
        )
        (input_layernorm): LayerNorm((2048,), eps=1e-05, elementwise_affine=True)
        (post_attention_layernorm): LayerNorm((2048,), eps=1e-05, elementwise_affine=True)
      )
      (19): DecoderLayer(
        (self_attn): Attention(
          (q_proj): Linear(in_features=2048, out_features=2048, bias=True)
          (k_proj): Linear(in_features=2048, out_features=2048, bias=True)
          (v_proj): Linear(in_features=2048, out_features=2048, bias=True)
          (o_proj): Linear(in_features=2048, out_features=2048, bias=False)
          (rotary_emb): RotaryEmbedding()
        )
        (mlp): MLP(
          (gate_proj): Linear(in_features=2048, out_features=5632, bias=False)
          (up_proj): Linear(in_features=2048, out_features=5632, bias=False)
          (down_proj): Linear(in_features=5632, out_features=2048, bias=False)
          (act_fn): SiLU()
        )
        (input_layernorm): LayerNorm((2048,), eps=1e-05, elementwise_affine=True)
        (post_attention_layernorm): LayerNorm((2048,), eps=1e-05, elementwise_affine=True)
      )
      (20): DecoderLayer(
        (self_attn): Attention(
          (q_proj): Linear(in_features=2048, out_features=2048, bias=True)
          (k_proj): Linear(in_features=2048, out_features=2048, bias=True)
          (v_proj): Linear(in_features=2048, out_features=2048, bias=True)
          (o_proj): Linear(in_features=2048, out_features=2048, bias=False)
          (rotary_emb): RotaryEmbedding()
        )
        (mlp): RePaMoE(
          (deepspeed_moe): MOELayer(
            (gate): TopKGate(
              (wg): Linear(in_features=2048, out_features=4, bias=False)
            )
            (experts): Experts(
              (deepspeed_experts): ModuleList(
                (0-3): 4 x RePaMLP(
                  (gate_proj): Linear(in_features=2048, out_features=5632, bias=False)
                  (up_proj): Linear(in_features=2048, out_features=5632, bias=False)
                  (down_proj): Linear(in_features=5632, out_features=2048, bias=False)
                  (act_fn): SiLU()
                )
              )
            )
          )
        )
        (input_layernorm): LayerNorm((2048,), eps=1e-05, elementwise_affine=True)
        (post_attention_layernorm): LayerNorm((2048,), eps=1e-05, elementwise_affine=True)
      )
      (21): DecoderLayer(
        (self_attn): Attention(
          (q_proj): Linear(in_features=2048, out_features=2048, bias=True)
          (k_proj): Linear(in_features=2048, out_features=2048, bias=True)
          (v_proj): Linear(in_features=2048, out_features=2048, bias=True)
          (o_proj): Linear(in_features=2048, out_features=2048, bias=False)
          (rotary_emb): RotaryEmbedding()
        )
        (mlp): MLP(
          (gate_proj): Linear(in_features=2048, out_features=5632, bias=False)
          (up_proj): Linear(in_features=2048, out_features=5632, bias=False)
          (down_proj): Linear(in_features=5632, out_features=2048, bias=False)
          (act_fn): SiLU()
        )
        (input_layernorm): LayerNorm((2048,), eps=1e-05, elementwise_affine=True)
        (post_attention_layernorm): LayerNorm((2048,), eps=1e-05, elementwise_affine=True)
      )
      (22): DecoderLayer(
        (self_attn): Attention(
          (q_proj): Linear(in_features=2048, out_features=2048, bias=True)
          (k_proj): Linear(in_features=2048, out_features=2048, bias=True)
          (v_proj): Linear(in_features=2048, out_features=2048, bias=True)
          (o_proj): Linear(in_features=2048, out_features=2048, bias=False)
          (rotary_emb): RotaryEmbedding()
        )
        (mlp): RePaMoE(
          (deepspeed_moe): MOELayer(
            (gate): TopKGate(
              (wg): Linear(in_features=2048, out_features=4, bias=False)
            )
            (experts): Experts(
              (deepspeed_experts): ModuleList(
                (0-3): 4 x RePaMLP(
                  (gate_proj): Linear(in_features=2048, out_features=5632, bias=False)
                  (up_proj): Linear(in_features=2048, out_features=5632, bias=False)
                  (down_proj): Linear(in_features=5632, out_features=2048, bias=False)
                  (act_fn): SiLU()
                )
              )
            )
          )
        )
        (input_layernorm): LayerNorm((2048,), eps=1e-05, elementwise_affine=True)
        (post_attention_layernorm): LayerNorm((2048,), eps=1e-05, elementwise_affine=True)
      )
      (23): DecoderLayer(
        (self_attn): Attention(
          (q_proj): Linear(in_features=2048, out_features=2048, bias=True)
          (k_proj): Linear(in_features=2048, out_features=2048, bias=True)
          (v_proj): Linear(in_features=2048, out_features=2048, bias=True)
          (o_proj): Linear(in_features=2048, out_features=2048, bias=False)
          (rotary_emb): RotaryEmbedding()
        )
        (mlp): MLP(
          (gate_proj): Linear(in_features=2048, out_features=5632, bias=False)
          (up_proj): Linear(in_features=2048, out_features=5632, bias=False)
          (down_proj): Linear(in_features=5632, out_features=2048, bias=False)
          (act_fn): SiLU()
        )
        (input_layernorm): LayerNorm((2048,), eps=1e-05, elementwise_affine=True)
        (post_attention_layernorm): LayerNorm((2048,), eps=1e-05, elementwise_affine=True)
      )
    )
    (norm): LayerNorm((2048,), eps=1e-05, elementwise_affine=True)
    (image_tower): CLIPVisionTower(
      (image_tower): CLIPVisionModel(
        (vision_model): CLIPVisionTransformer(
          (embeddings): CLIPVisionEmbeddings(
            (patch_embedding): Conv2d(3, 1024, kernel_size=(14, 14), stride=(14, 14), bias=False)
            (position_embedding): Embedding(577, 1024)
          )
          (pre_layrnorm): LayerNorm((1024,), eps=1e-05, elementwise_affine=True)
          (encoder): CLIPEncoder(
            (layers): ModuleList(
              (0-23): 24 x CLIPEncoderLayer(
                (self_attn): CLIPAttention(
                  (k_proj): Linear(in_features=1024, out_features=1024, bias=True)
                  (v_proj): Linear(in_features=1024, out_features=1024, bias=True)
                  (q_proj): Linear(in_features=1024, out_features=1024, bias=True)
                  (out_proj): Linear(in_features=1024, out_features=1024, bias=True)
                )
                (layer_norm1): LayerNorm((1024,), eps=1e-05, elementwise_affine=True)
                (mlp): CLIPMLP(
                  (activation_fn): QuickGELUActivation()
                  (fc1): Linear(in_features=1024, out_features=4096, bias=True)
                  (fc2): Linear(in_features=4096, out_features=1024, bias=True)
                )
                (layer_norm2): LayerNorm((1024,), eps=1e-05, elementwise_affine=True)
              )
            )
          )
          (post_layernorm): LayerNorm((1024,), eps=1e-05, elementwise_affine=True)
        )
      )
    )
    (mm_projector): build_projector(
      (image_spatial_proj): Sequential(
        (0): Linear(in_features=1024, out_features=2048, bias=True)
        (1): GELU(approximate='none')
        (2): Linear(in_features=2048, out_features=2048, bias=True)
      )
      (video_patch_proj): Identity()
      (video_spatial_proj): Identity()
      (video_temproal_proj): Identity()
      (video_global_proj): Identity()
    )
  )
  (lm_head): Linear(in_features=2048, out_features=100352, bias=False)
)
                  (up_proj): Linear(in_features=2048, out_features=5632, bias=False)
                  (down_proj): Linear(in_features=5632, out_features=2048, bias=False)
                  (act_fn): SiLU()
                )
              )
            )
          )
        )
        (input_layernorm): LayerNorm((2048,), eps=1e-05, elementwise_affine=True)
        (post_attention_layernorm): LayerNorm((2048,), eps=1e-05, elementwise_affine=True)
      )
      (1): DecoderLayer(
        (self_attn): Attention(
          (q_proj): Linear(in_features=2048, out_features=2048, bias=True)
          (k_proj): Linear(in_features=2048, out_features=2048, bias=True)
          (v_proj): Linear(in_features=2048, out_features=2048, bias=True)
          (o_proj): Linear(in_features=2048, out_features=2048, bias=False)
          (rotary_emb): RotaryEmbedding()
        )
        (mlp): MLP(
          (gate_proj): Linear(in_features=2048, out_features=5632, bias=False)
          (up_proj): Linear(in_features=2048, out_features=5632, bias=False)
          (down_proj): Linear(in_features=5632, out_features=2048, bias=False)
          (act_fn): SiLU()
        )
        (input_layernorm): LayerNorm((2048,), eps=1e-05, elementwise_affine=True)
        (post_attention_layernorm): LayerNorm((2048,), eps=1e-05, elementwise_affine=True)
      )
      (2): DecoderLayer(
        (self_attn): Attention(
          (q_proj): Linear(in_features=2048, out_features=2048, bias=True)
          (k_proj): Linear(in_features=2048, out_features=2048, bias=True)
          (v_proj): Linear(in_features=2048, out_features=2048, bias=True)
          (o_proj): Linear(in_features=2048, out_features=2048, bias=False)
          (rotary_emb): RotaryEmbedding()
        )
        (mlp): RePaMoE(
          (deepspeed_moe): MOELayer(
            (gate): TopKGate(
              (wg): Linear(in_features=2048, out_features=4, bias=False)
            )
            (experts): Experts(
              (deepspeed_experts): ModuleList(
                (0-3): 4 x RePaMLP(
                  (gate_proj): Linear(in_features=2048, out_features=5632, bias=False)
                  (up_proj): Linear(in_features=2048, out_features=5632, bias=False)
                  (down_proj): Linear(in_features=5632, out_features=2048, bias=False)
                  (act_fn): SiLU()
                )
              )
            )
          )
        )
        (input_layernorm): LayerNorm((2048,), eps=1e-05, elementwise_affine=True)
        (post_attention_layernorm): LayerNorm((2048,), eps=1e-05, elementwise_affine=True)
      )
      (3): DecoderLayer(
        (self_attn): Attention(
          (q_proj): Linear(in_features=2048, out_features=2048, bias=True)
          (k_proj): Linear(in_features=2048, out_features=2048, bias=True)
          (v_proj): Linear(in_features=2048, out_features=2048, bias=True)
          (o_proj): Linear(in_features=2048, out_features=2048, bias=False)
          (rotary_emb): RotaryEmbedding()
        )
        (mlp): MLP(
          (gate_proj): Linear(in_features=2048, out_features=5632, bias=False)
          (up_proj): Linear(in_features=2048, out_features=5632, bias=False)
          (down_proj): Linear(in_features=5632, out_features=2048, bias=False)
          (act_fn): SiLU()
        )
        (input_layernorm): LayerNorm((2048,), eps=1e-05, elementwise_affine=True)
        (post_attention_layernorm): LayerNorm((2048,), eps=1e-05, elementwise_affine=True)
      )
      (4): DecoderLayer(
        (self_attn): Attention(
          (q_proj): Linear(in_features=2048, out_features=2048, bias=True)
          (k_proj): Linear(in_features=2048, out_features=2048, bias=True)
          (v_proj): Linear(in_features=2048, out_features=2048, bias=True)
          (o_proj): Linear(in_features=2048, out_features=2048, bias=False)
          (rotary_emb): RotaryEmbedding()
        )
        (mlp): RePaMoE(
          (deepspeed_moe): MOELayer(
            (gate): TopKGate(
              (wg): Linear(in_features=2048, out_features=4, bias=False)
            )
            (experts): Experts(
              (deepspeed_experts): ModuleList(
                (0-3): 4 x RePaMLP(
                  (gate_proj): Linear(in_features=2048, out_features=5632, bias=False)
                  (up_proj): Linear(in_features=2048, out_features=5632, bias=False)
                  (down_proj): Linear(in_features=5632, out_features=2048, bias=False)
                  (act_fn): SiLU()
                )
              )
            )
          )
        )
        (input_layernorm): LayerNorm((2048,), eps=1e-05, elementwise_affine=True)
        (post_attention_layernorm): LayerNorm((2048,), eps=1e-05, elementwise_affine=True)
      )
      (5): DecoderLayer(
        (self_attn): Attention(
          (q_proj): Linear(in_features=2048, out_features=2048, bias=True)
          (k_proj): Linear(in_features=2048, out_features=2048, bias=True)
          (v_proj): Linear(in_features=2048, out_features=2048, bias=True)
          (o_proj): Linear(in_features=2048, out_features=2048, bias=False)
          (rotary_emb): RotaryEmbedding()
        )
        (mlp): MLP(
          (gate_proj): Linear(in_features=2048, out_features=5632, bias=False)
          (up_proj): Linear(in_features=2048, out_features=5632, bias=False)
          (down_proj): Linear(in_features=5632, out_features=2048, bias=False)
          (act_fn): SiLU()
        )
        (input_layernorm): LayerNorm((2048,), eps=1e-05, elementwise_affine=True)
        (post_attention_layernorm): LayerNorm((2048,), eps=1e-05, elementwise_affine=True)
      )
      (6): DecoderLayer(
        (self_attn): Attention(
          (q_proj): Linear(in_features=2048, out_features=2048, bias=True)
          (k_proj): Linear(in_features=2048, out_features=2048, bias=True)
          (v_proj): Linear(in_features=2048, out_features=2048, bias=True)
          (o_proj): Linear(in_features=2048, out_features=2048, bias=False)
          (rotary_emb): RotaryEmbedding()
        )
        (mlp): RePaMoE(
          (deepspeed_moe): MOELayer(
            (gate): TopKGate(
              (wg): Linear(in_features=2048, out_features=4, bias=False)
            )
            (experts): Experts(
              (deepspeed_experts): ModuleList(
                (0-3): 4 x RePaMLP(
                  (gate_proj): Linear(in_features=2048, out_features=5632, bias=False)
                  (up_proj): Linear(in_features=2048, out_features=5632, bias=False)
                  (down_proj): Linear(in_features=5632, out_features=2048, bias=False)
                  (act_fn): SiLU()
                )
              )
            )
          )
        )
        (input_layernorm): LayerNorm((2048,), eps=1e-05, elementwise_affine=True)
        (post_attention_layernorm): LayerNorm((2048,), eps=1e-05, elementwise_affine=True)
      )
      (7): DecoderLayer(
        (self_attn): Attention(
          (q_proj): Linear(in_features=2048, out_features=2048, bias=True)
          (k_proj): Linear(in_features=2048, out_features=2048, bias=True)
          (v_proj): Linear(in_features=2048, out_features=2048, bias=True)
          (o_proj): Linear(in_features=2048, out_features=2048, bias=False)
          (rotary_emb): RotaryEmbedding()
        )
        (mlp): MLP(
          (gate_proj): Linear(in_features=2048, out_features=5632, bias=False)
          (up_proj): Linear(in_features=2048, out_features=5632, bias=False)
          (down_proj): Linear(in_features=5632, out_features=2048, bias=False)
          (act_fn): SiLU()
        )
        (input_layernorm): LayerNorm((2048,), eps=1e-05, elementwise_affine=True)
        (post_attention_layernorm): LayerNorm((2048,), eps=1e-05, elementwise_affine=True)
      )
      (8): DecoderLayer(
        (self_attn): Attention(
          (q_proj): Linear(in_features=2048, out_features=2048, bias=True)
          (k_proj): Linear(in_features=2048, out_features=2048, bias=True)
          (v_proj): Linear(in_features=2048, out_features=2048, bias=True)
          (o_proj): Linear(in_features=2048, out_features=2048, bias=False)
          (rotary_emb): RotaryEmbedding()
        )
        (mlp): RePaMoE(
          (deepspeed_moe): MOELayer(
            (gate): TopKGate(
              (wg): Linear(in_features=2048, out_features=4, bias=False)
            )
            (experts): Experts(
              (deepspeed_experts): ModuleList(
                (0-3): 4 x RePaMLP(
                  (gate_proj): Linear(in_features=2048, out_features=5632, bias=False)
                  (up_proj): Linear(in_features=2048, out_features=5632, bias=False)
                  (down_proj): Linear(in_features=5632, out_features=2048, bias=False)
                  (act_fn): SiLU()
                )
              )
            )
          )
        )
        (input_layernorm): LayerNorm((2048,), eps=1e-05, elementwise_affine=True)
        (post_attention_layernorm): LayerNorm((2048,), eps=1e-05, elementwise_affine=True)
      )
      (9): DecoderLayer(
        (self_attn): Attention(
          (q_proj): Linear(in_features=2048, out_features=2048, bias=True)
          (k_proj): Linear(in_features=2048, out_features=2048, bias=True)
          (v_proj): Linear(in_features=2048, out_features=2048, bias=True)
          (o_proj): Linear(in_features=2048, out_features=2048, bias=False)
          (rotary_emb): RotaryEmbedding()
        )
        (mlp): MLP(
          (gate_proj): Linear(in_features=2048, out_features=5632, bias=False)
          (up_proj): Linear(in_features=2048, out_features=5632, bias=False)
          (down_proj): Linear(in_features=5632, out_features=2048, bias=False)
          (act_fn): SiLU()
        )
        (input_layernorm): LayerNorm((2048,), eps=1e-05, elementwise_affine=True)
        (post_attention_layernorm): LayerNorm((2048,), eps=1e-05, elementwise_affine=True)
      )
      (10): DecoderLayer(
        (self_attn): Attention(
          (q_proj): Linear(in_features=2048, out_features=2048, bias=True)
          (k_proj): Linear(in_features=2048, out_features=2048, bias=True)
          (v_proj): Linear(in_features=2048, out_features=2048, bias=True)
          (o_proj): Linear(in_features=2048, out_features=2048, bias=False)
          (rotary_emb): RotaryEmbedding()
        )
        (mlp): RePaMoE(
          (deepspeed_moe): MOELayer(
            (gate): TopKGate(
              (wg): Linear(in_features=2048, out_features=4, bias=False)
            )
            (experts): Experts(
              (deepspeed_experts): ModuleList(
                (0-3): 4 x RePaMLP(
                  (gate_proj): Linear(in_features=2048, out_features=5632, bias=False)
                  (up_proj): Linear(in_features=2048, out_features=5632, bias=False)
                  (down_proj): Linear(in_features=5632, out_features=2048, bias=False)
                  (act_fn): SiLU()
                )
              )
            )
          )
        )
        (input_layernorm): LayerNorm((2048,), eps=1e-05, elementwise_affine=True)
        (post_attention_layernorm): LayerNorm((2048,), eps=1e-05, elementwise_affine=True)
      )
      (11): DecoderLayer(
        (self_attn): Attention(
          (q_proj): Linear(in_features=2048, out_features=2048, bias=True)
          (k_proj): Linear(in_features=2048, out_features=2048, bias=True)
          (v_proj): Linear(in_features=2048, out_features=2048, bias=True)
          (o_proj): Linear(in_features=2048, out_features=2048, bias=False)
          (rotary_emb): RotaryEmbedding()
        )
        (mlp): MLP(
          (gate_proj): Linear(in_features=2048, out_features=5632, bias=False)
          (up_proj): Linear(in_features=2048, out_features=5632, bias=False)
          (down_proj): Linear(in_features=5632, out_features=2048, bias=False)
          (act_fn): SiLU()
        )
        (input_layernorm): LayerNorm((2048,), eps=1e-05, elementwise_affine=True)
        (post_attention_layernorm): LayerNorm((2048,), eps=1e-05, elementwise_affine=True)
      )
      (12): DecoderLayer(
        (self_attn): Attention(
          (q_proj): Linear(in_features=2048, out_features=2048, bias=True)
          (k_proj): Linear(in_features=2048, out_features=2048, bias=True)
          (v_proj): Linear(in_features=2048, out_features=2048, bias=True)
          (o_proj): Linear(in_features=2048, out_features=2048, bias=False)
          (rotary_emb): RotaryEmbedding()
        )
        (mlp): RePaMoE(
          (deepspeed_moe): MOELayer(
            (gate): TopKGate(
              (wg): Linear(in_features=2048, out_features=4, bias=False)
            )
            (experts): Experts(
              (deepspeed_experts): ModuleList(
                (0-3): 4 x RePaMLP(
                  (gate_proj): Linear(in_features=2048, out_features=5632, bias=False)
                  (up_proj): Linear(in_features=2048, out_features=5632, bias=False)
                  (down_proj): Linear(in_features=5632, out_features=2048, bias=False)
                  (act_fn): SiLU()
                )
              )
            )
          )
        )
        (input_layernorm): LayerNorm((2048,), eps=1e-05, elementwise_affine=True)
        (post_attention_layernorm): LayerNorm((2048,), eps=1e-05, elementwise_affine=True)
      )
      (13): DecoderLayer(
        (self_attn): Attention(
          (q_proj): Linear(in_features=2048, out_features=2048, bias=True)
          (k_proj): Linear(in_features=2048, out_features=2048, bias=True)
          (v_proj): Linear(in_features=2048, out_features=2048, bias=True)
          (o_proj): Linear(in_features=2048, out_features=2048, bias=False)
          (rotary_emb): RotaryEmbedding()
        )
        (mlp): MLP(
          (gate_proj): Linear(in_features=2048, out_features=5632, bias=False)
          (up_proj): Linear(in_features=2048, out_features=5632, bias=False)
          (down_proj): Linear(in_features=5632, out_features=2048, bias=False)
          (act_fn): SiLU()
        )
        (input_layernorm): LayerNorm((2048,), eps=1e-05, elementwise_affine=True)
        (post_attention_layernorm): LayerNorm((2048,), eps=1e-05, elementwise_affine=True)
      )
      (14): DecoderLayer(
        (self_attn): Attention(
          (q_proj): Linear(in_features=2048, out_features=2048, bias=True)
          (k_proj): Linear(in_features=2048, out_features=2048, bias=True)
          (v_proj): Linear(in_features=2048, out_features=2048, bias=True)
          (o_proj): Linear(in_features=2048, out_features=2048, bias=False)
          (rotary_emb): RotaryEmbedding()
        )
        (mlp): RePaMoE(
          (deepspeed_moe): MOELayer(
            (gate): TopKGate(
              (wg): Linear(in_features=2048, out_features=4, bias=False)
            )
            (experts): Experts(
              (deepspeed_experts): ModuleList(
                (0-3): 4 x RePaMLP(
                  (gate_proj): Linear(in_features=2048, out_features=5632, bias=False)
                  (up_proj): Linear(in_features=2048, out_features=5632, bias=False)
                  (down_proj): Linear(in_features=5632, out_features=2048, bias=False)
                  (act_fn): SiLU()
                )
              )
            )
          )
        )
        (input_layernorm): LayerNorm((2048,), eps=1e-05, elementwise_affine=True)
        (post_attention_layernorm): LayerNorm((2048,), eps=1e-05, elementwise_affine=True)
      )
      (15): DecoderLayer(
        (self_attn): Attention(
          (q_proj): Linear(in_features=2048, out_features=2048, bias=True)
          (k_proj): Linear(in_features=2048, out_features=2048, bias=True)
          (v_proj): Linear(in_features=2048, out_features=2048, bias=True)
          (o_proj): Linear(in_features=2048, out_features=2048, bias=False)
          (rotary_emb): RotaryEmbedding()
        )
        (mlp): MLP(
          (gate_proj): Linear(in_features=2048, out_features=5632, bias=False)
          (up_proj): Linear(in_features=2048, out_features=5632, bias=False)
          (down_proj): Linear(in_features=5632, out_features=2048, bias=False)
          (act_fn): SiLU()
        )
        (input_layernorm): LayerNorm((2048,), eps=1e-05, elementwise_affine=True)
        (post_attention_layernorm): LayerNorm((2048,), eps=1e-05, elementwise_affine=True)
      )
      (16): DecoderLayer(
        (self_attn): Attention(
          (q_proj): Linear(in_features=2048, out_features=2048, bias=True)
          (k_proj): Linear(in_features=2048, out_features=2048, bias=True)
          (v_proj): Linear(in_features=2048, out_features=2048, bias=True)
          (o_proj): Linear(in_features=2048, out_features=2048, bias=False)
          (rotary_emb): RotaryEmbedding()
        )
        (mlp): RePaMoE(
          (deepspeed_moe): MOELayer(
            (gate): TopKGate(
              (wg): Linear(in_features=2048, out_features=4, bias=False)
            )
            (experts): Experts(
              (deepspeed_experts): ModuleList(
                (0-3): 4 x RePaMLP(
                  (gate_proj): Linear(in_features=2048, out_features=5632, bias=False)
                  (up_proj): Linear(in_features=2048, out_features=5632, bias=False)
                  (down_proj): Linear(in_features=5632, out_features=2048, bias=False)
                  (act_fn): SiLU()
                )
              )
            )
          )
        )
        (input_layernorm): LayerNorm((2048,), eps=1e-05, elementwise_affine=True)
        (post_attention_layernorm): LayerNorm((2048,), eps=1e-05, elementwise_affine=True)
      )
      (17): DecoderLayer(
        (self_attn): Attention(
          (q_proj): Linear(in_features=2048, out_features=2048, bias=True)
          (k_proj): Linear(in_features=2048, out_features=2048, bias=True)
          (v_proj): Linear(in_features=2048, out_features=2048, bias=True)
          (o_proj): Linear(in_features=2048, out_features=2048, bias=False)
          (rotary_emb): RotaryEmbedding()
        )
        (mlp): MLP(
          (gate_proj): Linear(in_features=2048, out_features=5632, bias=False)
          (up_proj): Linear(in_features=2048, out_features=5632, bias=False)
          (down_proj): Linear(in_features=5632, out_features=2048, bias=False)
          (act_fn): SiLU()
        )
        (input_layernorm): LayerNorm((2048,), eps=1e-05, elementwise_affine=True)
        (post_attention_layernorm): LayerNorm((2048,), eps=1e-05, elementwise_affine=True)
      )
      (18): DecoderLayer(
        (self_attn): Attention(
          (q_proj): Linear(in_features=2048, out_features=2048, bias=True)
          (k_proj): Linear(in_features=2048, out_features=2048, bias=True)
          (v_proj): Linear(in_features=2048, out_features=2048, bias=True)
          (o_proj): Linear(in_features=2048, out_features=2048, bias=False)
          (rotary_emb): RotaryEmbedding()
        )
        (mlp): RePaMoE(
          (deepspeed_moe): MOELayer(
            (gate): TopKGate(
              (wg): Linear(in_features=2048, out_features=4, bias=False)
            )
            (experts): Experts(
              (deepspeed_experts): ModuleList(
                (0-3): 4 x RePaMLP(
                  (gate_proj): Linear(in_features=2048, out_features=5632, bias=False)
                  (up_proj): Linear(in_features=2048, out_features=5632, bias=False)
                  (down_proj): Linear(in_features=5632, out_features=2048, bias=False)
                  (act_fn): SiLU()
                )
              )
            )
          )
        )
        (input_layernorm): LayerNorm((2048,), eps=1e-05, elementwise_affine=True)
        (post_attention_layernorm): LayerNorm((2048,), eps=1e-05, elementwise_affine=True)
      )
      (19): DecoderLayer(
        (self_attn): Attention(
          (q_proj): Linear(in_features=2048, out_features=2048, bias=True)
          (k_proj): Linear(in_features=2048, out_features=2048, bias=True)
          (v_proj): Linear(in_features=2048, out_features=2048, bias=True)
          (o_proj): Linear(in_features=2048, out_features=2048, bias=False)
          (rotary_emb): RotaryEmbedding()
        )
        (mlp): MLP(
          (gate_proj): Linear(in_features=2048, out_features=5632, bias=False)
          (up_proj): Linear(in_features=2048, out_features=5632, bias=False)
          (down_proj): Linear(in_features=5632, out_features=2048, bias=False)
          (act_fn): SiLU()
        )
        (input_layernorm): LayerNorm((2048,), eps=1e-05, elementwise_affine=True)
        (post_attention_layernorm): LayerNorm((2048,), eps=1e-05, elementwise_affine=True)
      )
      (20): DecoderLayer(
        (self_attn): Attention(
          (q_proj): Linear(in_features=2048, out_features=2048, bias=True)
          (k_proj): Linear(in_features=2048, out_features=2048, bias=True)
          (v_proj): Linear(in_features=2048, out_features=2048, bias=True)
          (o_proj): Linear(in_features=2048, out_features=2048, bias=False)
          (rotary_emb): RotaryEmbedding()
        )
        (mlp): RePaMoE(
          (deepspeed_moe): MOELayer(
            (gate): TopKGate(
              (wg): Linear(in_features=2048, out_features=4, bias=False)
            )
            (experts): Experts(
              (deepspeed_experts): ModuleList(
                (0-3): 4 x RePaMLP(
                  (gate_proj): Linear(in_features=2048, out_features=5632, bias=False)
                  (up_proj): Linear(in_features=2048, out_features=5632, bias=False)
                  (down_proj): Linear(in_features=5632, out_features=2048, bias=False)
                  (act_fn): SiLU()
                )
              )
            )
          )
        )
        (input_layernorm): LayerNorm((2048,), eps=1e-05, elementwise_affine=True)
        (post_attention_layernorm): LayerNorm((2048,), eps=1e-05, elementwise_affine=True)
      )
      (21): DecoderLayer(
        (self_attn): Attention(
          (q_proj): Linear(in_features=2048, out_features=2048, bias=True)
          (k_proj): Linear(in_features=2048, out_features=2048, bias=True)
          (v_proj): Linear(in_features=2048, out_features=2048, bias=True)
          (o_proj): Linear(in_features=2048, out_features=2048, bias=False)
          (rotary_emb): RotaryEmbedding()
        )
        (mlp): MLP(
          (gate_proj): Linear(in_features=2048, out_features=5632, bias=False)
          (up_proj): Linear(in_features=2048, out_features=5632, bias=False)
          (down_proj): Linear(in_features=5632, out_features=2048, bias=False)
          (act_fn): SiLU()
        )
        (input_layernorm): LayerNorm((2048,), eps=1e-05, elementwise_affine=True)
        (post_attention_layernorm): LayerNorm((2048,), eps=1e-05, elementwise_affine=True)
      )
      (22): DecoderLayer(
        (self_attn): Attention(
          (q_proj): Linear(in_features=2048, out_features=2048, bias=True)
          (k_proj): Linear(in_features=2048, out_features=2048, bias=True)
          (v_proj): Linear(in_features=2048, out_features=2048, bias=True)
          (o_proj): Linear(in_features=2048, out_features=2048, bias=False)
          (rotary_emb): RotaryEmbedding()
        )
        (mlp): RePaMoE(
          (deepspeed_moe): MOELayer(
            (gate): TopKGate(
              (wg): Linear(in_features=2048, out_features=4, bias=False)
            )
            (experts): Experts(
              (deepspeed_experts): ModuleList(
                (0-3): 4 x RePaMLP(
                  (gate_proj): Linear(in_features=2048, out_features=5632, bias=False)
                  (up_proj): Linear(in_features=2048, out_features=5632, bias=False)
                  (down_proj): Linear(in_features=5632, out_features=2048, bias=False)
                  (act_fn): SiLU()
                )
              )
            )
          )
        )
        (input_layernorm): LayerNorm((2048,), eps=1e-05, elementwise_affine=True)
        (post_attention_layernorm): LayerNorm((2048,), eps=1e-05, elementwise_affine=True)
      )
      (23): DecoderLayer(
        (self_attn): Attention(
          (q_proj): Linear(in_features=2048, out_features=2048, bias=True)
          (k_proj): Linear(in_features=2048, out_features=2048, bias=True)
          (v_proj): Linear(in_features=2048, out_features=2048, bias=True)
          (o_proj): Linear(in_features=2048, out_features=2048, bias=False)
          (rotary_emb): RotaryEmbedding()
        )
        (mlp): MLP(
          (gate_proj): Linear(in_features=2048, out_features=5632, bias=False)
          (up_proj): Linear(in_features=2048, out_features=5632, bias=False)
          (down_proj): Linear(in_features=5632, out_features=2048, bias=False)
          (act_fn): SiLU()
        )
        (input_layernorm): LayerNorm((2048,), eps=1e-05, elementwise_affine=True)
        (post_attention_layernorm): LayerNorm((2048,), eps=1e-05, elementwise_affine=True)
      )
    )
    (norm): LayerNorm((2048,), eps=1e-05, elementwise_affine=True)
    (image_tower): CLIPVisionTower(
      (image_tower): CLIPVisionModel(
        (vision_model): CLIPVisionTransformer(
          (embeddings): CLIPVisionEmbeddings(
            (patch_embedding): Conv2d(3, 1024, kernel_size=(14, 14), stride=(14, 14), bias=False)
            (position_embedding): Embedding(577, 1024)
          )
          (pre_layrnorm): LayerNorm((1024,), eps=1e-05, elementwise_affine=True)
          (encoder): CLIPEncoder(
            (layers): ModuleList(
              (0-23): 24 x CLIPEncoderLayer(
                (self_attn): CLIPAttention(
                  (k_proj): Linear(in_features=1024, out_features=1024, bias=True)
                  (v_proj): Linear(in_features=1024, out_features=1024, bias=True)
                  (q_proj): Linear(in_features=1024, out_features=1024, bias=True)
                  (out_proj): Linear(in_features=1024, out_features=1024, bias=True)
                )
                (layer_norm1): LayerNorm((1024,), eps=1e-05, elementwise_affine=True)
                (mlp): CLIPMLP(
                  (activation_fn): QuickGELUActivation()
                  (fc1): Linear(in_features=1024, out_features=4096, bias=True)
                  (fc2): Linear(in_features=4096, out_features=1024, bias=True)
                )
                (layer_norm2): LayerNorm((1024,), eps=1e-05, elementwise_affine=True)
              )
            )
          )
          (post_layernorm): LayerNorm((1024,), eps=1e-05, elementwise_affine=True)
        )
      )
    )
    (mm_projector): build_projector(
      (image_spatial_proj): Sequential(
        (0): Linear(in_features=1024, out_features=2048, bias=True)
        (1): GELU(approximate='none')
        (2): Linear(in_features=2048, out_features=2048, bias=True)
      )
      (video_patch_proj): Identity()
      (video_spatial_proj): Identity()
      (video_temproal_proj): Identity()
      (video_global_proj): Identity()
    )
  )
  (lm_head): Linear(in_features=2048, out_features=100352, bias=False)
)
RePaMoELLaVAStablelmForCausalLM(
  (model): MoELLaVAStablelmModel(
    (embed_tokens): Embedding(100352, 2048, padding_idx=100280)
    (layers): ModuleList(
      (0): DecoderLayer(
        (self_attn): Attention(
          (q_proj): Linear(in_features=2048, out_features=2048, bias=True)
          (k_proj): Linear(in_features=2048, out_features=2048, bias=True)
          (v_proj): Linear(in_features=2048, out_features=2048, bias=True)
          (o_proj): Linear(in_features=2048, out_features=2048, bias=False)
          (rotary_emb): RotaryEmbedding()
        )
        (mlp): RePaMoE(
          (deepspeed_moe): MOELayer(
            (gate): TopKGate(
              (wg): Linear(in_features=2048, out_features=4, bias=False)
            )
            (experts): Experts(
              (deepspeed_experts): ModuleList(
                (0-3): 4 x RePaMLP(
                  (gate_proj): Linear(in_features=2048, out_features=5632, bias=False)
                  (up_proj): Linear(in_features=2048, out_features=5632, bias=False)
                  (down_proj): Linear(in_features=5632, out_features=2048, bias=False)
                  (act_fn): SiLU()
                )
              )
            )
          )
        )
        (input_layernorm): LayerNorm((2048,), eps=1e-05, elementwise_affine=True)
        (post_attention_layernorm): LayerNorm((2048,), eps=1e-05, elementwise_affine=True)
      )
      (1): DecoderLayer(
        (self_attn): Attention(
          (q_proj): Linear(in_features=2048, out_features=2048, bias=True)
          (k_proj): Linear(in_features=2048, out_features=2048, bias=True)
          (v_proj): Linear(in_features=2048, out_features=2048, bias=True)
          (o_proj): Linear(in_features=2048, out_features=2048, bias=False)
          (rotary_emb): RotaryEmbedding()
        )
        (mlp): MLP(
          (gate_proj): Linear(in_features=2048, out_features=5632, bias=False)
          (up_proj): Linear(in_features=2048, out_features=5632, bias=False)
          (down_proj): Linear(in_features=5632, out_features=2048, bias=False)
          (act_fn): SiLU()
        )
        (input_layernorm): LayerNorm((2048,), eps=1e-05, elementwise_affine=True)
        (post_attention_layernorm): LayerNorm((2048,), eps=1e-05, elementwise_affine=True)
      )
      (2): DecoderLayer(
        (self_attn): Attention(
          (q_proj): Linear(in_features=2048, out_features=2048, bias=True)
          (k_proj): Linear(in_features=2048, out_features=2048, bias=True)
          (v_proj): Linear(in_features=2048, out_features=2048, bias=True)
          (o_proj): Linear(in_features=2048, out_features=2048, bias=False)
          (rotary_emb): RotaryEmbedding()
        )
        (mlp): RePaMoE(
          (deepspeed_moe): MOELayer(
            (gate): TopKGate(
              (wg): Linear(in_features=2048, out_features=4, bias=False)
            )
            (experts): Experts(
              (deepspeed_experts): ModuleList(
                (0-3): 4 x RePaMLP(
                  (gate_proj): Linear(in_features=2048, out_features=5632, bias=False)
                  (up_proj): Linear(in_features=2048, out_features=5632, bias=False)
                  (down_proj): Linear(in_features=5632, out_features=2048, bias=False)
                  (act_fn): SiLU()
                )
              )
            )
          )
        )
        (input_layernorm): LayerNorm((2048,), eps=1e-05, elementwise_affine=True)
        (post_attention_layernorm): LayerNorm((2048,), eps=1e-05, elementwise_affine=True)
      )
      (3): DecoderLayer(
        (self_attn): Attention(
          (q_proj): Linear(in_features=2048, out_features=2048, bias=True)
          (k_proj): Linear(in_features=2048, out_features=2048, bias=True)
          (v_proj): Linear(in_features=2048, out_features=2048, bias=True)
          (o_proj): Linear(in_features=2048, out_features=2048, bias=False)
          (rotary_emb): RotaryEmbedding()
        )
        (mlp): MLP(
          (gate_proj): Linear(in_features=2048, out_features=5632, bias=False)
          (up_proj): Linear(in_features=2048, out_features=5632, bias=False)
          (down_proj): Linear(in_features=5632, out_features=2048, bias=False)
          (act_fn): SiLU()
        )
        (input_layernorm): LayerNorm((2048,), eps=1e-05, elementwise_affine=True)
        (post_attention_layernorm): LayerNorm((2048,), eps=1e-05, elementwise_affine=True)
      )
      (4): DecoderLayer(
        (self_attn): Attention(
          (q_proj): Linear(in_features=2048, out_features=2048, bias=True)
          (k_proj): Linear(in_features=2048, out_features=2048, bias=True)
          (v_proj): Linear(in_features=2048, out_features=2048, bias=True)
          (o_proj): Linear(in_features=2048, out_features=2048, bias=False)
          (rotary_emb): RotaryEmbedding()
        )
        (mlp): RePaMoE(
          (deepspeed_moe): MOELayer(
            (gate): TopKGate(
              (wg): Linear(in_features=2048, out_features=4, bias=False)
            )
            (experts): Experts(
              (deepspeed_experts): ModuleList(
                (0-3): 4 x RePaMLP(
                  (gate_proj): Linear(in_features=2048, out_features=5632, bias=False)
                  (up_proj): Linear(in_features=2048, out_features=5632, bias=False)
                  (down_proj): Linear(in_features=5632, out_features=2048, bias=False)
                  (act_fn): SiLU()
                )
              )
            )
          )
        )
        (input_layernorm): LayerNorm((2048,), eps=1e-05, elementwise_affine=True)
        (post_attention_layernorm): LayerNorm((2048,), eps=1e-05, elementwise_affine=True)
      )
      (5): DecoderLayer(
        (self_attn): Attention(
          (q_proj): Linear(in_features=2048, out_features=2048, bias=True)
          (k_proj): Linear(in_features=2048, out_features=2048, bias=True)
          (v_proj): Linear(in_features=2048, out_features=2048, bias=True)
          (o_proj): Linear(in_features=2048, out_features=2048, bias=False)
          (rotary_emb): RotaryEmbedding()
        )
        (mlp): MLP(
          (gate_proj): Linear(in_features=2048, out_features=5632, bias=False)
          (up_proj): Linear(in_features=2048, out_features=5632, bias=False)
          (down_proj): Linear(in_features=5632, out_features=2048, bias=False)
          (act_fn): SiLU()
        )
        (input_layernorm): LayerNorm((2048,), eps=1e-05, elementwise_affine=True)
        (post_attention_layernorm): LayerNorm((2048,), eps=1e-05, elementwise_affine=True)
      )
      (6): DecoderLayer(
        (self_attn): Attention(
          (q_proj): Linear(in_features=2048, out_features=2048, bias=True)
          (k_proj): Linear(in_features=2048, out_features=2048, bias=True)
          (v_proj): Linear(in_features=2048, out_features=2048, bias=True)
          (o_proj): Linear(in_features=2048, out_features=2048, bias=False)
          (rotary_emb): RotaryEmbedding()
        )
        (mlp): RePaMoE(
          (deepspeed_moe): MOELayer(
            (gate): TopKGate(
              (wg): Linear(in_features=2048, out_features=4, bias=False)
            )
            (experts): Experts(
              (deepspeed_experts): ModuleList(
                (0-3): 4 x RePaMLP(
                  (gate_proj): Linear(in_features=2048, out_features=5632, bias=False)
                  (up_proj): Linear(in_features=2048, out_features=5632, bias=False)
                  (down_proj): Linear(in_features=5632, out_features=2048, bias=False)
                  (act_fn): SiLU()
                )
              )
            )
          )
        )
        (input_layernorm): LayerNorm((2048,), eps=1e-05, elementwise_affine=True)
        (post_attention_layernorm): LayerNorm((2048,), eps=1e-05, elementwise_affine=True)
      )
      (7): DecoderLayer(
        (self_attn): Attention(
          (q_proj): Linear(in_features=2048, out_features=2048, bias=True)
          (k_proj): Linear(in_features=2048, out_features=2048, bias=True)
          (v_proj): Linear(in_features=2048, out_features=2048, bias=True)
          (o_proj): Linear(in_features=2048, out_features=2048, bias=False)
          (rotary_emb): RotaryEmbedding()
        )
        (mlp): MLP(
          (gate_proj): Linear(in_features=2048, out_features=5632, bias=False)
          (up_proj): Linear(in_features=2048, out_features=5632, bias=False)
          (down_proj): Linear(in_features=5632, out_features=2048, bias=False)
          (act_fn): SiLU()
        )
        (input_layernorm): LayerNorm((2048,), eps=1e-05, elementwise_affine=True)
        (post_attention_layernorm): LayerNorm((2048,), eps=1e-05, elementwise_affine=True)
      )
      (8): DecoderLayer(
        (self_attn): Attention(
          (q_proj): Linear(in_features=2048, out_features=2048, bias=True)
          (k_proj): Linear(in_features=2048, out_features=2048, bias=True)
          (v_proj): Linear(in_features=2048, out_features=2048, bias=True)
          (o_proj): Linear(in_features=2048, out_features=2048, bias=False)
          (rotary_emb): RotaryEmbedding()
        )
        (mlp): RePaMoE(
          (deepspeed_moe): MOELayer(
            (gate): TopKGate(
              (wg): Linear(in_features=2048, out_features=4, bias=False)
            )
            (experts): Experts(
              (deepspeed_experts): ModuleList(
                (0-3): 4 x RePaMLP(
                  (gate_proj): Linear(in_features=2048, out_features=5632, bias=False)
                  (up_proj): Linear(in_features=2048, out_features=5632, bias=False)
                  (down_proj): Linear(in_features=5632, out_features=2048, bias=False)
                  (act_fn): SiLU()
                )
              )
            )
          )
        )
        (input_layernorm): LayerNorm((2048,), eps=1e-05, elementwise_affine=True)
        (post_attention_layernorm): LayerNorm((2048,), eps=1e-05, elementwise_affine=True)
      )
      (9): DecoderLayer(
        (self_attn): Attention(
          (q_proj): Linear(in_features=2048, out_features=2048, bias=True)
          (k_proj): Linear(in_features=2048, out_features=2048, bias=True)
          (v_proj): Linear(in_features=2048, out_features=2048, bias=True)
          (o_proj): Linear(in_features=2048, out_features=2048, bias=False)
          (rotary_emb): RotaryEmbedding()
        )
        (mlp): MLP(
          (gate_proj): Linear(in_features=2048, out_features=5632, bias=False)
          (up_proj): Linear(in_features=2048, out_features=5632, bias=False)
          (down_proj): Linear(in_features=5632, out_features=2048, bias=False)
          (act_fn): SiLU()
        )
        (input_layernorm): LayerNorm((2048,), eps=1e-05, elementwise_affine=True)
        (post_attention_layernorm): LayerNorm((2048,), eps=1e-05, elementwise_affine=True)
      )
      (10): DecoderLayer(
        (self_attn): Attention(
          (q_proj): Linear(in_features=2048, out_features=2048, bias=True)
          (k_proj): Linear(in_features=2048, out_features=2048, bias=True)
          (v_proj): Linear(in_features=2048, out_features=2048, bias=True)
          (o_proj): Linear(in_features=2048, out_features=2048, bias=False)
          (rotary_emb): RotaryEmbedding()
        )
        (mlp): RePaMoE(
          (deepspeed_moe): MOELayer(
            (gate): TopKGate(
              (wg): Linear(in_features=2048, out_features=4, bias=False)
            )
            (experts): Experts(
              (deepspeed_experts): ModuleList(
                (0-3): 4 x RePaMLP(
                  (gate_proj): Linear(in_features=2048, out_features=5632, bias=False)
                  (up_proj): Linear(in_features=2048, out_features=5632, bias=False)
                  (down_proj): Linear(in_features=5632, out_features=2048, bias=False)
                  (act_fn): SiLU()
                )
              )
            )
          )
        )
        (input_layernorm): LayerNorm((2048,), eps=1e-05, elementwise_affine=True)
        (post_attention_layernorm): LayerNorm((2048,), eps=1e-05, elementwise_affine=True)
      )
      (11): DecoderLayer(
        (self_attn): Attention(
          (q_proj): Linear(in_features=2048, out_features=2048, bias=True)
          (k_proj): Linear(in_features=2048, out_features=2048, bias=True)
          (v_proj): Linear(in_features=2048, out_features=2048, bias=True)
          (o_proj): Linear(in_features=2048, out_features=2048, bias=False)
          (rotary_emb): RotaryEmbedding()
        )
        (mlp): MLP(
          (gate_proj): Linear(in_features=2048, out_features=5632, bias=False)
          (up_proj): Linear(in_features=2048, out_features=5632, bias=False)
          (down_proj): Linear(in_features=5632, out_features=2048, bias=False)
          (act_fn): SiLU()
        )
        (input_layernorm): LayerNorm((2048,), eps=1e-05, elementwise_affine=True)
        (post_attention_layernorm): LayerNorm((2048,), eps=1e-05, elementwise_affine=True)
      )
      (12): DecoderLayer(
        (self_attn): Attention(
          (q_proj): Linear(in_features=2048, out_features=2048, bias=True)
          (k_proj): Linear(in_features=2048, out_features=2048, bias=True)
          (v_proj): Linear(in_features=2048, out_features=2048, bias=True)
          (o_proj): Linear(in_features=2048, out_features=2048, bias=False)
          (rotary_emb): RotaryEmbedding()
        )
        (mlp): RePaMoE(
          (deepspeed_moe): MOELayer(
            (gate): TopKGate(
              (wg): Linear(in_features=2048, out_features=4, bias=False)
            )
            (experts): Experts(
              (deepspeed_experts): ModuleList(
                (0-3): 4 x RePaMLP(
                  (gate_proj): Linear(in_features=2048, out_features=5632, bias=False)
                  (up_proj): Linear(in_features=2048, out_features=5632, bias=False)
                  (down_proj): Linear(in_features=5632, out_features=2048, bias=False)
                  (act_fn): SiLU()
                )
              )
            )
          )
        )
        (input_layernorm): LayerNorm((2048,), eps=1e-05, elementwise_affine=True)
        (post_attention_layernorm): LayerNorm((2048,), eps=1e-05, elementwise_affine=True)
      )
      (13): DecoderLayer(
        (self_attn): Attention(
          (q_proj): Linear(in_features=2048, out_features=2048, bias=True)
          (k_proj): Linear(in_features=2048, out_features=2048, bias=True)
          (v_proj): Linear(in_features=2048, out_features=2048, bias=True)
          (o_proj): Linear(in_features=2048, out_features=2048, bias=False)
          (rotary_emb): RotaryEmbedding()
        )
        (mlp): MLP(
          (gate_proj): Linear(in_features=2048, out_features=5632, bias=False)
          (up_proj): Linear(in_features=2048, out_features=5632, bias=False)
          (down_proj): Linear(in_features=5632, out_features=2048, bias=False)
          (act_fn): SiLU()
        )
        (input_layernorm): LayerNorm((2048,), eps=1e-05, elementwise_affine=True)
        (post_attention_layernorm): LayerNorm((2048,), eps=1e-05, elementwise_affine=True)
      )
      (14): DecoderLayer(
        (self_attn): Attention(
          (q_proj): Linear(in_features=2048, out_features=2048, bias=True)
          (k_proj): Linear(in_features=2048, out_features=2048, bias=True)
          (v_proj): Linear(in_features=2048, out_features=2048, bias=True)
          (o_proj): Linear(in_features=2048, out_features=2048, bias=False)
          (rotary_emb): RotaryEmbedding()
        )
        (mlp): RePaMoE(
          (deepspeed_moe): MOELayer(
            (gate): TopKGate(
              (wg): Linear(in_features=2048, out_features=4, bias=False)
            )
            (experts): Experts(
              (deepspeed_experts): ModuleList(
                (0-3): 4 x RePaMLP(
                  (gate_proj): Linear(in_features=2048, out_features=5632, bias=False)
                  (up_proj): Linear(in_features=2048, out_features=5632, bias=False)
                  (down_proj): Linear(in_features=5632, out_features=2048, bias=False)
                  (act_fn): SiLU()
                )
              )
            )
          )
        )
        (input_layernorm): LayerNorm((2048,), eps=1e-05, elementwise_affine=True)
        (post_attention_layernorm): LayerNorm((2048,), eps=1e-05, elementwise_affine=True)
      )
      (15): DecoderLayer(
        (self_attn): Attention(
          (q_proj): Linear(in_features=2048, out_features=2048, bias=True)
          (k_proj): Linear(in_features=2048, out_features=2048, bias=True)
          (v_proj): Linear(in_features=2048, out_features=2048, bias=True)
          (o_proj): Linear(in_features=2048, out_features=2048, bias=False)
          (rotary_emb): RotaryEmbedding()
        )
        (mlp): MLP(
          (gate_proj): Linear(in_features=2048, out_features=5632, bias=False)
          (up_proj): Linear(in_features=2048, out_features=5632, bias=False)
          (down_proj): Linear(in_features=5632, out_features=2048, bias=False)
          (act_fn): SiLU()
        )
        (input_layernorm): LayerNorm((2048,), eps=1e-05, elementwise_affine=True)
        (post_attention_layernorm): LayerNorm((2048,), eps=1e-05, elementwise_affine=True)
      )
      (16): DecoderLayer(
        (self_attn): Attention(
          (q_proj): Linear(in_features=2048, out_features=2048, bias=True)
          (k_proj): Linear(in_features=2048, out_features=2048, bias=True)
          (v_proj): Linear(in_features=2048, out_features=2048, bias=True)
          (o_proj): Linear(in_features=2048, out_features=2048, bias=False)
          (rotary_emb): RotaryEmbedding()
        )
        (mlp): RePaMoE(
          (deepspeed_moe): MOELayer(
            (gate): TopKGate(
              (wg): Linear(in_features=2048, out_features=4, bias=False)
            )
            (experts): Experts(
              (deepspeed_experts): ModuleList(
                (0-3): 4 x RePaMLP(
                  (gate_proj): Linear(in_features=2048, out_features=5632, bias=False)
                  (up_proj): Linear(in_features=2048, out_features=5632, bias=False)
                  (down_proj): Linear(in_features=5632, out_features=2048, bias=False)
                  (act_fn): SiLU()
                )
              )
            )
          )
        )
        (input_layernorm): LayerNorm((2048,), eps=1e-05, elementwise_affine=True)
        (post_attention_layernorm): LayerNorm((2048,), eps=1e-05, elementwise_affine=True)
      )
      (17): DecoderLayer(
        (self_attn): Attention(
          (q_proj): Linear(in_features=2048, out_features=2048, bias=True)
          (k_proj): Linear(in_features=2048, out_features=2048, bias=True)
          (v_proj): Linear(in_features=2048, out_features=2048, bias=True)
          (o_proj): Linear(in_features=2048, out_features=2048, bias=False)
          (rotary_emb): RotaryEmbedding()
        )
        (mlp): MLP(
          (gate_proj): Linear(in_features=2048, out_features=5632, bias=False)
          (up_proj): Linear(in_features=2048, out_features=5632, bias=False)
          (down_proj): Linear(in_features=5632, out_features=2048, bias=False)
          (act_fn): SiLU()
        )
        (input_layernorm): LayerNorm((2048,), eps=1e-05, elementwise_affine=True)
        (post_attention_layernorm): LayerNorm((2048,), eps=1e-05, elementwise_affine=True)
      )
      (18): DecoderLayer(
        (self_attn): Attention(
          (q_proj): Linear(in_features=2048, out_features=2048, bias=True)
          (k_proj): Linear(in_features=2048, out_features=2048, bias=True)
          (v_proj): Linear(in_features=2048, out_features=2048, bias=True)
          (o_proj): Linear(in_features=2048, out_features=2048, bias=False)
          (rotary_emb): RotaryEmbedding()
        )
        (mlp): RePaMoE(
          (deepspeed_moe): MOELayer(
            (gate): TopKGate(
              (wg): Linear(in_features=2048, out_features=4, bias=False)
            )
            (experts): Experts(
              (deepspeed_experts): ModuleList(
                (0-3): 4 x RePaMLP(
                  (gate_proj): Linear(in_features=2048, out_features=5632, bias=False)
                  (up_proj): Linear(in_features=2048, out_features=5632, bias=False)
                  (down_proj): Linear(in_features=5632, out_features=2048, bias=False)
                  (act_fn): SiLU()
                )
              )
            )
          )
        )
        (input_layernorm): LayerNorm((2048,), eps=1e-05, elementwise_affine=True)
        (post_attention_layernorm): LayerNorm((2048,), eps=1e-05, elementwise_affine=True)
      )
      (19): DecoderLayer(
        (self_attn): Attention(
          (q_proj): Linear(in_features=2048, out_features=2048, bias=True)
          (k_proj): Linear(in_features=2048, out_features=2048, bias=True)
          (v_proj): Linear(in_features=2048, out_features=2048, bias=True)
          (o_proj): Linear(in_features=2048, out_features=2048, bias=False)
          (rotary_emb): RotaryEmbedding()
        )
        (mlp): MLP(
          (gate_proj): Linear(in_features=2048, out_features=5632, bias=False)
          (up_proj): Linear(in_features=2048, out_features=5632, bias=False)
          (down_proj): Linear(in_features=5632, out_features=2048, bias=False)
          (act_fn): SiLU()
        )
        (input_layernorm): LayerNorm((2048,), eps=1e-05, elementwise_affine=True)
        (post_attention_layernorm): LayerNorm((2048,), eps=1e-05, elementwise_affine=True)
      )
      (20): DecoderLayer(
        (self_attn): Attention(
          (q_proj): Linear(in_features=2048, out_features=2048, bias=True)
          (k_proj): Linear(in_features=2048, out_features=2048, bias=True)
          (v_proj): Linear(in_features=2048, out_features=2048, bias=True)
          (o_proj): Linear(in_features=2048, out_features=2048, bias=False)
          (rotary_emb): RotaryEmbedding()
        )
        (mlp): RePaMoE(
          (deepspeed_moe): MOELayer(
            (gate): TopKGate(
              (wg): Linear(in_features=2048, out_features=4, bias=False)
            )
            (experts): Experts(
              (deepspeed_experts): ModuleList(
                (0-3): 4 x RePaMLP(
                  (gate_proj): Linear(in_features=2048, out_features=5632, bias=False)
                  (up_proj): Linear(in_features=2048, out_features=5632, bias=False)
                  (down_proj): Linear(in_features=5632, out_features=2048, bias=False)
                  (act_fn): SiLU()
                )
              )
            )
          )
        )
        (input_layernorm): LayerNorm((2048,), eps=1e-05, elementwise_affine=True)
        (post_attention_layernorm): LayerNorm((2048,), eps=1e-05, elementwise_affine=True)
      )
      (21): DecoderLayer(
        (self_attn): Attention(
          (q_proj): Linear(in_features=2048, out_features=2048, bias=True)
          (k_proj): Linear(in_features=2048, out_features=2048, bias=True)
          (v_proj): Linear(in_features=2048, out_features=2048, bias=True)
          (o_proj): Linear(in_features=2048, out_features=2048, bias=False)
          (rotary_emb): RotaryEmbedding()
        )
        (mlp): MLP(
          (gate_proj): Linear(in_features=2048, out_features=5632, bias=False)
          (up_proj): Linear(in_features=2048, out_features=5632, bias=False)
          (down_proj): Linear(in_features=5632, out_features=2048, bias=False)
          (act_fn): SiLU()
        )
        (input_layernorm): LayerNorm((2048,), eps=1e-05, elementwise_affine=True)
        (post_attention_layernorm): LayerNorm((2048,), eps=1e-05, elementwise_affine=True)
      )
      (22): DecoderLayer(
        (self_attn): Attention(
          (q_proj): Linear(in_features=2048, out_features=2048, bias=True)
          (k_proj): Linear(in_features=2048, out_features=2048, bias=True)
          (v_proj): Linear(in_features=2048, out_features=2048, bias=True)
          (o_proj): Linear(in_features=2048, out_features=2048, bias=False)
          (rotary_emb): RotaryEmbedding()
        )
        (mlp): RePaMoE(
          (deepspeed_moe): MOELayer(
            (gate): TopKGate(
              (wg): Linear(in_features=2048, out_features=4, bias=False)
            )
            (experts): Experts(
              (deepspeed_experts): ModuleList(
                (0-3): 4 x RePaMLP(
                  (gate_proj): Linear(in_features=2048, out_features=5632, bias=False)
                  (up_proj): Linear(in_features=2048, out_features=5632, bias=False)
                  (down_proj): Linear(in_features=5632, out_features=2048, bias=False)
                  (act_fn): SiLU()
                )
              )
            )
          )
        )
        (input_layernorm): LayerNorm((2048,), eps=1e-05, elementwise_affine=True)
        (post_attention_layernorm): LayerNorm((2048,), eps=1e-05, elementwise_affine=True)
      )
      (23): DecoderLayer(
        (self_attn): Attention(
          (q_proj): Linear(in_features=2048, out_features=2048, bias=True)
          (k_proj): Linear(in_features=2048, out_features=2048, bias=True)
          (v_proj): Linear(in_features=2048, out_features=2048, bias=True)
          (o_proj): Linear(in_features=2048, out_features=2048, bias=False)
          (rotary_emb): RotaryEmbedding()
        )
        (mlp): MLP(
          (gate_proj): Linear(in_features=2048, out_features=5632, bias=False)
          (up_proj): Linear(in_features=2048, out_features=5632, bias=False)
          (down_proj): Linear(in_features=5632, out_features=2048, bias=False)
          (act_fn): SiLU()
        )
        (input_layernorm): LayerNorm((2048,), eps=1e-05, elementwise_affine=True)
        (post_attention_layernorm): LayerNorm((2048,), eps=1e-05, elementwise_affine=True)
      )
    )
    (norm): LayerNorm((2048,), eps=1e-05, elementwise_affine=True)
    (image_tower): CLIPVisionTower(
      (image_tower): CLIPVisionModel(
        (vision_model): CLIPVisionTransformer(
          (embeddings): CLIPVisionEmbeddings(
            (patch_embedding): Conv2d(3, 1024, kernel_size=(14, 14), stride=(14, 14), bias=False)
            (position_embedding): Embedding(577, 1024)
          )
          (pre_layrnorm): LayerNorm((1024,), eps=1e-05, elementwise_affine=True)
          (encoder): CLIPEncoder(
            (layers): ModuleList(
              (0-23): 24 x CLIPEncoderLayer(
                (self_attn): CLIPAttention(
                  (k_proj): Linear(in_features=1024, out_features=1024, bias=True)
                  (v_proj): Linear(in_features=1024, out_features=1024, bias=True)
                  (q_proj): Linear(in_features=1024, out_features=1024, bias=True)
                  (out_proj): Linear(in_features=1024, out_features=1024, bias=True)
                )
                (layer_norm1): LayerNorm((1024,), eps=1e-05, elementwise_affine=True)
                (mlp): CLIPMLP(
                  (activation_fn): QuickGELUActivation()
                  (fc1): Linear(in_features=1024, out_features=4096, bias=True)
                  (fc2): Linear(in_features=4096, out_features=1024, bias=True)
                )
                (layer_norm2): LayerNorm((1024,), eps=1e-05, elementwise_affine=True)
              )
            )
          )
          (post_layernorm): LayerNorm((1024,), eps=1e-05, elementwise_affine=True)
        )
      )
    )
    (mm_projector): build_projector(
      (image_spatial_proj): Sequential(
        (0): Linear(in_features=1024, out_features=2048, bias=True)
        (1): GELU(approximate='none')
        (2): Linear(in_features=2048, out_features=2048, bias=True)
      )
      (video_patch_proj): Identity()
      (video_spatial_proj): Identity()
      (video_temproal_proj): Identity()
      (video_global_proj): Identity()
    )
  )
  (lm_head): Linear(in_features=2048, out_features=100352, bias=False)
)
RePaMoELLaVAStablelmForCausalLM(
  (model): MoELLaVAStablelmModel(
    (embed_tokens): Embedding(100352, 2048, padding_idx=100280)
    (layers): ModuleList(
      (0): DecoderLayer(
        (self_attn): Attention(
          (q_proj): Linear(in_features=2048, out_features=2048, bias=True)
          (k_proj): Linear(in_features=2048, out_features=2048, bias=True)
          (v_proj): Linear(in_features=2048, out_features=2048, bias=True)
          (o_proj): Linear(in_features=2048, out_features=2048, bias=False)
          (rotary_emb): RotaryEmbedding()
        )
        (mlp): RePaMoE(
          (deepspeed_moe): MOELayer(
            (gate): TopKGate(
              (wg): Linear(in_features=2048, out_features=4, bias=False)
            )
            (experts): Experts(
              (deepspeed_experts): ModuleList(
                (0-3): 4 x RePaMLP(
                  (gate_proj): Linear(in_features=2048, out_features=5632, bias=False)
                  (up_proj): Linear(in_features=2048, out_features=5632, bias=False)
                  (down_proj): Linear(in_features=5632, out_features=2048, bias=False)
                  (act_fn): SiLU()
                )
              )
            )
          )
        )
        (input_layernorm): LayerNorm((2048,), eps=1e-05, elementwise_affine=True)
        (post_attention_layernorm): LayerNorm((2048,), eps=1e-05, elementwise_affine=True)
      )
      (1): DecoderLayer(
        (self_attn): Attention(
          (q_proj): Linear(in_features=2048, out_features=2048, bias=True)
          (k_proj): Linear(in_features=2048, out_features=2048, bias=True)
          (v_proj): Linear(in_features=2048, out_features=2048, bias=True)
          (o_proj): Linear(in_features=2048, out_features=2048, bias=False)
          (rotary_emb): RotaryEmbedding()
        )
        (mlp): MLP(
          (gate_proj): Linear(in_features=2048, out_features=5632, bias=False)
          (up_proj): Linear(in_features=2048, out_features=5632, bias=False)
          (down_proj): Linear(in_features=5632, out_features=2048, bias=False)
          (act_fn): SiLU()
        )
        (input_layernorm): LayerNorm((2048,), eps=1e-05, elementwise_affine=True)
        (post_attention_layernorm): LayerNorm((2048,), eps=1e-05, elementwise_affine=True)
      )
      (2): DecoderLayer(
        (self_attn): Attention(
          (q_proj): Linear(in_features=2048, out_features=2048, bias=True)
          (k_proj): Linear(in_features=2048, out_features=2048, bias=True)
          (v_proj): Linear(in_features=2048, out_features=2048, bias=True)
          (o_proj): Linear(in_features=2048, out_features=2048, bias=False)
          (rotary_emb): RotaryEmbedding()
        )
        (mlp): RePaMoE(
          (deepspeed_moe): MOELayer(
            (gate): TopKGate(
              (wg): Linear(in_features=2048, out_features=4, bias=False)
            )
            (experts): Experts(
              (deepspeed_experts): ModuleList(
                (0-3): 4 x RePaMLP(
                  (gate_proj): Linear(in_features=2048, out_features=5632, bias=False)
                  (up_proj): Linear(in_features=2048, out_features=5632, bias=False)
                  (down_proj): Linear(in_features=5632, out_features=2048, bias=False)
                  (act_fn): SiLU()
                )
              )
            )
          )
        )
        (input_layernorm): LayerNorm((2048,), eps=1e-05, elementwise_affine=True)
        (post_attention_layernorm): LayerNorm((2048,), eps=1e-05, elementwise_affine=True)
      )
      (3): DecoderLayer(
        (self_attn): Attention(
          (q_proj): Linear(in_features=2048, out_features=2048, bias=True)
          (k_proj): Linear(in_features=2048, out_features=2048, bias=True)
          (v_proj): Linear(in_features=2048, out_features=2048, bias=True)
          (o_proj): Linear(in_features=2048, out_features=2048, bias=False)
          (rotary_emb): RotaryEmbedding()
        )
        (mlp): MLP(
          (gate_proj): Linear(in_features=2048, out_features=5632, bias=False)
          (up_proj): Linear(in_features=2048, out_features=5632, bias=False)
          (down_proj): Linear(in_features=5632, out_features=2048, bias=False)
          (act_fn): SiLU()
        )
        (input_layernorm): LayerNorm((2048,), eps=1e-05, elementwise_affine=True)
        (post_attention_layernorm): LayerNorm((2048,), eps=1e-05, elementwise_affine=True)
      )
      (4): DecoderLayer(
        (self_attn): Attention(
          (q_proj): Linear(in_features=2048, out_features=2048, bias=True)
          (k_proj): Linear(in_features=2048, out_features=2048, bias=True)
          (v_proj): Linear(in_features=2048, out_features=2048, bias=True)
          (o_proj): Linear(in_features=2048, out_features=2048, bias=False)
          (rotary_emb): RotaryEmbedding()
        )
        (mlp): RePaMoE(
          (deepspeed_moe): MOELayer(
            (gate): TopKGate(
              (wg): Linear(in_features=2048, out_features=4, bias=False)
            )
            (experts): Experts(
              (deepspeed_experts): ModuleList(
                (0-3): 4 x RePaMLP(
                  (gate_proj): Linear(in_features=2048, out_features=5632, bias=False)
                  (up_proj): Linear(in_features=2048, out_features=5632, bias=False)
                  (down_proj): Linear(in_features=5632, out_features=2048, bias=False)
                  (act_fn): SiLU()
                )
              )
            )
          )
        )
        (input_layernorm): LayerNorm((2048,), eps=1e-05, elementwise_affine=True)
        (post_attention_layernorm): LayerNorm((2048,), eps=1e-05, elementwise_affine=True)
      )
      (5): DecoderLayer(
        (self_attn): Attention(
          (q_proj): Linear(in_features=2048, out_features=2048, bias=True)
          (k_proj): Linear(in_features=2048, out_features=2048, bias=True)
          (v_proj): Linear(in_features=2048, out_features=2048, bias=True)
          (o_proj): Linear(in_features=2048, out_features=2048, bias=False)
          (rotary_emb): RotaryEmbedding()
        )
        (mlp): MLP(
          (gate_proj): Linear(in_features=2048, out_features=5632, bias=False)
          (up_proj): Linear(in_features=2048, out_features=5632, bias=False)
          (down_proj): Linear(in_features=5632, out_features=2048, bias=False)
          (act_fn): SiLU()
        )
        (input_layernorm): LayerNorm((2048,), eps=1e-05, elementwise_affine=True)
        (post_attention_layernorm): LayerNorm((2048,), eps=1e-05, elementwise_affine=True)
      )
      (6): DecoderLayer(
        (self_attn): Attention(
          (q_proj): Linear(in_features=2048, out_features=2048, bias=True)
          (k_proj): Linear(in_features=2048, out_features=2048, bias=True)
          (v_proj): Linear(in_features=2048, out_features=2048, bias=True)
          (o_proj): Linear(in_features=2048, out_features=2048, bias=False)
          (rotary_emb): RotaryEmbedding()
        )
        (mlp): RePaMoE(
          (deepspeed_moe): MOELayer(
            (gate): TopKGate(
              (wg): Linear(in_features=2048, out_features=4, bias=False)
            )
            (experts): Experts(
              (deepspeed_experts): ModuleList(
                (0-3): 4 x RePaMLP(
                  (gate_proj): Linear(in_features=2048, out_features=5632, bias=False)
                  (up_proj): Linear(in_features=2048, out_features=5632, bias=False)
                  (down_proj): Linear(in_features=5632, out_features=2048, bias=False)
                  (act_fn): SiLU()
                )
              )
            )
          )
        )
        (input_layernorm): LayerNorm((2048,), eps=1e-05, elementwise_affine=True)
        (post_attention_layernorm): LayerNorm((2048,), eps=1e-05, elementwise_affine=True)
      )
      (7): DecoderLayer(
        (self_attn): Attention(
          (q_proj): Linear(in_features=2048, out_features=2048, bias=True)
          (k_proj): Linear(in_features=2048, out_features=2048, bias=True)
          (v_proj): Linear(in_features=2048, out_features=2048, bias=True)
          (o_proj): Linear(in_features=2048, out_features=2048, bias=False)
          (rotary_emb): RotaryEmbedding()
        )
        (mlp): MLP(
          (gate_proj): Linear(in_features=2048, out_features=5632, bias=False)
          (up_proj): Linear(in_features=2048, out_features=5632, bias=False)
          (down_proj): Linear(in_features=5632, out_features=2048, bias=False)
          (act_fn): SiLU()
        )
        (input_layernorm): LayerNorm((2048,), eps=1e-05, elementwise_affine=True)
        (post_attention_layernorm): LayerNorm((2048,), eps=1e-05, elementwise_affine=True)
      )
      (8): DecoderLayer(
        (self_attn): Attention(
          (q_proj): Linear(in_features=2048, out_features=2048, bias=True)
          (k_proj): Linear(in_features=2048, out_features=2048, bias=True)
          (v_proj): Linear(in_features=2048, out_features=2048, bias=True)
          (o_proj): Linear(in_features=2048, out_features=2048, bias=False)
          (rotary_emb): RotaryEmbedding()
        )
        (mlp): RePaMoE(
          (deepspeed_moe): MOELayer(
            (gate): TopKGate(
              (wg): Linear(in_features=2048, out_features=4, bias=False)
            )
            (experts): Experts(
              (deepspeed_experts): ModuleList(
                (0-3): 4 x RePaMLP(
                  (gate_proj): Linear(in_features=2048, out_features=5632, bias=False)
                  (up_proj): Linear(in_features=2048, out_features=5632, bias=False)
                  (down_proj): Linear(in_features=5632, out_features=2048, bias=False)
                  (act_fn): SiLU()
                )
              )
            )
          )
        )
        (input_layernorm): LayerNorm((2048,), eps=1e-05, elementwise_affine=True)
        (post_attention_layernorm): LayerNorm((2048,), eps=1e-05, elementwise_affine=True)
      )
      (9): DecoderLayer(
        (self_attn): Attention(
          (q_proj): Linear(in_features=2048, out_features=2048, bias=True)
          (k_proj): Linear(in_features=2048, out_features=2048, bias=True)
          (v_proj): Linear(in_features=2048, out_features=2048, bias=True)
          (o_proj): Linear(in_features=2048, out_features=2048, bias=False)
          (rotary_emb): RotaryEmbedding()
        )
        (mlp): MLP(
          (gate_proj): Linear(in_features=2048, out_features=5632, bias=False)
          (up_proj): Linear(in_features=2048, out_features=5632, bias=False)
          (down_proj): Linear(in_features=5632, out_features=2048, bias=False)
          (act_fn): SiLU()
        )
        (input_layernorm): LayerNorm((2048,), eps=1e-05, elementwise_affine=True)
        (post_attention_layernorm): LayerNorm((2048,), eps=1e-05, elementwise_affine=True)
      )
      (10): DecoderLayer(
        (self_attn): Attention(
          (q_proj): Linear(in_features=2048, out_features=2048, bias=True)
          (k_proj): Linear(in_features=2048, out_features=2048, bias=True)
          (v_proj): Linear(in_features=2048, out_features=2048, bias=True)
          (o_proj): Linear(in_features=2048, out_features=2048, bias=False)
          (rotary_emb): RotaryEmbedding()
        )
        (mlp): RePaMoE(
          (deepspeed_moe): MOELayer(
            (gate): TopKGate(
              (wg): Linear(in_features=2048, out_features=4, bias=False)
            )
            (experts): Experts(
              (deepspeed_experts): ModuleList(
                (0-3): 4 x RePaMLP(
                  (gate_proj): Linear(in_features=2048, out_features=5632, bias=False)
                  (up_proj): Linear(in_features=2048, out_features=5632, bias=False)
                  (down_proj): Linear(in_features=5632, out_features=2048, bias=False)
                  (act_fn): SiLU()
                )
              )
            )
          )
        )
        (input_layernorm): LayerNorm((2048,), eps=1e-05, elementwise_affine=True)
        (post_attention_layernorm): LayerNorm((2048,), eps=1e-05, elementwise_affine=True)
      )
      (11): DecoderLayer(
        (self_attn): Attention(
          (q_proj): Linear(in_features=2048, out_features=2048, bias=True)
          (k_proj): Linear(in_features=2048, out_features=2048, bias=True)
          (v_proj): Linear(in_features=2048, out_features=2048, bias=True)
          (o_proj): Linear(in_features=2048, out_features=2048, bias=False)
          (rotary_emb): RotaryEmbedding()
        )
        (mlp): MLP(
          (gate_proj): Linear(in_features=2048, out_features=5632, bias=False)
          (up_proj): Linear(in_features=2048, out_features=5632, bias=False)
          (down_proj): Linear(in_features=5632, out_features=2048, bias=False)
          (act_fn): SiLU()
        )
        (input_layernorm): LayerNorm((2048,), eps=1e-05, elementwise_affine=True)
        (post_attention_layernorm): LayerNorm((2048,), eps=1e-05, elementwise_affine=True)
      )
      (12): DecoderLayer(
        (self_attn): Attention(
          (q_proj): Linear(in_features=2048, out_features=2048, bias=True)
          (k_proj): Linear(in_features=2048, out_features=2048, bias=True)
          (v_proj): Linear(in_features=2048, out_features=2048, bias=True)
          (o_proj): Linear(in_features=2048, out_features=2048, bias=False)
          (rotary_emb): RotaryEmbedding()
        )
        (mlp): RePaMoE(
          (deepspeed_moe): MOELayer(
            (gate): TopKGate(
              (wg): Linear(in_features=2048, out_features=4, bias=False)
            )
            (experts): Experts(
              (deepspeed_experts): ModuleList(
                (0-3): 4 x RePaMLP(
                  (gate_proj): Linear(in_features=2048, out_features=5632, bias=False)
                  (up_proj): Linear(in_features=2048, out_features=5632, bias=False)
                  (down_proj): Linear(in_features=5632, out_features=2048, bias=False)
                  (act_fn): SiLU()
                )
              )
            )
          )
        )
        (input_layernorm): LayerNorm((2048,), eps=1e-05, elementwise_affine=True)
        (post_attention_layernorm): LayerNorm((2048,), eps=1e-05, elementwise_affine=True)
      )
      (13): DecoderLayer(
        (self_attn): Attention(
          (q_proj): Linear(in_features=2048, out_features=2048, bias=True)
          (k_proj): Linear(in_features=2048, out_features=2048, bias=True)
          (v_proj): Linear(in_features=2048, out_features=2048, bias=True)
          (o_proj): Linear(in_features=2048, out_features=2048, bias=False)
          (rotary_emb): RotaryEmbedding()
        )
        (mlp): MLP(
          (gate_proj): Linear(in_features=2048, out_features=5632, bias=False)
          (up_proj): Linear(in_features=2048, out_features=5632, bias=False)
          (down_proj): Linear(in_features=5632, out_features=2048, bias=False)
          (act_fn): SiLU()
        )
        (input_layernorm): LayerNorm((2048,), eps=1e-05, elementwise_affine=True)
        (post_attention_layernorm): LayerNorm((2048,), eps=1e-05, elementwise_affine=True)
      )
      (14): DecoderLayer(
        (self_attn): Attention(
          (q_proj): Linear(in_features=2048, out_features=2048, bias=True)
          (k_proj): Linear(in_features=2048, out_features=2048, bias=True)
          (v_proj): Linear(in_features=2048, out_features=2048, bias=True)
          (o_proj): Linear(in_features=2048, out_features=2048, bias=False)
          (rotary_emb): RotaryEmbedding()
        )
        (mlp): RePaMoE(
          (deepspeed_moe): MOELayer(
            (gate): TopKGate(
              (wg): Linear(in_features=2048, out_features=4, bias=False)
            )
            (experts): Experts(
              (deepspeed_experts): ModuleList(
                (0-3): 4 x RePaMLP(
                  (gate_proj): Linear(in_features=2048, out_features=5632, bias=False)
                  (up_proj): Linear(in_features=2048, out_features=5632, bias=False)
                  (down_proj): Linear(in_features=5632, out_features=2048, bias=False)
                  (act_fn): SiLU()
                )
              )
            )
          )
        )
        (input_layernorm): LayerNorm((2048,), eps=1e-05, elementwise_affine=True)
        (post_attention_layernorm): LayerNorm((2048,), eps=1e-05, elementwise_affine=True)
      )
      (15): DecoderLayer(
        (self_attn): Attention(
          (q_proj): Linear(in_features=2048, out_features=2048, bias=True)
          (k_proj): Linear(in_features=2048, out_features=2048, bias=True)
          (v_proj): Linear(in_features=2048, out_features=2048, bias=True)
          (o_proj): Linear(in_features=2048, out_features=2048, bias=False)
          (rotary_emb): RotaryEmbedding()
        )
        (mlp): MLP(
          (gate_proj): Linear(in_features=2048, out_features=5632, bias=False)
          (up_proj): Linear(in_features=2048, out_features=5632, bias=False)
          (down_proj): Linear(in_features=5632, out_features=2048, bias=False)
          (act_fn): SiLU()
        )
        (input_layernorm): LayerNorm((2048,), eps=1e-05, elementwise_affine=True)
        (post_attention_layernorm): LayerNorm((2048,), eps=1e-05, elementwise_affine=True)
      )
      (16): DecoderLayer(
        (self_attn): Attention(
          (q_proj): Linear(in_features=2048, out_features=2048, bias=True)
          (k_proj): Linear(in_features=2048, out_features=2048, bias=True)
          (v_proj): Linear(in_features=2048, out_features=2048, bias=True)
          (o_proj): Linear(in_features=2048, out_features=2048, bias=False)
          (rotary_emb): RotaryEmbedding()
        )
        (mlp): RePaMoE(
          (deepspeed_moe): MOELayer(
            (gate): TopKGate(
              (wg): Linear(in_features=2048, out_features=4, bias=False)
            )
            (experts): Experts(
              (deepspeed_experts): ModuleList(
                (0-3): 4 x RePaMLP(
                  (gate_proj): Linear(in_features=2048, out_features=5632, bias=False)
                  (up_proj): Linear(in_features=2048, out_features=5632, bias=False)
                  (down_proj): Linear(in_features=5632, out_features=2048, bias=False)
                  (act_fn): SiLU()
                )
              )
            )
          )
        )
        (input_layernorm): LayerNorm((2048,), eps=1e-05, elementwise_affine=True)
        (post_attention_layernorm): LayerNorm((2048,), eps=1e-05, elementwise_affine=True)
      )
      (17): DecoderLayer(
        (self_attn): Attention(
          (q_proj): Linear(in_features=2048, out_features=2048, bias=True)
          (k_proj): Linear(in_features=2048, out_features=2048, bias=True)
          (v_proj): Linear(in_features=2048, out_features=2048, bias=True)
          (o_proj): Linear(in_features=2048, out_features=2048, bias=False)
          (rotary_emb): RotaryEmbedding()
        )
        (mlp): MLP(
          (gate_proj): Linear(in_features=2048, out_features=5632, bias=False)
          (up_proj): Linear(in_features=2048, out_features=5632, bias=False)
          (down_proj): Linear(in_features=5632, out_features=2048, bias=False)
          (act_fn): SiLU()
        )
        (input_layernorm): LayerNorm((2048,), eps=1e-05, elementwise_affine=True)
        (post_attention_layernorm): LayerNorm((2048,), eps=1e-05, elementwise_affine=True)
      )
      (18): DecoderLayer(
        (self_attn): Attention(
          (q_proj): Linear(in_features=2048, out_features=2048, bias=True)
          (k_proj): Linear(in_features=2048, out_features=2048, bias=True)
          (v_proj): Linear(in_features=2048, out_features=2048, bias=True)
          (o_proj): Linear(in_features=2048, out_features=2048, bias=False)
          (rotary_emb): RotaryEmbedding()
        )
        (mlp): RePaMoE(
          (deepspeed_moe): MOELayer(
            (gate): TopKGate(
              (wg): Linear(in_features=2048, out_features=4, bias=False)
            )
            (experts): Experts(
              (deepspeed_experts): ModuleList(
                (0-3): 4 x RePaMLP(
                  (gate_proj): Linear(in_features=2048, out_features=5632, bias=False)
                  (up_proj): Linear(in_features=2048, out_features=5632, bias=False)
                  (down_proj): Linear(in_features=5632, out_features=2048, bias=False)
                  (act_fn): SiLU()
                )
              )
            )
          )
        )
        (input_layernorm): LayerNorm((2048,), eps=1e-05, elementwise_affine=True)
        (post_attention_layernorm): LayerNorm((2048,), eps=1e-05, elementwise_affine=True)
      )
      (19): DecoderLayer(
        (self_attn): Attention(
          (q_proj): Linear(in_features=2048, out_features=2048, bias=True)
          (k_proj): Linear(in_features=2048, out_features=2048, bias=True)
          (v_proj): Linear(in_features=2048, out_features=2048, bias=True)
          (o_proj): Linear(in_features=2048, out_features=2048, bias=False)
          (rotary_emb): RotaryEmbedding()
        )
        (mlp): MLP(
          (gate_proj): Linear(in_features=2048, out_features=5632, bias=False)
          (up_proj): Linear(in_features=2048, out_features=5632, bias=False)
          (down_proj): Linear(in_features=5632, out_features=2048, bias=False)
          (act_fn): SiLU()
        )
        (input_layernorm): LayerNorm((2048,), eps=1e-05, elementwise_affine=True)
        (post_attention_layernorm): LayerNorm((2048,), eps=1e-05, elementwise_affine=True)
      )
      (20): DecoderLayer(
        (self_attn): Attention(
          (q_proj): Linear(in_features=2048, out_features=2048, bias=True)
          (k_proj): Linear(in_features=2048, out_features=2048, bias=True)
          (v_proj): Linear(in_features=2048, out_features=2048, bias=True)
          (o_proj): Linear(in_features=2048, out_features=2048, bias=False)
          (rotary_emb): RotaryEmbedding()
        )
        (mlp): RePaMoE(
          (deepspeed_moe): MOELayer(
            (gate): TopKGate(
              (wg): Linear(in_features=2048, out_features=4, bias=False)
            )
            (experts): Experts(
              (deepspeed_experts): ModuleList(
                (0-3): 4 x RePaMLP(
                  (gate_proj): Linear(in_features=2048, out_features=5632, bias=False)
                  (up_proj): Linear(in_features=2048, out_features=5632, bias=False)
                  (down_proj): Linear(in_features=5632, out_features=2048, bias=False)
                  (act_fn): SiLU()
                )
              )
            )
          )
        )
        (input_layernorm): LayerNorm((2048,), eps=1e-05, elementwise_affine=True)
        (post_attention_layernorm): LayerNorm((2048,), eps=1e-05, elementwise_affine=True)
      )
      (21): DecoderLayer(
        (self_attn): Attention(
          (q_proj): Linear(in_features=2048, out_features=2048, bias=True)
          (k_proj): Linear(in_features=2048, out_features=2048, bias=True)
          (v_proj): Linear(in_features=2048, out_features=2048, bias=True)
          (o_proj): Linear(in_features=2048, out_features=2048, bias=False)
          (rotary_emb): RotaryEmbedding()
        )
        (mlp): MLP(
          (gate_proj): Linear(in_features=2048, out_features=5632, bias=False)
          (up_proj): Linear(in_features=2048, out_features=5632, bias=False)
          (down_proj): Linear(in_features=5632, out_features=2048, bias=False)
          (act_fn): SiLU()
        )
        (input_layernorm): LayerNorm((2048,), eps=1e-05, elementwise_affine=True)
        (post_attention_layernorm): LayerNorm((2048,), eps=1e-05, elementwise_affine=True)
      )
      (22): DecoderLayer(
        (self_attn): Attention(
          (q_proj): Linear(in_features=2048, out_features=2048, bias=True)
          (k_proj): Linear(in_features=2048, out_features=2048, bias=True)
          (v_proj): Linear(in_features=2048, out_features=2048, bias=True)
          (o_proj): Linear(in_features=2048, out_features=2048, bias=False)
          (rotary_emb): RotaryEmbedding()
        )
        (mlp): RePaMoE(
          (deepspeed_moe): MOELayer(
            (gate): TopKGate(
              (wg): Linear(in_features=2048, out_features=4, bias=False)
            )
            (experts): Experts(
              (deepspeed_experts): ModuleList(
                (0-3): 4 x RePaMLP(
                  (gate_proj): Linear(in_features=2048, out_features=5632, bias=False)
                  (up_proj): Linear(in_features=2048, out_features=5632, bias=False)
                  (down_proj): Linear(in_features=5632, out_features=2048, bias=False)
                  (act_fn): SiLU()
                )
              )
            )
          )
        )
        (input_layernorm): LayerNorm((2048,), eps=1e-05, elementwise_affine=True)
        (post_attention_layernorm): LayerNorm((2048,), eps=1e-05, elementwise_affine=True)
      )
      (23): DecoderLayer(
        (self_attn): Attention(
          (q_proj): Linear(in_features=2048, out_features=2048, bias=True)
          (k_proj): Linear(in_features=2048, out_features=2048, bias=True)
          (v_proj): Linear(in_features=2048, out_features=2048, bias=True)
          (o_proj): Linear(in_features=2048, out_features=2048, bias=False)
          (rotary_emb): RotaryEmbedding()
        )
        (mlp): MLP(
          (gate_proj): Linear(in_features=2048, out_features=5632, bias=False)
          (up_proj): Linear(in_features=2048, out_features=5632, bias=False)
          (down_proj): Linear(in_features=5632, out_features=2048, bias=False)
          (act_fn): SiLU()
        )
        (input_layernorm): LayerNorm((2048,), eps=1e-05, elementwise_affine=True)
        (post_attention_layernorm): LayerNorm((2048,), eps=1e-05, elementwise_affine=True)
      )
    )
    (norm): LayerNorm((2048,), eps=1e-05, elementwise_affine=True)
    (image_tower): CLIPVisionTower(
      (image_tower): CLIPVisionModel(
        (vision_model): CLIPVisionTransformer(
          (embeddings): CLIPVisionEmbeddings(
            (patch_embedding): Conv2d(3, 1024, kernel_size=(14, 14), stride=(14, 14), bias=False)
            (position_embedding): Embedding(577, 1024)
          )
          (pre_layrnorm): LayerNorm((1024,), eps=1e-05, elementwise_affine=True)
          (encoder): CLIPEncoder(
            (layers): ModuleList(
              (0-23): 24 x CLIPEncoderLayer(
                (self_attn): CLIPAttention(
                  (k_proj): Linear(in_features=1024, out_features=1024, bias=True)
                  (v_proj): Linear(in_features=1024, out_features=1024, bias=True)
                  (q_proj): Linear(in_features=1024, out_features=1024, bias=True)
                  (out_proj): Linear(in_features=1024, out_features=1024, bias=True)
                )
                (layer_norm1): LayerNorm((1024,), eps=1e-05, elementwise_affine=True)
                (mlp): CLIPMLP(
                  (activation_fn): QuickGELUActivation()
                  (fc1): Linear(in_features=1024, out_features=4096, bias=True)
                  (fc2): Linear(in_features=4096, out_features=1024, bias=True)
                )
                (layer_norm2): LayerNorm((1024,), eps=1e-05, elementwise_affine=True)
              )
            )
          )
          (post_layernorm): LayerNorm((1024,), eps=1e-05, elementwise_affine=True)
        )
      )
    )
    (mm_projector): build_projector(
      (image_spatial_proj): Sequential(
        (0): Linear(in_features=1024, out_features=2048, bias=True)
        (1): GELU(approximate='none')
        (2): Linear(in_features=2048, out_features=2048, bias=True)
      )
      (video_patch_proj): Identity()
      (video_spatial_proj): Identity()
      (video_temproal_proj): Identity()
      (video_global_proj): Identity()
    )
  )
  (lm_head): Linear(in_features=2048, out_features=100352, bias=False)
)
RePaMoELLaVAStablelmForCausalLM(
  (model): MoELLaVAStablelmModel(
    (embed_tokens): Embedding(100352, 2048, padding_idx=100280)
    (layers): ModuleList(
      (0): DecoderLayer(
        (self_attn): Attention(
          (q_proj): Linear(in_features=2048, out_features=2048, bias=True)
          (k_proj): Linear(in_features=2048, out_features=2048, bias=True)
          (v_proj): Linear(in_features=2048, out_features=2048, bias=True)
          (o_proj): Linear(in_features=2048, out_features=2048, bias=False)
          (rotary_emb): RotaryEmbedding()
        )
        (mlp): RePaMoE(
          (deepspeed_moe): MOELayer(
            (gate): TopKGate(
              (wg): Linear(in_features=2048, out_features=4, bias=False)
            )
            (experts): Experts(
              (deepspeed_experts): ModuleList(
                (0-3): 4 x RePaMLP(
                  (gate_proj): Linear(in_features=2048, out_features=5632, bias=False)
                  (up_proj): Linear(in_features=2048, out_features=5632, bias=False)
                  (down_proj): Linear(in_features=5632, out_features=2048, bias=False)
                  (act_fn): SiLU()
                )
              )
            )
          )
        )
        (input_layernorm): LayerNorm((2048,), eps=1e-05, elementwise_affine=True)
        (post_attention_layernorm): LayerNorm((2048,), eps=1e-05, elementwise_affine=True)
      )
      (1): DecoderLayer(
        (self_attn): Attention(
          (q_proj): Linear(in_features=2048, out_features=2048, bias=True)
          (k_proj): Linear(in_features=2048, out_features=2048, bias=True)
          (v_proj): Linear(in_features=2048, out_features=2048, bias=True)
          (o_proj): Linear(in_features=2048, out_features=2048, bias=False)
          (rotary_emb): RotaryEmbedding()
        )
        (mlp): MLP(
          (gate_proj): Linear(in_features=2048, out_features=5632, bias=False)
          (up_proj): Linear(in_features=2048, out_features=5632, bias=False)
          (down_proj): Linear(in_features=5632, out_features=2048, bias=False)
          (act_fn): SiLU()
        )
        (input_layernorm): LayerNorm((2048,), eps=1e-05, elementwise_affine=True)
        (post_attention_layernorm): LayerNorm((2048,), eps=1e-05, elementwise_affine=True)
      )
      (2): DecoderLayer(
        (self_attn): Attention(
          (q_proj): Linear(in_features=2048, out_features=2048, bias=True)
          (k_proj): Linear(in_features=2048, out_features=2048, bias=True)
          (v_proj): Linear(in_features=2048, out_features=2048, bias=True)
          (o_proj): Linear(in_features=2048, out_features=2048, bias=False)
          (rotary_emb): RotaryEmbedding()
        )
        (mlp): RePaMoE(
          (deepspeed_moe): MOELayer(
            (gate): TopKGate(
              (wg): Linear(in_features=2048, out_features=4, bias=False)
            )
            (experts): Experts(
              (deepspeed_experts): ModuleList(
                (0-3): 4 x RePaMLP(
                  (gate_proj): Linear(in_features=2048, out_features=5632, bias=False)
                  (up_proj): Linear(in_features=2048, out_features=5632, bias=False)
                  (down_proj): Linear(in_features=5632, out_features=2048, bias=False)
                  (act_fn): SiLU()
                )
              )
            )
          )
        )
        (input_layernorm): LayerNorm((2048,), eps=1e-05, elementwise_affine=True)
        (post_attention_layernorm): LayerNorm((2048,), eps=1e-05, elementwise_affine=True)
      )
      (3): DecoderLayer(
        (self_attn): Attention(
          (q_proj): Linear(in_features=2048, out_features=2048, bias=True)
          (k_proj): Linear(in_features=2048, out_features=2048, bias=True)
          (v_proj): Linear(in_features=2048, out_features=2048, bias=True)
          (o_proj): Linear(in_features=2048, out_features=2048, bias=False)
          (rotary_emb): RotaryEmbedding()
        )
        (mlp): MLP(
          (gate_proj): Linear(in_features=2048, out_features=5632, bias=False)
          (up_proj): Linear(in_features=2048, out_features=5632, bias=False)
          (down_proj): Linear(in_features=5632, out_features=2048, bias=False)
          (act_fn): SiLU()
        )
        (input_layernorm): LayerNorm((2048,), eps=1e-05, elementwise_affine=True)
        (post_attention_layernorm): LayerNorm((2048,), eps=1e-05, elementwise_affine=True)
      )
      (4): DecoderLayer(
        (self_attn): Attention(
          (q_proj): Linear(in_features=2048, out_features=2048, bias=True)
          (k_proj): Linear(in_features=2048, out_features=2048, bias=True)
          (v_proj): Linear(in_features=2048, out_features=2048, bias=True)
          (o_proj): Linear(in_features=2048, out_features=2048, bias=False)
          (rotary_emb): RotaryEmbedding()
        )
        (mlp): RePaMoE(
          (deepspeed_moe): MOELayer(
            (gate): TopKGate(
              (wg): Linear(in_features=2048, out_features=4, bias=False)
            )
            (experts): Experts(
              (deepspeed_experts): ModuleList(
                (0-3): 4 x RePaMLP(
                  (gate_proj): Linear(in_features=2048, out_features=5632, bias=False)
                  (up_proj): Linear(in_features=2048, out_features=5632, bias=False)
                  (down_proj): Linear(in_features=5632, out_features=2048, bias=False)
                  (act_fn): SiLU()
                )
              )
            )
          )
        )
        (input_layernorm): LayerNorm((2048,), eps=1e-05, elementwise_affine=True)
        (post_attention_layernorm): LayerNorm((2048,), eps=1e-05, elementwise_affine=True)
      )
      (5): DecoderLayer(
        (self_attn): Attention(
          (q_proj): Linear(in_features=2048, out_features=2048, bias=True)
          (k_proj): Linear(in_features=2048, out_features=2048, bias=True)
          (v_proj): Linear(in_features=2048, out_features=2048, bias=True)
          (o_proj): Linear(in_features=2048, out_features=2048, bias=False)
          (rotary_emb): RotaryEmbedding()
        )
        (mlp): MLP(
          (gate_proj): Linear(in_features=2048, out_features=5632, bias=False)
          (up_proj): Linear(in_features=2048, out_features=5632, bias=False)
          (down_proj): Linear(in_features=5632, out_features=2048, bias=False)
          (act_fn): SiLU()
        )
        (input_layernorm): LayerNorm((2048,), eps=1e-05, elementwise_affine=True)
        (post_attention_layernorm): LayerNorm((2048,), eps=1e-05, elementwise_affine=True)
      )
      (6): DecoderLayer(
        (self_attn): Attention(
          (q_proj): Linear(in_features=2048, out_features=2048, bias=True)
          (k_proj): Linear(in_features=2048, out_features=2048, bias=True)
          (v_proj): Linear(in_features=2048, out_features=2048, bias=True)
          (o_proj): Linear(in_features=2048, out_features=2048, bias=False)
          (rotary_emb): RotaryEmbedding()
        )
        (mlp): RePaMoE(
          (deepspeed_moe): MOELayer(
            (gate): TopKGate(
              (wg): Linear(in_features=2048, out_features=4, bias=False)
            )
            (experts): Experts(
              (deepspeed_experts): ModuleList(
                (0-3): 4 x RePaMLP(
                  (gate_proj): Linear(in_features=2048, out_features=5632, bias=False)
                  (up_proj): Linear(in_features=2048, out_features=5632, bias=False)
                  (down_proj): Linear(in_features=5632, out_features=2048, bias=False)
                  (act_fn): SiLU()
                )
              )
            )
          )
        )
        (input_layernorm): LayerNorm((2048,), eps=1e-05, elementwise_affine=True)
        (post_attention_layernorm): LayerNorm((2048,), eps=1e-05, elementwise_affine=True)
      )
      (7): DecoderLayer(
        (self_attn): Attention(
          (q_proj): Linear(in_features=2048, out_features=2048, bias=True)
          (k_proj): Linear(in_features=2048, out_features=2048, bias=True)
          (v_proj): Linear(in_features=2048, out_features=2048, bias=True)
          (o_proj): Linear(in_features=2048, out_features=2048, bias=False)
          (rotary_emb): RotaryEmbedding()
        )
        (mlp): MLP(
          (gate_proj): Linear(in_features=2048, out_features=5632, bias=False)
          (up_proj): Linear(in_features=2048, out_features=5632, bias=False)
          (down_proj): Linear(in_features=5632, out_features=2048, bias=False)
          (act_fn): SiLU()
        )
        (input_layernorm): LayerNorm((2048,), eps=1e-05, elementwise_affine=True)
        (post_attention_layernorm): LayerNorm((2048,), eps=1e-05, elementwise_affine=True)
      )
      (8): DecoderLayer(
        (self_attn): Attention(
          (q_proj): Linear(in_features=2048, out_features=2048, bias=True)
          (k_proj): Linear(in_features=2048, out_features=2048, bias=True)
          (v_proj): Linear(in_features=2048, out_features=2048, bias=True)
          (o_proj): Linear(in_features=2048, out_features=2048, bias=False)
          (rotary_emb): RotaryEmbedding()
        )
        (mlp): RePaMoE(
          (deepspeed_moe): MOELayer(
            (gate): TopKGate(
              (wg): Linear(in_features=2048, out_features=4, bias=False)
            )
            (experts): Experts(
              (deepspeed_experts): ModuleList(
                (0-3): 4 x RePaMLP(
                  (gate_proj): Linear(in_features=2048, out_features=5632, bias=False)
                  (up_proj): Linear(in_features=2048, out_features=5632, bias=False)
                  (down_proj): Linear(in_features=5632, out_features=2048, bias=False)
                  (act_fn): SiLU()
                )
              )
            )
          )
        )
        (input_layernorm): LayerNorm((2048,), eps=1e-05, elementwise_affine=True)
        (post_attention_layernorm): LayerNorm((2048,), eps=1e-05, elementwise_affine=True)
      )
      (9): DecoderLayer(
        (self_attn): Attention(
          (q_proj): Linear(in_features=2048, out_features=2048, bias=True)
          (k_proj): Linear(in_features=2048, out_features=2048, bias=True)
          (v_proj): Linear(in_features=2048, out_features=2048, bias=True)
          (o_proj): Linear(in_features=2048, out_features=2048, bias=False)
          (rotary_emb): RotaryEmbedding()
        )
        (mlp): MLP(
          (gate_proj): Linear(in_features=2048, out_features=5632, bias=False)
          (up_proj): Linear(in_features=2048, out_features=5632, bias=False)
          (down_proj): Linear(in_features=5632, out_features=2048, bias=False)
          (act_fn): SiLU()
        )
        (input_layernorm): LayerNorm((2048,), eps=1e-05, elementwise_affine=True)
        (post_attention_layernorm): LayerNorm((2048,), eps=1e-05, elementwise_affine=True)
      )
      (10): DecoderLayer(
        (self_attn): Attention(
          (q_proj): Linear(in_features=2048, out_features=2048, bias=True)
          (k_proj): Linear(in_features=2048, out_features=2048, bias=True)
          (v_proj): Linear(in_features=2048, out_features=2048, bias=True)
          (o_proj): Linear(in_features=2048, out_features=2048, bias=False)
          (rotary_emb): RotaryEmbedding()
        )
        (mlp): RePaMoE(
          (deepspeed_moe): MOELayer(
            (gate): TopKGate(
              (wg): Linear(in_features=2048, out_features=4, bias=False)
            )
            (experts): Experts(
              (deepspeed_experts): ModuleList(
                (0-3): 4 x RePaMLP(
                  (gate_proj): Linear(in_features=2048, out_features=5632, bias=False)
                  (up_proj): Linear(in_features=2048, out_features=5632, bias=False)
                  (down_proj): Linear(in_features=5632, out_features=2048, bias=False)
                  (act_fn): SiLU()
                )
              )
            )
          )
        )
        (input_layernorm): LayerNorm((2048,), eps=1e-05, elementwise_affine=True)
        (post_attention_layernorm): LayerNorm((2048,), eps=1e-05, elementwise_affine=True)
      )
      (11): DecoderLayer(
        (self_attn): Attention(
          (q_proj): Linear(in_features=2048, out_features=2048, bias=True)
          (k_proj): Linear(in_features=2048, out_features=2048, bias=True)
          (v_proj): Linear(in_features=2048, out_features=2048, bias=True)
          (o_proj): Linear(in_features=2048, out_features=2048, bias=False)
          (rotary_emb): RotaryEmbedding()
        )
        (mlp): MLP(
          (gate_proj): Linear(in_features=2048, out_features=5632, bias=False)
          (up_proj): Linear(in_features=2048, out_features=5632, bias=False)
          (down_proj): Linear(in_features=5632, out_features=2048, bias=False)
          (act_fn): SiLU()
        )
        (input_layernorm): LayerNorm((2048,), eps=1e-05, elementwise_affine=True)
        (post_attention_layernorm): LayerNorm((2048,), eps=1e-05, elementwise_affine=True)
      )
      (12): DecoderLayer(
        (self_attn): Attention(
          (q_proj): Linear(in_features=2048, out_features=2048, bias=True)
          (k_proj): Linear(in_features=2048, out_features=2048, bias=True)
          (v_proj): Linear(in_features=2048, out_features=2048, bias=True)
          (o_proj): Linear(in_features=2048, out_features=2048, bias=False)
          (rotary_emb): RotaryEmbedding()
        )
        (mlp): RePaMoE(
          (deepspeed_moe): MOELayer(
            (gate): TopKGate(
              (wg): Linear(in_features=2048, out_features=4, bias=False)
            )
            (experts): Experts(
              (deepspeed_experts): ModuleList(
                (0-3): 4 x RePaMLP(
                  (gate_proj): Linear(in_features=2048, out_features=5632, bias=False)
                  (up_proj): Linear(in_features=2048, out_features=5632, bias=False)
                  (down_proj): Linear(in_features=5632, out_features=2048, bias=False)
                  (act_fn): SiLU()
                )
              )
            )
          )
        )
        (input_layernorm): LayerNorm((2048,), eps=1e-05, elementwise_affine=True)
        (post_attention_layernorm): LayerNorm((2048,), eps=1e-05, elementwise_affine=True)
      )
      (13): DecoderLayer(
        (self_attn): Attention(
          (q_proj): Linear(in_features=2048, out_features=2048, bias=True)
          (k_proj): Linear(in_features=2048, out_features=2048, bias=True)
          (v_proj): Linear(in_features=2048, out_features=2048, bias=True)
          (o_proj): Linear(in_features=2048, out_features=2048, bias=False)
          (rotary_emb): RotaryEmbedding()
        )
        (mlp): MLP(
          (gate_proj): Linear(in_features=2048, out_features=5632, bias=False)
          (up_proj): Linear(in_features=2048, out_features=5632, bias=False)
          (down_proj): Linear(in_features=5632, out_features=2048, bias=False)
          (act_fn): SiLU()
        )
        (input_layernorm): LayerNorm((2048,), eps=1e-05, elementwise_affine=True)
        (post_attention_layernorm): LayerNorm((2048,), eps=1e-05, elementwise_affine=True)
      )
      (14): DecoderLayer(
        (self_attn): Attention(
          (q_proj): Linear(in_features=2048, out_features=2048, bias=True)
          (k_proj): Linear(in_features=2048, out_features=2048, bias=True)
          (v_proj): Linear(in_features=2048, out_features=2048, bias=True)
          (o_proj): Linear(in_features=2048, out_features=2048, bias=False)
          (rotary_emb): RotaryEmbedding()
        )
        (mlp): RePaMoE(
          (deepspeed_moe): MOELayer(
            (gate): TopKGate(
              (wg): Linear(in_features=2048, out_features=4, bias=False)
            )
            (experts): Experts(
              (deepspeed_experts): ModuleList(
                (0-3): 4 x RePaMLP(
                  (gate_proj): Linear(in_features=2048, out_features=5632, bias=False)
                  (up_proj): Linear(in_features=2048, out_features=5632, bias=False)
                  (down_proj): Linear(in_features=5632, out_features=2048, bias=False)
                  (act_fn): SiLU()
                )
              )
            )
          )
        )
        (input_layernorm): LayerNorm((2048,), eps=1e-05, elementwise_affine=True)
        (post_attention_layernorm): LayerNorm((2048,), eps=1e-05, elementwise_affine=True)
      )
      (15): DecoderLayer(
        (self_attn): Attention(
          (q_proj): Linear(in_features=2048, out_features=2048, bias=True)
          (k_proj): Linear(in_features=2048, out_features=2048, bias=True)
          (v_proj): Linear(in_features=2048, out_features=2048, bias=True)
          (o_proj): Linear(in_features=2048, out_features=2048, bias=False)
          (rotary_emb): RotaryEmbedding()
        )
        (mlp): MLP(
          (gate_proj): Linear(in_features=2048, out_features=5632, bias=False)
          (up_proj): Linear(in_features=2048, out_features=5632, bias=False)
          (down_proj): Linear(in_features=5632, out_features=2048, bias=False)
          (act_fn): SiLU()
        )
        (input_layernorm): LayerNorm((2048,), eps=1e-05, elementwise_affine=True)
        (post_attention_layernorm): LayerNorm((2048,), eps=1e-05, elementwise_affine=True)
      )
      (16): DecoderLayer(
        (self_attn): Attention(
          (q_proj): Linear(in_features=2048, out_features=2048, bias=True)
          (k_proj): Linear(in_features=2048, out_features=2048, bias=True)
          (v_proj): Linear(in_features=2048, out_features=2048, bias=True)
          (o_proj): Linear(in_features=2048, out_features=2048, bias=False)
          (rotary_emb): RotaryEmbedding()
        )
        (mlp): RePaMoE(
          (deepspeed_moe): MOELayer(
            (gate): TopKGate(
              (wg): Linear(in_features=2048, out_features=4, bias=False)
            )
            (experts): Experts(
              (deepspeed_experts): ModuleList(
                (0-3): 4 x RePaMLP(
                  (gate_proj): Linear(in_features=2048, out_features=5632, bias=False)
                  (up_proj): Linear(in_features=2048, out_features=5632, bias=False)
                  (down_proj): Linear(in_features=5632, out_features=2048, bias=False)
                  (act_fn): SiLU()
                )
              )
            )
          )
        )
        (input_layernorm): LayerNorm((2048,), eps=1e-05, elementwise_affine=True)
        (post_attention_layernorm): LayerNorm((2048,), eps=1e-05, elementwise_affine=True)
      )
      (17): DecoderLayer(
        (self_attn): Attention(
          (q_proj): Linear(in_features=2048, out_features=2048, bias=True)
          (k_proj): Linear(in_features=2048, out_features=2048, bias=True)
          (v_proj): Linear(in_features=2048, out_features=2048, bias=True)
          (o_proj): Linear(in_features=2048, out_features=2048, bias=False)
          (rotary_emb): RotaryEmbedding()
        )
        (mlp): MLP(
          (gate_proj): Linear(in_features=2048, out_features=5632, bias=False)
          (up_proj): Linear(in_features=2048, out_features=5632, bias=False)
          (down_proj): Linear(in_features=5632, out_features=2048, bias=False)
          (act_fn): SiLU()
        )
        (input_layernorm): LayerNorm((2048,), eps=1e-05, elementwise_affine=True)
        (post_attention_layernorm): LayerNorm((2048,), eps=1e-05, elementwise_affine=True)
      )
      (18): DecoderLayer(
        (self_attn): Attention(
          (q_proj): Linear(in_features=2048, out_features=2048, bias=True)
          (k_proj): Linear(in_features=2048, out_features=2048, bias=True)
          (v_proj): Linear(in_features=2048, out_features=2048, bias=True)
          (o_proj): Linear(in_features=2048, out_features=2048, bias=False)
          (rotary_emb): RotaryEmbedding()
        )
        (mlp): RePaMoE(
          (deepspeed_moe): MOELayer(
            (gate): TopKGate(
              (wg): Linear(in_features=2048, out_features=4, bias=False)
            )
            (experts): Experts(
              (deepspeed_experts): ModuleList(
                (0-3): 4 x RePaMLP(
                  (gate_proj): Linear(in_features=2048, out_features=5632, bias=False)
                  (up_proj): Linear(in_features=2048, out_features=5632, bias=False)
                  (down_proj): Linear(in_features=5632, out_features=2048, bias=False)
                  (act_fn): SiLU()
                )
              )
            )
          )
        )
        (input_layernorm): LayerNorm((2048,), eps=1e-05, elementwise_affine=True)
        (post_attention_layernorm): LayerNorm((2048,), eps=1e-05, elementwise_affine=True)
      )
      (19): DecoderLayer(
        (self_attn): Attention(
          (q_proj): Linear(in_features=2048, out_features=2048, bias=True)
          (k_proj): Linear(in_features=2048, out_features=2048, bias=True)
          (v_proj): Linear(in_features=2048, out_features=2048, bias=True)
          (o_proj): Linear(in_features=2048, out_features=2048, bias=False)
          (rotary_emb): RotaryEmbedding()
        )
        (mlp): MLP(
          (gate_proj): Linear(in_features=2048, out_features=5632, bias=False)
          (up_proj): Linear(in_features=2048, out_features=5632, bias=False)
          (down_proj): Linear(in_features=5632, out_features=2048, bias=False)
          (act_fn): SiLU()
        )
        (input_layernorm): LayerNorm((2048,), eps=1e-05, elementwise_affine=True)
        (post_attention_layernorm): LayerNorm((2048,), eps=1e-05, elementwise_affine=True)
      )
      (20): DecoderLayer(
        (self_attn): Attention(
          (q_proj): Linear(in_features=2048, out_features=2048, bias=True)
          (k_proj): Linear(in_features=2048, out_features=2048, bias=True)
          (v_proj): Linear(in_features=2048, out_features=2048, bias=True)
          (o_proj): Linear(in_features=2048, out_features=2048, bias=False)
          (rotary_emb): RotaryEmbedding()
        )
        (mlp): RePaMoE(
          (deepspeed_moe): MOELayer(
            (gate): TopKGate(
              (wg): Linear(in_features=2048, out_features=4, bias=False)
            )
            (experts): Experts(
              (deepspeed_experts): ModuleList(
                (0-3): 4 x RePaMLP(
                  (gate_proj): Linear(in_features=2048, out_features=5632, bias=False)
                  (up_proj): Linear(in_features=2048, out_features=5632, bias=False)
                  (down_proj): Linear(in_features=5632, out_features=2048, bias=False)
                  (act_fn): SiLU()
                )
              )
            )
          )
        )
        (input_layernorm): LayerNorm((2048,), eps=1e-05, elementwise_affine=True)
        (post_attention_layernorm): LayerNorm((2048,), eps=1e-05, elementwise_affine=True)
      )
      (21): DecoderLayer(
        (self_attn): Attention(
          (q_proj): Linear(in_features=2048, out_features=2048, bias=True)
          (k_proj): Linear(in_features=2048, out_features=2048, bias=True)
          (v_proj): Linear(in_features=2048, out_features=2048, bias=True)
          (o_proj): Linear(in_features=2048, out_features=2048, bias=False)
          (rotary_emb): RotaryEmbedding()
        )
        (mlp): MLP(
          (gate_proj): Linear(in_features=2048, out_features=5632, bias=False)
          (up_proj): Linear(in_features=2048, out_features=5632, bias=False)
          (down_proj): Linear(in_features=5632, out_features=2048, bias=False)
          (act_fn): SiLU()
        )
        (input_layernorm): LayerNorm((2048,), eps=1e-05, elementwise_affine=True)
        (post_attention_layernorm): LayerNorm((2048,), eps=1e-05, elementwise_affine=True)
      )
      (22): DecoderLayer(
        (self_attn): Attention(
          (q_proj): Linear(in_features=2048, out_features=2048, bias=True)
          (k_proj): Linear(in_features=2048, out_features=2048, bias=True)
          (v_proj): Linear(in_features=2048, out_features=2048, bias=True)
          (o_proj): Linear(in_features=2048, out_features=2048, bias=False)
          (rotary_emb): RotaryEmbedding()
        )
        (mlp): RePaMoE(
          (deepspeed_moe): MOELayer(
            (gate): TopKGate(
              (wg): Linear(in_features=2048, out_features=4, bias=False)
            )
            (experts): Experts(
              (deepspeed_experts): ModuleList(
                (0-3): 4 x RePaMLP(
                  (gate_proj): Linear(in_features=2048, out_features=5632, bias=False)
                  (up_proj): Linear(in_features=2048, out_features=5632, bias=False)
                  (down_proj): Linear(in_features=5632, out_features=2048, bias=False)
                  (act_fn): SiLU()
                )
              )
            )
          )
        )
        (input_layernorm): LayerNorm((2048,), eps=1e-05, elementwise_affine=True)
        (post_attention_layernorm): LayerNorm((2048,), eps=1e-05, elementwise_affine=True)
      )
      (23): DecoderLayer(
        (self_attn): Attention(
          (q_proj): Linear(in_features=2048, out_features=2048, bias=True)
          (k_proj): Linear(in_features=2048, out_features=2048, bias=True)
          (v_proj): Linear(in_features=2048, out_features=2048, bias=True)
          (o_proj): Linear(in_features=2048, out_features=2048, bias=False)
          (rotary_emb): RotaryEmbedding()
        )
        (mlp): MLP(
          (gate_proj): Linear(in_features=2048, out_features=5632, bias=False)
          (up_proj): Linear(in_features=2048, out_features=5632, bias=False)
          (down_proj): Linear(in_features=5632, out_features=2048, bias=False)
          (act_fn): SiLU()
        )
        (input_layernorm): LayerNorm((2048,), eps=1e-05, elementwise_affine=True)
        (post_attention_layernorm): LayerNorm((2048,), eps=1e-05, elementwise_affine=True)
      )
    )
    (norm): LayerNorm((2048,), eps=1e-05, elementwise_affine=True)
    (image_tower): CLIPVisionTower(
      (image_tower): CLIPVisionModel(
        (vision_model): CLIPVisionTransformer(
          (embeddings): CLIPVisionEmbeddings(
            (patch_embedding): Conv2d(3, 1024, kernel_size=(14, 14), stride=(14, 14), bias=False)
            (position_embedding): Embedding(577, 1024)
          )
          (pre_layrnorm): LayerNorm((1024,), eps=1e-05, elementwise_affine=True)
          (encoder): CLIPEncoder(
            (layers): ModuleList(
              (0-23): 24 x CLIPEncoderLayer(
                (self_attn): CLIPAttention(
                  (k_proj): Linear(in_features=1024, out_features=1024, bias=True)
                  (v_proj): Linear(in_features=1024, out_features=1024, bias=True)
                  (q_proj): Linear(in_features=1024, out_features=1024, bias=True)
                  (out_proj): Linear(in_features=1024, out_features=1024, bias=True)
                )
                (layer_norm1): LayerNorm((1024,), eps=1e-05, elementwise_affine=True)
                (mlp): CLIPMLP(
                  (activation_fn): QuickGELUActivation()
                  (fc1): Linear(in_features=1024, out_features=4096, bias=True)
                  (fc2): Linear(in_features=4096, out_features=1024, bias=True)
                )
                (layer_norm2): LayerNorm((1024,), eps=1e-05, elementwise_affine=True)
              )
            )
          )
          (post_layernorm): LayerNorm((1024,), eps=1e-05, elementwise_affine=True)
        )
      )
    )
    (mm_projector): build_projector(
      (image_spatial_proj): Sequential(
        (0): Linear(in_features=1024, out_features=2048, bias=True)
        (1): GELU(approximate='none')
        (2): Linear(in_features=2048, out_features=2048, bias=True)
      )
      (video_patch_proj): Identity()
      (video_spatial_proj): Identity()
      (video_temproal_proj): Identity()
      (video_global_proj): Identity()
    )
  )
  (lm_head): Linear(in_features=2048, out_features=100352, bias=False)
)
RePaMoELLaVAStablelmForCausalLM(
  (model): MoELLaVAStablelmModel(
    (embed_tokens): Embedding(100352, 2048, padding_idx=100280)
    (layers): ModuleList(
      (0): DecoderLayer(
        (self_attn): Attention(
          (q_proj): Linear(in_features=2048, out_features=2048, bias=True)
          (k_proj): Linear(in_features=2048, out_features=2048, bias=True)
          (v_proj): Linear(in_features=2048, out_features=2048, bias=True)
          (o_proj): Linear(in_features=2048, out_features=2048, bias=False)
          (rotary_emb): RotaryEmbedding()
        )
        (mlp): RePaMoE(
          (deepspeed_moe): MOELayer(
            (gate): TopKGate(
              (wg): Linear(in_features=2048, out_features=4, bias=False)
            )
            (experts): Experts(
              (deepspeed_experts): ModuleList(
                (0-3): 4 x RePaMLP(
                  (gate_proj): Linear(in_features=2048, out_features=5632, bias=False)
                  (up_proj): Linear(in_features=2048, out_features=5632, bias=False)
                  (down_proj): Linear(in_features=5632, out_features=2048, bias=False)
                  (act_fn): SiLU()
                )
              )
            )
          )
        )
        (input_layernorm): LayerNorm((2048,), eps=1e-05, elementwise_affine=True)
        (post_attention_layernorm): LayerNorm((2048,), eps=1e-05, elementwise_affine=True)
      )
      (1): DecoderLayer(
        (self_attn): Attention(
          (q_proj): Linear(in_features=2048, out_features=2048, bias=True)
          (k_proj): Linear(in_features=2048, out_features=2048, bias=True)
          (v_proj): Linear(in_features=2048, out_features=2048, bias=True)
          (o_proj): Linear(in_features=2048, out_features=2048, bias=False)
          (rotary_emb): RotaryEmbedding()
        )
        (mlp): MLP(
          (gate_proj): Linear(in_features=2048, out_features=5632, bias=False)
          (up_proj): Linear(in_features=2048, out_features=5632, bias=False)
          (down_proj): Linear(in_features=5632, out_features=2048, bias=False)
          (act_fn): SiLU()
        )
        (input_layernorm): LayerNorm((2048,), eps=1e-05, elementwise_affine=True)
        (post_attention_layernorm): LayerNorm((2048,), eps=1e-05, elementwise_affine=True)
      )
      (2): DecoderLayer(
        (self_attn): Attention(
          (q_proj): Linear(in_features=2048, out_features=2048, bias=True)
          (k_proj): Linear(in_features=2048, out_features=2048, bias=True)
          (v_proj): Linear(in_features=2048, out_features=2048, bias=True)
          (o_proj): Linear(in_features=2048, out_features=2048, bias=False)
          (rotary_emb): RotaryEmbedding()
        )
        (mlp): RePaMoE(
          (deepspeed_moe): MOELayer(
            (gate): TopKGate(
              (wg): Linear(in_features=2048, out_features=4, bias=False)
            )
            (experts): Experts(
              (deepspeed_experts): ModuleList(
                (0-3): 4 x RePaMLP(
                  (gate_proj): Linear(in_features=2048, out_features=5632, bias=False)
                  (up_proj): Linear(in_features=2048, out_features=5632, bias=False)
                  (down_proj): Linear(in_features=5632, out_features=2048, bias=False)
                  (act_fn): SiLU()
                )
              )
            )
          )
        )
        (input_layernorm): LayerNorm((2048,), eps=1e-05, elementwise_affine=True)
        (post_attention_layernorm): LayerNorm((2048,), eps=1e-05, elementwise_affine=True)
      )
      (3): DecoderLayer(
        (self_attn): Attention(
          (q_proj): Linear(in_features=2048, out_features=2048, bias=True)
          (k_proj): Linear(in_features=2048, out_features=2048, bias=True)
          (v_proj): Linear(in_features=2048, out_features=2048, bias=True)
          (o_proj): Linear(in_features=2048, out_features=2048, bias=False)
          (rotary_emb): RotaryEmbedding()
        )
        (mlp): MLP(
          (gate_proj): Linear(in_features=2048, out_features=5632, bias=False)
          (up_proj): Linear(in_features=2048, out_features=5632, bias=False)
          (down_proj): Linear(in_features=5632, out_features=2048, bias=False)
          (act_fn): SiLU()
        )
        (input_layernorm): LayerNorm((2048,), eps=1e-05, elementwise_affine=True)
        (post_attention_layernorm): LayerNorm((2048,), eps=1e-05, elementwise_affine=True)
      )
      (4): DecoderLayer(
        (self_attn): Attention(
          (q_proj): Linear(in_features=2048, out_features=2048, bias=True)
          (k_proj): Linear(in_features=2048, out_features=2048, bias=True)
          (v_proj): Linear(in_features=2048, out_features=2048, bias=True)
          (o_proj): Linear(in_features=2048, out_features=2048, bias=False)
          (rotary_emb): RotaryEmbedding()
        )
        (mlp): RePaMoE(
          (deepspeed_moe): MOELayer(
            (gate): TopKGate(
              (wg): Linear(in_features=2048, out_features=4, bias=False)
            )
            (experts): Experts(
              (deepspeed_experts): ModuleList(
                (0-3): 4 x RePaMLP(
                  (gate_proj): Linear(in_features=2048, out_features=5632, bias=False)
                  (up_proj): Linear(in_features=2048, out_features=5632, bias=False)
                  (down_proj): Linear(in_features=5632, out_features=2048, bias=False)
                  (act_fn): SiLU()
                )
              )
            )
          )
        )
        (input_layernorm): LayerNorm((2048,), eps=1e-05, elementwise_affine=True)
        (post_attention_layernorm): LayerNorm((2048,), eps=1e-05, elementwise_affine=True)
      )
      (5): DecoderLayer(
        (self_attn): Attention(
          (q_proj): Linear(in_features=2048, out_features=2048, bias=True)
          (k_proj): Linear(in_features=2048, out_features=2048, bias=True)
          (v_proj): Linear(in_features=2048, out_features=2048, bias=True)
          (o_proj): Linear(in_features=2048, out_features=2048, bias=False)
          (rotary_emb): RotaryEmbedding()
        )
        (mlp): MLP(
          (gate_proj): Linear(in_features=2048, out_features=5632, bias=False)
          (up_proj): Linear(in_features=2048, out_features=5632, bias=False)
          (down_proj): Linear(in_features=5632, out_features=2048, bias=False)
          (act_fn): SiLU()
        )
        (input_layernorm): LayerNorm((2048,), eps=1e-05, elementwise_affine=True)
        (post_attention_layernorm): LayerNorm((2048,), eps=1e-05, elementwise_affine=True)
      )
      (6): DecoderLayer(
        (self_attn): Attention(
          (q_proj): Linear(in_features=2048, out_features=2048, bias=True)
          (k_proj): Linear(in_features=2048, out_features=2048, bias=True)
          (v_proj): Linear(in_features=2048, out_features=2048, bias=True)
          (o_proj): Linear(in_features=2048, out_features=2048, bias=False)
          (rotary_emb): RotaryEmbedding()
        )
        (mlp): RePaMoE(
          (deepspeed_moe): MOELayer(
            (gate): TopKGate(
              (wg): Linear(in_features=2048, out_features=4, bias=False)
            )
            (experts): Experts(
              (deepspeed_experts): ModuleList(
                (0-3): 4 x RePaMLP(
                  (gate_proj): Linear(in_features=2048, out_features=5632, bias=False)
                  (up_proj): Linear(in_features=2048, out_features=5632, bias=False)
                  (down_proj): Linear(in_features=5632, out_features=2048, bias=False)
                  (act_fn): SiLU()
                )
              )
            )
          )
        )
        (input_layernorm): LayerNorm((2048,), eps=1e-05, elementwise_affine=True)
        (post_attention_layernorm): LayerNorm((2048,), eps=1e-05, elementwise_affine=True)
      )
      (7): DecoderLayer(
        (self_attn): Attention(
          (q_proj): Linear(in_features=2048, out_features=2048, bias=True)
          (k_proj): Linear(in_features=2048, out_features=2048, bias=True)
          (v_proj): Linear(in_features=2048, out_features=2048, bias=True)
          (o_proj): Linear(in_features=2048, out_features=2048, bias=False)
          (rotary_emb): RotaryEmbedding()
        )
        (mlp): MLP(
          (gate_proj): Linear(in_features=2048, out_features=5632, bias=False)
          (up_proj): Linear(in_features=2048, out_features=5632, bias=False)
          (down_proj): Linear(in_features=5632, out_features=2048, bias=False)
          (act_fn): SiLU()
        )
        (input_layernorm): LayerNorm((2048,), eps=1e-05, elementwise_affine=True)
        (post_attention_layernorm): LayerNorm((2048,), eps=1e-05, elementwise_affine=True)
      )
      (8): DecoderLayer(
        (self_attn): Attention(
          (q_proj): Linear(in_features=2048, out_features=2048, bias=True)
          (k_proj): Linear(in_features=2048, out_features=2048, bias=True)
          (v_proj): Linear(in_features=2048, out_features=2048, bias=True)
          (o_proj): Linear(in_features=2048, out_features=2048, bias=False)
          (rotary_emb): RotaryEmbedding()
        )
        (mlp): RePaMoE(
          (deepspeed_moe): MOELayer(
            (gate): TopKGate(
              (wg): Linear(in_features=2048, out_features=4, bias=False)
            )
            (experts): Experts(
              (deepspeed_experts): ModuleList(
                (0-3): 4 x RePaMLP(
                  (gate_proj): Linear(in_features=2048, out_features=5632, bias=False)
                  (up_proj): Linear(in_features=2048, out_features=5632, bias=False)
                  (down_proj): Linear(in_features=5632, out_features=2048, bias=False)
                  (act_fn): SiLU()
                )
              )
            )
          )
        )
        (input_layernorm): LayerNorm((2048,), eps=1e-05, elementwise_affine=True)
        (post_attention_layernorm): LayerNorm((2048,), eps=1e-05, elementwise_affine=True)
      )
      (9): DecoderLayer(
        (self_attn): Attention(
          (q_proj): Linear(in_features=2048, out_features=2048, bias=True)
          (k_proj): Linear(in_features=2048, out_features=2048, bias=True)
          (v_proj): Linear(in_features=2048, out_features=2048, bias=True)
          (o_proj): Linear(in_features=2048, out_features=2048, bias=False)
          (rotary_emb): RotaryEmbedding()
        )
        (mlp): MLP(
          (gate_proj): Linear(in_features=2048, out_features=5632, bias=False)
          (up_proj): Linear(in_features=2048, out_features=5632, bias=False)
          (down_proj): Linear(in_features=5632, out_features=2048, bias=False)
          (act_fn): SiLU()
        )
        (input_layernorm): LayerNorm((2048,), eps=1e-05, elementwise_affine=True)
        (post_attention_layernorm): LayerNorm((2048,), eps=1e-05, elementwise_affine=True)
      )
      (10): DecoderLayer(
        (self_attn): Attention(
          (q_proj): Linear(in_features=2048, out_features=2048, bias=True)
          (k_proj): Linear(in_features=2048, out_features=2048, bias=True)
          (v_proj): Linear(in_features=2048, out_features=2048, bias=True)
          (o_proj): Linear(in_features=2048, out_features=2048, bias=False)
          (rotary_emb): RotaryEmbedding()
        )
        (mlp): RePaMoE(
          (deepspeed_moe): MOELayer(
            (gate): TopKGate(
              (wg): Linear(in_features=2048, out_features=4, bias=False)
            )
            (experts): Experts(
              (deepspeed_experts): ModuleList(
                (0-3): 4 x RePaMLP(
                  (gate_proj): Linear(in_features=2048, out_features=5632, bias=False)
                  (up_proj): Linear(in_features=2048, out_features=5632, bias=False)
                  (down_proj): Linear(in_features=5632, out_features=2048, bias=False)
                  (act_fn): SiLU()
                )
              )
            )
          )
        )
        (input_layernorm): LayerNorm((2048,), eps=1e-05, elementwise_affine=True)
        (post_attention_layernorm): LayerNorm((2048,), eps=1e-05, elementwise_affine=True)
      )
      (11): DecoderLayer(
        (self_attn): Attention(
          (q_proj): Linear(in_features=2048, out_features=2048, bias=True)
          (k_proj): Linear(in_features=2048, out_features=2048, bias=True)
          (v_proj): Linear(in_features=2048, out_features=2048, bias=True)
          (o_proj): Linear(in_features=2048, out_features=2048, bias=False)
          (rotary_emb): RotaryEmbedding()
        )
        (mlp): MLP(
          (gate_proj): Linear(in_features=2048, out_features=5632, bias=False)
          (up_proj): Linear(in_features=2048, out_features=5632, bias=False)
          (down_proj): Linear(in_features=5632, out_features=2048, bias=False)
          (act_fn): SiLU()
        )
        (input_layernorm): LayerNorm((2048,), eps=1e-05, elementwise_affine=True)
        (post_attention_layernorm): LayerNorm((2048,), eps=1e-05, elementwise_affine=True)
      )
      (12): DecoderLayer(
        (self_attn): Attention(
          (q_proj): Linear(in_features=2048, out_features=2048, bias=True)
          (k_proj): Linear(in_features=2048, out_features=2048, bias=True)
          (v_proj): Linear(in_features=2048, out_features=2048, bias=True)
          (o_proj): Linear(in_features=2048, out_features=2048, bias=False)
          (rotary_emb): RotaryEmbedding()
        )
        (mlp): RePaMoE(
          (deepspeed_moe): MOELayer(
            (gate): TopKGate(
              (wg): Linear(in_features=2048, out_features=4, bias=False)
            )
            (experts): Experts(
              (deepspeed_experts): ModuleList(
                (0-3): 4 x RePaMLP(
                  (gate_proj): Linear(in_features=2048, out_features=5632, bias=False)
                  (up_proj): Linear(in_features=2048, out_features=5632, bias=False)
                  (down_proj): Linear(in_features=5632, out_features=2048, bias=False)
                  (act_fn): SiLU()
                )
              )
            )
          )
        )
        (input_layernorm): LayerNorm((2048,), eps=1e-05, elementwise_affine=True)
        (post_attention_layernorm): LayerNorm((2048,), eps=1e-05, elementwise_affine=True)
      )
      (13): DecoderLayer(
        (self_attn): Attention(
          (q_proj): Linear(in_features=2048, out_features=2048, bias=True)
          (k_proj): Linear(in_features=2048, out_features=2048, bias=True)
          (v_proj): Linear(in_features=2048, out_features=2048, bias=True)
          (o_proj): Linear(in_features=2048, out_features=2048, bias=False)
          (rotary_emb): RotaryEmbedding()
        )
        (mlp): MLP(
          (gate_proj): Linear(in_features=2048, out_features=5632, bias=False)
          (up_proj): Linear(in_features=2048, out_features=5632, bias=False)
          (down_proj): Linear(in_features=5632, out_features=2048, bias=False)
          (act_fn): SiLU()
        )
        (input_layernorm): LayerNorm((2048,), eps=1e-05, elementwise_affine=True)
        (post_attention_layernorm): LayerNorm((2048,), eps=1e-05, elementwise_affine=True)
      )
      (14): DecoderLayer(
        (self_attn): Attention(
          (q_proj): Linear(in_features=2048, out_features=2048, bias=True)
          (k_proj): Linear(in_features=2048, out_features=2048, bias=True)
          (v_proj): Linear(in_features=2048, out_features=2048, bias=True)
          (o_proj): Linear(in_features=2048, out_features=2048, bias=False)
          (rotary_emb): RotaryEmbedding()
        )
        (mlp): RePaMoE(
          (deepspeed_moe): MOELayer(
            (gate): TopKGate(
              (wg): Linear(in_features=2048, out_features=4, bias=False)
            )
            (experts): Experts(
              (deepspeed_experts): ModuleList(
                (0-3): 4 x RePaMLP(
                  (gate_proj): Linear(in_features=2048, out_features=5632, bias=False)
                  (up_proj): Linear(in_features=2048, out_features=5632, bias=False)
                  (down_proj): Linear(in_features=5632, out_features=2048, bias=False)
                  (act_fn): SiLU()
                )
              )
            )
          )
        )
        (input_layernorm): LayerNorm((2048,), eps=1e-05, elementwise_affine=True)
        (post_attention_layernorm): LayerNorm((2048,), eps=1e-05, elementwise_affine=True)
      )
      (15): DecoderLayer(
        (self_attn): Attention(
          (q_proj): Linear(in_features=2048, out_features=2048, bias=True)
          (k_proj): Linear(in_features=2048, out_features=2048, bias=True)
          (v_proj): Linear(in_features=2048, out_features=2048, bias=True)
          (o_proj): Linear(in_features=2048, out_features=2048, bias=False)
          (rotary_emb): RotaryEmbedding()
        )
        (mlp): MLP(
          (gate_proj): Linear(in_features=2048, out_features=5632, bias=False)
          (up_proj): Linear(in_features=2048, out_features=5632, bias=False)
          (down_proj): Linear(in_features=5632, out_features=2048, bias=False)
          (act_fn): SiLU()
        )
        (input_layernorm): LayerNorm((2048,), eps=1e-05, elementwise_affine=True)
        (post_attention_layernorm): LayerNorm((2048,), eps=1e-05, elementwise_affine=True)
      )
      (16): DecoderLayer(
        (self_attn): Attention(
          (q_proj): Linear(in_features=2048, out_features=2048, bias=True)
          (k_proj): Linear(in_features=2048, out_features=2048, bias=True)
          (v_proj): Linear(in_features=2048, out_features=2048, bias=True)
          (o_proj): Linear(in_features=2048, out_features=2048, bias=False)
          (rotary_emb): RotaryEmbedding()
        )
        (mlp): RePaMoE(
          (deepspeed_moe): MOELayer(
            (gate): TopKGate(
              (wg): Linear(in_features=2048, out_features=4, bias=False)
            )
            (experts): Experts(
              (deepspeed_experts): ModuleList(
                (0-3): 4 x RePaMLP(
                  (gate_proj): Linear(in_features=2048, out_features=5632, bias=False)
                  (up_proj): Linear(in_features=2048, out_features=5632, bias=False)
                  (down_proj): Linear(in_features=5632, out_features=2048, bias=False)
                  (act_fn): SiLU()
                )
              )
            )
          )
        )
        (input_layernorm): LayerNorm((2048,), eps=1e-05, elementwise_affine=True)
        (post_attention_layernorm): LayerNorm((2048,), eps=1e-05, elementwise_affine=True)
      )
      (17): DecoderLayer(
        (self_attn): Attention(
          (q_proj): Linear(in_features=2048, out_features=2048, bias=True)
          (k_proj): Linear(in_features=2048, out_features=2048, bias=True)
          (v_proj): Linear(in_features=2048, out_features=2048, bias=True)
          (o_proj): Linear(in_features=2048, out_features=2048, bias=False)
          (rotary_emb): RotaryEmbedding()
        )
        (mlp): MLP(
          (gate_proj): Linear(in_features=2048, out_features=5632, bias=False)
          (up_proj): Linear(in_features=2048, out_features=5632, bias=False)
          (down_proj): Linear(in_features=5632, out_features=2048, bias=False)
          (act_fn): SiLU()
        )
        (input_layernorm): LayerNorm((2048,), eps=1e-05, elementwise_affine=True)
        (post_attention_layernorm): LayerNorm((2048,), eps=1e-05, elementwise_affine=True)
      )
      (18): DecoderLayer(
        (self_attn): Attention(
          (q_proj): Linear(in_features=2048, out_features=2048, bias=True)
          (k_proj): Linear(in_features=2048, out_features=2048, bias=True)
          (v_proj): Linear(in_features=2048, out_features=2048, bias=True)
          (o_proj): Linear(in_features=2048, out_features=2048, bias=False)
          (rotary_emb): RotaryEmbedding()
        )
        (mlp): RePaMoE(
          (deepspeed_moe): MOELayer(
            (gate): TopKGate(
              (wg): Linear(in_features=2048, out_features=4, bias=False)
            )
            (experts): Experts(
              (deepspeed_experts): ModuleList(
                (0-3): 4 x RePaMLP(
                  (gate_proj): Linear(in_features=2048, out_features=5632, bias=False)
                  (up_proj): Linear(in_features=2048, out_features=5632, bias=False)
                  (down_proj): Linear(in_features=5632, out_features=2048, bias=False)
                  (act_fn): SiLU()
                )
              )
            )
          )
        )
        (input_layernorm): LayerNorm((2048,), eps=1e-05, elementwise_affine=True)
        (post_attention_layernorm): LayerNorm((2048,), eps=1e-05, elementwise_affine=True)
      )
      (19): DecoderLayer(
        (self_attn): Attention(
          (q_proj): Linear(in_features=2048, out_features=2048, bias=True)
          (k_proj): Linear(in_features=2048, out_features=2048, bias=True)
          (v_proj): Linear(in_features=2048, out_features=2048, bias=True)
          (o_proj): Linear(in_features=2048, out_features=2048, bias=False)
          (rotary_emb): RotaryEmbedding()
        )
        (mlp): MLP(
          (gate_proj): Linear(in_features=2048, out_features=5632, bias=False)
          (up_proj): Linear(in_features=2048, out_features=5632, bias=False)
          (down_proj): Linear(in_features=5632, out_features=2048, bias=False)
          (act_fn): SiLU()
        )
        (input_layernorm): LayerNorm((2048,), eps=1e-05, elementwise_affine=True)
        (post_attention_layernorm): LayerNorm((2048,), eps=1e-05, elementwise_affine=True)
      )
      (20): DecoderLayer(
        (self_attn): Attention(
          (q_proj): Linear(in_features=2048, out_features=2048, bias=True)
          (k_proj): Linear(in_features=2048, out_features=2048, bias=True)
          (v_proj): Linear(in_features=2048, out_features=2048, bias=True)
          (o_proj): Linear(in_features=2048, out_features=2048, bias=False)
          (rotary_emb): RotaryEmbedding()
        )
        (mlp): RePaMoE(
          (deepspeed_moe): MOELayer(
            (gate): TopKGate(
              (wg): Linear(in_features=2048, out_features=4, bias=False)
            )
            (experts): Experts(
              (deepspeed_experts): ModuleList(
                (0-3): 4 x RePaMLP(
                  (gate_proj): Linear(in_features=2048, out_features=5632, bias=False)
                  (up_proj): Linear(in_features=2048, out_features=5632, bias=False)
                  (down_proj): Linear(in_features=5632, out_features=2048, bias=False)
                  (act_fn): SiLU()
                )
              )
            )
          )
        )
        (input_layernorm): LayerNorm((2048,), eps=1e-05, elementwise_affine=True)
        (post_attention_layernorm): LayerNorm((2048,), eps=1e-05, elementwise_affine=True)
      )
      (21): DecoderLayer(
        (self_attn): Attention(
          (q_proj): Linear(in_features=2048, out_features=2048, bias=True)
          (k_proj): Linear(in_features=2048, out_features=2048, bias=True)
          (v_proj): Linear(in_features=2048, out_features=2048, bias=True)
          (o_proj): Linear(in_features=2048, out_features=2048, bias=False)
          (rotary_emb): RotaryEmbedding()
        )
        (mlp): MLP(
          (gate_proj): Linear(in_features=2048, out_features=5632, bias=False)
          (up_proj): Linear(in_features=2048, out_features=5632, bias=False)
          (down_proj): Linear(in_features=5632, out_features=2048, bias=False)
          (act_fn): SiLU()
        )
        (input_layernorm): LayerNorm((2048,), eps=1e-05, elementwise_affine=True)
        (post_attention_layernorm): LayerNorm((2048,), eps=1e-05, elementwise_affine=True)
      )
      (22): DecoderLayer(
        (self_attn): Attention(
          (q_proj): Linear(in_features=2048, out_features=2048, bias=True)
          (k_proj): Linear(in_features=2048, out_features=2048, bias=True)
          (v_proj): Linear(in_features=2048, out_features=2048, bias=True)
          (o_proj): Linear(in_features=2048, out_features=2048, bias=False)
          (rotary_emb): RotaryEmbedding()
        )
        (mlp): RePaMoE(
          (deepspeed_moe): MOELayer(
            (gate): TopKGate(
              (wg): Linear(in_features=2048, out_features=4, bias=False)
            )
            (experts): Experts(
              (deepspeed_experts): ModuleList(
                (0-3): 4 x RePaMLP(
                  (gate_proj): Linear(in_features=2048, out_features=5632, bias=False)
                  (up_proj): Linear(in_features=2048, out_features=5632, bias=False)
                  (down_proj): Linear(in_features=5632, out_features=2048, bias=False)
                  (act_fn): SiLU()
                )
              )
            )
          )
        )
        (input_layernorm): LayerNorm((2048,), eps=1e-05, elementwise_affine=True)
        (post_attention_layernorm): LayerNorm((2048,), eps=1e-05, elementwise_affine=True)
      )
      (23): DecoderLayer(
        (self_attn): Attention(
          (q_proj): Linear(in_features=2048, out_features=2048, bias=True)
          (k_proj): Linear(in_features=2048, out_features=2048, bias=True)
          (v_proj): Linear(in_features=2048, out_features=2048, bias=True)
          (o_proj): Linear(in_features=2048, out_features=2048, bias=False)
          (rotary_emb): RotaryEmbedding()
        )
        (mlp): MLP(
          (gate_proj): Linear(in_features=2048, out_features=5632, bias=False)
          (up_proj): Linear(in_features=2048, out_features=5632, bias=False)
          (down_proj): Linear(in_features=5632, out_features=2048, bias=False)
          (act_fn): SiLU()
        )
        (input_layernorm): LayerNorm((2048,), eps=1e-05, elementwise_affine=True)
        (post_attention_layernorm): LayerNorm((2048,), eps=1e-05, elementwise_affine=True)
      )
    )
    (norm): LayerNorm((2048,), eps=1e-05, elementwise_affine=True)
    (image_tower): CLIPVisionTower(
      (image_tower): CLIPVisionModel(
        (vision_model): CLIPVisionTransformer(
          (embeddings): CLIPVisionEmbeddings(
            (patch_embedding): Conv2d(3, 1024, kernel_size=(14, 14), stride=(14, 14), bias=False)
            (position_embedding): Embedding(577, 1024)
          )
          (pre_layrnorm): LayerNorm((1024,), eps=1e-05, elementwise_affine=True)
          (encoder): CLIPEncoder(
            (layers): ModuleList(
              (0-23): 24 x CLIPEncoderLayer(
                (self_attn): CLIPAttention(
                  (k_proj): Linear(in_features=1024, out_features=1024, bias=True)
                  (v_proj): Linear(in_features=1024, out_features=1024, bias=True)
                  (q_proj): Linear(in_features=1024, out_features=1024, bias=True)
                  (out_proj): Linear(in_features=1024, out_features=1024, bias=True)
                )
                (layer_norm1): LayerNorm((1024,), eps=1e-05, elementwise_affine=True)
                (mlp): CLIPMLP(
                  (activation_fn): QuickGELUActivation()
                  (fc1): Linear(in_features=1024, out_features=4096, bias=True)
                  (fc2): Linear(in_features=4096, out_features=1024, bias=True)
                )
                (layer_norm2): LayerNorm((1024,), eps=1e-05, elementwise_affine=True)
              )
            )
          )
          (post_layernorm): LayerNorm((1024,), eps=1e-05, elementwise_affine=True)
        )
      )
    )
    (mm_projector): build_projector(
      (image_spatial_proj): Sequential(
        (0): Linear(in_features=1024, out_features=2048, bias=True)
        (1): GELU(approximate='none')
        (2): Linear(in_features=2048, out_features=2048, bias=True)
      )
      (video_patch_proj): Identity()
      (video_spatial_proj): Identity()
      (video_temproal_proj): Identity()
      (video_global_proj): Identity()
    )
  )
  (lm_head): Linear(in_features=2048, out_features=100352, bias=False)
)
RePaMoELLaVAStablelmForCausalLM(
  (model): MoELLaVAStablelmModel(
    (embed_tokens): Embedding(100352, 2048, padding_idx=100280)
    (layers): ModuleList(
      (0): DecoderLayer(
        (self_attn): Attention(
          (q_proj): Linear(in_features=2048, out_features=2048, bias=True)
          (k_proj): Linear(in_features=2048, out_features=2048, bias=True)
          (v_proj): Linear(in_features=2048, out_features=2048, bias=True)
          (o_proj): Linear(in_features=2048, out_features=2048, bias=False)
          (rotary_emb): RotaryEmbedding()
        )
        (mlp): RePaMoE(
          (deepspeed_moe): MOELayer(
            (gate): TopKGate(
              (wg): Linear(in_features=2048, out_features=4, bias=False)
            )
            (experts): Experts(
              (deepspeed_experts): ModuleList(
                (0-3): 4 x RePaMLP(
                  (gate_proj): Linear(in_features=2048, out_features=5632, bias=False)
                  (up_proj): Linear(in_features=2048, out_features=5632, bias=False)
                  (down_proj): Linear(in_features=5632, out_features=2048, bias=False)
                  (act_fn): SiLU()
                )
              )
            )
          )
        )
        (input_layernorm): LayerNorm((2048,), eps=1e-05, elementwise_affine=True)
        (post_attention_layernorm): LayerNorm((2048,), eps=1e-05, elementwise_affine=True)
      )
      (1): DecoderLayer(
        (self_attn): Attention(
          (q_proj): Linear(in_features=2048, out_features=2048, bias=True)
          (k_proj): Linear(in_features=2048, out_features=2048, bias=True)
          (v_proj): Linear(in_features=2048, out_features=2048, bias=True)
          (o_proj): Linear(in_features=2048, out_features=2048, bias=False)
          (rotary_emb): RotaryEmbedding()
        )
        (mlp): MLP(
          (gate_proj): Linear(in_features=2048, out_features=5632, bias=False)
          (up_proj): Linear(in_features=2048, out_features=5632, bias=False)
          (down_proj): Linear(in_features=5632, out_features=2048, bias=False)
          (act_fn): SiLU()
        )
        (input_layernorm): LayerNorm((2048,), eps=1e-05, elementwise_affine=True)
        (post_attention_layernorm): LayerNorm((2048,), eps=1e-05, elementwise_affine=True)
      )
      (2): DecoderLayer(
        (self_attn): Attention(
          (q_proj): Linear(in_features=2048, out_features=2048, bias=True)
          (k_proj): Linear(in_features=2048, out_features=2048, bias=True)
          (v_proj): Linear(in_features=2048, out_features=2048, bias=True)
          (o_proj): Linear(in_features=2048, out_features=2048, bias=False)
          (rotary_emb): RotaryEmbedding()
        )
        (mlp): RePaMoE(
          (deepspeed_moe): MOELayer(
            (gate): TopKGate(
              (wg): Linear(in_features=2048, out_features=4, bias=False)
            )
            (experts): Experts(
              (deepspeed_experts): ModuleList(
                (0-3): 4 x RePaMLP(
                  (gate_proj): Linear(in_features=2048, out_features=5632, bias=False)
                  (up_proj): Linear(in_features=2048, out_features=5632, bias=False)
                  (down_proj): Linear(in_features=5632, out_features=2048, bias=False)
                  (act_fn): SiLU()
                )
              )
            )
          )
        )
        (input_layernorm): LayerNorm((2048,), eps=1e-05, elementwise_affine=True)
        (post_attention_layernorm): LayerNorm((2048,), eps=1e-05, elementwise_affine=True)
      )
      (3): DecoderLayer(
        (self_attn): Attention(
          (q_proj): Linear(in_features=2048, out_features=2048, bias=True)
          (k_proj): Linear(in_features=2048, out_features=2048, bias=True)
          (v_proj): Linear(in_features=2048, out_features=2048, bias=True)
          (o_proj): Linear(in_features=2048, out_features=2048, bias=False)
          (rotary_emb): RotaryEmbedding()
        )
        (mlp): MLP(
          (gate_proj): Linear(in_features=2048, out_features=5632, bias=False)
          (up_proj): Linear(in_features=2048, out_features=5632, bias=False)
          (down_proj): Linear(in_features=5632, out_features=2048, bias=False)
          (act_fn): SiLU()
        )
        (input_layernorm): LayerNorm((2048,), eps=1e-05, elementwise_affine=True)
        (post_attention_layernorm): LayerNorm((2048,), eps=1e-05, elementwise_affine=True)
      )
      (4): DecoderLayer(
        (self_attn): Attention(
          (q_proj): Linear(in_features=2048, out_features=2048, bias=True)
          (k_proj): Linear(in_features=2048, out_features=2048, bias=True)
          (v_proj): Linear(in_features=2048, out_features=2048, bias=True)
          (o_proj): Linear(in_features=2048, out_features=2048, bias=False)
          (rotary_emb): RotaryEmbedding()
        )
        (mlp): RePaMoE(
          (deepspeed_moe): MOELayer(
            (gate): TopKGate(
              (wg): Linear(in_features=2048, out_features=4, bias=False)
            )
            (experts): Experts(
              (deepspeed_experts): ModuleList(
                (0-3): 4 x RePaMLP(
                  (gate_proj): Linear(in_features=2048, out_features=5632, bias=False)
                  (up_proj): Linear(in_features=2048, out_features=5632, bias=False)
                  (down_proj): Linear(in_features=5632, out_features=2048, bias=False)
                  (act_fn): SiLU()
                )
              )
            )
          )
        )
        (input_layernorm): LayerNorm((2048,), eps=1e-05, elementwise_affine=True)
        (post_attention_layernorm): LayerNorm((2048,), eps=1e-05, elementwise_affine=True)
      )
      (5): DecoderLayer(
        (self_attn): Attention(
          (q_proj): Linear(in_features=2048, out_features=2048, bias=True)
          (k_proj): Linear(in_features=2048, out_features=2048, bias=True)
          (v_proj): Linear(in_features=2048, out_features=2048, bias=True)
          (o_proj): Linear(in_features=2048, out_features=2048, bias=False)
          (rotary_emb): RotaryEmbedding()
        )
        (mlp): MLP(
          (gate_proj): Linear(in_features=2048, out_features=5632, bias=False)
          (up_proj): Linear(in_features=2048, out_features=5632, bias=False)
          (down_proj): Linear(in_features=5632, out_features=2048, bias=False)
          (act_fn): SiLU()
        )
        (input_layernorm): LayerNorm((2048,), eps=1e-05, elementwise_affine=True)
        (post_attention_layernorm): LayerNorm((2048,), eps=1e-05, elementwise_affine=True)
      )
      (6): DecoderLayer(
        (self_attn): Attention(
          (q_proj): Linear(in_features=2048, out_features=2048, bias=True)
          (k_proj): Linear(in_features=2048, out_features=2048, bias=True)
          (v_proj): Linear(in_features=2048, out_features=2048, bias=True)
          (o_proj): Linear(in_features=2048, out_features=2048, bias=False)
          (rotary_emb): RotaryEmbedding()
        )
        (mlp): RePaMoE(
          (deepspeed_moe): MOELayer(
            (gate): TopKGate(
              (wg): Linear(in_features=2048, out_features=4, bias=False)
            )
            (experts): Experts(
              (deepspeed_experts): ModuleList(
                (0-3): 4 x RePaMLP(
                  (gate_proj): Linear(in_features=2048, out_features=5632, bias=False)
                  (up_proj): Linear(in_features=2048, out_features=5632, bias=False)
                  (down_proj): Linear(in_features=5632, out_features=2048, bias=False)
                  (act_fn): SiLU()
                )
              )
            )
          )
        )
        (input_layernorm): LayerNorm((2048,), eps=1e-05, elementwise_affine=True)
        (post_attention_layernorm): LayerNorm((2048,), eps=1e-05, elementwise_affine=True)
      )
      (7): DecoderLayer(
        (self_attn): Attention(
          (q_proj): Linear(in_features=2048, out_features=2048, bias=True)
          (k_proj): Linear(in_features=2048, out_features=2048, bias=True)
          (v_proj): Linear(in_features=2048, out_features=2048, bias=True)
          (o_proj): Linear(in_features=2048, out_features=2048, bias=False)
          (rotary_emb): RotaryEmbedding()
        )
        (mlp): MLP(
          (gate_proj): Linear(in_features=2048, out_features=5632, bias=False)
          (up_proj): Linear(in_features=2048, out_features=5632, bias=False)
          (down_proj): Linear(in_features=5632, out_features=2048, bias=False)
          (act_fn): SiLU()
        )
        (input_layernorm): LayerNorm((2048,), eps=1e-05, elementwise_affine=True)
        (post_attention_layernorm): LayerNorm((2048,), eps=1e-05, elementwise_affine=True)
      )
      (8): DecoderLayer(
        (self_attn): Attention(
          (q_proj): Linear(in_features=2048, out_features=2048, bias=True)
          (k_proj): Linear(in_features=2048, out_features=2048, bias=True)
          (v_proj): Linear(in_features=2048, out_features=2048, bias=True)
          (o_proj): Linear(in_features=2048, out_features=2048, bias=False)
          (rotary_emb): RotaryEmbedding()
        )
        (mlp): RePaMoE(
          (deepspeed_moe): MOELayer(
            (gate): TopKGate(
              (wg): Linear(in_features=2048, out_features=4, bias=False)
            )
            (experts): Experts(
              (deepspeed_experts): ModuleList(
                (0-3): 4 x RePaMLP(
                  (gate_proj): Linear(in_features=2048, out_features=5632, bias=False)
                  (up_proj): Linear(in_features=2048, out_features=5632, bias=False)
                  (down_proj): Linear(in_features=5632, out_features=2048, bias=False)
                  (act_fn): SiLU()
                )
              )
            )
          )
        )
        (input_layernorm): LayerNorm((2048,), eps=1e-05, elementwise_affine=True)
        (post_attention_layernorm): LayerNorm((2048,), eps=1e-05, elementwise_affine=True)
      )
      (9): DecoderLayer(
        (self_attn): Attention(
          (q_proj): Linear(in_features=2048, out_features=2048, bias=True)
          (k_proj): Linear(in_features=2048, out_features=2048, bias=True)
          (v_proj): Linear(in_features=2048, out_features=2048, bias=True)
          (o_proj): Linear(in_features=2048, out_features=2048, bias=False)
          (rotary_emb): RotaryEmbedding()
        )
        (mlp): MLP(
          (gate_proj): Linear(in_features=2048, out_features=5632, bias=False)
          (up_proj): Linear(in_features=2048, out_features=5632, bias=False)
          (down_proj): Linear(in_features=5632, out_features=2048, bias=False)
          (act_fn): SiLU()
        )
        (input_layernorm): LayerNorm((2048,), eps=1e-05, elementwise_affine=True)
        (post_attention_layernorm): LayerNorm((2048,), eps=1e-05, elementwise_affine=True)
      )
      (10): DecoderLayer(
        (self_attn): Attention(
          (q_proj): Linear(in_features=2048, out_features=2048, bias=True)
          (k_proj): Linear(in_features=2048, out_features=2048, bias=True)
          (v_proj): Linear(in_features=2048, out_features=2048, bias=True)
          (o_proj): Linear(in_features=2048, out_features=2048, bias=False)
          (rotary_emb): RotaryEmbedding()
        )
        (mlp): RePaMoE(
          (deepspeed_moe): MOELayer(
            (gate): TopKGate(
              (wg): Linear(in_features=2048, out_features=4, bias=False)
            )
            (experts): Experts(
              (deepspeed_experts): ModuleList(
                (0-3): 4 x RePaMLP(
                  (gate_proj): Linear(in_features=2048, out_features=5632, bias=False)
                  (up_proj): Linear(in_features=2048, out_features=5632, bias=False)
                  (down_proj): Linear(in_features=5632, out_features=2048, bias=False)
                  (act_fn): SiLU()
                )
              )
            )
          )
        )
        (input_layernorm): LayerNorm((2048,), eps=1e-05, elementwise_affine=True)
        (post_attention_layernorm): LayerNorm((2048,), eps=1e-05, elementwise_affine=True)
      )
      (11): DecoderLayer(
        (self_attn): Attention(
          (q_proj): Linear(in_features=2048, out_features=2048, bias=True)
          (k_proj): Linear(in_features=2048, out_features=2048, bias=True)
          (v_proj): Linear(in_features=2048, out_features=2048, bias=True)
          (o_proj): Linear(in_features=2048, out_features=2048, bias=False)
          (rotary_emb): RotaryEmbedding()
        )
        (mlp): MLP(
          (gate_proj): Linear(in_features=2048, out_features=5632, bias=False)
          (up_proj): Linear(in_features=2048, out_features=5632, bias=False)
          (down_proj): Linear(in_features=5632, out_features=2048, bias=False)
          (act_fn): SiLU()
        )
        (input_layernorm): LayerNorm((2048,), eps=1e-05, elementwise_affine=True)
        (post_attention_layernorm): LayerNorm((2048,), eps=1e-05, elementwise_affine=True)
      )
      (12): DecoderLayer(
        (self_attn): Attention(
          (q_proj): Linear(in_features=2048, out_features=2048, bias=True)
          (k_proj): Linear(in_features=2048, out_features=2048, bias=True)
          (v_proj): Linear(in_features=2048, out_features=2048, bias=True)
          (o_proj): Linear(in_features=2048, out_features=2048, bias=False)
          (rotary_emb): RotaryEmbedding()
        )
        (mlp): RePaMoE(
          (deepspeed_moe): MOELayer(
            (gate): TopKGate(
              (wg): Linear(in_features=2048, out_features=4, bias=False)
            )
            (experts): Experts(
              (deepspeed_experts): ModuleList(
                (0-3): 4 x RePaMLP(
                  (gate_proj): Linear(in_features=2048, out_features=5632, bias=False)
                  (up_proj): Linear(in_features=2048, out_features=5632, bias=False)
                  (down_proj): Linear(in_features=5632, out_features=2048, bias=False)
                  (act_fn): SiLU()
                )
              )
            )
          )
        )
        (input_layernorm): LayerNorm((2048,), eps=1e-05, elementwise_affine=True)
        (post_attention_layernorm): LayerNorm((2048,), eps=1e-05, elementwise_affine=True)
      )
      (13): DecoderLayer(
        (self_attn): Attention(
          (q_proj): Linear(in_features=2048, out_features=2048, bias=True)
          (k_proj): Linear(in_features=2048, out_features=2048, bias=True)
          (v_proj): Linear(in_features=2048, out_features=2048, bias=True)
          (o_proj): Linear(in_features=2048, out_features=2048, bias=False)
          (rotary_emb): RotaryEmbedding()
        )
        (mlp): MLP(
          (gate_proj): Linear(in_features=2048, out_features=5632, bias=False)
          (up_proj): Linear(in_features=2048, out_features=5632, bias=False)
          (down_proj): Linear(in_features=5632, out_features=2048, bias=False)
          (act_fn): SiLU()
        )
        (input_layernorm): LayerNorm((2048,), eps=1e-05, elementwise_affine=True)
        (post_attention_layernorm): LayerNorm((2048,), eps=1e-05, elementwise_affine=True)
      )
      (14): DecoderLayer(
        (self_attn): Attention(
          (q_proj): Linear(in_features=2048, out_features=2048, bias=True)
          (k_proj): Linear(in_features=2048, out_features=2048, bias=True)
          (v_proj): Linear(in_features=2048, out_features=2048, bias=True)
          (o_proj): Linear(in_features=2048, out_features=2048, bias=False)
          (rotary_emb): RotaryEmbedding()
        )
        (mlp): RePaMoE(
          (deepspeed_moe): MOELayer(
            (gate): TopKGate(
              (wg): Linear(in_features=2048, out_features=4, bias=False)
            )
            (experts): Experts(
              (deepspeed_experts): ModuleList(
                (0-3): 4 x RePaMLP(
                  (gate_proj): Linear(in_features=2048, out_features=5632, bias=False)
                  (up_proj): Linear(in_features=2048, out_features=5632, bias=False)
                  (down_proj): Linear(in_features=5632, out_features=2048, bias=False)
                  (act_fn): SiLU()
                )
              )
            )
          )
        )
        (input_layernorm): LayerNorm((2048,), eps=1e-05, elementwise_affine=True)
        (post_attention_layernorm): LayerNorm((2048,), eps=1e-05, elementwise_affine=True)
      )
      (15): DecoderLayer(
        (self_attn): Attention(
          (q_proj): Linear(in_features=2048, out_features=2048, bias=True)
          (k_proj): Linear(in_features=2048, out_features=2048, bias=True)
          (v_proj): Linear(in_features=2048, out_features=2048, bias=True)
          (o_proj): Linear(in_features=2048, out_features=2048, bias=False)
          (rotary_emb): RotaryEmbedding()
        )
        (mlp): MLP(
          (gate_proj): Linear(in_features=2048, out_features=5632, bias=False)
          (up_proj): Linear(in_features=2048, out_features=5632, bias=False)
          (down_proj): Linear(in_features=5632, out_features=2048, bias=False)
          (act_fn): SiLU()
        )
        (input_layernorm): LayerNorm((2048,), eps=1e-05, elementwise_affine=True)
        (post_attention_layernorm): LayerNorm((2048,), eps=1e-05, elementwise_affine=True)
      )
      (16): DecoderLayer(
        (self_attn): Attention(
          (q_proj): Linear(in_features=2048, out_features=2048, bias=True)
          (k_proj): Linear(in_features=2048, out_features=2048, bias=True)
          (v_proj): Linear(in_features=2048, out_features=2048, bias=True)
          (o_proj): Linear(in_features=2048, out_features=2048, bias=False)
          (rotary_emb): RotaryEmbedding()
        )
        (mlp): RePaMoE(
          (deepspeed_moe): MOELayer(
            (gate): TopKGate(
              (wg): Linear(in_features=2048, out_features=4, bias=False)
            )
            (experts): Experts(
              (deepspeed_experts): ModuleList(
                (0-3): 4 x RePaMLP(
                  (gate_proj): Linear(in_features=2048, out_features=5632, bias=False)
                  (up_proj): Linear(in_features=2048, out_features=5632, bias=False)
                  (down_proj): Linear(in_features=5632, out_features=2048, bias=False)
                  (act_fn): SiLU()
                )
              )
            )
          )
        )
        (input_layernorm): LayerNorm((2048,), eps=1e-05, elementwise_affine=True)
        (post_attention_layernorm): LayerNorm((2048,), eps=1e-05, elementwise_affine=True)
      )
      (17): DecoderLayer(
        (self_attn): Attention(
          (q_proj): Linear(in_features=2048, out_features=2048, bias=True)
          (k_proj): Linear(in_features=2048, out_features=2048, bias=True)
          (v_proj): Linear(in_features=2048, out_features=2048, bias=True)
          (o_proj): Linear(in_features=2048, out_features=2048, bias=False)
          (rotary_emb): RotaryEmbedding()
        )
        (mlp): MLP(
          (gate_proj): Linear(in_features=2048, out_features=5632, bias=False)
          (up_proj): Linear(in_features=2048, out_features=5632, bias=False)
          (down_proj): Linear(in_features=5632, out_features=2048, bias=False)
          (act_fn): SiLU()
        )
        (input_layernorm): LayerNorm((2048,), eps=1e-05, elementwise_affine=True)
        (post_attention_layernorm): LayerNorm((2048,), eps=1e-05, elementwise_affine=True)
      )
      (18): DecoderLayer(
        (self_attn): Attention(
          (q_proj): Linear(in_features=2048, out_features=2048, bias=True)
          (k_proj): Linear(in_features=2048, out_features=2048, bias=True)
          (v_proj): Linear(in_features=2048, out_features=2048, bias=True)
          (o_proj): Linear(in_features=2048, out_features=2048, bias=False)
          (rotary_emb): RotaryEmbedding()
        )
        (mlp): RePaMoE(
          (deepspeed_moe): MOELayer(
            (gate): TopKGate(
              (wg): Linear(in_features=2048, out_features=4, bias=False)
            )
            (experts): Experts(
              (deepspeed_experts): ModuleList(
                (0-3): 4 x RePaMLP(
                  (gate_proj): Linear(in_features=2048, out_features=5632, bias=False)
                  (up_proj): Linear(in_features=2048, out_features=5632, bias=False)
                  (down_proj): Linear(in_features=5632, out_features=2048, bias=False)
                  (act_fn): SiLU()
                )
              )
            )
          )
        )
        (input_layernorm): LayerNorm((2048,), eps=1e-05, elementwise_affine=True)
        (post_attention_layernorm): LayerNorm((2048,), eps=1e-05, elementwise_affine=True)
      )
      (19): DecoderLayer(
        (self_attn): Attention(
          (q_proj): Linear(in_features=2048, out_features=2048, bias=True)
          (k_proj): Linear(in_features=2048, out_features=2048, bias=True)
          (v_proj): Linear(in_features=2048, out_features=2048, bias=True)
          (o_proj): Linear(in_features=2048, out_features=2048, bias=False)
          (rotary_emb): RotaryEmbedding()
        )
        (mlp): MLP(
          (gate_proj): Linear(in_features=2048, out_features=5632, bias=False)
          (up_proj): Linear(in_features=2048, out_features=5632, bias=False)
          (down_proj): Linear(in_features=5632, out_features=2048, bias=False)
          (act_fn): SiLU()
        )
        (input_layernorm): LayerNorm((2048,), eps=1e-05, elementwise_affine=True)
        (post_attention_layernorm): LayerNorm((2048,), eps=1e-05, elementwise_affine=True)
      )
      (20): DecoderLayer(
        (self_attn): Attention(
          (q_proj): Linear(in_features=2048, out_features=2048, bias=True)
          (k_proj): Linear(in_features=2048, out_features=2048, bias=True)
          (v_proj): Linear(in_features=2048, out_features=2048, bias=True)
          (o_proj): Linear(in_features=2048, out_features=2048, bias=False)
          (rotary_emb): RotaryEmbedding()
        )
        (mlp): RePaMoE(
          (deepspeed_moe): MOELayer(
            (gate): TopKGate(
              (wg): Linear(in_features=2048, out_features=4, bias=False)
            )
            (experts): Experts(
              (deepspeed_experts): ModuleList(
                (0-3): 4 x RePaMLP(
                  (gate_proj): Linear(in_features=2048, out_features=5632, bias=False)
                  (up_proj): Linear(in_features=2048, out_features=5632, bias=False)
                  (down_proj): Linear(in_features=5632, out_features=2048, bias=False)
                  (act_fn): SiLU()
                )
              )
            )
          )
        )
        (input_layernorm): LayerNorm((2048,), eps=1e-05, elementwise_affine=True)
        (post_attention_layernorm): LayerNorm((2048,), eps=1e-05, elementwise_affine=True)
      )
      (21): DecoderLayer(
        (self_attn): Attention(
          (q_proj): Linear(in_features=2048, out_features=2048, bias=True)
          (k_proj): Linear(in_features=2048, out_features=2048, bias=True)
          (v_proj): Linear(in_features=2048, out_features=2048, bias=True)
          (o_proj): Linear(in_features=2048, out_features=2048, bias=False)
          (rotary_emb): RotaryEmbedding()
        )
        (mlp): MLP(
          (gate_proj): Linear(in_features=2048, out_features=5632, bias=False)
          (up_proj): Linear(in_features=2048, out_features=5632, bias=False)
          (down_proj): Linear(in_features=5632, out_features=2048, bias=False)
          (act_fn): SiLU()
        )
        (input_layernorm): LayerNorm((2048,), eps=1e-05, elementwise_affine=True)
        (post_attention_layernorm): LayerNorm((2048,), eps=1e-05, elementwise_affine=True)
      )
      (22): DecoderLayer(
        (self_attn): Attention(
          (q_proj): Linear(in_features=2048, out_features=2048, bias=True)
          (k_proj): Linear(in_features=2048, out_features=2048, bias=True)
          (v_proj): Linear(in_features=2048, out_features=2048, bias=True)
          (o_proj): Linear(in_features=2048, out_features=2048, bias=False)
          (rotary_emb): RotaryEmbedding()
        )
        (mlp): RePaMoE(
          (deepspeed_moe): MOELayer(
            (gate): TopKGate(
              (wg): Linear(in_features=2048, out_features=4, bias=False)
            )
            (experts): Experts(
              (deepspeed_experts): ModuleList(
                (0-3): 4 x RePaMLP(
                  (gate_proj): Linear(in_features=2048, out_features=5632, bias=False)
                  (up_proj): Linear(in_features=2048, out_features=5632, bias=False)
                  (down_proj): Linear(in_features=5632, out_features=2048, bias=False)
                  (act_fn): SiLU()
                )
              )
            )
          )
        )
        (input_layernorm): LayerNorm((2048,), eps=1e-05, elementwise_affine=True)
        (post_attention_layernorm): LayerNorm((2048,), eps=1e-05, elementwise_affine=True)
      )
      (23): DecoderLayer(
        (self_attn): Attention(
          (q_proj): Linear(in_features=2048, out_features=2048, bias=True)
          (k_proj): Linear(in_features=2048, out_features=2048, bias=True)
          (v_proj): Linear(in_features=2048, out_features=2048, bias=True)
          (o_proj): Linear(in_features=2048, out_features=2048, bias=False)
          (rotary_emb): RotaryEmbedding()
        )
        (mlp): MLP(
          (gate_proj): Linear(in_features=2048, out_features=5632, bias=False)
          (up_proj): Linear(in_features=2048, out_features=5632, bias=False)
          (down_proj): Linear(in_features=5632, out_features=2048, bias=False)
          (act_fn): SiLU()
        )
        (input_layernorm): LayerNorm((2048,), eps=1e-05, elementwise_affine=True)
        (post_attention_layernorm): LayerNorm((2048,), eps=1e-05, elementwise_affine=True)
      )
    )
    (norm): LayerNorm((2048,), eps=1e-05, elementwise_affine=True)
    (image_tower): CLIPVisionTower(
      (image_tower): CLIPVisionModel(
        (vision_model): CLIPVisionTransformer(
          (embeddings): CLIPVisionEmbeddings(
            (patch_embedding): Conv2d(3, 1024, kernel_size=(14, 14), stride=(14, 14), bias=False)
            (position_embedding): Embedding(577, 1024)
          )
          (pre_layrnorm): LayerNorm((1024,), eps=1e-05, elementwise_affine=True)
          (encoder): CLIPEncoder(
            (layers): ModuleList(
              (0-23): 24 x CLIPEncoderLayer(
                (self_attn): CLIPAttention(
                  (k_proj): Linear(in_features=1024, out_features=1024, bias=True)
                  (v_proj): Linear(in_features=1024, out_features=1024, bias=True)
                  (q_proj): Linear(in_features=1024, out_features=1024, bias=True)
                  (out_proj): Linear(in_features=1024, out_features=1024, bias=True)
                )
                (layer_norm1): LayerNorm((1024,), eps=1e-05, elementwise_affine=True)
                (mlp): CLIPMLP(
                  (activation_fn): QuickGELUActivation()
                  (fc1): Linear(in_features=1024, out_features=4096, bias=True)
                  (fc2): Linear(in_features=4096, out_features=1024, bias=True)
                )
                (layer_norm2): LayerNorm((1024,), eps=1e-05, elementwise_affine=True)
              )
            )
          )
          (post_layernorm): LayerNorm((1024,), eps=1e-05, elementwise_affine=True)
        )
      )
    )
    (mm_projector): build_projector(
      (image_spatial_proj): Sequential(
        (0): Linear(in_features=1024, out_features=2048, bias=True)
        (1): GELU(approximate='none')
        (2): Linear(in_features=2048, out_features=2048, bias=True)
      )
      (video_patch_proj): Identity()
      (video_spatial_proj): Identity()
      (video_temproal_proj): Identity()
      (video_global_proj): Identity()
    )
  )
  (lm_head): Linear(in_features=2048, out_features=100352, bias=False)
)
RePaMoELLaVAStablelmForCausalLM(
  (model): MoELLaVAStablelmModel(
    (embed_tokens): Embedding(100352, 2048, padding_idx=100280)
    (layers): ModuleList(
      (0): DecoderLayer(
        (self_attn): Attention(
          (q_proj): Linear(in_features=2048, out_features=2048, bias=True)
          (k_proj): Linear(in_features=2048, out_features=2048, bias=True)
          (v_proj): Linear(in_features=2048, out_features=2048, bias=True)
          (o_proj): Linear(in_features=2048, out_features=2048, bias=False)
          (rotary_emb): RotaryEmbedding()
        )
        (mlp): RePaMoE(
          (deepspeed_moe): MOELayer(
            (gate): TopKGate(
              (wg): Linear(in_features=2048, out_features=4, bias=False)
            )
            (experts): Experts(
              (deepspeed_experts): ModuleList(
                (0-3): 4 x RePaMLP(
                  (gate_proj): Linear(in_features=2048, out_features=5632, bias=False)
                  (up_proj): Linear(in_features=2048, out_features=5632, bias=False)
                  (down_proj): Linear(in_features=5632, out_features=2048, bias=False)
                  (act_fn): SiLU()
                )
              )
            )
          )
        )
        (input_layernorm): LayerNorm((2048,), eps=1e-05, elementwise_affine=True)
        (post_attention_layernorm): LayerNorm((2048,), eps=1e-05, elementwise_affine=True)
      )
      (1): DecoderLayer(
        (self_attn): Attention(
          (q_proj): Linear(in_features=2048, out_features=2048, bias=True)
          (k_proj): Linear(in_features=2048, out_features=2048, bias=True)
          (v_proj): Linear(in_features=2048, out_features=2048, bias=True)
          (o_proj): Linear(in_features=2048, out_features=2048, bias=False)
          (rotary_emb): RotaryEmbedding()
        )
        (mlp): MLP(
          (gate_proj): Linear(in_features=2048, out_features=5632, bias=False)
          (up_proj): Linear(in_features=2048, out_features=5632, bias=False)
          (down_proj): Linear(in_features=5632, out_features=2048, bias=False)
          (act_fn): SiLU()
        )
        (input_layernorm): LayerNorm((2048,), eps=1e-05, elementwise_affine=True)
        (post_attention_layernorm): LayerNorm((2048,), eps=1e-05, elementwise_affine=True)
      )
      (2): DecoderLayer(
        (self_attn): Attention(
          (q_proj): Linear(in_features=2048, out_features=2048, bias=True)
          (k_proj): Linear(in_features=2048, out_features=2048, bias=True)
          (v_proj): Linear(in_features=2048, out_features=2048, bias=True)
          (o_proj): Linear(in_features=2048, out_features=2048, bias=False)
          (rotary_emb): RotaryEmbedding()
        )
        (mlp): RePaMoE(
          (deepspeed_moe): MOELayer(
            (gate): TopKGate(
              (wg): Linear(in_features=2048, out_features=4, bias=False)
            )
            (experts): Experts(
              (deepspeed_experts): ModuleList(
                (0-3): 4 x RePaMLP(
                  (gate_proj): Linear(in_features=2048, out_features=5632, bias=False)
                  (up_proj): Linear(in_features=2048, out_features=5632, bias=False)
                  (down_proj): Linear(in_features=5632, out_features=2048, bias=False)
                  (act_fn): SiLU()
                )
              )
            )
          )
        )
        (input_layernorm): LayerNorm((2048,), eps=1e-05, elementwise_affine=True)
        (post_attention_layernorm): LayerNorm((2048,), eps=1e-05, elementwise_affine=True)
      )
      (3): DecoderLayer(
        (self_attn): Attention(
          (q_proj): Linear(in_features=2048, out_features=2048, bias=True)
          (k_proj): Linear(in_features=2048, out_features=2048, bias=True)
          (v_proj): Linear(in_features=2048, out_features=2048, bias=True)
          (o_proj): Linear(in_features=2048, out_features=2048, bias=False)
          (rotary_emb): RotaryEmbedding()
        )
        (mlp): MLP(
          (gate_proj): Linear(in_features=2048, out_features=5632, bias=False)
          (up_proj): Linear(in_features=2048, out_features=5632, bias=False)
          (down_proj): Linear(in_features=5632, out_features=2048, bias=False)
          (act_fn): SiLU()
        )
        (input_layernorm): LayerNorm((2048,), eps=1e-05, elementwise_affine=True)
        (post_attention_layernorm): LayerNorm((2048,), eps=1e-05, elementwise_affine=True)
      )
      (4): DecoderLayer(
        (self_attn): Attention(
          (q_proj): Linear(in_features=2048, out_features=2048, bias=True)
          (k_proj): Linear(in_features=2048, out_features=2048, bias=True)
          (v_proj): Linear(in_features=2048, out_features=2048, bias=True)
          (o_proj): Linear(in_features=2048, out_features=2048, bias=False)
          (rotary_emb): RotaryEmbedding()
        )
        (mlp): RePaMoE(
          (deepspeed_moe): MOELayer(
            (gate): TopKGate(
              (wg): Linear(in_features=2048, out_features=4, bias=False)
            )
            (experts): Experts(
              (deepspeed_experts): ModuleList(
                (0-3): 4 x RePaMLP(
                  (gate_proj): Linear(in_features=2048, out_features=5632, bias=False)
                  (up_proj): Linear(in_features=2048, out_features=5632, bias=False)
                  (down_proj): Linear(in_features=5632, out_features=2048, bias=False)
                  (act_fn): SiLU()
                )
              )
            )
          )
        )
        (input_layernorm): LayerNorm((2048,), eps=1e-05, elementwise_affine=True)
        (post_attention_layernorm): LayerNorm((2048,), eps=1e-05, elementwise_affine=True)
      )
      (5): DecoderLayer(
        (self_attn): Attention(
          (q_proj): Linear(in_features=2048, out_features=2048, bias=True)
          (k_proj): Linear(in_features=2048, out_features=2048, bias=True)
          (v_proj): Linear(in_features=2048, out_features=2048, bias=True)
          (o_proj): Linear(in_features=2048, out_features=2048, bias=False)
          (rotary_emb): RotaryEmbedding()
        )
        (mlp): MLP(
          (gate_proj): Linear(in_features=2048, out_features=5632, bias=False)
          (up_proj): Linear(in_features=2048, out_features=5632, bias=False)
          (down_proj): Linear(in_features=5632, out_features=2048, bias=False)
          (act_fn): SiLU()
        )
        (input_layernorm): LayerNorm((2048,), eps=1e-05, elementwise_affine=True)
        (post_attention_layernorm): LayerNorm((2048,), eps=1e-05, elementwise_affine=True)
      )
      (6): DecoderLayer(
        (self_attn): Attention(
          (q_proj): Linear(in_features=2048, out_features=2048, bias=True)
          (k_proj): Linear(in_features=2048, out_features=2048, bias=True)
          (v_proj): Linear(in_features=2048, out_features=2048, bias=True)
          (o_proj): Linear(in_features=2048, out_features=2048, bias=False)
          (rotary_emb): RotaryEmbedding()
        )
        (mlp): RePaMoE(
          (deepspeed_moe): MOELayer(
            (gate): TopKGate(
              (wg): Linear(in_features=2048, out_features=4, bias=False)
            )
            (experts): Experts(
              (deepspeed_experts): ModuleList(
                (0-3): 4 x RePaMLP(
                  (gate_proj): Linear(in_features=2048, out_features=5632, bias=False)
                  (up_proj): Linear(in_features=2048, out_features=5632, bias=False)
                  (down_proj): Linear(in_features=5632, out_features=2048, bias=False)
                  (act_fn): SiLU()
                )
              )
            )
          )
        )
        (input_layernorm): LayerNorm((2048,), eps=1e-05, elementwise_affine=True)
        (post_attention_layernorm): LayerNorm((2048,), eps=1e-05, elementwise_affine=True)
      )
      (7): DecoderLayer(
        (self_attn): Attention(
          (q_proj): Linear(in_features=2048, out_features=2048, bias=True)
          (k_proj): Linear(in_features=2048, out_features=2048, bias=True)
          (v_proj): Linear(in_features=2048, out_features=2048, bias=True)
          (o_proj): Linear(in_features=2048, out_features=2048, bias=False)
          (rotary_emb): RotaryEmbedding()
        )
        (mlp): MLP(
          (gate_proj): Linear(in_features=2048, out_features=5632, bias=False)
          (up_proj): Linear(in_features=2048, out_features=5632, bias=False)
          (down_proj): Linear(in_features=5632, out_features=2048, bias=False)
          (act_fn): SiLU()
        )
        (input_layernorm): LayerNorm((2048,), eps=1e-05, elementwise_affine=True)
        (post_attention_layernorm): LayerNorm((2048,), eps=1e-05, elementwise_affine=True)
      )
      (8): DecoderLayer(
        (self_attn): Attention(
          (q_proj): Linear(in_features=2048, out_features=2048, bias=True)
          (k_proj): Linear(in_features=2048, out_features=2048, bias=True)
          (v_proj): Linear(in_features=2048, out_features=2048, bias=True)
          (o_proj): Linear(in_features=2048, out_features=2048, bias=False)
          (rotary_emb): RotaryEmbedding()
        )
        (mlp): RePaMoE(
          (deepspeed_moe): MOELayer(
            (gate): TopKGate(
              (wg): Linear(in_features=2048, out_features=4, bias=False)
            )
            (experts): Experts(
              (deepspeed_experts): ModuleList(
                (0-3): 4 x RePaMLP(
                  (gate_proj): Linear(in_features=2048, out_features=5632, bias=False)
                  (up_proj): Linear(in_features=2048, out_features=5632, bias=False)
                  (down_proj): Linear(in_features=5632, out_features=2048, bias=False)
                  (act_fn): SiLU()
                )
              )
            )
          )
        )
        (input_layernorm): LayerNorm((2048,), eps=1e-05, elementwise_affine=True)
        (post_attention_layernorm): LayerNorm((2048,), eps=1e-05, elementwise_affine=True)
      )
      (9): DecoderLayer(
        (self_attn): Attention(
          (q_proj): Linear(in_features=2048, out_features=2048, bias=True)
          (k_proj): Linear(in_features=2048, out_features=2048, bias=True)
          (v_proj): Linear(in_features=2048, out_features=2048, bias=True)
          (o_proj): Linear(in_features=2048, out_features=2048, bias=False)
          (rotary_emb): RotaryEmbedding()
        )
        (mlp): MLP(
          (gate_proj): Linear(in_features=2048, out_features=5632, bias=False)
          (up_proj): Linear(in_features=2048, out_features=5632, bias=False)
          (down_proj): Linear(in_features=5632, out_features=2048, bias=False)
          (act_fn): SiLU()
        )
        (input_layernorm): LayerNorm((2048,), eps=1e-05, elementwise_affine=True)
        (post_attention_layernorm): LayerNorm((2048,), eps=1e-05, elementwise_affine=True)
      )
      (10): DecoderLayer(
        (self_attn): Attention(
          (q_proj): Linear(in_features=2048, out_features=2048, bias=True)
          (k_proj): Linear(in_features=2048, out_features=2048, bias=True)
          (v_proj): Linear(in_features=2048, out_features=2048, bias=True)
          (o_proj): Linear(in_features=2048, out_features=2048, bias=False)
          (rotary_emb): RotaryEmbedding()
        )
        (mlp): RePaMoE(
          (deepspeed_moe): MOELayer(
            (gate): TopKGate(
              (wg): Linear(in_features=2048, out_features=4, bias=False)
            )
            (experts): Experts(
              (deepspeed_experts): ModuleList(
                (0-3): 4 x RePaMLP(
                  (gate_proj): Linear(in_features=2048, out_features=5632, bias=False)
                  (up_proj): Linear(in_features=2048, out_features=5632, bias=False)
                  (down_proj): Linear(in_features=5632, out_features=2048, bias=False)
                  (act_fn): SiLU()
                )
              )
            )
          )
        )
        (input_layernorm): LayerNorm((2048,), eps=1e-05, elementwise_affine=True)
        (post_attention_layernorm): LayerNorm((2048,), eps=1e-05, elementwise_affine=True)
      )
      (11): DecoderLayer(
        (self_attn): Attention(
          (q_proj): Linear(in_features=2048, out_features=2048, bias=True)
          (k_proj): Linear(in_features=2048, out_features=2048, bias=True)
          (v_proj): Linear(in_features=2048, out_features=2048, bias=True)
          (o_proj): Linear(in_features=2048, out_features=2048, bias=False)
          (rotary_emb): RotaryEmbedding()
        )
        (mlp): MLP(
          (gate_proj): Linear(in_features=2048, out_features=5632, bias=False)
          (up_proj): Linear(in_features=2048, out_features=5632, bias=False)
          (down_proj): Linear(in_features=5632, out_features=2048, bias=False)
          (act_fn): SiLU()
        )
        (input_layernorm): LayerNorm((2048,), eps=1e-05, elementwise_affine=True)
        (post_attention_layernorm): LayerNorm((2048,), eps=1e-05, elementwise_affine=True)
      )
      (12): DecoderLayer(
        (self_attn): Attention(
          (q_proj): Linear(in_features=2048, out_features=2048, bias=True)
          (k_proj): Linear(in_features=2048, out_features=2048, bias=True)
          (v_proj): Linear(in_features=2048, out_features=2048, bias=True)
          (o_proj): Linear(in_features=2048, out_features=2048, bias=False)
          (rotary_emb): RotaryEmbedding()
        )
        (mlp): RePaMoE(
          (deepspeed_moe): MOELayer(
            (gate): TopKGate(
              (wg): Linear(in_features=2048, out_features=4, bias=False)
            )
            (experts): Experts(
              (deepspeed_experts): ModuleList(
                (0-3): 4 x RePaMLP(
                  (gate_proj): Linear(in_features=2048, out_features=5632, bias=False)
                  (up_proj): Linear(in_features=2048, out_features=5632, bias=False)
                  (down_proj): Linear(in_features=5632, out_features=2048, bias=False)
                  (act_fn): SiLU()
                )
              )
            )
          )
        )
        (input_layernorm): LayerNorm((2048,), eps=1e-05, elementwise_affine=True)
        (post_attention_layernorm): LayerNorm((2048,), eps=1e-05, elementwise_affine=True)
      )
      (13): DecoderLayer(
        (self_attn): Attention(
          (q_proj): Linear(in_features=2048, out_features=2048, bias=True)
          (k_proj): Linear(in_features=2048, out_features=2048, bias=True)
          (v_proj): Linear(in_features=2048, out_features=2048, bias=True)
          (o_proj): Linear(in_features=2048, out_features=2048, bias=False)
          (rotary_emb): RotaryEmbedding()
        )
        (mlp): MLP(
          (gate_proj): Linear(in_features=2048, out_features=5632, bias=False)
          (up_proj): Linear(in_features=2048, out_features=5632, bias=False)
          (down_proj): Linear(in_features=5632, out_features=2048, bias=False)
          (act_fn): SiLU()
        )
        (input_layernorm): LayerNorm((2048,), eps=1e-05, elementwise_affine=True)
        (post_attention_layernorm): LayerNorm((2048,), eps=1e-05, elementwise_affine=True)
      )
      (14): DecoderLayer(
        (self_attn): Attention(
          (q_proj): Linear(in_features=2048, out_features=2048, bias=True)
          (k_proj): Linear(in_features=2048, out_features=2048, bias=True)
          (v_proj): Linear(in_features=2048, out_features=2048, bias=True)
          (o_proj): Linear(in_features=2048, out_features=2048, bias=False)
          (rotary_emb): RotaryEmbedding()
        )
        (mlp): RePaMoE(
          (deepspeed_moe): MOELayer(
            (gate): TopKGate(
              (wg): Linear(in_features=2048, out_features=4, bias=False)
            )
            (experts): Experts(
              (deepspeed_experts): ModuleList(
                (0-3): 4 x RePaMLP(
                  (gate_proj): Linear(in_features=2048, out_features=5632, bias=False)
                  (up_proj): Linear(in_features=2048, out_features=5632, bias=False)
                  (down_proj): Linear(in_features=5632, out_features=2048, bias=False)
                  (act_fn): SiLU()
                )
              )
            )
          )
        )
        (input_layernorm): LayerNorm((2048,), eps=1e-05, elementwise_affine=True)
        (post_attention_layernorm): LayerNorm((2048,), eps=1e-05, elementwise_affine=True)
      )
      (15): DecoderLayer(
        (self_attn): Attention(
          (q_proj): Linear(in_features=2048, out_features=2048, bias=True)
          (k_proj): Linear(in_features=2048, out_features=2048, bias=True)
          (v_proj): Linear(in_features=2048, out_features=2048, bias=True)
          (o_proj): Linear(in_features=2048, out_features=2048, bias=False)
          (rotary_emb): RotaryEmbedding()
        )
        (mlp): MLP(
          (gate_proj): Linear(in_features=2048, out_features=5632, bias=False)
          (up_proj): Linear(in_features=2048, out_features=5632, bias=False)
          (down_proj): Linear(in_features=5632, out_features=2048, bias=False)
          (act_fn): SiLU()
        )
        (input_layernorm): LayerNorm((2048,), eps=1e-05, elementwise_affine=True)
        (post_attention_layernorm): LayerNorm((2048,), eps=1e-05, elementwise_affine=True)
      )
      (16): DecoderLayer(
        (self_attn): Attention(
          (q_proj): Linear(in_features=2048, out_features=2048, bias=True)
          (k_proj): Linear(in_features=2048, out_features=2048, bias=True)
          (v_proj): Linear(in_features=2048, out_features=2048, bias=True)
          (o_proj): Linear(in_features=2048, out_features=2048, bias=False)
          (rotary_emb): RotaryEmbedding()
        )
        (mlp): RePaMoE(
          (deepspeed_moe): MOELayer(
            (gate): TopKGate(
              (wg): Linear(in_features=2048, out_features=4, bias=False)
            )
            (experts): Experts(
              (deepspeed_experts): ModuleList(
                (0-3): 4 x RePaMLP(
                  (gate_proj): Linear(in_features=2048, out_features=5632, bias=False)
                  (up_proj): Linear(in_features=2048, out_features=5632, bias=False)
                  (down_proj): Linear(in_features=5632, out_features=2048, bias=False)
                  (act_fn): SiLU()
                )
              )
            )
          )
        )
        (input_layernorm): LayerNorm((2048,), eps=1e-05, elementwise_affine=True)
        (post_attention_layernorm): LayerNorm((2048,), eps=1e-05, elementwise_affine=True)
      )
      (17): DecoderLayer(
        (self_attn): Attention(
          (q_proj): Linear(in_features=2048, out_features=2048, bias=True)
          (k_proj): Linear(in_features=2048, out_features=2048, bias=True)
          (v_proj): Linear(in_features=2048, out_features=2048, bias=True)
          (o_proj): Linear(in_features=2048, out_features=2048, bias=False)
          (rotary_emb): RotaryEmbedding()
        )
        (mlp): MLP(
          (gate_proj): Linear(in_features=2048, out_features=5632, bias=False)
          (up_proj): Linear(in_features=2048, out_features=5632, bias=False)
          (down_proj): Linear(in_features=5632, out_features=2048, bias=False)
          (act_fn): SiLU()
        )
        (input_layernorm): LayerNorm((2048,), eps=1e-05, elementwise_affine=True)
        (post_attention_layernorm): LayerNorm((2048,), eps=1e-05, elementwise_affine=True)
      )
      (18): DecoderLayer(
        (self_attn): Attention(
          (q_proj): Linear(in_features=2048, out_features=2048, bias=True)
          (k_proj): Linear(in_features=2048, out_features=2048, bias=True)
          (v_proj): Linear(in_features=2048, out_features=2048, bias=True)
          (o_proj): Linear(in_features=2048, out_features=2048, bias=False)
          (rotary_emb): RotaryEmbedding()
        )
        (mlp): RePaMoE(
          (deepspeed_moe): MOELayer(
            (gate): TopKGate(
              (wg): Linear(in_features=2048, out_features=4, bias=False)
            )
            (experts): Experts(
              (deepspeed_experts): ModuleList(
                (0-3): 4 x RePaMLP(
                  (gate_proj): Linear(in_features=2048, out_features=5632, bias=False)
                  (up_proj): Linear(in_features=2048, out_features=5632, bias=False)
                  (down_proj): Linear(in_features=5632, out_features=2048, bias=False)
                  (act_fn): SiLU()
                )
              )
            )
          )
        )
        (input_layernorm): LayerNorm((2048,), eps=1e-05, elementwise_affine=True)
        (post_attention_layernorm): LayerNorm((2048,), eps=1e-05, elementwise_affine=True)
      )
      (19): DecoderLayer(
        (self_attn): Attention(
          (q_proj): Linear(in_features=2048, out_features=2048, bias=True)
          (k_proj): Linear(in_features=2048, out_features=2048, bias=True)
          (v_proj): Linear(in_features=2048, out_features=2048, bias=True)
          (o_proj): Linear(in_features=2048, out_features=2048, bias=False)
          (rotary_emb): RotaryEmbedding()
        )
        (mlp): MLP(
          (gate_proj): Linear(in_features=2048, out_features=5632, bias=False)
          (up_proj): Linear(in_features=2048, out_features=5632, bias=False)
          (down_proj): Linear(in_features=5632, out_features=2048, bias=False)
          (act_fn): SiLU()
        )
        (input_layernorm): LayerNorm((2048,), eps=1e-05, elementwise_affine=True)
        (post_attention_layernorm): LayerNorm((2048,), eps=1e-05, elementwise_affine=True)
      )
      (20): DecoderLayer(
        (self_attn): Attention(
          (q_proj): Linear(in_features=2048, out_features=2048, bias=True)
          (k_proj): Linear(in_features=2048, out_features=2048, bias=True)
          (v_proj): Linear(in_features=2048, out_features=2048, bias=True)
          (o_proj): Linear(in_features=2048, out_features=2048, bias=False)
          (rotary_emb): RotaryEmbedding()
        )
        (mlp): RePaMoE(
          (deepspeed_moe): MOELayer(
            (gate): TopKGate(
              (wg): Linear(in_features=2048, out_features=4, bias=False)
            )
            (experts): Experts(
              (deepspeed_experts): ModuleList(
                (0-3): 4 x RePaMLP(
                  (gate_proj): Linear(in_features=2048, out_features=5632, bias=False)
                  (up_proj): Linear(in_features=2048, out_features=5632, bias=False)
                  (down_proj): Linear(in_features=5632, out_features=2048, bias=False)
                  (act_fn): SiLU()
                )
              )
            )
          )
        )
        (input_layernorm): LayerNorm((2048,), eps=1e-05, elementwise_affine=True)
        (post_attention_layernorm): LayerNorm((2048,), eps=1e-05, elementwise_affine=True)
      )
      (21): DecoderLayer(
        (self_attn): Attention(
          (q_proj): Linear(in_features=2048, out_features=2048, bias=True)
          (k_proj): Linear(in_features=2048, out_features=2048, bias=True)
          (v_proj): Linear(in_features=2048, out_features=2048, bias=True)
          (o_proj): Linear(in_features=2048, out_features=2048, bias=False)
          (rotary_emb): RotaryEmbedding()
        )
        (mlp): MLP(
          (gate_proj): Linear(in_features=2048, out_features=5632, bias=False)
          (up_proj): Linear(in_features=2048, out_features=5632, bias=False)
          (down_proj): Linear(in_features=5632, out_features=2048, bias=False)
          (act_fn): SiLU()
        )
        (input_layernorm): LayerNorm((2048,), eps=1e-05, elementwise_affine=True)
        (post_attention_layernorm): LayerNorm((2048,), eps=1e-05, elementwise_affine=True)
      )
      (22): DecoderLayer(
        (self_attn): Attention(
          (q_proj): Linear(in_features=2048, out_features=2048, bias=True)
          (k_proj): Linear(in_features=2048, out_features=2048, bias=True)
          (v_proj): Linear(in_features=2048, out_features=2048, bias=True)
          (o_proj): Linear(in_features=2048, out_features=2048, bias=False)
          (rotary_emb): RotaryEmbedding()
        )
        (mlp): RePaMoE(
          (deepspeed_moe): MOELayer(
            (gate): TopKGate(
              (wg): Linear(in_features=2048, out_features=4, bias=False)
            )
            (experts): Experts(
              (deepspeed_experts): ModuleList(
                (0-3): 4 x RePaMLP(
                  (gate_proj): Linear(in_features=2048, out_features=5632, bias=False)
                  (up_proj): Linear(in_features=2048, out_features=5632, bias=False)
                  (down_proj): Linear(in_features=5632, out_features=2048, bias=False)
                  (act_fn): SiLU()
                )
              )
            )
          )
        )
        (input_layernorm): LayerNorm((2048,), eps=1e-05, elementwise_affine=True)
        (post_attention_layernorm): LayerNorm((2048,), eps=1e-05, elementwise_affine=True)
      )
      (23): DecoderLayer(
        (self_attn): Attention(
          (q_proj): Linear(in_features=2048, out_features=2048, bias=True)
          (k_proj): Linear(in_features=2048, out_features=2048, bias=True)
          (v_proj): Linear(in_features=2048, out_features=2048, bias=True)
          (o_proj): Linear(in_features=2048, out_features=2048, bias=False)
          (rotary_emb): RotaryEmbedding()
        )
        (mlp): MLP(
          (gate_proj): Linear(in_features=2048, out_features=5632, bias=False)
          (up_proj): Linear(in_features=2048, out_features=5632, bias=False)
          (down_proj): Linear(in_features=5632, out_features=2048, bias=False)
          (act_fn): SiLU()
        )
        (input_layernorm): LayerNorm((2048,), eps=1e-05, elementwise_affine=True)
        (post_attention_layernorm): LayerNorm((2048,), eps=1e-05, elementwise_affine=True)
      )
    )
    (norm): LayerNorm((2048,), eps=1e-05, elementwise_affine=True)
    (image_tower): CLIPVisionTower(
      (image_tower): CLIPVisionModel(
        (vision_model): CLIPVisionTransformer(
          (embeddings): CLIPVisionEmbeddings(
            (patch_embedding): Conv2d(3, 1024, kernel_size=(14, 14), stride=(14, 14), bias=False)
            (position_embedding): Embedding(577, 1024)
          )
          (pre_layrnorm): LayerNorm((1024,), eps=1e-05, elementwise_affine=True)
          (encoder): CLIPEncoder(
            (layers): ModuleList(
              (0-23): 24 x CLIPEncoderLayer(
                (self_attn): CLIPAttention(
                  (k_proj): Linear(in_features=1024, out_features=1024, bias=True)
                  (v_proj): Linear(in_features=1024, out_features=1024, bias=True)
                  (q_proj): Linear(in_features=1024, out_features=1024, bias=True)
                  (out_proj): Linear(in_features=1024, out_features=1024, bias=True)
                )
                (layer_norm1): LayerNorm((1024,), eps=1e-05, elementwise_affine=True)
                (mlp): CLIPMLP(
                  (activation_fn): QuickGELUActivation()
                  (fc1): Linear(in_features=1024, out_features=4096, bias=True)
                  (fc2): Linear(in_features=4096, out_features=1024, bias=True)
                )
                (layer_norm2): LayerNorm((1024,), eps=1e-05, elementwise_affine=True)
              )
            )
          )
          (post_layernorm): LayerNorm((1024,), eps=1e-05, elementwise_affine=True)
        )
      )
    )
    (mm_projector): build_projector(
      (image_spatial_proj): Sequential(
        (0): Linear(in_features=1024, out_features=2048, bias=True)
        (1): GELU(approximate='none')
        (2): Linear(in_features=2048, out_features=2048, bias=True)
      )
      (video_patch_proj): Identity()
      (video_spatial_proj): Identity()
      (video_temproal_proj): Identity()
      (video_global_proj): Identity()
    )
  )
  (lm_head): Linear(in_features=2048, out_features=100352, bias=False)
)
Formatting inputs...Skip in lazy mode
Formatting inputs...Skip in lazy mode
Formatting inputs...Skip in lazy mode
Formatting inputs...Skip in lazy mode
Formatting inputs...Skip in lazy mode
Formatting inputs...Skip in lazy mode
Formatting inputs...Skip in lazy mode
Formatting inputs...Skip in lazy mode
Setting up RePaMoE fine-tuning mode...
  Detected RePaMoE model: RePaMoELLaVAStablelmForCausalLM
Setting up RePaMoE fine-tuning mode...
  Detected RePaMoE model: RePaMoELLaVAStablelmForCausalLM
Setting up RePaMoE fine-tuning mode...
Setting up RePaMoE fine-tuning mode...
Setting up RePaMoE fine-tuning mode...
  Detected RePaMoE model: RePaMoELLaVAStablelmForCausalLM
Setting up RePaMoE fine-tuning mode...
Setting up RePaMoE fine-tuning mode...
  Detected RePaMoE model: RePaMoELLaVAStablelmForCausalLM
Setting up RePaMoE fine-tuning mode...
  Detected RePaMoE model: RePaMoELLaVAStablelmForCausalLM
Setting up RePaMoE fine-tuning mode...
  Detected RePaMoE model: RePaMoELLaVAStablelmForCausalLM
Setting up RePaMoE fine-tuning mode...
  Detected RePaMoE model: RePaMoELLaVAStablelmForCausalLM
  Detected RePaMoE model: RePaMoELLaVAStablelmForCausalLM
  Detected RePaMoE model: RePaMoELLaVAStablelmForCausalLM
Setting up RePaMoE fine-tuning mode...
  Detected RePaMoE model: RePaMoELLaVAStablelmForCausalLM
Setting up RePaMoE fine-tuning mode...
  Detected RePaMoE model: RePaMoELLaVAStablelmForCausalLM
  Detected RePaMoE model: RePaMoELLaVAStablelmForCausalLM
Setting up RePaMoE fine-tuning mode...
  Detected RePaMoE model: RePaMoELLaVAStablelmForCausalLM
  Frozen 699 non-MoE parameters, kept 204 MoE parameters trainable (but LR=0 in Stage 1)
  Frozen 699 non-MoE parameters, kept 204 MoE parameters trainable (but LR=0 in Stage 1)
  Frozen 699 non-MoE parameters, kept 204 MoE parameters trainable (but LR=0 in Stage 1)
  Frozen 699 non-MoE parameters, kept 204 MoE parameters trainable (but LR=0 in Stage 1)
  Frozen 699 non-MoE parameters, kept 204 MoE parameters trainable (but LR=0 in Stage 1)
  Frozen 699 non-MoE parameters, kept 204 MoE parameters trainable (but LR=0 in Stage 1)
  Frozen 699 non-MoE parameters, kept 204 MoE parameters trainable (but LR=0 in Stage 1)
  Frozen 699 non-MoE parameters, kept 204 MoE parameters trainable (but LR=0 in Stage 1)
  Frozen 699 non-MoE parameters, kept 204 MoE parameters trainable (but LR=0 in Stage 1)
  Frozen 699 non-MoE parameters, kept 204 MoE parameters trainable (but LR=0 in Stage 1)
  Frozen 699 non-MoE parameters, kept 204 MoE parameters trainable (but LR=0 in Stage 1)
  Frozen 699 non-MoE parameters, kept 204 MoE parameters trainable (but LR=0 in Stage 1)  Frozen 699 non-MoE parameters, kept 204 MoE parameters trainable (but LR=0 in Stage 1)

Setting up RePaMoE fine-tuning mode...
  Detected RePaMoE model: RePaMoELLaVAStablelmForCausalLM
Setting up RePaMoE fine-tuning mode...
  Detected RePaMoE model: RePaMoELLaVAStablelmForCausalLM
  Frozen 699 non-MoE parameters, kept 204 MoE parameters trainable (but LR=0 in Stage 1)
  Frozen 699 non-MoE parameters, kept 204 MoE parameters trainable (but LR=0 in Stage 1)
Setting up RePaMoE fine-tuning mode...
  Detected RePaMoE model: RePaMoELLaVAStablelmForCausalLM
  Frozen 699 non-MoE parameters, kept 204 MoE parameters trainable (but LR=0 in Stage 1)
  Set initial gated ratio to 1.0
  Set initial gated ratio to 1.0
  Set initial gated ratio to 1.0  Set initial gated ratio to 1.0

  Set initial gated ratio to 1.0
  Set initial alpha to 1.0
  Total training steps: 10394.0
  Stage 1 (statistics collection): 5197.0 steps
  Stage 2 (fine-tuning with alpha decay): 5197.0 steps
  Set initial gated ratio to 1.0
  Gated ratio: remains at 1.0 in Stage 1, switches to 0.5 in Stage 2
  Set initial alpha to 1.0
  Alpha: remains at 1.0 in Stage 1, decays from 1.0 to 0.0 via cosine in Stage 2
  Total training steps: 10394.0
  Learning rate: 0.0 in Stage 1 (no training), cosine decay in Stage 2
  Stage 1 (statistics collection): 5197.0 steps
  MoE layers: [0, 2, 4, 6, 8, 10, 12, 14, 16, 18, 20, 22]
  Stage 2 (fine-tuning with alpha decay): 5197.0 steps
  Stage 1: MoE parameters trainable but LR=0 (only statistics collection)
  Gated ratio: remains at 1.0 in Stage 1, switches to 0.5 in Stage 2
  Alpha: remains at 1.0 in Stage 1, decays from 1.0 to 0.0 via cosine in Stage 2
  Learning rate: 0.0 in Stage 1 (no training), cosine decay in Stage 2
  MoE layers: [0, 2, 4, 6, 8, 10, 12, 14, 16, 18, 20, 22]
  Stage 1: MoE parameters trainable but LR=0 (only statistics collection)
  Set initial alpha to 1.0
  Total training steps: 10394.0
  Stage 1 (statistics collection): 5197.0 steps
  Stage 2 (fine-tuning with alpha decay): 5197.0 steps
  Set initial gated ratio to 1.0
  Set initial gated ratio to 1.0
  Set initial alpha to 1.0
  Set initial alpha to 1.0
  Set initial alpha to 1.0  Total training steps: 10394.0

  Total training steps: 10394.0
  Stage 1 (statistics collection): 5197.0 steps
  Stage 1 (statistics collection): 5197.0 steps  Total training steps: 10394.0

  Stage 2 (fine-tuning with alpha decay): 5197.0 steps
  Stage 2 (fine-tuning with alpha decay): 5197.0 steps  Stage 1 (statistics collection): 5197.0 steps

  Gated ratio: remains at 1.0 in Stage 1, switches to 0.5 in Stage 2
  Stage 2 (fine-tuning with alpha decay): 5197.0 steps  Gated ratio: remains at 1.0 in Stage 1, switches to 0.5 in Stage 2

  Alpha: remains at 1.0 in Stage 1, decays from 1.0 to 0.0 via cosine in Stage 2
  Alpha: remains at 1.0 in Stage 1, decays from 1.0 to 0.0 via cosine in Stage 2  Gated ratio: remains at 1.0 in Stage 1, switches to 0.5 in Stage 2

  Learning rate: 0.0 in Stage 1 (no training), cosine decay in Stage 2
  Learning rate: 0.0 in Stage 1 (no training), cosine decay in Stage 2  Alpha: remains at 1.0 in Stage 1, decays from 1.0 to 0.0 via cosine in Stage 2

  MoE layers: [0, 2, 4, 6, 8, 10, 12, 14, 16, 18, 20, 22]
  Learning rate: 0.0 in Stage 1 (no training), cosine decay in Stage 2  MoE layers: [0, 2, 4, 6, 8, 10, 12, 14, 16, 18, 20, 22]

  Stage 1: MoE parameters trainable but LR=0 (only statistics collection)
  Stage 1: MoE parameters trainable but LR=0 (only statistics collection)
  MoE layers: [0, 2, 4, 6, 8, 10, 12, 14, 16, 18, 20, 22]
  Gated ratio: remains at 1.0 in Stage 1, switches to 0.5 in Stage 2
  Stage 1: MoE parameters trainable but LR=0 (only statistics collection)
  Alpha: remains at 1.0 in Stage 1, decays from 1.0 to 0.0 via cosine in Stage 2
  Learning rate: 0.0 in Stage 1 (no training), cosine decay in Stage 2
  MoE layers: [0, 2, 4, 6, 8, 10, 12, 14, 16, 18, 20, 22]
  Stage 1: MoE parameters trainable but LR=0 (only statistics collection)
  Set initial alpha to 1.0
  Total training steps: 10394.0
  Stage 1 (statistics collection): 5197.0 steps
  Stage 2 (fine-tuning with alpha decay): 5197.0 steps
  Gated ratio: remains at 1.0 in Stage 1, switches to 0.5 in Stage 2
  Alpha: remains at 1.0 in Stage 1, decays from 1.0 to 0.0 via cosine in Stage 2
  Learning rate: 0.0 in Stage 1 (no training), cosine decay in Stage 2
  MoE layers: [0, 2, 4, 6, 8, 10, 12, 14, 16, 18, 20, 22]
  Stage 1: MoE parameters trainable but LR=0 (only statistics collection)
  Set initial alpha to 1.0
  Total training steps: 10394.0
  Stage 1 (statistics collection): 5197.0 steps
  Stage 2 (fine-tuning with alpha decay): 5197.0 steps
  Gated ratio: remains at 1.0 in Stage 1, switches to 0.5 in Stage 2
  Alpha: remains at 1.0 in Stage 1, decays from 1.0 to 0.0 via cosine in Stage 2
  Learning rate: 0.0 in Stage 1 (no training), cosine decay in Stage 2
  MoE layers: [0, 2, 4, 6, 8, 10, 12, 14, 16, 18, 20, 22]
  Stage 1: MoE parameters trainable but LR=0 (only statistics collection)
  Set initial gated ratio to 1.0  Set initial gated ratio to 1.0

  Set initial alpha to 1.0  Set initial alpha to 1.0

  Total training steps: 10394.0  Total training steps: 10394.0

  Stage 1 (statistics collection): 5197.0 steps  Stage 1 (statistics collection): 5197.0 steps

  Stage 2 (fine-tuning with alpha decay): 5197.0 steps  Stage 2 (fine-tuning with alpha decay): 5197.0 steps

  Gated ratio: remains at 1.0 in Stage 1, switches to 0.5 in Stage 2  Gated ratio: remains at 1.0 in Stage 1, switches to 0.5 in Stage 2

  Alpha: remains at 1.0 in Stage 1, decays from 1.0 to 0.0 via cosine in Stage 2  Alpha: remains at 1.0 in Stage 1, decays from 1.0 to 0.0 via cosine in Stage 2

  Learning rate: 0.0 in Stage 1 (no training), cosine decay in Stage 2  Learning rate: 0.0 in Stage 1 (no training), cosine decay in Stage 2

  MoE layers: [0, 2, 4, 6, 8, 10, 12, 14, 16, 18, 20, 22]
  MoE layers: [0, 2, 4, 6, 8, 10, 12, 14, 16, 18, 20, 22]  Stage 1: MoE parameters trainable but LR=0 (only statistics collection)

  Stage 1: MoE parameters trainable but LR=0 (only statistics collection)
  Set initial gated ratio to 1.0
  Set initial gated ratio to 1.0
  Set initial alpha to 1.0
  Total training steps: 10394.0
  Stage 1 (statistics collection): 5197.0 steps
  Stage 2 (fine-tuning with alpha decay): 5197.0 steps
  Gated ratio: remains at 1.0 in Stage 1, switches to 0.5 in Stage 2
  Alpha: remains at 1.0 in Stage 1, decays from 1.0 to 0.0 via cosine in Stage 2
  Learning rate: 0.0 in Stage 1 (no training), cosine decay in Stage 2
  MoE layers: [0, 2, 4, 6, 8, 10, 12, 14, 16, 18, 20, 22]
  Stage 1: MoE parameters trainable but LR=0 (only statistics collection)  Set initial alpha to 1.0

  Total training steps: 10394.0
  Stage 1 (statistics collection): 5197.0 steps
  Stage 2 (fine-tuning with alpha decay): 5197.0 steps
  Gated ratio: remains at 1.0 in Stage 1, switches to 0.5 in Stage 2
  Alpha: remains at 1.0 in Stage 1, decays from 1.0 to 0.0 via cosine in Stage 2
  Learning rate: 0.0 in Stage 1 (no training), cosine decay in Stage 2
  MoE layers: [0, 2, 4, 6, 8, 10, 12, 14, 16, 18, 20, 22]
  Stage 1: MoE parameters trainable but LR=0 (only statistics collection)
  Set initial gated ratio to 1.0
  Set initial gated ratio to 1.0
  Set initial alpha to 1.0
  Total training steps: 10394.0
  Stage 1 (statistics collection): 5197.0 steps
  Stage 2 (fine-tuning with alpha decay): 5197.0 steps
  Gated ratio: remains at 1.0 in Stage 1, switches to 0.5 in Stage 2
  Alpha: remains at 1.0 in Stage 1, decays from 1.0 to 0.0 via cosine in Stage 2
  Learning rate: 0.0 in Stage 1 (no training), cosine decay in Stage 2
  MoE layers: [0, 2, 4, 6, 8, 10, 12, 14, 16, 18, 20, 22]
  Stage 1: MoE parameters trainable but LR=0 (only statistics collection)  Set initial alpha to 1.0

  Total training steps: 10394.0
  Set initial gated ratio to 1.0
  Stage 1 (statistics collection): 5197.0 steps
  Stage 2 (fine-tuning with alpha decay): 5197.0 steps
  Gated ratio: remains at 1.0 in Stage 1, switches to 0.5 in Stage 2
  Alpha: remains at 1.0 in Stage 1, decays from 1.0 to 0.0 via cosine in Stage 2
  Learning rate: 0.0 in Stage 1 (no training), cosine decay in Stage 2
  MoE layers: [0, 2, 4, 6, 8, 10, 12, 14, 16, 18, 20, 22]
  Stage 1: MoE parameters trainable but LR=0 (only statistics collection)
  Set initial gated ratio to 1.0
  Set initial alpha to 1.0
  Total training steps: 10394.0
  Stage 1 (statistics collection): 5197.0 steps
  Stage 2 (fine-tuning with alpha decay): 5197.0 steps
  Gated ratio: remains at 1.0 in Stage 1, switches to 0.5 in Stage 2
  Alpha: remains at 1.0 in Stage 1, decays from 1.0 to 0.0 via cosine in Stage 2
  Learning rate: 0.0 in Stage 1 (no training), cosine decay in Stage 2
  MoE layers: [0, 2, 4, 6, 8, 10, 12, 14, 16, 18, 20, 22]
  Stage 1: MoE parameters trainable but LR=0 (only statistics collection)
  Set initial alpha to 1.0
  Total training steps: 10394.0
  Stage 1 (statistics collection): 5197.0 steps
  Stage 2 (fine-tuning with alpha decay): 5197.0 steps
  Gated ratio: remains at 1.0 in Stage 1, switches to 0.5 in Stage 2
  Alpha: remains at 1.0 in Stage 1, decays from 1.0 to 0.0 via cosine in Stage 2
  Learning rate: 0.0 in Stage 1 (no training), cosine decay in Stage 2
  MoE layers: [0, 2, 4, 6, 8, 10, 12, 14, 16, 18, 20, 22]
  Stage 1: MoE parameters trainable but LR=0 (only statistics collection)
Skipping empty parameter group: no_decay_parameters
✓ DeepSpeed MoE requirements satisfied: 10 MoE groups found
Skipping empty parameter group: no_decay_parameters
✓ DeepSpeed MoE requirements satisfied: 10 MoE groups found
Skipping empty parameter group: no_decay_parameters
✓ DeepSpeed MoE requirements satisfied: 10 MoE groups found
Skipping empty parameter group: no_decay_parameters
✓ DeepSpeed MoE requirements satisfied: 10 MoE groups found
No existing process group found, creating a new group named: ep_size_1
Skipping empty parameter group: no_decay_parameters
✓ DeepSpeed MoE requirements satisfied: 10 MoE groups found
Skipping empty parameter group: no_decay_parameters
✓ DeepSpeed MoE requirements satisfied: 10 MoE groups found
No existing process group found, creating a new group named: ep_size_1
No existing process group found, creating a new group named: ep_size_1
No existing process group found, creating a new group named: ep_size_1
No existing process group found, creating a new group named: ep_size_1
Skipping empty parameter group: no_decay_parameters
✓ DeepSpeed MoE requirements satisfied: 10 MoE groups found
Skipping empty parameter group: no_decay_parameters
✓ DeepSpeed MoE requirements satisfied: 10 MoE groups found
No existing process group found, creating a new group named: ep_size_1
No existing process group found, creating a new group named: ep_size_1
No existing process group found, creating a new group named: ep_size_1
Skipping empty parameter group: no_decay_parameters
✓ DeepSpeed MoE requirements satisfied: 10 MoE groups found
Skipping empty parameter group: no_decay_parameters
✓ DeepSpeed MoE requirements satisfied: 10 MoE groups found
No existing process group found, creating a new group named: ep_size_1
Skipping empty parameter group: no_decay_parameters
✓ DeepSpeed MoE requirements satisfied: 10 MoE groups found
Skipping empty parameter group: no_decay_parameters
✓ DeepSpeed MoE requirements satisfied: 10 MoE groups found
No existing process group found, creating a new group named: ep_size_1
No existing process group found, creating a new group named: ep_size_1
No existing process group found, creating a new group named: ep_size_1
Skipping empty parameter group: no_decay_parameters
✓ DeepSpeed MoE requirements satisfied: 10 MoE groups found
Skipping empty parameter group: no_decay_parameters
✓ DeepSpeed MoE requirements satisfied: 10 MoE groups found
Skipping empty parameter group: no_decay_parameters
✓ DeepSpeed MoE requirements satisfied: 10 MoE groups found
Skipping empty parameter group: no_decay_parameters
✓ DeepSpeed MoE requirements satisfied: 10 MoE groups found
No existing process group found, creating a new group named: ep_size_1
No existing process group found, creating a new group named: ep_size_1
No existing process group found, creating a new group named: ep_size_1
No existing process group found, creating a new group named: ep_size_1
NCCL version 2.21.5+cuda12.4
NCCL version 2.21.5+cuda12.4
NCCL version 2.21.5+cuda12.4
NCCL version 2.21.5+cuda12.4
NCCL version 2.21.5+cuda12.4
NCCL version 2.21.5+cuda12.4
NCCL version 2.21.5+cuda12.4
NCCL version 2.21.5+cuda12.4
NCCL version 2.21.5+cuda12.4
NCCL version 2.21.5+cuda12.4
NCCL version 2.21.5+cuda12.4
NCCL version 2.21.5+cuda12.4
NCCL version 2.21.5+cuda12.4
NCCL version 2.21.5+cuda12.4
NCCL version 2.21.5+cuda12.4
NCCL version 2.21.5+cuda12.4
{'loss': 0.0, 'grad_norm': 3.1622776985168457, 'learning_rate': 0.0, 'epoch': 0.0}
{'loss': 0.0, 'grad_norm': 3.1622776985168457, 'learning_rate': 0.0, 'epoch': 0.0}
{'loss': 0.0, 'grad_norm': 3.1622776985168457, 'learning_rate': 0.0, 'epoch': 0.0}
{'loss': 0.0, 'grad_norm': 3.1622776985168457, 'learning_rate': 0.0, 'epoch': 0.0}
{'loss': 0.0, 'grad_norm': 3.1622776985168457, 'learning_rate': 0.0, 'epoch': 0.0}
{'loss': 0.0, 'grad_norm': 3.1622776985168457, 'learning_rate': 0.0, 'epoch': 0.0}
{'loss': 0.0, 'grad_norm': 3.1622776985168457, 'learning_rate': 0.0, 'epoch': 0.0}
{'loss': 0.0, 'grad_norm': 3.1622776985168457, 'learning_rate': 0.0, 'epoch': 0.0}
{'loss': 0.0, 'grad_norm': 3.1622776985168457, 'learning_rate': 0.0, 'epoch': 0.0}
{'loss': 0.0, 'grad_norm': 3.1622776985168457, 'learning_rate': 0.0, 'epoch': 0.0}
{'loss': 0.0, 'grad_norm': 3.1622776985168457, 'learning_rate': 0.0, 'epoch': 0.0}
{'loss': 0.0, 'grad_norm': 3.1622776985168457, 'learning_rate': 0.0, 'epoch': 0.0}
{'loss': 0.0, 'grad_norm': 3.1622776985168457, 'learning_rate': 0.0, 'epoch': 0.0}
{'loss': 0.0, 'grad_norm': 3.1622776985168457, 'learning_rate': 0.0, 'epoch': 0.0}
{'loss': 0.0, 'grad_norm': 3.1622776985168457, 'learning_rate': 0.0, 'epoch': 0.0}
{'loss': 0.0, 'grad_norm': 3.1622776985168457, 'learning_rate': 0.0, 'epoch': 0.0}
{'loss': 0.0, 'grad_norm': 3.1622776985168457, 'learning_rate': 0.0, 'epoch': 0.0}
{'loss': 0.0, 'grad_norm': 3.1622776985168457, 'learning_rate': 0.0, 'epoch': 0.0}
{'loss': 0.0, 'grad_norm': 3.1622776985168457, 'learning_rate': 0.0, 'epoch': 0.0}
{'loss': 0.0, 'grad_norm': 3.1622776985168457, 'learning_rate': 0.0, 'epoch': 0.0}
{'loss': 0.0, 'grad_norm': 3.1622776985168457, 'learning_rate': 0.0, 'epoch': 0.0}
{'loss': 0.0, 'grad_norm': 3.1622776985168457, 'learning_rate': 0.0, 'epoch': 0.0}
{'loss': 0.0, 'grad_norm': 3.1622776985168457, 'learning_rate': 0.0, 'epoch': 0.0}
{'loss': 0.0, 'grad_norm': 3.1622776985168457, 'learning_rate': 0.0, 'epoch': 0.0}
{'loss': 0.0, 'grad_norm': 3.1622776985168457, 'learning_rate': 0.0, 'epoch': 0.0}
{'loss': 0.0, 'grad_norm': 3.1622776985168457, 'learning_rate': 0.0, 'epoch': 0.01}
{'loss': 0.0, 'grad_norm': 3.1622776985168457, 'learning_rate': 0.0, 'epoch': 0.01}
{'loss': 0.0, 'grad_norm': 3.1622776985168457, 'learning_rate': 0.0, 'epoch': 0.01}
{'loss': 0.0, 'grad_norm': 3.1622776985168457, 'learning_rate': 0.0, 'epoch': 0.01}
{'loss': 0.0, 'grad_norm': 3.1622776985168457, 'learning_rate': 0.0, 'epoch': 0.01}
{'loss': 0.0, 'grad_norm': 3.1622776985168457, 'learning_rate': 0.0, 'epoch': 0.01}
{'loss': 0.0, 'grad_norm': 3.1622776985168457, 'learning_rate': 0.0, 'epoch': 0.01}
{'loss': 0.0, 'grad_norm': 3.1622776985168457, 'learning_rate': 0.0, 'epoch': 0.01}
{'loss': 0.0, 'grad_norm': 3.1622776985168457, 'learning_rate': 0.0, 'epoch': 0.01}
{'loss': 0.0, 'grad_norm': 3.1622776985168457, 'learning_rate': 0.0, 'epoch': 0.01}
{'loss': 0.0, 'grad_norm': 3.1622776985168457, 'learning_rate': 0.0, 'epoch': 0.01}
{'loss': 0.0, 'grad_norm': 3.1622776985168457, 'learning_rate': 0.0, 'epoch': 0.01}
{'loss': 0.0, 'grad_norm': 3.1622776985168457, 'learning_rate': 0.0, 'epoch': 0.01}
{'loss': 0.0, 'grad_norm': 3.1622776985168457, 'learning_rate': 0.0, 'epoch': 0.01}
{'loss': 0.0, 'grad_norm': 3.1622776985168457, 'learning_rate': 0.0, 'epoch': 0.01}
{'loss': 0.0, 'grad_norm': 3.1622776985168457, 'learning_rate': 0.0, 'epoch': 0.01}
{'loss': 0.0, 'grad_norm': 3.1622776985168457, 'learning_rate': 0.0, 'epoch': 0.01}
{'loss': 0.0, 'grad_norm': 3.1622776985168457, 'learning_rate': 0.0, 'epoch': 0.01}
{'loss': 0.0, 'grad_norm': 3.1622776985168457, 'learning_rate': 0.0, 'epoch': 0.01}
{'loss': 0.0, 'grad_norm': 3.1622776985168457, 'learning_rate': 0.0, 'epoch': 0.01}
{'loss': 0.0, 'grad_norm': 3.1622776985168457, 'learning_rate': 0.0, 'epoch': 0.01}
{'loss': 0.0, 'grad_norm': 3.1622776985168457, 'learning_rate': 0.0, 'epoch': 0.01}
{'loss': 0.0, 'grad_norm': 3.1622776985168457, 'learning_rate': 0.0, 'epoch': 0.01}
{'loss': 0.0, 'grad_norm': 3.1622776985168457, 'learning_rate': 0.0, 'epoch': 0.01}
{'loss': 0.0, 'grad_norm': 3.1622776985168457, 'learning_rate': 0.0, 'epoch': 0.01}
{'loss': 0.0, 'grad_norm': 3.1622776985168457, 'learning_rate': 0.0, 'epoch': 0.01}
{'loss': 0.0, 'grad_norm': 3.1622776985168457, 'learning_rate': 0.0, 'epoch': 0.01}
{'loss': 0.0, 'grad_norm': 3.1622776985168457, 'learning_rate': 0.0, 'epoch': 0.01}
{'loss': 0.0, 'grad_norm': 3.1622776985168457, 'learning_rate': 0.0, 'epoch': 0.01}
{'loss': 0.0, 'grad_norm': 3.1622776985168457, 'learning_rate': 0.0, 'epoch': 0.01}
{'loss': 0.0, 'grad_norm': 3.1622776985168457, 'learning_rate': 0.0, 'epoch': 0.01}
{'loss': 0.0, 'grad_norm': 3.1622776985168457, 'learning_rate': 0.0, 'epoch': 0.01}
{'loss': 0.0, 'grad_norm': 3.1622776985168457, 'learning_rate': 0.0, 'epoch': 0.01}
{'loss': 0.0, 'grad_norm': 3.1622776985168457, 'learning_rate': 0.0, 'epoch': 0.01}
{'loss': 0.0, 'grad_norm': 3.1622776985168457, 'learning_rate': 0.0, 'epoch': 0.01}
{'loss': 0.0, 'grad_norm': 3.1622776985168457, 'learning_rate': 0.0, 'epoch': 0.01}
{'loss': 0.0, 'grad_norm': 3.1622776985168457, 'learning_rate': 0.0, 'epoch': 0.01}
{'loss': 0.0, 'grad_norm': 3.1622776985168457, 'learning_rate': 0.0, 'epoch': 0.01}
{'loss': 0.0, 'grad_norm': 3.1622776985168457, 'learning_rate': 0.0, 'epoch': 0.01}
{'loss': 0.0, 'grad_norm': 3.1622776985168457, 'learning_rate': 0.0, 'epoch': 0.01}
{'loss': 0.0, 'grad_norm': 3.1622776985168457, 'learning_rate': 0.0, 'epoch': 0.01}
{'loss': 0.0, 'grad_norm': 3.1622776985168457, 'learning_rate': 0.0, 'epoch': 0.01}
{'loss': 0.0, 'grad_norm': 3.1622776985168457, 'learning_rate': 0.0, 'epoch': 0.01}
{'loss': 0.0, 'grad_norm': 3.1622776985168457, 'learning_rate': 0.0, 'epoch': 0.01}
{'loss': 0.0, 'grad_norm': 3.1622776985168457, 'learning_rate': 0.0, 'epoch': 0.01}
{'loss': 0.0, 'grad_norm': 3.1622776985168457, 'learning_rate': 0.0, 'epoch': 0.01}
{'loss': 0.0, 'grad_norm': 3.1622776985168457, 'learning_rate': 0.0, 'epoch': 0.01}
{'loss': 0.0, 'grad_norm': 3.1622776985168457, 'learning_rate': 0.0, 'epoch': 0.01}
{'loss': 0.0, 'grad_norm': 3.1622776985168457, 'learning_rate': 0.0, 'epoch': 0.01}
{'loss': 0.0, 'grad_norm': 3.1622776985168457, 'learning_rate': 0.0, 'epoch': 0.01}
{'loss': 0.0, 'grad_norm': 3.1622776985168457, 'learning_rate': 0.0, 'epoch': 0.01}
{'loss': 0.0, 'grad_norm': 3.1622776985168457, 'learning_rate': 0.0, 'epoch': 0.01}
{'loss': 0.0, 'grad_norm': 3.1622776985168457, 'learning_rate': 0.0, 'epoch': 0.02}
{'loss': 0.0, 'grad_norm': 3.1622776985168457, 'learning_rate': 0.0, 'epoch': 0.02}
{'loss': 0.0, 'grad_norm': 3.1622776985168457, 'learning_rate': 0.0, 'epoch': 0.02}
{'loss': 0.0, 'grad_norm': 3.1622776985168457, 'learning_rate': 0.0, 'epoch': 0.02}
{'loss': 0.0, 'grad_norm': 3.1622776985168457, 'learning_rate': 0.0, 'epoch': 0.02}
{'loss': 0.0, 'grad_norm': 3.1622776985168457, 'learning_rate': 0.0, 'epoch': 0.02}
{'loss': 0.0, 'grad_norm': 3.1622776985168457, 'learning_rate': 0.0, 'epoch': 0.02}
{'loss': 0.0, 'grad_norm': 3.1622776985168457, 'learning_rate': 0.0, 'epoch': 0.02}
{'loss': 0.0, 'grad_norm': 3.1622776985168457, 'learning_rate': 0.0, 'epoch': 0.02}
{'loss': 0.0, 'grad_norm': 3.1622776985168457, 'learning_rate': 0.0, 'epoch': 0.02}
{'loss': 0.0, 'grad_norm': 3.1622776985168457, 'learning_rate': 0.0, 'epoch': 0.02}
{'loss': 0.0, 'grad_norm': 3.1622776985168457, 'learning_rate': 0.0, 'epoch': 0.02}
{'loss': 0.0, 'grad_norm': 3.1622776985168457, 'learning_rate': 0.0, 'epoch': 0.02}
{'loss': 0.0, 'grad_norm': 3.1622776985168457, 'learning_rate': 0.0, 'epoch': 0.02}
{'loss': 0.0, 'grad_norm': 3.1622776985168457, 'learning_rate': 0.0, 'epoch': 0.02}
{'loss': 0.0, 'grad_norm': 3.1622776985168457, 'learning_rate': 0.0, 'epoch': 0.02}
{'loss': 0.0, 'grad_norm': 3.1622776985168457, 'learning_rate': 0.0, 'epoch': 0.02}
{'loss': 0.0, 'grad_norm': 3.1622776985168457, 'learning_rate': 0.0, 'epoch': 0.02}
{'loss': 0.0, 'grad_norm': 3.1622776985168457, 'learning_rate': 0.0, 'epoch': 0.02}
{'loss': 0.0, 'grad_norm': 3.1622776985168457, 'learning_rate': 0.0, 'epoch': 0.02}
{'loss': 0.0, 'grad_norm': 3.1622776985168457, 'learning_rate': 0.0, 'epoch': 0.02}
{'loss': 0.0, 'grad_norm': 3.1622776985168457, 'learning_rate': 0.0, 'epoch': 0.02}
{'loss': 0.0, 'grad_norm': 3.1622776985168457, 'learning_rate': 0.0, 'epoch': 0.02}
{'loss': 0.0, 'grad_norm': 3.1622776985168457, 'learning_rate': 0.0, 'epoch': 0.02}
{'loss': 0.0, 'grad_norm': 3.1622776985168457, 'learning_rate': 0.0, 'epoch': 0.02}
{'loss': 0.0, 'grad_norm': 3.1622776985168457, 'learning_rate': 0.0, 'epoch': 0.02}
{'loss': 0.0, 'grad_norm': 3.1622776985168457, 'learning_rate': 0.0, 'epoch': 0.02}
{'loss': 0.0, 'grad_norm': 3.1622776985168457, 'learning_rate': 0.0, 'epoch': 0.02}
{'loss': 0.0, 'grad_norm': 3.1622776985168457, 'learning_rate': 0.0, 'epoch': 0.02}
{'loss': 0.0, 'grad_norm': 3.1622776985168457, 'learning_rate': 0.0, 'epoch': 0.02}
{'loss': 0.0, 'grad_norm': 3.1622776985168457, 'learning_rate': 0.0, 'epoch': 0.02}
{'loss': 0.0, 'grad_norm': 3.1622776985168457, 'learning_rate': 0.0, 'epoch': 0.02}
{'loss': 0.0, 'grad_norm': 3.1622776985168457, 'learning_rate': 0.0, 'epoch': 0.02}
{'loss': 0.0, 'grad_norm': 3.1622776985168457, 'learning_rate': 0.0, 'epoch': 0.02}
{'loss': 0.0, 'grad_norm': 3.1622776985168457, 'learning_rate': 0.0, 'epoch': 0.02}
{'loss': 0.0, 'grad_norm': 3.1622776985168457, 'learning_rate': 0.0, 'epoch': 0.02}
{'loss': 0.0, 'grad_norm': 3.1622776985168457, 'learning_rate': 0.0, 'epoch': 0.02}
{'loss': 0.0, 'grad_norm': 3.1622776985168457, 'learning_rate': 0.0, 'epoch': 0.02}
{'loss': 0.0, 'grad_norm': 3.1622776985168457, 'learning_rate': 0.0, 'epoch': 0.02}
{'loss': 0.0, 'grad_norm': 3.1622776985168457, 'learning_rate': 0.0, 'epoch': 0.02}
{'loss': 0.0, 'grad_norm': 3.1622776985168457, 'learning_rate': 0.0, 'epoch': 0.02}
{'loss': 0.0, 'grad_norm': 3.1622776985168457, 'learning_rate': 0.0, 'epoch': 0.02}
{'loss': 0.0, 'grad_norm': 3.1622776985168457, 'learning_rate': 0.0, 'epoch': 0.02}
{'loss': 0.0, 'grad_norm': 3.1622776985168457, 'learning_rate': 0.0, 'epoch': 0.02}
{'loss': 0.0, 'grad_norm': 3.1622776985168457, 'learning_rate': 0.0, 'epoch': 0.02}
{'loss': 0.0, 'grad_norm': 3.1622776985168457, 'learning_rate': 0.0, 'epoch': 0.02}
{'loss': 0.0, 'grad_norm': 3.1622776985168457, 'learning_rate': 0.0, 'epoch': 0.02}
{'loss': 0.0, 'grad_norm': 3.1622776985168457, 'learning_rate': 0.0, 'epoch': 0.02}
{'loss': 0.0, 'grad_norm': 3.1622776985168457, 'learning_rate': 0.0, 'epoch': 0.02}
{'loss': 0.0, 'grad_norm': 3.1622776985168457, 'learning_rate': 0.0, 'epoch': 0.02}
{'loss': 0.0, 'grad_norm': 3.1622776985168457, 'learning_rate': 0.0, 'epoch': 0.02}
{'loss': 0.0, 'grad_norm': 3.1622776985168457, 'learning_rate': 0.0, 'epoch': 0.02}
{'loss': 0.0, 'grad_norm': 3.1622776985168457, 'learning_rate': 0.0, 'epoch': 0.03}
{'loss': 0.0, 'grad_norm': 3.1622776985168457, 'learning_rate': 0.0, 'epoch': 0.03}
Error with image file is truncated (73 bytes not processed)
{'loss': 0.0, 'grad_norm': 3.1622776985168457, 'learning_rate': 0.0, 'epoch': 0.03}
{'loss': 0.0, 'grad_norm': 3.1622776985168457, 'learning_rate': 0.0, 'epoch': 0.03}
{'loss': 0.0, 'grad_norm': 3.1622776985168457, 'learning_rate': 0.0, 'epoch': 0.03}
{'loss': 0.0, 'grad_norm': 3.1622776985168457, 'learning_rate': 0.0, 'epoch': 0.03}
{'loss': 0.0, 'grad_norm': 3.1622776985168457, 'learning_rate': 0.0, 'epoch': 0.03}
{'loss': 0.0, 'grad_norm': 3.1622776985168457, 'learning_rate': 0.0, 'epoch': 0.03}
{'loss': 0.0, 'grad_norm': 3.1622776985168457, 'learning_rate': 0.0, 'epoch': 0.03}
{'loss': 0.0, 'grad_norm': 3.1622776985168457, 'learning_rate': 0.0, 'epoch': 0.03}
{'loss': 0.0, 'grad_norm': 3.1622776985168457, 'learning_rate': 0.0, 'epoch': 0.03}
{'loss': 0.0, 'grad_norm': 3.1622776985168457, 'learning_rate': 0.0, 'epoch': 0.03}
{'loss': 0.0, 'grad_norm': 3.1622776985168457, 'learning_rate': 0.0, 'epoch': 0.03}
{'loss': 0.0, 'grad_norm': 3.1622776985168457, 'learning_rate': 0.0, 'epoch': 0.03}
{'loss': 0.0, 'grad_norm': 3.1622776985168457, 'learning_rate': 0.0, 'epoch': 0.03}
{'loss': 0.0, 'grad_norm': 3.1622776985168457, 'learning_rate': 0.0, 'epoch': 0.03}
{'loss': 0.0, 'grad_norm': 3.1622776985168457, 'learning_rate': 0.0, 'epoch': 0.03}
{'loss': 0.0, 'grad_norm': 3.1622776985168457, 'learning_rate': 0.0, 'epoch': 0.03}
{'loss': 0.0, 'grad_norm': 3.1622776985168457, 'learning_rate': 0.0, 'epoch': 0.03}
{'loss': 0.0, 'grad_norm': 3.1622776985168457, 'learning_rate': 0.0, 'epoch': 0.03}
{'loss': 0.0, 'grad_norm': 3.1622776985168457, 'learning_rate': 0.0, 'epoch': 0.03}
{'loss': 0.0, 'grad_norm': 3.1622776985168457, 'learning_rate': 0.0, 'epoch': 0.03}
{'loss': 0.0, 'grad_norm': 3.1622776985168457, 'learning_rate': 0.0, 'epoch': 0.03}
{'loss': 0.0, 'grad_norm': 3.1622776985168457, 'learning_rate': 0.0, 'epoch': 0.03}
{'loss': 0.0, 'grad_norm': 3.1622776985168457, 'learning_rate': 0.0, 'epoch': 0.03}
{'loss': 0.0, 'grad_norm': 3.1622776985168457, 'learning_rate': 0.0, 'epoch': 0.03}
{'loss': 0.0, 'grad_norm': 3.1622776985168457, 'learning_rate': 0.0, 'epoch': 0.03}
{'loss': 0.0, 'grad_norm': 3.1622776985168457, 'learning_rate': 0.0, 'epoch': 0.03}
{'loss': 0.0, 'grad_norm': 3.1622776985168457, 'learning_rate': 0.0, 'epoch': 0.03}
{'loss': 0.0, 'grad_norm': 3.1622776985168457, 'learning_rate': 0.0, 'epoch': 0.03}
{'loss': 0.0, 'grad_norm': 3.1622776985168457, 'learning_rate': 0.0, 'epoch': 0.03}
{'loss': 0.0, 'grad_norm': 3.1622776985168457, 'learning_rate': 0.0, 'epoch': 0.03}
{'loss': 0.0, 'grad_norm': 3.1622776985168457, 'learning_rate': 0.0, 'epoch': 0.03}
{'loss': 0.0, 'grad_norm': 3.1622776985168457, 'learning_rate': 0.0, 'epoch': 0.03}
{'loss': 0.0, 'grad_norm': 3.1622776985168457, 'learning_rate': 0.0, 'epoch': 0.03}
{'loss': 0.0, 'grad_norm': 3.1622776985168457, 'learning_rate': 0.0, 'epoch': 0.03}
{'loss': 0.0, 'grad_norm': 3.1622776985168457, 'learning_rate': 0.0, 'epoch': 0.03}
{'loss': 0.0, 'grad_norm': 3.1622776985168457, 'learning_rate': 0.0, 'epoch': 0.03}
{'loss': 0.0, 'grad_norm': 3.1622776985168457, 'learning_rate': 0.0, 'epoch': 0.03}
{'loss': 0.0, 'grad_norm': 3.1622776985168457, 'learning_rate': 0.0, 'epoch': 0.03}
{'loss': 0.0, 'grad_norm': 3.1622776985168457, 'learning_rate': 0.0, 'epoch': 0.03}
{'loss': 0.0, 'grad_norm': 3.1622776985168457, 'learning_rate': 0.0, 'epoch': 0.03}
{'loss': 0.0, 'grad_norm': 3.1622776985168457, 'learning_rate': 0.0, 'epoch': 0.03}
{'loss': 0.0, 'grad_norm': 3.1622776985168457, 'learning_rate': 0.0, 'epoch': 0.03}
{'loss': 0.0, 'grad_norm': 3.1622776985168457, 'learning_rate': 0.0, 'epoch': 0.03}
{'loss': 0.0, 'grad_norm': 3.1622776985168457, 'learning_rate': 0.0, 'epoch': 0.03}
{'loss': 0.0, 'grad_norm': 3.1622776985168457, 'learning_rate': 0.0, 'epoch': 0.03}
{'loss': 0.0, 'grad_norm': 3.1622776985168457, 'learning_rate': 0.0, 'epoch': 0.03}
{'loss': 0.0, 'grad_norm': 3.1622776985168457, 'learning_rate': 0.0, 'epoch': 0.03}
{'loss': 0.0, 'grad_norm': 3.1622776985168457, 'learning_rate': 0.0, 'epoch': 0.03}
{'loss': 0.0, 'grad_norm': 3.1622776985168457, 'learning_rate': 0.0, 'epoch': 0.03}
{'loss': 0.0, 'grad_norm': 3.1622776985168457, 'learning_rate': 0.0, 'epoch': 0.03}
{'loss': 0.0, 'grad_norm': 3.1622776985168457, 'learning_rate': 0.0, 'epoch': 0.04}
{'loss': 0.0, 'grad_norm': 3.1622776985168457, 'learning_rate': 0.0, 'epoch': 0.04}
{'loss': 0.0, 'grad_norm': 3.1622776985168457, 'learning_rate': 0.0, 'epoch': 0.04}
{'loss': 0.0, 'grad_norm': 3.1622776985168457, 'learning_rate': 0.0, 'epoch': 0.04}
{'loss': 0.0, 'grad_norm': 3.1622776985168457, 'learning_rate': 0.0, 'epoch': 0.04}
{'loss': 0.0, 'grad_norm': 3.1622776985168457, 'learning_rate': 0.0, 'epoch': 0.04}
{'loss': 0.0, 'grad_norm': 3.1622776985168457, 'learning_rate': 0.0, 'epoch': 0.04}
{'loss': 0.0, 'grad_norm': 3.1622776985168457, 'learning_rate': 0.0, 'epoch': 0.04}
{'loss': 0.0, 'grad_norm': 3.1622776985168457, 'learning_rate': 0.0, 'epoch': 0.04}
{'loss': 0.0, 'grad_norm': 3.1622776985168457, 'learning_rate': 0.0, 'epoch': 0.04}
Error with image file is truncated (8 bytes not processed)
{'loss': 0.0, 'grad_norm': 3.1622776985168457, 'learning_rate': 0.0, 'epoch': 0.04}
{'loss': 0.0, 'grad_norm': 3.1622776985168457, 'learning_rate': 0.0, 'epoch': 0.04}
{'loss': 0.0, 'grad_norm': 3.1622776985168457, 'learning_rate': 0.0, 'epoch': 0.04}
{'loss': 0.0, 'grad_norm': 3.1622776985168457, 'learning_rate': 0.0, 'epoch': 0.04}
{'loss': 0.0, 'grad_norm': 3.1622776985168457, 'learning_rate': 0.0, 'epoch': 0.04}
{'loss': 0.0, 'grad_norm': 3.1622776985168457, 'learning_rate': 0.0, 'epoch': 0.04}
{'loss': 0.0, 'grad_norm': 3.1622776985168457, 'learning_rate': 0.0, 'epoch': 0.04}
{'loss': 0.0, 'grad_norm': 3.1622776985168457, 'learning_rate': 0.0, 'epoch': 0.04}
{'loss': 0.0, 'grad_norm': 3.1622776985168457, 'learning_rate': 0.0, 'epoch': 0.04}
{'loss': 0.0, 'grad_norm': 3.1622776985168457, 'learning_rate': 0.0, 'epoch': 0.04}
{'loss': 0.0, 'grad_norm': 3.1622776985168457, 'learning_rate': 0.0, 'epoch': 0.04}
{'loss': 0.0, 'grad_norm': 3.1622776985168457, 'learning_rate': 0.0, 'epoch': 0.04}
{'loss': 0.0, 'grad_norm': 3.1622776985168457, 'learning_rate': 0.0, 'epoch': 0.04}
{'loss': 0.0, 'grad_norm': 3.1622776985168457, 'learning_rate': 0.0, 'epoch': 0.04}
{'loss': 0.0, 'grad_norm': 3.1622776985168457, 'learning_rate': 0.0, 'epoch': 0.04}
{'loss': 0.0, 'grad_norm': 3.1622776985168457, 'learning_rate': 0.0, 'epoch': 0.04}
{'loss': 0.0, 'grad_norm': 3.1622776985168457, 'learning_rate': 0.0, 'epoch': 0.04}
{'loss': 0.0, 'grad_norm': 3.1622776985168457, 'learning_rate': 0.0, 'epoch': 0.04}
{'loss': 0.0, 'grad_norm': 3.1622776985168457, 'learning_rate': 0.0, 'epoch': 0.04}
{'loss': 0.0, 'grad_norm': 3.1622776985168457, 'learning_rate': 0.0, 'epoch': 0.04}
{'loss': 0.0, 'grad_norm': 3.1622776985168457, 'learning_rate': 0.0, 'epoch': 0.04}
{'loss': 0.0, 'grad_norm': 3.1622776985168457, 'learning_rate': 0.0, 'epoch': 0.04}
{'loss': 0.0, 'grad_norm': 3.1622776985168457, 'learning_rate': 0.0, 'epoch': 0.04}
{'loss': 0.0, 'grad_norm': 3.1622776985168457, 'learning_rate': 0.0, 'epoch': 0.04}
{'loss': 0.0, 'grad_norm': 3.1622776985168457, 'learning_rate': 0.0, 'epoch': 0.04}
{'loss': 0.0, 'grad_norm': 3.1622776985168457, 'learning_rate': 0.0, 'epoch': 0.04}
{'loss': 0.0, 'grad_norm': 3.1622776985168457, 'learning_rate': 0.0, 'epoch': 0.04}
{'loss': 0.0, 'grad_norm': 3.1622776985168457, 'learning_rate': 0.0, 'epoch': 0.04}
{'loss': 0.0, 'grad_norm': 3.1622776985168457, 'learning_rate': 0.0, 'epoch': 0.04}
{'loss': 0.0, 'grad_norm': 3.1622776985168457, 'learning_rate': 0.0, 'epoch': 0.04}
{'loss': 0.0, 'grad_norm': 3.1622776985168457, 'learning_rate': 0.0, 'epoch': 0.04}
{'loss': 0.0, 'grad_norm': 3.1622776985168457, 'learning_rate': 0.0, 'epoch': 0.04}
{'loss': 0.0, 'grad_norm': 3.1622776985168457, 'learning_rate': 0.0, 'epoch': 0.04}
{'loss': 0.0, 'grad_norm': 3.1622776985168457, 'learning_rate': 0.0, 'epoch': 0.04}
{'loss': 0.0, 'grad_norm': 3.1622776985168457, 'learning_rate': 0.0, 'epoch': 0.04}
{'loss': 0.0, 'grad_norm': 3.1622776985168457, 'learning_rate': 0.0, 'epoch': 0.04}
{'loss': 0.0, 'grad_norm': 3.1622776985168457, 'learning_rate': 0.0, 'epoch': 0.04}
{'loss': 0.0, 'grad_norm': 3.1622776985168457, 'learning_rate': 0.0, 'epoch': 0.04}
{'loss': 0.0, 'grad_norm': 3.1622776985168457, 'learning_rate': 0.0, 'epoch': 0.04}
{'loss': 0.0, 'grad_norm': 3.1622776985168457, 'learning_rate': 0.0, 'epoch': 0.04}
{'loss': 0.0, 'grad_norm': 3.1622776985168457, 'learning_rate': 0.0, 'epoch': 0.04}
{'loss': 0.0, 'grad_norm': 3.1622776985168457, 'learning_rate': 0.0, 'epoch': 0.04}
{'loss': 0.0, 'grad_norm': 3.1622776985168457, 'learning_rate': 0.0, 'epoch': 0.05}
{'loss': 0.0, 'grad_norm': 3.1622776985168457, 'learning_rate': 0.0, 'epoch': 0.05}
{'loss': 0.0, 'grad_norm': 3.1622776985168457, 'learning_rate': 0.0, 'epoch': 0.05}
{'loss': 0.0, 'grad_norm': 3.1622776985168457, 'learning_rate': 0.0, 'epoch': 0.05}
{'loss': 0.0, 'grad_norm': 3.1622776985168457, 'learning_rate': 0.0, 'epoch': 0.05}
{'loss': 0.0, 'grad_norm': 3.1622776985168457, 'learning_rate': 0.0, 'epoch': 0.05}
{'loss': 0.0, 'grad_norm': 3.1622776985168457, 'learning_rate': 0.0, 'epoch': 0.05}
{'loss': 0.0, 'grad_norm': 3.1622776985168457, 'learning_rate': 0.0, 'epoch': 0.05}
{'loss': 0.0, 'grad_norm': 3.1622776985168457, 'learning_rate': 0.0, 'epoch': 0.05}
{'loss': 0.0, 'grad_norm': 3.1622776985168457, 'learning_rate': 0.0, 'epoch': 0.05}
{'loss': 0.0, 'grad_norm': 3.1622776985168457, 'learning_rate': 0.0, 'epoch': 0.05}
{'loss': 0.0, 'grad_norm': 3.1622776985168457, 'learning_rate': 0.0, 'epoch': 0.05}
{'loss': 0.0, 'grad_norm': 3.1622776985168457, 'learning_rate': 0.0, 'epoch': 0.05}
Error with image file is truncated (91 bytes not processed)
{'loss': 0.0, 'grad_norm': 3.1622776985168457, 'learning_rate': 0.0, 'epoch': 0.05}
{'loss': 0.0, 'grad_norm': 3.1622776985168457, 'learning_rate': 0.0, 'epoch': 0.05}
{'loss': 0.0, 'grad_norm': 3.1622776985168457, 'learning_rate': 0.0, 'epoch': 0.05}
{'loss': 0.0, 'grad_norm': 3.1622776985168457, 'learning_rate': 0.0, 'epoch': 0.05}
{'loss': 0.0, 'grad_norm': 3.1622776985168457, 'learning_rate': 0.0, 'epoch': 0.05}
{'loss': 0.0, 'grad_norm': 3.1622776985168457, 'learning_rate': 0.0, 'epoch': 0.05}
{'loss': 0.0, 'grad_norm': 3.1622776985168457, 'learning_rate': 0.0, 'epoch': 0.05}
{'loss': 0.0, 'grad_norm': 3.1622776985168457, 'learning_rate': 0.0, 'epoch': 0.05}
{'loss': 0.0, 'grad_norm': 3.1622776985168457, 'learning_rate': 0.0, 'epoch': 0.05}
{'loss': 0.0, 'grad_norm': 3.1622776985168457, 'learning_rate': 0.0, 'epoch': 0.05}
{'loss': 0.0, 'grad_norm': 3.1622776985168457, 'learning_rate': 0.0, 'epoch': 0.05}
{'loss': 0.0, 'grad_norm': 3.1622776985168457, 'learning_rate': 0.0, 'epoch': 0.05}
{'loss': 0.0, 'grad_norm': 3.1622776985168457, 'learning_rate': 0.0, 'epoch': 0.05}
{'loss': 0.0, 'grad_norm': 3.1622776985168457, 'learning_rate': 0.0, 'epoch': 0.05}
{'loss': 0.0, 'grad_norm': 3.1622776985168457, 'learning_rate': 0.0, 'epoch': 0.05}
{'loss': 0.0, 'grad_norm': 3.1622776985168457, 'learning_rate': 0.0, 'epoch': 0.05}
{'loss': 0.0, 'grad_norm': 3.1622776985168457, 'learning_rate': 0.0, 'epoch': 0.05}
{'loss': 0.0, 'grad_norm': 3.1622776985168457, 'learning_rate': 0.0, 'epoch': 0.05}
{'loss': 0.0, 'grad_norm': 3.1622776985168457, 'learning_rate': 0.0, 'epoch': 0.05}
{'loss': 0.0, 'grad_norm': 3.1622776985168457, 'learning_rate': 0.0, 'epoch': 0.05}
{'loss': 0.0, 'grad_norm': 3.1622776985168457, 'learning_rate': 0.0, 'epoch': 0.05}
{'loss': 0.0, 'grad_norm': 3.1622776985168457, 'learning_rate': 0.0, 'epoch': 0.05}
{'loss': 0.0, 'grad_norm': 3.1622776985168457, 'learning_rate': 0.0, 'epoch': 0.05}
{'loss': 0.0, 'grad_norm': 3.1622776985168457, 'learning_rate': 0.0, 'epoch': 0.05}
{'loss': 0.0, 'grad_norm': 3.1622776985168457, 'learning_rate': 0.0, 'epoch': 0.05}
{'loss': 0.0, 'grad_norm': 3.1622776985168457, 'learning_rate': 0.0, 'epoch': 0.05}
{'loss': 0.0, 'grad_norm': 3.1622776985168457, 'learning_rate': 0.0, 'epoch': 0.05}
{'loss': 0.0, 'grad_norm': 3.1622776985168457, 'learning_rate': 0.0, 'epoch': 0.05}
{'loss': 0.0, 'grad_norm': 3.1622776985168457, 'learning_rate': 0.0, 'epoch': 0.05}
{'loss': 0.0, 'grad_norm': 3.1622776985168457, 'learning_rate': 0.0, 'epoch': 0.05}
{'loss': 0.0, 'grad_norm': 3.1622776985168457, 'learning_rate': 0.0, 'epoch': 0.05}
{'loss': 0.0, 'grad_norm': 3.1622776985168457, 'learning_rate': 0.0, 'epoch': 0.05}
{'loss': 0.0, 'grad_norm': 3.1622776985168457, 'learning_rate': 0.0, 'epoch': 0.05}
{'loss': 0.0, 'grad_norm': 3.1622776985168457, 'learning_rate': 0.0, 'epoch': 0.05}
{'loss': 0.0, 'grad_norm': 3.1622776985168457, 'learning_rate': 0.0, 'epoch': 0.05}
{'loss': 0.0, 'grad_norm': 3.1622776985168457, 'learning_rate': 0.0, 'epoch': 0.05}
{'loss': 0.0, 'grad_norm': 3.1622776985168457, 'learning_rate': 0.0, 'epoch': 0.05}
{'loss': 0.0, 'grad_norm': 3.1622776985168457, 'learning_rate': 0.0, 'epoch': 0.05}
{'loss': 0.0, 'grad_norm': 3.1622776985168457, 'learning_rate': 0.0, 'epoch': 0.05}
{'loss': 0.0, 'grad_norm': 3.1622776985168457, 'learning_rate': 0.0, 'epoch': 0.06}
{'loss': 0.0, 'grad_norm': 3.1622776985168457, 'learning_rate': 0.0, 'epoch': 0.06}
{'loss': 0.0, 'grad_norm': 3.1622776985168457, 'learning_rate': 0.0, 'epoch': 0.06}
{'loss': 0.0, 'grad_norm': 3.1622776985168457, 'learning_rate': 0.0, 'epoch': 0.06}
{'loss': 0.0, 'grad_norm': 3.1622776985168457, 'learning_rate': 0.0, 'epoch': 0.06}
{'loss': 0.0, 'grad_norm': 3.1622776985168457, 'learning_rate': 0.0, 'epoch': 0.06}
{'loss': 0.0, 'grad_norm': 3.1622776985168457, 'learning_rate': 0.0, 'epoch': 0.06}
{'loss': 0.0, 'grad_norm': 3.1622776985168457, 'learning_rate': 0.0, 'epoch': 0.06}
{'loss': 0.0, 'grad_norm': 3.1622776985168457, 'learning_rate': 0.0, 'epoch': 0.06}
{'loss': 0.0, 'grad_norm': 3.1622776985168457, 'learning_rate': 0.0, 'epoch': 0.06}
{'loss': 0.0, 'grad_norm': 3.1622776985168457, 'learning_rate': 0.0, 'epoch': 0.06}
{'loss': 0.0, 'grad_norm': 3.1622776985168457, 'learning_rate': 0.0, 'epoch': 0.06}
{'loss': 0.0, 'grad_norm': 3.1622776985168457, 'learning_rate': 0.0, 'epoch': 0.06}
{'loss': 0.0, 'grad_norm': 3.1622776985168457, 'learning_rate': 0.0, 'epoch': 0.06}
{'loss': 0.0, 'grad_norm': 3.1622776985168457, 'learning_rate': 0.0, 'epoch': 0.06}
{'loss': 0.0, 'grad_norm': 3.1622776985168457, 'learning_rate': 0.0, 'epoch': 0.06}
{'loss': 0.0, 'grad_norm': 3.1622776985168457, 'learning_rate': 0.0, 'epoch': 0.06}
{'loss': 0.0, 'grad_norm': 3.1622776985168457, 'learning_rate': 0.0, 'epoch': 0.06}
{'loss': 0.0, 'grad_norm': 3.1622776985168457, 'learning_rate': 0.0, 'epoch': 0.06}
{'loss': 0.0, 'grad_norm': 3.1622776985168457, 'learning_rate': 0.0, 'epoch': 0.06}
{'loss': 0.0, 'grad_norm': 3.1622776985168457, 'learning_rate': 0.0, 'epoch': 0.06}
{'loss': 0.0, 'grad_norm': 3.1622776985168457, 'learning_rate': 0.0, 'epoch': 0.06}
{'loss': 0.0, 'grad_norm': 3.1622776985168457, 'learning_rate': 0.0, 'epoch': 0.06}
{'loss': 0.0, 'grad_norm': 3.1622776985168457, 'learning_rate': 0.0, 'epoch': 0.06}
{'loss': 0.0, 'grad_norm': 3.1622776985168457, 'learning_rate': 0.0, 'epoch': 0.06}
{'loss': 0.0, 'grad_norm': 3.1622776985168457, 'learning_rate': 0.0, 'epoch': 0.06}
{'loss': 0.0, 'grad_norm': 3.1622776985168457, 'learning_rate': 0.0, 'epoch': 0.06}
{'loss': 0.0, 'grad_norm': 3.1622776985168457, 'learning_rate': 0.0, 'epoch': 0.06}
{'loss': 0.0, 'grad_norm': 3.1622776985168457, 'learning_rate': 0.0, 'epoch': 0.06}
{'loss': 0.0, 'grad_norm': 3.1622776985168457, 'learning_rate': 0.0, 'epoch': 0.06}
{'loss': 0.0, 'grad_norm': 3.1622776985168457, 'learning_rate': 0.0, 'epoch': 0.06}
{'loss': 0.0, 'grad_norm': 3.1622776985168457, 'learning_rate': 0.0, 'epoch': 0.06}
{'loss': 0.0, 'grad_norm': 3.1622776985168457, 'learning_rate': 0.0, 'epoch': 0.06}
{'loss': 0.0, 'grad_norm': 3.1622776985168457, 'learning_rate': 0.0, 'epoch': 0.06}
{'loss': 0.0, 'grad_norm': 3.1622776985168457, 'learning_rate': 0.0, 'epoch': 0.06}
{'loss': 0.0, 'grad_norm': 3.1622776985168457, 'learning_rate': 0.0, 'epoch': 0.06}
{'loss': 0.0, 'grad_norm': 3.1622776985168457, 'learning_rate': 0.0, 'epoch': 0.06}
{'loss': 0.0, 'grad_norm': 3.1622776985168457, 'learning_rate': 0.0, 'epoch': 0.06}
{'loss': 0.0, 'grad_norm': 3.1622776985168457, 'learning_rate': 0.0, 'epoch': 0.06}
{'loss': 0.0, 'grad_norm': 3.1622776985168457, 'learning_rate': 0.0, 'epoch': 0.06}
{'loss': 0.0, 'grad_norm': 3.1622776985168457, 'learning_rate': 0.0, 'epoch': 0.06}
{'loss': 0.0, 'grad_norm': 3.1622776985168457, 'learning_rate': 0.0, 'epoch': 0.06}
{'loss': 0.0, 'grad_norm': 3.1622776985168457, 'learning_rate': 0.0, 'epoch': 0.06}
{'loss': 0.0, 'grad_norm': 3.1622776985168457, 'learning_rate': 0.0, 'epoch': 0.06}
{'loss': 0.0, 'grad_norm': 3.1622776985168457, 'learning_rate': 0.0, 'epoch': 0.06}
{'loss': 0.0, 'grad_norm': 3.1622776985168457, 'learning_rate': 0.0, 'epoch': 0.06}
{'loss': 0.0, 'grad_norm': 3.1622776985168457, 'learning_rate': 0.0, 'epoch': 0.06}
{'loss': 0.0, 'grad_norm': 3.1622776985168457, 'learning_rate': 0.0, 'epoch': 0.06}
{'loss': 0.0, 'grad_norm': 3.1622776985168457, 'learning_rate': 0.0, 'epoch': 0.06}
{'loss': 0.0, 'grad_norm': 3.1622776985168457, 'learning_rate': 0.0, 'epoch': 0.06}
{'loss': 0.0, 'grad_norm': 3.1622776985168457, 'learning_rate': 0.0, 'epoch': 0.06}
{'loss': 0.0, 'grad_norm': 3.1622776985168457, 'learning_rate': 0.0, 'epoch': 0.06}
{'loss': 0.0, 'grad_norm': 3.1622776985168457, 'learning_rate': 0.0, 'epoch': 0.07}
{'loss': 0.0, 'grad_norm': 3.1622776985168457, 'learning_rate': 0.0, 'epoch': 0.07}
{'loss': 0.0, 'grad_norm': 3.1622776985168457, 'learning_rate': 0.0, 'epoch': 0.07}
{'loss': 0.0, 'grad_norm': 3.1622776985168457, 'learning_rate': 0.0, 'epoch': 0.07}
{'loss': 0.0, 'grad_norm': 3.1622776985168457, 'learning_rate': 0.0, 'epoch': 0.07}
{'loss': 0.0, 'grad_norm': 3.1622776985168457, 'learning_rate': 0.0, 'epoch': 0.07}
{'loss': 0.0, 'grad_norm': 3.1622776985168457, 'learning_rate': 0.0, 'epoch': 0.07}
{'loss': 0.0, 'grad_norm': 3.1622776985168457, 'learning_rate': 0.0, 'epoch': 0.07}
Error with image file is truncated (70 bytes not processed)
{'loss': 0.0, 'grad_norm': 3.1622776985168457, 'learning_rate': 0.0, 'epoch': 0.07}
{'loss': 0.0, 'grad_norm': 3.1622776985168457, 'learning_rate': 0.0, 'epoch': 0.07}
{'loss': 0.0, 'grad_norm': 3.1622776985168457, 'learning_rate': 0.0, 'epoch': 0.07}
{'loss': 0.0, 'grad_norm': 3.1622776985168457, 'learning_rate': 0.0, 'epoch': 0.07}
{'loss': 0.0, 'grad_norm': 3.1622776985168457, 'learning_rate': 0.0, 'epoch': 0.07}
{'loss': 0.0, 'grad_norm': 3.1622776985168457, 'learning_rate': 0.0, 'epoch': 0.07}
{'loss': 0.0, 'grad_norm': 3.1622776985168457, 'learning_rate': 0.0, 'epoch': 0.07}
{'loss': 0.0, 'grad_norm': 3.1622776985168457, 'learning_rate': 0.0, 'epoch': 0.07}
{'loss': 0.0, 'grad_norm': 3.1622776985168457, 'learning_rate': 0.0, 'epoch': 0.07}
{'loss': 0.0, 'grad_norm': 3.1622776985168457, 'learning_rate': 0.0, 'epoch': 0.07}
{'loss': 0.0, 'grad_norm': 3.1622776985168457, 'learning_rate': 0.0, 'epoch': 0.07}
{'loss': 0.0, 'grad_norm': 3.1622776985168457, 'learning_rate': 0.0, 'epoch': 0.07}
{'loss': 0.0, 'grad_norm': 3.1622776985168457, 'learning_rate': 0.0, 'epoch': 0.07}
{'loss': 0.0, 'grad_norm': 3.1622776985168457, 'learning_rate': 0.0, 'epoch': 0.07}
{'loss': 0.0, 'grad_norm': 3.1622776985168457, 'learning_rate': 0.0, 'epoch': 0.07}
WARNING: tokenization mismatch: 0 vs. 517. (ignored)
{'loss': 0.0, 'grad_norm': 3.1622776985168457, 'learning_rate': 0.0, 'epoch': 0.07}
{'loss': 0.0, 'grad_norm': 3.1622776985168457, 'learning_rate': 0.0, 'epoch': 0.07}
{'loss': 0.0, 'grad_norm': 3.1622776985168457, 'learning_rate': 0.0, 'epoch': 0.07}
{'loss': 0.0, 'grad_norm': 3.1622776985168457, 'learning_rate': 0.0, 'epoch': 0.07}
{'loss': 0.0, 'grad_norm': 3.1622776985168457, 'learning_rate': 0.0, 'epoch': 0.07}
{'loss': 0.0, 'grad_norm': 3.1622776985168457, 'learning_rate': 0.0, 'epoch': 0.07}
{'loss': 0.0, 'grad_norm': 3.1622776985168457, 'learning_rate': 0.0, 'epoch': 0.07}
{'loss': 0.0, 'grad_norm': 3.1622776985168457, 'learning_rate': 0.0, 'epoch': 0.07}
{'loss': 0.0, 'grad_norm': 3.1622776985168457, 'learning_rate': 0.0, 'epoch': 0.07}
{'loss': 0.0, 'grad_norm': 3.1622776985168457, 'learning_rate': 0.0, 'epoch': 0.07}
{'loss': 0.0, 'grad_norm': 3.1622776985168457, 'learning_rate': 0.0, 'epoch': 0.07}
{'loss': 0.0, 'grad_norm': 3.1622776985168457, 'learning_rate': 0.0, 'epoch': 0.07}
{'loss': 0.0, 'grad_norm': 3.1622776985168457, 'learning_rate': 0.0, 'epoch': 0.07}
{'loss': 0.0, 'grad_norm': 3.1622776985168457, 'learning_rate': 0.0, 'epoch': 0.07}
{'loss': 0.0, 'grad_norm': 3.1622776985168457, 'learning_rate': 0.0, 'epoch': 0.07}
{'loss': 0.0, 'grad_norm': 3.1622776985168457, 'learning_rate': 0.0, 'epoch': 0.07}
{'loss': 0.0, 'grad_norm': 3.1622776985168457, 'learning_rate': 0.0, 'epoch': 0.07}
{'loss': 0.0, 'grad_norm': 3.1622776985168457, 'learning_rate': 0.0, 'epoch': 0.07}
{'loss': 0.0, 'grad_norm': 3.1622776985168457, 'learning_rate': 0.0, 'epoch': 0.07}
{'loss': 0.0, 'grad_norm': 3.1622776985168457, 'learning_rate': 0.0, 'epoch': 0.07}
{'loss': 0.0, 'grad_norm': 3.1622776985168457, 'learning_rate': 0.0, 'epoch': 0.07}
{'loss': 0.0, 'grad_norm': 3.1622776985168457, 'learning_rate': 0.0, 'epoch': 0.07}
{'loss': 0.0, 'grad_norm': 3.1622776985168457, 'learning_rate': 0.0, 'epoch': 0.07}
{'loss': 0.0, 'grad_norm': 3.1622776985168457, 'learning_rate': 0.0, 'epoch': 0.07}
{'loss': 0.0, 'grad_norm': 3.1622776985168457, 'learning_rate': 0.0, 'epoch': 0.07}
{'loss': 0.0, 'grad_norm': 3.1622776985168457, 'learning_rate': 0.0, 'epoch': 0.07}
{'loss': 0.0, 'grad_norm': 3.1622776985168457, 'learning_rate': 0.0, 'epoch': 0.07}
{'loss': 0.0, 'grad_norm': 3.1622776985168457, 'learning_rate': 0.0, 'epoch': 0.07}
{'loss': 0.0, 'grad_norm': 3.1622776985168457, 'learning_rate': 0.0, 'epoch': 0.07}
{'loss': 0.0, 'grad_norm': 3.1622776985168457, 'learning_rate': 0.0, 'epoch': 0.08}
{'loss': 0.0, 'grad_norm': 3.1622776985168457, 'learning_rate': 0.0, 'epoch': 0.08}
{'loss': 0.0, 'grad_norm': 3.1622776985168457, 'learning_rate': 0.0, 'epoch': 0.08}
{'loss': 0.0, 'grad_norm': 3.1622776985168457, 'learning_rate': 0.0, 'epoch': 0.08}
{'loss': 0.0, 'grad_norm': 3.1622776985168457, 'learning_rate': 0.0, 'epoch': 0.08}
{'loss': 0.0, 'grad_norm': 3.1622776985168457, 'learning_rate': 0.0, 'epoch': 0.08}
{'loss': 0.0, 'grad_norm': 3.1622776985168457, 'learning_rate': 0.0, 'epoch': 0.08}
{'loss': 0.0, 'grad_norm': 3.1622776985168457, 'learning_rate': 0.0, 'epoch': 0.08}
{'loss': 0.0, 'grad_norm': 3.1622776985168457, 'learning_rate': 0.0, 'epoch': 0.08}
{'loss': 0.0, 'grad_norm': 3.1622776985168457, 'learning_rate': 0.0, 'epoch': 0.08}
{'loss': 0.0, 'grad_norm': 3.1622776985168457, 'learning_rate': 0.0, 'epoch': 0.08}
{'loss': 0.0, 'grad_norm': 3.1622776985168457, 'learning_rate': 0.0, 'epoch': 0.08}
{'loss': 0.0, 'grad_norm': 3.1622776985168457, 'learning_rate': 0.0, 'epoch': 0.08}
{'loss': 0.0, 'grad_norm': 3.1622776985168457, 'learning_rate': 0.0, 'epoch': 0.08}
{'loss': 0.0, 'grad_norm': 3.1622776985168457, 'learning_rate': 0.0, 'epoch': 0.08}
{'loss': 0.0, 'grad_norm': 3.1622776985168457, 'learning_rate': 0.0, 'epoch': 0.08}
{'loss': 0.0, 'grad_norm': 3.1622776985168457, 'learning_rate': 0.0, 'epoch': 0.08}
{'loss': 0.0, 'grad_norm': 3.1622776985168457, 'learning_rate': 0.0, 'epoch': 0.08}
{'loss': 0.0, 'grad_norm': 3.1622776985168457, 'learning_rate': 0.0, 'epoch': 0.08}
{'loss': 0.0, 'grad_norm': 3.1622776985168457, 'learning_rate': 0.0, 'epoch': 0.08}
{'loss': 0.0, 'grad_norm': 3.1622776985168457, 'learning_rate': 0.0, 'epoch': 0.08}
{'loss': 0.0, 'grad_norm': 3.1622776985168457, 'learning_rate': 0.0, 'epoch': 0.08}
{'loss': 0.0, 'grad_norm': 3.1622776985168457, 'learning_rate': 0.0, 'epoch': 0.08}
{'loss': 0.0, 'grad_norm': 3.1622776985168457, 'learning_rate': 0.0, 'epoch': 0.08}
{'loss': 0.0, 'grad_norm': 3.1622776985168457, 'learning_rate': 0.0, 'epoch': 0.08}
{'loss': 0.0, 'grad_norm': 3.1622776985168457, 'learning_rate': 0.0, 'epoch': 0.08}
{'loss': 0.0, 'grad_norm': 3.1622776985168457, 'learning_rate': 0.0, 'epoch': 0.08}
{'loss': 0.0, 'grad_norm': 3.1622776985168457, 'learning_rate': 0.0, 'epoch': 0.08}
{'loss': 0.0, 'grad_norm': 3.1622776985168457, 'learning_rate': 0.0, 'epoch': 0.08}
{'loss': 0.0, 'grad_norm': 3.1622776985168457, 'learning_rate': 0.0, 'epoch': 0.08}
{'loss': 0.0, 'grad_norm': 3.1622776985168457, 'learning_rate': 0.0, 'epoch': 0.08}
{'loss': 0.0, 'grad_norm': 3.1622776985168457, 'learning_rate': 0.0, 'epoch': 0.08}
{'loss': 0.0, 'grad_norm': 3.1622776985168457, 'learning_rate': 0.0, 'epoch': 0.08}
{'loss': 0.0, 'grad_norm': 3.1622776985168457, 'learning_rate': 0.0, 'epoch': 0.08}
{'loss': 0.0, 'grad_norm': 3.1622776985168457, 'learning_rate': 0.0, 'epoch': 0.08}
{'loss': 0.0, 'grad_norm': 3.1622776985168457, 'learning_rate': 0.0, 'epoch': 0.08}
{'loss': 0.0, 'grad_norm': 3.1622776985168457, 'learning_rate': 0.0, 'epoch': 0.08}
{'loss': 0.0, 'grad_norm': 3.1622776985168457, 'learning_rate': 0.0, 'epoch': 0.08}
{'loss': 0.0, 'grad_norm': 3.1622776985168457, 'learning_rate': 0.0, 'epoch': 0.08}
{'loss': 0.0, 'grad_norm': 3.1622776985168457, 'learning_rate': 0.0, 'epoch': 0.08}
{'loss': 0.0, 'grad_norm': 3.1622776985168457, 'learning_rate': 0.0, 'epoch': 0.08}
{'loss': 0.0, 'grad_norm': 3.1622776985168457, 'learning_rate': 0.0, 'epoch': 0.08}
{'loss': 0.0, 'grad_norm': 3.1622776985168457, 'learning_rate': 0.0, 'epoch': 0.08}
{'loss': 0.0, 'grad_norm': 3.1622776985168457, 'learning_rate': 0.0, 'epoch': 0.08}
{'loss': 0.0, 'grad_norm': 3.1622776985168457, 'learning_rate': 0.0, 'epoch': 0.08}
{'loss': 0.0, 'grad_norm': 3.1622776985168457, 'learning_rate': 0.0, 'epoch': 0.08}
{'loss': 0.0, 'grad_norm': 3.1622776985168457, 'learning_rate': 0.0, 'epoch': 0.08}
{'loss': 0.0, 'grad_norm': 3.1622776985168457, 'learning_rate': 0.0, 'epoch': 0.08}
{'loss': 0.0, 'grad_norm': 3.1622776985168457, 'learning_rate': 0.0, 'epoch': 0.08}
{'loss': 0.0, 'grad_norm': 3.1622776985168457, 'learning_rate': 0.0, 'epoch': 0.08}
{'loss': 0.0, 'grad_norm': 3.1622776985168457, 'learning_rate': 0.0, 'epoch': 0.08}
{'loss': 0.0, 'grad_norm': 3.1622776985168457, 'learning_rate': 0.0, 'epoch': 0.08}
{'loss': 0.0, 'grad_norm': 3.1622776985168457, 'learning_rate': 0.0, 'epoch': 0.09}
{'loss': 0.0, 'grad_norm': 3.1622776985168457, 'learning_rate': 0.0, 'epoch': 0.09}
{'loss': 0.0, 'grad_norm': 3.1622776985168457, 'learning_rate': 0.0, 'epoch': 0.09}
{'loss': 0.0, 'grad_norm': 3.1622776985168457, 'learning_rate': 0.0, 'epoch': 0.09}
{'loss': 0.0, 'grad_norm': 3.1622776985168457, 'learning_rate': 0.0, 'epoch': 0.09}
{'loss': 0.0, 'grad_norm': 3.1622776985168457, 'learning_rate': 0.0, 'epoch': 0.09}
{'loss': 0.0, 'grad_norm': 3.1622776985168457, 'learning_rate': 0.0, 'epoch': 0.09}
{'loss': 0.0, 'grad_norm': 3.1622776985168457, 'learning_rate': 0.0, 'epoch': 0.09}
{'loss': 0.0, 'grad_norm': 3.1622776985168457, 'learning_rate': 0.0, 'epoch': 0.09}
{'loss': 0.0, 'grad_norm': 3.1622776985168457, 'learning_rate': 0.0, 'epoch': 0.09}
{'loss': 0.0, 'grad_norm': 3.1622776985168457, 'learning_rate': 0.0, 'epoch': 0.09}
{'loss': 0.0, 'grad_norm': 3.1622776985168457, 'learning_rate': 0.0, 'epoch': 0.09}
{'loss': 0.0, 'grad_norm': 3.1622776985168457, 'learning_rate': 0.0, 'epoch': 0.09}
{'loss': 0.0, 'grad_norm': 3.1622776985168457, 'learning_rate': 0.0, 'epoch': 0.09}
{'loss': 0.0, 'grad_norm': 3.1622776985168457, 'learning_rate': 0.0, 'epoch': 0.09}
{'loss': 0.0, 'grad_norm': 3.1622776985168457, 'learning_rate': 0.0, 'epoch': 0.09}
{'loss': 0.0, 'grad_norm': 3.1622776985168457, 'learning_rate': 0.0, 'epoch': 0.09}
{'loss': 0.0, 'grad_norm': 3.1622776985168457, 'learning_rate': 0.0, 'epoch': 0.09}
{'loss': 0.0, 'grad_norm': 3.1622776985168457, 'learning_rate': 0.0, 'epoch': 0.09}
{'loss': 0.0, 'grad_norm': 3.1622776985168457, 'learning_rate': 0.0, 'epoch': 0.09}
{'loss': 0.0, 'grad_norm': 3.1622776985168457, 'learning_rate': 0.0, 'epoch': 0.09}
{'loss': 0.0, 'grad_norm': 3.1622776985168457, 'learning_rate': 0.0, 'epoch': 0.09}
{'loss': 0.0, 'grad_norm': 3.1622776985168457, 'learning_rate': 0.0, 'epoch': 0.09}
{'loss': 0.0, 'grad_norm': 3.1622776985168457, 'learning_rate': 0.0, 'epoch': 0.09}
{'loss': 0.0, 'grad_norm': 3.1622776985168457, 'learning_rate': 0.0, 'epoch': 0.09}
{'loss': 0.0, 'grad_norm': 3.1622776985168457, 'learning_rate': 0.0, 'epoch': 0.09}
{'loss': 0.0, 'grad_norm': 3.1622776985168457, 'learning_rate': 0.0, 'epoch': 0.09}
{'loss': 0.0, 'grad_norm': 3.1622776985168457, 'learning_rate': 0.0, 'epoch': 0.09}
{'loss': 0.0, 'grad_norm': 3.1622776985168457, 'learning_rate': 0.0, 'epoch': 0.09}
{'loss': 0.0, 'grad_norm': 3.1622776985168457, 'learning_rate': 0.0, 'epoch': 0.09}
{'loss': 0.0, 'grad_norm': 3.1622776985168457, 'learning_rate': 0.0, 'epoch': 0.09}
{'loss': 0.0, 'grad_norm': 3.1622776985168457, 'learning_rate': 0.0, 'epoch': 0.09}
{'loss': 0.0, 'grad_norm': 3.1622776985168457, 'learning_rate': 0.0, 'epoch': 0.09}
{'loss': 0.0, 'grad_norm': 3.1622776985168457, 'learning_rate': 0.0, 'epoch': 0.09}
{'loss': 0.0, 'grad_norm': 3.1622776985168457, 'learning_rate': 0.0, 'epoch': 0.09}
{'loss': 0.0, 'grad_norm': 3.1622776985168457, 'learning_rate': 0.0, 'epoch': 0.09}
{'loss': 0.0, 'grad_norm': 3.1622776985168457, 'learning_rate': 0.0, 'epoch': 0.09}
{'loss': 0.0, 'grad_norm': 3.1622776985168457, 'learning_rate': 0.0, 'epoch': 0.09}
{'loss': 0.0, 'grad_norm': 3.1622776985168457, 'learning_rate': 0.0, 'epoch': 0.09}
{'loss': 0.0, 'grad_norm': 3.1622776985168457, 'learning_rate': 0.0, 'epoch': 0.09}
{'loss': 0.0, 'grad_norm': 3.1622776985168457, 'learning_rate': 0.0, 'epoch': 0.09}
{'loss': 0.0, 'grad_norm': 3.1622776985168457, 'learning_rate': 0.0, 'epoch': 0.09}
{'loss': 0.0, 'grad_norm': 3.1622776985168457, 'learning_rate': 0.0, 'epoch': 0.09}
{'loss': 0.0, 'grad_norm': 3.1622776985168457, 'learning_rate': 0.0, 'epoch': 0.09}
{'loss': 0.0, 'grad_norm': 3.1622776985168457, 'learning_rate': 0.0, 'epoch': 0.09}
{'loss': 0.0, 'grad_norm': 3.1622776985168457, 'learning_rate': 0.0, 'epoch': 0.09}
{'loss': 0.0, 'grad_norm': 3.1622776985168457, 'learning_rate': 0.0, 'epoch': 0.09}
{'loss': 0.0, 'grad_norm': 3.1622776985168457, 'learning_rate': 0.0, 'epoch': 0.09}
{'loss': 0.0, 'grad_norm': 3.1622776985168457, 'learning_rate': 0.0, 'epoch': 0.09}
{'loss': 0.0, 'grad_norm': 3.1622776985168457, 'learning_rate': 0.0, 'epoch': 0.09}
{'loss': 0.0, 'grad_norm': 3.1622776985168457, 'learning_rate': 0.0, 'epoch': 0.09}
{'loss': 0.0, 'grad_norm': 3.1622776985168457, 'learning_rate': 0.0, 'epoch': 0.09}
{'loss': 0.0, 'grad_norm': 3.1622776985168457, 'learning_rate': 0.0, 'epoch': 0.1}
{'loss': 0.0, 'grad_norm': 3.1622776985168457, 'learning_rate': 0.0, 'epoch': 0.1}
{'loss': 0.0, 'grad_norm': 3.1622776985168457, 'learning_rate': 0.0, 'epoch': 0.1}
{'loss': 0.0, 'grad_norm': 3.1622776985168457, 'learning_rate': 0.0, 'epoch': 0.1}
{'loss': 0.0, 'grad_norm': 3.1622776985168457, 'learning_rate': 0.0, 'epoch': 0.1}
{'loss': 0.0, 'grad_norm': 3.1622776985168457, 'learning_rate': 0.0, 'epoch': 0.1}
{'loss': 0.0, 'grad_norm': 3.1622776985168457, 'learning_rate': 0.0, 'epoch': 0.1}
{'loss': 0.0, 'grad_norm': 3.1622776985168457, 'learning_rate': 0.0, 'epoch': 0.1}
{'loss': 0.0, 'grad_norm': 3.1622776985168457, 'learning_rate': 0.0, 'epoch': 0.1}
{'loss': 0.0, 'grad_norm': 3.1622776985168457, 'learning_rate': 0.0, 'epoch': 0.1}
{'loss': 0.0, 'grad_norm': 3.1622776985168457, 'learning_rate': 0.0, 'epoch': 0.1}
{'loss': 0.0, 'grad_norm': 3.1622776985168457, 'learning_rate': 0.0, 'epoch': 0.1}
{'loss': 0.0, 'grad_norm': 3.1622776985168457, 'learning_rate': 0.0, 'epoch': 0.1}
{'loss': 0.0, 'grad_norm': 3.1622776985168457, 'learning_rate': 0.0, 'epoch': 0.1}
{'loss': 0.0, 'grad_norm': 3.1622776985168457, 'learning_rate': 0.0, 'epoch': 0.1}
{'loss': 0.0, 'grad_norm': 3.1622776985168457, 'learning_rate': 0.0, 'epoch': 0.1}
{'loss': 0.0, 'grad_norm': 3.1622776985168457, 'learning_rate': 0.0, 'epoch': 0.1}
{'loss': 0.0, 'grad_norm': 3.1622776985168457, 'learning_rate': 0.0, 'epoch': 0.1}
{'loss': 0.0, 'grad_norm': 3.1622776985168457, 'learning_rate': 0.0, 'epoch': 0.1}
{'loss': 0.0, 'grad_norm': 3.1622776985168457, 'learning_rate': 0.0, 'epoch': 0.1}
{'loss': 0.0, 'grad_norm': 3.1622776985168457, 'learning_rate': 0.0, 'epoch': 0.1}
{'loss': 0.0, 'grad_norm': 3.1622776985168457, 'learning_rate': 0.0, 'epoch': 0.1}
{'loss': 0.0, 'grad_norm': 3.1622776985168457, 'learning_rate': 0.0, 'epoch': 0.1}
{'loss': 0.0, 'grad_norm': 3.1622776985168457, 'learning_rate': 0.0, 'epoch': 0.1}
{'loss': 0.0, 'grad_norm': 3.1622776985168457, 'learning_rate': 0.0, 'epoch': 0.1}
{'loss': 0.0, 'grad_norm': 3.1622776985168457, 'learning_rate': 0.0, 'epoch': 0.1}
{'loss': 0.0, 'grad_norm': 3.1622776985168457, 'learning_rate': 0.0, 'epoch': 0.1}
{'loss': 0.0, 'grad_norm': 3.1622776985168457, 'learning_rate': 0.0, 'epoch': 0.1}
{'loss': 0.0, 'grad_norm': 3.1622776985168457, 'learning_rate': 0.0, 'epoch': 0.1}
{'loss': 0.0, 'grad_norm': 3.1622776985168457, 'learning_rate': 0.0, 'epoch': 0.1}
{'loss': 0.0, 'grad_norm': 3.1622776985168457, 'learning_rate': 0.0, 'epoch': 0.1}
{'loss': 0.0, 'grad_norm': 3.1622776985168457, 'learning_rate': 0.0, 'epoch': 0.1}
{'loss': 0.0, 'grad_norm': 3.1622776985168457, 'learning_rate': 0.0, 'epoch': 0.1}
{'loss': 0.0, 'grad_norm': 3.1622776985168457, 'learning_rate': 0.0, 'epoch': 0.1}
{'loss': 0.0, 'grad_norm': 3.1622776985168457, 'learning_rate': 0.0, 'epoch': 0.1}
{'loss': 0.0, 'grad_norm': 3.1622776985168457, 'learning_rate': 0.0, 'epoch': 0.1}
{'loss': 0.0, 'grad_norm': 3.1622776985168457, 'learning_rate': 0.0, 'epoch': 0.1}
{'loss': 0.0, 'grad_norm': 3.1622776985168457, 'learning_rate': 0.0, 'epoch': 0.1}
{'loss': 0.0, 'grad_norm': 3.1622776985168457, 'learning_rate': 0.0, 'epoch': 0.1}
{'loss': 0.0, 'grad_norm': 3.1622776985168457, 'learning_rate': 0.0, 'epoch': 0.1}
{'loss': 0.0, 'grad_norm': 3.1622776985168457, 'learning_rate': 0.0, 'epoch': 0.1}
{'loss': 0.0, 'grad_norm': 3.1622776985168457, 'learning_rate': 0.0, 'epoch': 0.1}
{'loss': 0.0, 'grad_norm': 3.1622776985168457, 'learning_rate': 0.0, 'epoch': 0.1}
{'loss': 0.0, 'grad_norm': 3.1622776985168457, 'learning_rate': 0.0, 'epoch': 0.1}
{'loss': 0.0, 'grad_norm': 3.1622776985168457, 'learning_rate': 0.0, 'epoch': 0.1}
{'loss': 0.0, 'grad_norm': 3.1622776985168457, 'learning_rate': 0.0, 'epoch': 0.1}
WARNING: tokenization mismatch: 0 vs. 1354. (ignored)
{'loss': 0.0, 'grad_norm': 3.1622776985168457, 'learning_rate': 0.0, 'epoch': 0.1}
{'loss': 0.0, 'grad_norm': 3.1622776985168457, 'learning_rate': 0.0, 'epoch': 0.1}
{'loss': 0.0, 'grad_norm': 3.1622776985168457, 'learning_rate': 0.0, 'epoch': 0.1}
{'loss': 0.0, 'grad_norm': 3.1622776985168457, 'learning_rate': 0.0, 'epoch': 0.1}
{'loss': 0.0, 'grad_norm': 3.1622776985168457, 'learning_rate': 0.0, 'epoch': 0.1}
{'loss': 0.0, 'grad_norm': 3.1622776985168457, 'learning_rate': 0.0, 'epoch': 0.1}
{'loss': 0.0, 'grad_norm': 3.1622776985168457, 'learning_rate': 0.0, 'epoch': 0.11}
{'loss': 0.0, 'grad_norm': 3.1622776985168457, 'learning_rate': 0.0, 'epoch': 0.11}
{'loss': 0.0, 'grad_norm': 3.1622776985168457, 'learning_rate': 0.0, 'epoch': 0.11}
{'loss': 0.0, 'grad_norm': 3.1622776985168457, 'learning_rate': 0.0, 'epoch': 0.11}
{'loss': 0.0, 'grad_norm': 3.1622776985168457, 'learning_rate': 0.0, 'epoch': 0.11}
{'loss': 0.0, 'grad_norm': 3.1622776985168457, 'learning_rate': 0.0, 'epoch': 0.11}
{'loss': 0.0, 'grad_norm': 3.1622776985168457, 'learning_rate': 0.0, 'epoch': 0.11}
{'loss': 0.0, 'grad_norm': 3.1622776985168457, 'learning_rate': 0.0, 'epoch': 0.11}
{'loss': 0.0, 'grad_norm': 3.1622776985168457, 'learning_rate': 0.0, 'epoch': 0.11}
{'loss': 0.0, 'grad_norm': 3.1622776985168457, 'learning_rate': 0.0, 'epoch': 0.11}
{'loss': 0.0, 'grad_norm': 3.1622776985168457, 'learning_rate': 0.0, 'epoch': 0.11}
{'loss': 0.0, 'grad_norm': 3.1622776985168457, 'learning_rate': 0.0, 'epoch': 0.11}
{'loss': 0.0, 'grad_norm': 3.1622776985168457, 'learning_rate': 0.0, 'epoch': 0.11}
{'loss': 0.0, 'grad_norm': 3.1622776985168457, 'learning_rate': 0.0, 'epoch': 0.11}
{'loss': 0.0, 'grad_norm': 3.1622776985168457, 'learning_rate': 0.0, 'epoch': 0.11}
{'loss': 0.0, 'grad_norm': 3.1622776985168457, 'learning_rate': 0.0, 'epoch': 0.11}
{'loss': 0.0, 'grad_norm': 3.1622776985168457, 'learning_rate': 0.0, 'epoch': 0.11}
{'loss': 0.0, 'grad_norm': 3.1622776985168457, 'learning_rate': 0.0, 'epoch': 0.11}
{'loss': 0.0, 'grad_norm': 3.1622776985168457, 'learning_rate': 0.0, 'epoch': 0.11}
{'loss': 0.0, 'grad_norm': 3.1622776985168457, 'learning_rate': 0.0, 'epoch': 0.11}
{'loss': 0.0, 'grad_norm': 3.1622776985168457, 'learning_rate': 0.0, 'epoch': 0.11}
{'loss': 0.0, 'grad_norm': 3.1622776985168457, 'learning_rate': 0.0, 'epoch': 0.11}
{'loss': 0.0, 'grad_norm': 3.1622776985168457, 'learning_rate': 0.0, 'epoch': 0.11}
{'loss': 0.0, 'grad_norm': 3.1622776985168457, 'learning_rate': 0.0, 'epoch': 0.11}
{'loss': 0.0, 'grad_norm': 3.1622776985168457, 'learning_rate': 0.0, 'epoch': 0.11}
{'loss': 0.0, 'grad_norm': 3.1622776985168457, 'learning_rate': 0.0, 'epoch': 0.11}
{'loss': 0.0, 'grad_norm': 3.1622776985168457, 'learning_rate': 0.0, 'epoch': 0.11}
{'loss': 0.0, 'grad_norm': 3.1622776985168457, 'learning_rate': 0.0, 'epoch': 0.11}
{'loss': 0.0, 'grad_norm': 3.1622776985168457, 'learning_rate': 0.0, 'epoch': 0.11}
{'loss': 0.0, 'grad_norm': 3.1622776985168457, 'learning_rate': 0.0, 'epoch': 0.11}
{'loss': 0.0, 'grad_norm': 3.1622776985168457, 'learning_rate': 0.0, 'epoch': 0.11}
{'loss': 0.0, 'grad_norm': 3.1622776985168457, 'learning_rate': 0.0, 'epoch': 0.11}
{'loss': 0.0, 'grad_norm': 3.1622776985168457, 'learning_rate': 0.0, 'epoch': 0.11}
{'loss': 0.0, 'grad_norm': 3.1622776985168457, 'learning_rate': 0.0, 'epoch': 0.11}
{'loss': 0.0, 'grad_norm': 3.1622776985168457, 'learning_rate': 0.0, 'epoch': 0.11}
{'loss': 0.0, 'grad_norm': 3.1622776985168457, 'learning_rate': 0.0, 'epoch': 0.11}
{'loss': 0.0, 'grad_norm': 3.1622776985168457, 'learning_rate': 0.0, 'epoch': 0.11}
{'loss': 0.0, 'grad_norm': 3.1622776985168457, 'learning_rate': 0.0, 'epoch': 0.11}
{'loss': 0.0, 'grad_norm': 3.1622776985168457, 'learning_rate': 0.0, 'epoch': 0.11}
{'loss': 0.0, 'grad_norm': 3.1622776985168457, 'learning_rate': 0.0, 'epoch': 0.11}
{'loss': 0.0, 'grad_norm': 3.1622776985168457, 'learning_rate': 0.0, 'epoch': 0.11}
{'loss': 0.0, 'grad_norm': 3.1622776985168457, 'learning_rate': 0.0, 'epoch': 0.11}
{'loss': 0.0, 'grad_norm': 3.1622776985168457, 'learning_rate': 0.0, 'epoch': 0.11}
{'loss': 0.0, 'grad_norm': 3.1622776985168457, 'learning_rate': 0.0, 'epoch': 0.11}
{'loss': 0.0, 'grad_norm': 3.1622776985168457, 'learning_rate': 0.0, 'epoch': 0.11}
{'loss': 0.0, 'grad_norm': 3.1622776985168457, 'learning_rate': 0.0, 'epoch': 0.11}
{'loss': 0.0, 'grad_norm': 3.1622776985168457, 'learning_rate': 0.0, 'epoch': 0.11}
{'loss': 0.0, 'grad_norm': 3.1622776985168457, 'learning_rate': 0.0, 'epoch': 0.11}
{'loss': 0.0, 'grad_norm': 3.1622776985168457, 'learning_rate': 0.0, 'epoch': 0.11}
{'loss': 0.0, 'grad_norm': 3.1622776985168457, 'learning_rate': 0.0, 'epoch': 0.11}
{'loss': 0.0, 'grad_norm': 3.1622776985168457, 'learning_rate': 0.0, 'epoch': 0.11}
{'loss': 0.0, 'grad_norm': 3.1622776985168457, 'learning_rate': 0.0, 'epoch': 0.11}
{'loss': 0.0, 'grad_norm': 3.1622776985168457, 'learning_rate': 0.0, 'epoch': 0.12}
{'loss': 0.0, 'grad_norm': 3.1622776985168457, 'learning_rate': 0.0, 'epoch': 0.12}
{'loss': 0.0, 'grad_norm': 3.1622776985168457, 'learning_rate': 0.0, 'epoch': 0.12}
{'loss': 0.0, 'grad_norm': 3.1622776985168457, 'learning_rate': 0.0, 'epoch': 0.12}
{'loss': 0.0, 'grad_norm': 3.1622776985168457, 'learning_rate': 0.0, 'epoch': 0.12}
{'loss': 0.0, 'grad_norm': 3.1622776985168457, 'learning_rate': 0.0, 'epoch': 0.12}
{'loss': 0.0, 'grad_norm': 3.1622776985168457, 'learning_rate': 0.0, 'epoch': 0.12}
{'loss': 0.0, 'grad_norm': 3.1622776985168457, 'learning_rate': 0.0, 'epoch': 0.12}
{'loss': 0.0, 'grad_norm': 3.1622776985168457, 'learning_rate': 0.0, 'epoch': 0.12}
{'loss': 0.0, 'grad_norm': 3.1622776985168457, 'learning_rate': 0.0, 'epoch': 0.12}
{'loss': 0.0, 'grad_norm': 3.1622776985168457, 'learning_rate': 0.0, 'epoch': 0.12}
{'loss': 0.0, 'grad_norm': 3.1622776985168457, 'learning_rate': 0.0, 'epoch': 0.12}
{'loss': 0.0, 'grad_norm': 3.1622776985168457, 'learning_rate': 0.0, 'epoch': 0.12}
{'loss': 0.0, 'grad_norm': 3.1622776985168457, 'learning_rate': 0.0, 'epoch': 0.12}
{'loss': 0.0, 'grad_norm': 3.1622776985168457, 'learning_rate': 0.0, 'epoch': 0.12}
{'loss': 0.0, 'grad_norm': 3.1622776985168457, 'learning_rate': 0.0, 'epoch': 0.12}
{'loss': 0.0, 'grad_norm': 3.1622776985168457, 'learning_rate': 0.0, 'epoch': 0.12}
{'loss': 0.0, 'grad_norm': 3.1622776985168457, 'learning_rate': 0.0, 'epoch': 0.12}
{'loss': 0.0, 'grad_norm': 3.1622776985168457, 'learning_rate': 0.0, 'epoch': 0.12}
{'loss': 0.0, 'grad_norm': 3.1622776985168457, 'learning_rate': 0.0, 'epoch': 0.12}
{'loss': 0.0, 'grad_norm': 3.1622776985168457, 'learning_rate': 0.0, 'epoch': 0.12}
{'loss': 0.0, 'grad_norm': 3.1622776985168457, 'learning_rate': 0.0, 'epoch': 0.12}
{'loss': 0.0, 'grad_norm': 3.1622776985168457, 'learning_rate': 0.0, 'epoch': 0.12}
{'loss': 0.0, 'grad_norm': 3.1622776985168457, 'learning_rate': 0.0, 'epoch': 0.12}
{'loss': 0.0, 'grad_norm': 3.1622776985168457, 'learning_rate': 0.0, 'epoch': 0.12}
{'loss': 0.0, 'grad_norm': 3.1622776985168457, 'learning_rate': 0.0, 'epoch': 0.12}
{'loss': 0.0, 'grad_norm': 3.1622776985168457, 'learning_rate': 0.0, 'epoch': 0.12}
{'loss': 0.0, 'grad_norm': 3.1622776985168457, 'learning_rate': 0.0, 'epoch': 0.12}
{'loss': 0.0, 'grad_norm': 3.1622776985168457, 'learning_rate': 0.0, 'epoch': 0.12}
{'loss': 0.0, 'grad_norm': 3.1622776985168457, 'learning_rate': 0.0, 'epoch': 0.12}
{'loss': 0.0, 'grad_norm': 3.1622776985168457, 'learning_rate': 0.0, 'epoch': 0.12}
{'loss': 0.0, 'grad_norm': 3.1622776985168457, 'learning_rate': 0.0, 'epoch': 0.12}
{'loss': 0.0, 'grad_norm': 3.1622776985168457, 'learning_rate': 0.0, 'epoch': 0.12}
{'loss': 0.0, 'grad_norm': 3.1622776985168457, 'learning_rate': 0.0, 'epoch': 0.12}
{'loss': 0.0, 'grad_norm': 3.1622776985168457, 'learning_rate': 0.0, 'epoch': 0.12}
{'loss': 0.0, 'grad_norm': 3.1622776985168457, 'learning_rate': 0.0, 'epoch': 0.12}
{'loss': 0.0, 'grad_norm': 3.1622776985168457, 'learning_rate': 0.0, 'epoch': 0.12}
{'loss': 0.0, 'grad_norm': 3.1622776985168457, 'learning_rate': 0.0, 'epoch': 0.12}
{'loss': 0.0, 'grad_norm': 3.1622776985168457, 'learning_rate': 0.0, 'epoch': 0.12}
{'loss': 0.0, 'grad_norm': 3.1622776985168457, 'learning_rate': 0.0, 'epoch': 0.12}
{'loss': 0.0, 'grad_norm': 3.1622776985168457, 'learning_rate': 0.0, 'epoch': 0.12}
{'loss': 0.0, 'grad_norm': 3.1622776985168457, 'learning_rate': 0.0, 'epoch': 0.12}
{'loss': 0.0, 'grad_norm': 3.1622776985168457, 'learning_rate': 0.0, 'epoch': 0.12}
{'loss': 0.0, 'grad_norm': 3.1622776985168457, 'learning_rate': 0.0, 'epoch': 0.12}
{'loss': 0.0, 'grad_norm': 3.1622776985168457, 'learning_rate': 0.0, 'epoch': 0.12}
{'loss': 0.0, 'grad_norm': 3.1622776985168457, 'learning_rate': 0.0, 'epoch': 0.12}
{'loss': 0.0, 'grad_norm': 3.1622776985168457, 'learning_rate': 0.0, 'epoch': 0.12}
{'loss': 0.0, 'grad_norm': 3.1622776985168457, 'learning_rate': 0.0, 'epoch': 0.12}
{'loss': 0.0, 'grad_norm': 3.1622776985168457, 'learning_rate': 0.0, 'epoch': 0.12}
{'loss': 0.0, 'grad_norm': 3.1622776985168457, 'learning_rate': 0.0, 'epoch': 0.12}
{'loss': 0.0, 'grad_norm': 3.1622776985168457, 'learning_rate': 0.0, 'epoch': 0.12}
{'loss': 0.0, 'grad_norm': 3.1622776985168457, 'learning_rate': 0.0, 'epoch': 0.12}
{'loss': 0.0, 'grad_norm': 3.1622776985168457, 'learning_rate': 0.0, 'epoch': 0.13}
{'loss': 0.0, 'grad_norm': 3.1622776985168457, 'learning_rate': 0.0, 'epoch': 0.13}
{'loss': 0.0, 'grad_norm': 3.1622776985168457, 'learning_rate': 0.0, 'epoch': 0.13}
{'loss': 0.0, 'grad_norm': 3.1622776985168457, 'learning_rate': 0.0, 'epoch': 0.13}
{'loss': 0.0, 'grad_norm': 3.1622776985168457, 'learning_rate': 0.0, 'epoch': 0.13}
{'loss': 0.0, 'grad_norm': 3.1622776985168457, 'learning_rate': 0.0, 'epoch': 0.13}
{'loss': 0.0, 'grad_norm': 3.1622776985168457, 'learning_rate': 0.0, 'epoch': 0.13}
{'loss': 0.0, 'grad_norm': 3.1622776985168457, 'learning_rate': 0.0, 'epoch': 0.13}
{'loss': 0.0, 'grad_norm': 3.1622776985168457, 'learning_rate': 0.0, 'epoch': 0.13}
{'loss': 0.0, 'grad_norm': 3.1622776985168457, 'learning_rate': 0.0, 'epoch': 0.13}
{'loss': 0.0, 'grad_norm': 3.1622776985168457, 'learning_rate': 0.0, 'epoch': 0.13}
{'loss': 0.0, 'grad_norm': 3.1622776985168457, 'learning_rate': 0.0, 'epoch': 0.13}
{'loss': 0.0, 'grad_norm': 3.1622776985168457, 'learning_rate': 0.0, 'epoch': 0.13}
{'loss': 0.0, 'grad_norm': 3.1622776985168457, 'learning_rate': 0.0, 'epoch': 0.13}
{'loss': 0.0, 'grad_norm': 3.1622776985168457, 'learning_rate': 0.0, 'epoch': 0.13}
{'loss': 0.0, 'grad_norm': 3.1622776985168457, 'learning_rate': 0.0, 'epoch': 0.13}
{'loss': 0.0, 'grad_norm': 3.1622776985168457, 'learning_rate': 0.0, 'epoch': 0.13}
{'loss': 0.0, 'grad_norm': 3.1622776985168457, 'learning_rate': 0.0, 'epoch': 0.13}
{'loss': 0.0, 'grad_norm': 3.1622776985168457, 'learning_rate': 0.0, 'epoch': 0.13}
{'loss': 0.0, 'grad_norm': 3.1622776985168457, 'learning_rate': 0.0, 'epoch': 0.13}
{'loss': 0.0, 'grad_norm': 3.1622776985168457, 'learning_rate': 0.0, 'epoch': 0.13}
{'loss': 0.0, 'grad_norm': 3.1622776985168457, 'learning_rate': 0.0, 'epoch': 0.13}
{'loss': 0.0, 'grad_norm': 3.1622776985168457, 'learning_rate': 0.0, 'epoch': 0.13}
{'loss': 0.0, 'grad_norm': 3.1622776985168457, 'learning_rate': 0.0, 'epoch': 0.13}
{'loss': 0.0, 'grad_norm': 3.1622776985168457, 'learning_rate': 0.0, 'epoch': 0.13}
{'loss': 0.0, 'grad_norm': 3.1622776985168457, 'learning_rate': 0.0, 'epoch': 0.13}
{'loss': 0.0, 'grad_norm': 3.1622776985168457, 'learning_rate': 0.0, 'epoch': 0.13}
{'loss': 0.0, 'grad_norm': 3.1622776985168457, 'learning_rate': 0.0, 'epoch': 0.13}
{'loss': 0.0, 'grad_norm': 3.1622776985168457, 'learning_rate': 0.0, 'epoch': 0.13}
{'loss': 0.0, 'grad_norm': 3.1622776985168457, 'learning_rate': 0.0, 'epoch': 0.13}
{'loss': 0.0, 'grad_norm': 3.1622776985168457, 'learning_rate': 0.0, 'epoch': 0.13}
{'loss': 0.0, 'grad_norm': 3.1622776985168457, 'learning_rate': 0.0, 'epoch': 0.13}
{'loss': 0.0, 'grad_norm': 3.1622776985168457, 'learning_rate': 0.0, 'epoch': 0.13}
{'loss': 0.0, 'grad_norm': 3.1622776985168457, 'learning_rate': 0.0, 'epoch': 0.13}
{'loss': 0.0, 'grad_norm': 3.1622776985168457, 'learning_rate': 0.0, 'epoch': 0.13}
{'loss': 0.0, 'grad_norm': 3.1622776985168457, 'learning_rate': 0.0, 'epoch': 0.13}
{'loss': 0.0, 'grad_norm': 3.1622776985168457, 'learning_rate': 0.0, 'epoch': 0.13}
{'loss': 0.0, 'grad_norm': 3.1622776985168457, 'learning_rate': 0.0, 'epoch': 0.13}
{'loss': 0.0, 'grad_norm': 3.1622776985168457, 'learning_rate': 0.0, 'epoch': 0.13}
{'loss': 0.0, 'grad_norm': 3.1622776985168457, 'learning_rate': 0.0, 'epoch': 0.13}
{'loss': 0.0, 'grad_norm': 3.1622776985168457, 'learning_rate': 0.0, 'epoch': 0.13}
{'loss': 0.0, 'grad_norm': 3.1622776985168457, 'learning_rate': 0.0, 'epoch': 0.13}
{'loss': 0.0, 'grad_norm': 3.1622776985168457, 'learning_rate': 0.0, 'epoch': 0.13}
{'loss': 0.0, 'grad_norm': 3.1622776985168457, 'learning_rate': 0.0, 'epoch': 0.13}
{'loss': 0.0, 'grad_norm': 3.1622776985168457, 'learning_rate': 0.0, 'epoch': 0.13}
{'loss': 0.0, 'grad_norm': 3.1622776985168457, 'learning_rate': 0.0, 'epoch': 0.13}
{'loss': 0.0, 'grad_norm': 3.1622776985168457, 'learning_rate': 0.0, 'epoch': 0.13}
{'loss': 0.0, 'grad_norm': 3.1622776985168457, 'learning_rate': 0.0, 'epoch': 0.13}
{'loss': 0.0, 'grad_norm': 3.1622776985168457, 'learning_rate': 0.0, 'epoch': 0.13}
{'loss': 0.0, 'grad_norm': 3.1622776985168457, 'learning_rate': 0.0, 'epoch': 0.13}
{'loss': 0.0, 'grad_norm': 3.1622776985168457, 'learning_rate': 0.0, 'epoch': 0.13}
{'loss': 0.0, 'grad_norm': 3.1622776985168457, 'learning_rate': 0.0, 'epoch': 0.13}
{'loss': 0.0, 'grad_norm': 3.1622776985168457, 'learning_rate': 0.0, 'epoch': 0.14}
{'loss': 0.0, 'grad_norm': 3.1622776985168457, 'learning_rate': 0.0, 'epoch': 0.14}
{'loss': 0.0, 'grad_norm': 3.1622776985168457, 'learning_rate': 0.0, 'epoch': 0.14}
{'loss': 0.0, 'grad_norm': 3.1622776985168457, 'learning_rate': 0.0, 'epoch': 0.14}
{'loss': 0.0, 'grad_norm': 3.1622776985168457, 'learning_rate': 0.0, 'epoch': 0.14}
{'loss': 0.0, 'grad_norm': 3.1622776985168457, 'learning_rate': 0.0, 'epoch': 0.14}
{'loss': 0.0, 'grad_norm': 3.1622776985168457, 'learning_rate': 0.0, 'epoch': 0.14}
{'loss': 0.0, 'grad_norm': 3.1622776985168457, 'learning_rate': 0.0, 'epoch': 0.14}
{'loss': 0.0, 'grad_norm': 3.1622776985168457, 'learning_rate': 0.0, 'epoch': 0.14}
{'loss': 0.0, 'grad_norm': 3.1622776985168457, 'learning_rate': 0.0, 'epoch': 0.14}
{'loss': 0.0, 'grad_norm': 3.1622776985168457, 'learning_rate': 0.0, 'epoch': 0.14}
Error with image file is truncated (46 bytes not processed)
{'loss': 0.0, 'grad_norm': 3.1622776985168457, 'learning_rate': 0.0, 'epoch': 0.14}
{'loss': 0.0, 'grad_norm': 3.1622776985168457, 'learning_rate': 0.0, 'epoch': 0.14}
{'loss': 0.0, 'grad_norm': 3.1622776985168457, 'learning_rate': 0.0, 'epoch': 0.14}
{'loss': 0.0, 'grad_norm': 3.1622776985168457, 'learning_rate': 0.0, 'epoch': 0.14}
{'loss': 0.0, 'grad_norm': 3.1622776985168457, 'learning_rate': 0.0, 'epoch': 0.14}
{'loss': 0.0, 'grad_norm': 3.1622776985168457, 'learning_rate': 0.0, 'epoch': 0.14}
{'loss': 0.0, 'grad_norm': 3.1622776985168457, 'learning_rate': 0.0, 'epoch': 0.14}
{'loss': 0.0, 'grad_norm': 3.1622776985168457, 'learning_rate': 0.0, 'epoch': 0.14}
{'loss': 0.0, 'grad_norm': 3.1622776985168457, 'learning_rate': 0.0, 'epoch': 0.14}
{'loss': 0.0, 'grad_norm': 3.1622776985168457, 'learning_rate': 0.0, 'epoch': 0.14}
{'loss': 0.0, 'grad_norm': 3.1622776985168457, 'learning_rate': 0.0, 'epoch': 0.14}
{'loss': 0.0, 'grad_norm': 3.1622776985168457, 'learning_rate': 0.0, 'epoch': 0.14}
{'loss': 0.0, 'grad_norm': 3.1622776985168457, 'learning_rate': 0.0, 'epoch': 0.14}
{'loss': 0.0, 'grad_norm': 3.1622776985168457, 'learning_rate': 0.0, 'epoch': 0.14}
{'loss': 0.0, 'grad_norm': 3.1622776985168457, 'learning_rate': 0.0, 'epoch': 0.14}
{'loss': 0.0, 'grad_norm': 3.1622776985168457, 'learning_rate': 0.0, 'epoch': 0.14}
{'loss': 0.0, 'grad_norm': 3.1622776985168457, 'learning_rate': 0.0, 'epoch': 0.14}
{'loss': 0.0, 'grad_norm': 3.1622776985168457, 'learning_rate': 0.0, 'epoch': 0.14}
{'loss': 0.0, 'grad_norm': 3.1622776985168457, 'learning_rate': 0.0, 'epoch': 0.14}
{'loss': 0.0, 'grad_norm': 3.1622776985168457, 'learning_rate': 0.0, 'epoch': 0.14}
{'loss': 0.0, 'grad_norm': 3.1622776985168457, 'learning_rate': 0.0, 'epoch': 0.14}
{'loss': 0.0, 'grad_norm': 3.1622776985168457, 'learning_rate': 0.0, 'epoch': 0.14}
{'loss': 0.0, 'grad_norm': 3.1622776985168457, 'learning_rate': 0.0, 'epoch': 0.14}
{'loss': 0.0, 'grad_norm': 3.1622776985168457, 'learning_rate': 0.0, 'epoch': 0.14}
{'loss': 0.0, 'grad_norm': 3.1622776985168457, 'learning_rate': 0.0, 'epoch': 0.14}
{'loss': 0.0, 'grad_norm': 3.1622776985168457, 'learning_rate': 0.0, 'epoch': 0.14}
{'loss': 0.0, 'grad_norm': 3.1622776985168457, 'learning_rate': 0.0, 'epoch': 0.14}
{'loss': 0.0, 'grad_norm': 3.1622776985168457, 'learning_rate': 0.0, 'epoch': 0.14}
{'loss': 0.0, 'grad_norm': 3.1622776985168457, 'learning_rate': 0.0, 'epoch': 0.14}
{'loss': 0.0, 'grad_norm': 3.1622776985168457, 'learning_rate': 0.0, 'epoch': 0.14}
{'loss': 0.0, 'grad_norm': 3.1622776985168457, 'learning_rate': 0.0, 'epoch': 0.14}
{'loss': 0.0, 'grad_norm': 3.1622776985168457, 'learning_rate': 0.0, 'epoch': 0.14}
{'loss': 0.0, 'grad_norm': 3.1622776985168457, 'learning_rate': 0.0, 'epoch': 0.14}
{'loss': 0.0, 'grad_norm': 3.1622776985168457, 'learning_rate': 0.0, 'epoch': 0.14}
{'loss': 0.0, 'grad_norm': 3.1622776985168457, 'learning_rate': 0.0, 'epoch': 0.14}
{'loss': 0.0, 'grad_norm': 3.1622776985168457, 'learning_rate': 0.0, 'epoch': 0.14}
{'loss': 0.0, 'grad_norm': 3.1622776985168457, 'learning_rate': 0.0, 'epoch': 0.14}
{'loss': 0.0, 'grad_norm': 3.1622776985168457, 'learning_rate': 0.0, 'epoch': 0.14}
{'loss': 0.0, 'grad_norm': 3.1622776985168457, 'learning_rate': 0.0, 'epoch': 0.14}
{'loss': 0.0, 'grad_norm': 3.1622776985168457, 'learning_rate': 0.0, 'epoch': 0.14}
{'loss': 0.0, 'grad_norm': 3.1622776985168457, 'learning_rate': 0.0, 'epoch': 0.14}
{'loss': 0.0, 'grad_norm': 3.1622776985168457, 'learning_rate': 0.0, 'epoch': 0.15}
{'loss': 0.0, 'grad_norm': 3.1622776985168457, 'learning_rate': 0.0, 'epoch': 0.15}
{'loss': 0.0, 'grad_norm': 3.1622776985168457, 'learning_rate': 0.0, 'epoch': 0.15}
{'loss': 0.0, 'grad_norm': 3.1622776985168457, 'learning_rate': 0.0, 'epoch': 0.15}
{'loss': 0.0, 'grad_norm': 3.1622776985168457, 'learning_rate': 0.0, 'epoch': 0.15}
{'loss': 0.0, 'grad_norm': 3.1622776985168457, 'learning_rate': 0.0, 'epoch': 0.15}
{'loss': 0.0, 'grad_norm': 3.1622776985168457, 'learning_rate': 0.0, 'epoch': 0.15}
{'loss': 0.0, 'grad_norm': 3.1622776985168457, 'learning_rate': 0.0, 'epoch': 0.15}
{'loss': 0.0, 'grad_norm': 3.1622776985168457, 'learning_rate': 0.0, 'epoch': 0.15}
{'loss': 0.0, 'grad_norm': 3.1622776985168457, 'learning_rate': 0.0, 'epoch': 0.15}
{'loss': 0.0, 'grad_norm': 3.1622776985168457, 'learning_rate': 0.0, 'epoch': 0.15}
{'loss': 0.0, 'grad_norm': 3.1622776985168457, 'learning_rate': 0.0, 'epoch': 0.15}
{'loss': 0.0, 'grad_norm': 3.1622776985168457, 'learning_rate': 0.0, 'epoch': 0.15}
{'loss': 0.0, 'grad_norm': 3.1622776985168457, 'learning_rate': 0.0, 'epoch': 0.15}
{'loss': 0.0, 'grad_norm': 3.1622776985168457, 'learning_rate': 0.0, 'epoch': 0.15}
{'loss': 0.0, 'grad_norm': 3.1622776985168457, 'learning_rate': 0.0, 'epoch': 0.15}
{'loss': 0.0, 'grad_norm': 3.1622776985168457, 'learning_rate': 0.0, 'epoch': 0.15}
{'loss': 0.0, 'grad_norm': 3.1622776985168457, 'learning_rate': 0.0, 'epoch': 0.15}
{'loss': 0.0, 'grad_norm': 3.1622776985168457, 'learning_rate': 0.0, 'epoch': 0.15}
{'loss': 0.0, 'grad_norm': 3.1622776985168457, 'learning_rate': 0.0, 'epoch': 0.15}
Error with image file is truncated (16 bytes not processed)
{'loss': 0.0, 'grad_norm': 3.1622776985168457, 'learning_rate': 0.0, 'epoch': 0.15}
{'loss': 0.0, 'grad_norm': 3.1622776985168457, 'learning_rate': 0.0, 'epoch': 0.15}
{'loss': 0.0, 'grad_norm': 3.1622776985168457, 'learning_rate': 0.0, 'epoch': 0.15}
{'loss': 0.0, 'grad_norm': 3.1622776985168457, 'learning_rate': 0.0, 'epoch': 0.15}
{'loss': 0.0, 'grad_norm': 3.1622776985168457, 'learning_rate': 0.0, 'epoch': 0.15}
{'loss': 0.0, 'grad_norm': 3.1622776985168457, 'learning_rate': 0.0, 'epoch': 0.15}
{'loss': 0.0, 'grad_norm': 3.1622776985168457, 'learning_rate': 0.0, 'epoch': 0.15}
{'loss': 0.0, 'grad_norm': 3.1622776985168457, 'learning_rate': 0.0, 'epoch': 0.15}
{'loss': 0.0, 'grad_norm': 3.1622776985168457, 'learning_rate': 0.0, 'epoch': 0.15}
{'loss': 0.0, 'grad_norm': 3.1622776985168457, 'learning_rate': 0.0, 'epoch': 0.15}
{'loss': 0.0, 'grad_norm': 3.1622776985168457, 'learning_rate': 0.0, 'epoch': 0.15}
{'loss': 0.0, 'grad_norm': 3.1622776985168457, 'learning_rate': 0.0, 'epoch': 0.15}
{'loss': 0.0, 'grad_norm': 3.1622776985168457, 'learning_rate': 0.0, 'epoch': 0.15}
{'loss': 0.0, 'grad_norm': 3.1622776985168457, 'learning_rate': 0.0, 'epoch': 0.15}
{'loss': 0.0, 'grad_norm': 3.1622776985168457, 'learning_rate': 0.0, 'epoch': 0.15}
{'loss': 0.0, 'grad_norm': 3.1622776985168457, 'learning_rate': 0.0, 'epoch': 0.15}
{'loss': 0.0, 'grad_norm': 3.1622776985168457, 'learning_rate': 0.0, 'epoch': 0.15}
{'loss': 0.0, 'grad_norm': 3.1622776985168457, 'learning_rate': 0.0, 'epoch': 0.15}
{'loss': 0.0, 'grad_norm': 3.1622776985168457, 'learning_rate': 0.0, 'epoch': 0.15}
{'loss': 0.0, 'grad_norm': 3.1622776985168457, 'learning_rate': 0.0, 'epoch': 0.15}
{'loss': 0.0, 'grad_norm': 3.1622776985168457, 'learning_rate': 0.0, 'epoch': 0.15}
{'loss': 0.0, 'grad_norm': 3.1622776985168457, 'learning_rate': 0.0, 'epoch': 0.15}
{'loss': 0.0, 'grad_norm': 3.1622776985168457, 'learning_rate': 0.0, 'epoch': 0.15}
{'loss': 0.0, 'grad_norm': 3.1622776985168457, 'learning_rate': 0.0, 'epoch': 0.15}
{'loss': 0.0, 'grad_norm': 3.1622776985168457, 'learning_rate': 0.0, 'epoch': 0.15}
{'loss': 0.0, 'grad_norm': 3.1622776985168457, 'learning_rate': 0.0, 'epoch': 0.15}
{'loss': 0.0, 'grad_norm': 3.1622776985168457, 'learning_rate': 0.0, 'epoch': 0.15}
{'loss': 0.0, 'grad_norm': 3.1622776985168457, 'learning_rate': 0.0, 'epoch': 0.15}
{'loss': 0.0, 'grad_norm': 3.1622776985168457, 'learning_rate': 0.0, 'epoch': 0.15}
{'loss': 0.0, 'grad_norm': 3.1622776985168457, 'learning_rate': 0.0, 'epoch': 0.15}
{'loss': 0.0, 'grad_norm': 3.1622776985168457, 'learning_rate': 0.0, 'epoch': 0.15}
{'loss': 0.0, 'grad_norm': 3.1622776985168457, 'learning_rate': 0.0, 'epoch': 0.15}
{'loss': 0.0, 'grad_norm': 3.1622776985168457, 'learning_rate': 0.0, 'epoch': 0.16}
{'loss': 0.0, 'grad_norm': 3.1622776985168457, 'learning_rate': 0.0, 'epoch': 0.16}
{'loss': 0.0, 'grad_norm': 3.1622776985168457, 'learning_rate': 0.0, 'epoch': 0.16}
{'loss': 0.0, 'grad_norm': 3.1622776985168457, 'learning_rate': 0.0, 'epoch': 0.16}
{'loss': 0.0, 'grad_norm': 3.1622776985168457, 'learning_rate': 0.0, 'epoch': 0.16}
{'loss': 0.0, 'grad_norm': 3.1622776985168457, 'learning_rate': 0.0, 'epoch': 0.16}
{'loss': 0.0, 'grad_norm': 3.1622776985168457, 'learning_rate': 0.0, 'epoch': 0.16}
{'loss': 0.0, 'grad_norm': 3.1622776985168457, 'learning_rate': 0.0, 'epoch': 0.16}
{'loss': 0.0, 'grad_norm': 3.1622776985168457, 'learning_rate': 0.0, 'epoch': 0.16}
{'loss': 0.0, 'grad_norm': 3.1622776985168457, 'learning_rate': 0.0, 'epoch': 0.16}
{'loss': 0.0, 'grad_norm': 3.1622776985168457, 'learning_rate': 0.0, 'epoch': 0.16}
{'loss': 0.0, 'grad_norm': 3.1622776985168457, 'learning_rate': 0.0, 'epoch': 0.16}
{'loss': 0.0, 'grad_norm': 3.1622776985168457, 'learning_rate': 0.0, 'epoch': 0.16}
{'loss': 0.0, 'grad_norm': 3.1622776985168457, 'learning_rate': 0.0, 'epoch': 0.16}
{'loss': 0.0, 'grad_norm': 3.1622776985168457, 'learning_rate': 0.0, 'epoch': 0.16}
{'loss': 0.0, 'grad_norm': 3.1622776985168457, 'learning_rate': 0.0, 'epoch': 0.16}
{'loss': 0.0, 'grad_norm': 3.1622776985168457, 'learning_rate': 0.0, 'epoch': 0.16}
{'loss': 0.0, 'grad_norm': 3.1622776985168457, 'learning_rate': 0.0, 'epoch': 0.16}
{'loss': 0.0, 'grad_norm': 3.1622776985168457, 'learning_rate': 0.0, 'epoch': 0.16}
{'loss': 0.0, 'grad_norm': 3.1622776985168457, 'learning_rate': 0.0, 'epoch': 0.16}
{'loss': 0.0, 'grad_norm': 3.1622776985168457, 'learning_rate': 0.0, 'epoch': 0.16}
{'loss': 0.0, 'grad_norm': 3.1622776985168457, 'learning_rate': 0.0, 'epoch': 0.16}
{'loss': 0.0, 'grad_norm': 3.1622776985168457, 'learning_rate': 0.0, 'epoch': 0.16}
{'loss': 0.0, 'grad_norm': 3.1622776985168457, 'learning_rate': 0.0, 'epoch': 0.16}
{'loss': 0.0, 'grad_norm': 3.1622776985168457, 'learning_rate': 0.0, 'epoch': 0.16}
{'loss': 0.0, 'grad_norm': 3.1622776985168457, 'learning_rate': 0.0, 'epoch': 0.16}
{'loss': 0.0, 'grad_norm': 3.1622776985168457, 'learning_rate': 0.0, 'epoch': 0.16}
{'loss': 0.0, 'grad_norm': 3.1622776985168457, 'learning_rate': 0.0, 'epoch': 0.16}
{'loss': 0.0, 'grad_norm': 3.1622776985168457, 'learning_rate': 0.0, 'epoch': 0.16}
{'loss': 0.0, 'grad_norm': 3.1622776985168457, 'learning_rate': 0.0, 'epoch': 0.16}
{'loss': 0.0, 'grad_norm': 3.1622776985168457, 'learning_rate': 0.0, 'epoch': 0.16}
{'loss': 0.0, 'grad_norm': 3.1622776985168457, 'learning_rate': 0.0, 'epoch': 0.16}
{'loss': 0.0, 'grad_norm': 3.1622776985168457, 'learning_rate': 0.0, 'epoch': 0.16}
{'loss': 0.0, 'grad_norm': 3.1622776985168457, 'learning_rate': 0.0, 'epoch': 0.16}
{'loss': 0.0, 'grad_norm': 3.1622776985168457, 'learning_rate': 0.0, 'epoch': 0.16}
{'loss': 0.0, 'grad_norm': 3.1622776985168457, 'learning_rate': 0.0, 'epoch': 0.16}
{'loss': 0.0, 'grad_norm': 3.1622776985168457, 'learning_rate': 0.0, 'epoch': 0.16}
{'loss': 0.0, 'grad_norm': 3.1622776985168457, 'learning_rate': 0.0, 'epoch': 0.16}
{'loss': 0.0, 'grad_norm': 3.1622776985168457, 'learning_rate': 0.0, 'epoch': 0.16}
{'loss': 0.0, 'grad_norm': 3.1622776985168457, 'learning_rate': 0.0, 'epoch': 0.16}
{'loss': 0.0, 'grad_norm': 3.1622776985168457, 'learning_rate': 0.0, 'epoch': 0.16}
{'loss': 0.0, 'grad_norm': 3.1622776985168457, 'learning_rate': 0.0, 'epoch': 0.16}
{'loss': 0.0, 'grad_norm': 3.1622776985168457, 'learning_rate': 0.0, 'epoch': 0.16}
{'loss': 0.0, 'grad_norm': 3.1622776985168457, 'learning_rate': 0.0, 'epoch': 0.16}
{'loss': 0.0, 'grad_norm': 3.1622776985168457, 'learning_rate': 0.0, 'epoch': 0.16}
{'loss': 0.0, 'grad_norm': 3.1622776985168457, 'learning_rate': 0.0, 'epoch': 0.16}
{'loss': 0.0, 'grad_norm': 3.1622776985168457, 'learning_rate': 0.0, 'epoch': 0.16}
{'loss': 0.0, 'grad_norm': 3.1622776985168457, 'learning_rate': 0.0, 'epoch': 0.16}
{'loss': 0.0, 'grad_norm': 3.1622776985168457, 'learning_rate': 0.0, 'epoch': 0.16}
{'loss': 0.0, 'grad_norm': 3.1622776985168457, 'learning_rate': 0.0, 'epoch': 0.16}
{'loss': 0.0, 'grad_norm': 3.1622776985168457, 'learning_rate': 0.0, 'epoch': 0.16}
{'loss': 0.0, 'grad_norm': 3.1622776985168457, 'learning_rate': 0.0, 'epoch': 0.16}
{'loss': 0.0, 'grad_norm': 3.1622776985168457, 'learning_rate': 0.0, 'epoch': 0.17}
{'loss': 0.0, 'grad_norm': 3.1622776985168457, 'learning_rate': 0.0, 'epoch': 0.17}
{'loss': 0.0, 'grad_norm': 3.1622776985168457, 'learning_rate': 0.0, 'epoch': 0.17}
{'loss': 0.0, 'grad_norm': 3.1622776985168457, 'learning_rate': 0.0, 'epoch': 0.17}
{'loss': 0.0, 'grad_norm': 3.1622776985168457, 'learning_rate': 0.0, 'epoch': 0.17}
{'loss': 0.0, 'grad_norm': 3.1622776985168457, 'learning_rate': 0.0, 'epoch': 0.17}
{'loss': 0.0, 'grad_norm': 3.1622776985168457, 'learning_rate': 0.0, 'epoch': 0.17}
{'loss': 0.0, 'grad_norm': 3.1622776985168457, 'learning_rate': 0.0, 'epoch': 0.17}
{'loss': 0.0, 'grad_norm': 3.1622776985168457, 'learning_rate': 0.0, 'epoch': 0.17}
{'loss': 0.0, 'grad_norm': 3.1622776985168457, 'learning_rate': 0.0, 'epoch': 0.17}
{'loss': 0.0, 'grad_norm': 3.1622776985168457, 'learning_rate': 0.0, 'epoch': 0.17}
{'loss': 0.0, 'grad_norm': 3.1622776985168457, 'learning_rate': 0.0, 'epoch': 0.17}
{'loss': 0.0, 'grad_norm': 3.1622776985168457, 'learning_rate': 0.0, 'epoch': 0.17}
{'loss': 0.0, 'grad_norm': 3.1622776985168457, 'learning_rate': 0.0, 'epoch': 0.17}
{'loss': 0.0, 'grad_norm': 3.1622776985168457, 'learning_rate': 0.0, 'epoch': 0.17}
{'loss': 0.0, 'grad_norm': 3.1622776985168457, 'learning_rate': 0.0, 'epoch': 0.17}
Error with image file is truncated (32 bytes not processed)
{'loss': 0.0, 'grad_norm': 3.1622776985168457, 'learning_rate': 0.0, 'epoch': 0.17}
{'loss': 0.0, 'grad_norm': 3.1622776985168457, 'learning_rate': 0.0, 'epoch': 0.17}
{'loss': 0.0, 'grad_norm': 3.1622776985168457, 'learning_rate': 0.0, 'epoch': 0.17}
{'loss': 0.0, 'grad_norm': 3.1622776985168457, 'learning_rate': 0.0, 'epoch': 0.17}
{'loss': 0.0, 'grad_norm': 3.1622776985168457, 'learning_rate': 0.0, 'epoch': 0.17}
{'loss': 0.0, 'grad_norm': 3.1622776985168457, 'learning_rate': 0.0, 'epoch': 0.17}
{'loss': 0.0, 'grad_norm': 3.1622776985168457, 'learning_rate': 0.0, 'epoch': 0.17}
{'loss': 0.0, 'grad_norm': 3.1622776985168457, 'learning_rate': 0.0, 'epoch': 0.17}
{'loss': 0.0, 'grad_norm': 3.1622776985168457, 'learning_rate': 0.0, 'epoch': 0.17}
{'loss': 0.0, 'grad_norm': 3.1622776985168457, 'learning_rate': 0.0, 'epoch': 0.17}
{'loss': 0.0, 'grad_norm': 3.1622776985168457, 'learning_rate': 0.0, 'epoch': 0.17}
{'loss': 0.0, 'grad_norm': 3.1622776985168457, 'learning_rate': 0.0, 'epoch': 0.17}
{'loss': 0.0, 'grad_norm': 3.1622776985168457, 'learning_rate': 0.0, 'epoch': 0.17}
{'loss': 0.0, 'grad_norm': 3.1622776985168457, 'learning_rate': 0.0, 'epoch': 0.17}
{'loss': 0.0, 'grad_norm': 3.1622776985168457, 'learning_rate': 0.0, 'epoch': 0.17}
{'loss': 0.0, 'grad_norm': 3.1622776985168457, 'learning_rate': 0.0, 'epoch': 0.17}
{'loss': 0.0, 'grad_norm': 3.1622776985168457, 'learning_rate': 0.0, 'epoch': 0.17}
{'loss': 0.0, 'grad_norm': 3.1622776985168457, 'learning_rate': 0.0, 'epoch': 0.17}
{'loss': 0.0, 'grad_norm': 3.1622776985168457, 'learning_rate': 0.0, 'epoch': 0.17}
{'loss': 0.0, 'grad_norm': 3.1622776985168457, 'learning_rate': 0.0, 'epoch': 0.17}
{'loss': 0.0, 'grad_norm': 3.1622776985168457, 'learning_rate': 0.0, 'epoch': 0.17}
{'loss': 0.0, 'grad_norm': 3.1622776985168457, 'learning_rate': 0.0, 'epoch': 0.17}
{'loss': 0.0, 'grad_norm': 3.1622776985168457, 'learning_rate': 0.0, 'epoch': 0.17}
{'loss': 0.0, 'grad_norm': 3.1622776985168457, 'learning_rate': 0.0, 'epoch': 0.17}
{'loss': 0.0, 'grad_norm': 3.1622776985168457, 'learning_rate': 0.0, 'epoch': 0.17}
{'loss': 0.0, 'grad_norm': 3.1622776985168457, 'learning_rate': 0.0, 'epoch': 0.17}
{'loss': 0.0, 'grad_norm': 3.1622776985168457, 'learning_rate': 0.0, 'epoch': 0.17}
{'loss': 0.0, 'grad_norm': 3.1622776985168457, 'learning_rate': 0.0, 'epoch': 0.17}
{'loss': 0.0, 'grad_norm': 3.1622776985168457, 'learning_rate': 0.0, 'epoch': 0.17}
{'loss': 0.0, 'grad_norm': 3.1622776985168457, 'learning_rate': 0.0, 'epoch': 0.17}
{'loss': 0.0, 'grad_norm': 3.1622776985168457, 'learning_rate': 0.0, 'epoch': 0.17}
{'loss': 0.0, 'grad_norm': 3.1622776985168457, 'learning_rate': 0.0, 'epoch': 0.17}
{'loss': 0.0, 'grad_norm': 3.1622776985168457, 'learning_rate': 0.0, 'epoch': 0.17}
{'loss': 0.0, 'grad_norm': 3.1622776985168457, 'learning_rate': 0.0, 'epoch': 0.17}
{'loss': 0.0, 'grad_norm': 3.1622776985168457, 'learning_rate': 0.0, 'epoch': 0.17}
{'loss': 0.0, 'grad_norm': 3.1622776985168457, 'learning_rate': 0.0, 'epoch': 0.17}
{'loss': 0.0, 'grad_norm': 3.1622776985168457, 'learning_rate': 0.0, 'epoch': 0.18}
{'loss': 0.0, 'grad_norm': 3.1622776985168457, 'learning_rate': 0.0, 'epoch': 0.18}
{'loss': 0.0, 'grad_norm': 3.1622776985168457, 'learning_rate': 0.0, 'epoch': 0.18}
{'loss': 0.0, 'grad_norm': 3.1622776985168457, 'learning_rate': 0.0, 'epoch': 0.18}
{'loss': 0.0, 'grad_norm': 3.1622776985168457, 'learning_rate': 0.0, 'epoch': 0.18}
{'loss': 0.0, 'grad_norm': 3.1622776985168457, 'learning_rate': 0.0, 'epoch': 0.18}
{'loss': 0.0, 'grad_norm': 3.1622776985168457, 'learning_rate': 0.0, 'epoch': 0.18}
{'loss': 0.0, 'grad_norm': 3.1622776985168457, 'learning_rate': 0.0, 'epoch': 0.18}
{'loss': 0.0, 'grad_norm': 3.1622776985168457, 'learning_rate': 0.0, 'epoch': 0.18}
{'loss': 0.0, 'grad_norm': 3.1622776985168457, 'learning_rate': 0.0, 'epoch': 0.18}
{'loss': 0.0, 'grad_norm': 3.1622776985168457, 'learning_rate': 0.0, 'epoch': 0.18}
{'loss': 0.0, 'grad_norm': 3.1622776985168457, 'learning_rate': 0.0, 'epoch': 0.18}
{'loss': 0.0, 'grad_norm': 3.1622776985168457, 'learning_rate': 0.0, 'epoch': 0.18}
{'loss': 0.0, 'grad_norm': 3.1622776985168457, 'learning_rate': 0.0, 'epoch': 0.18}
{'loss': 0.0, 'grad_norm': 3.1622776985168457, 'learning_rate': 0.0, 'epoch': 0.18}
{'loss': 0.0, 'grad_norm': 3.1622776985168457, 'learning_rate': 0.0, 'epoch': 0.18}
{'loss': 0.0, 'grad_norm': 3.1622776985168457, 'learning_rate': 0.0, 'epoch': 0.18}
{'loss': 0.0, 'grad_norm': 3.1622776985168457, 'learning_rate': 0.0, 'epoch': 0.18}
{'loss': 0.0, 'grad_norm': 3.1622776985168457, 'learning_rate': 0.0, 'epoch': 0.18}
{'loss': 0.0, 'grad_norm': 3.1622776985168457, 'learning_rate': 0.0, 'epoch': 0.18}
{'loss': 0.0, 'grad_norm': 3.1622776985168457, 'learning_rate': 0.0, 'epoch': 0.18}
{'loss': 0.0, 'grad_norm': 3.1622776985168457, 'learning_rate': 0.0, 'epoch': 0.18}
{'loss': 0.0, 'grad_norm': 3.1622776985168457, 'learning_rate': 0.0, 'epoch': 0.18}
{'loss': 0.0, 'grad_norm': 3.1622776985168457, 'learning_rate': 0.0, 'epoch': 0.18}
{'loss': 0.0, 'grad_norm': 3.1622776985168457, 'learning_rate': 0.0, 'epoch': 0.18}
{'loss': 0.0, 'grad_norm': 3.1622776985168457, 'learning_rate': 0.0, 'epoch': 0.18}
{'loss': 0.0, 'grad_norm': 3.1622776985168457, 'learning_rate': 0.0, 'epoch': 0.18}
{'loss': 0.0, 'grad_norm': 3.1622776985168457, 'learning_rate': 0.0, 'epoch': 0.18}
{'loss': 0.0, 'grad_norm': 3.1622776985168457, 'learning_rate': 0.0, 'epoch': 0.18}
{'loss': 0.0, 'grad_norm': 3.1622776985168457, 'learning_rate': 0.0, 'epoch': 0.18}
{'loss': 0.0, 'grad_norm': 3.1622776985168457, 'learning_rate': 0.0, 'epoch': 0.18}
{'loss': 0.0, 'grad_norm': 3.1622776985168457, 'learning_rate': 0.0, 'epoch': 0.18}
{'loss': 0.0, 'grad_norm': 3.1622776985168457, 'learning_rate': 0.0, 'epoch': 0.18}
{'loss': 0.0, 'grad_norm': 3.1622776985168457, 'learning_rate': 0.0, 'epoch': 0.18}
{'loss': 0.0, 'grad_norm': 3.1622776985168457, 'learning_rate': 0.0, 'epoch': 0.18}
{'loss': 0.0, 'grad_norm': 3.1622776985168457, 'learning_rate': 0.0, 'epoch': 0.18}
{'loss': 0.0, 'grad_norm': 3.1622776985168457, 'learning_rate': 0.0, 'epoch': 0.18}
{'loss': 0.0, 'grad_norm': 3.1622776985168457, 'learning_rate': 0.0, 'epoch': 0.18}
{'loss': 0.0, 'grad_norm': 3.1622776985168457, 'learning_rate': 0.0, 'epoch': 0.18}
{'loss': 0.0, 'grad_norm': 3.1622776985168457, 'learning_rate': 0.0, 'epoch': 0.18}
{'loss': 0.0, 'grad_norm': 3.1622776985168457, 'learning_rate': 0.0, 'epoch': 0.18}
{'loss': 0.0, 'grad_norm': 3.1622776985168457, 'learning_rate': 0.0, 'epoch': 0.18}
{'loss': 0.0, 'grad_norm': 3.1622776985168457, 'learning_rate': 0.0, 'epoch': 0.18}
{'loss': 0.0, 'grad_norm': 3.1622776985168457, 'learning_rate': 0.0, 'epoch': 0.18}
{'loss': 0.0, 'grad_norm': 3.1622776985168457, 'learning_rate': 0.0, 'epoch': 0.18}
{'loss': 0.0, 'grad_norm': 3.1622776985168457, 'learning_rate': 0.0, 'epoch': 0.18}
{'loss': 0.0, 'grad_norm': 3.1622776985168457, 'learning_rate': 0.0, 'epoch': 0.18}
{'loss': 0.0, 'grad_norm': 3.1622776985168457, 'learning_rate': 0.0, 'epoch': 0.18}
{'loss': 0.0, 'grad_norm': 3.1622776985168457, 'learning_rate': 0.0, 'epoch': 0.18}
{'loss': 0.0, 'grad_norm': 3.1622776985168457, 'learning_rate': 0.0, 'epoch': 0.18}
{'loss': 0.0, 'grad_norm': 3.1622776985168457, 'learning_rate': 0.0, 'epoch': 0.18}
{'loss': 0.0, 'grad_norm': 3.1622776985168457, 'learning_rate': 0.0, 'epoch': 0.18}
{'loss': 0.0, 'grad_norm': 3.1622776985168457, 'learning_rate': 0.0, 'epoch': 0.19}
{'loss': 0.0, 'grad_norm': 3.1622776985168457, 'learning_rate': 0.0, 'epoch': 0.19}
{'loss': 0.0, 'grad_norm': 3.1622776985168457, 'learning_rate': 0.0, 'epoch': 0.19}
{'loss': 0.0, 'grad_norm': 3.1622776985168457, 'learning_rate': 0.0, 'epoch': 0.19}
{'loss': 0.0, 'grad_norm': 3.1622776985168457, 'learning_rate': 0.0, 'epoch': 0.19}
{'loss': 0.0, 'grad_norm': 3.1622776985168457, 'learning_rate': 0.0, 'epoch': 0.19}
{'loss': 0.0, 'grad_norm': 3.1622776985168457, 'learning_rate': 0.0, 'epoch': 0.19}
{'loss': 0.0, 'grad_norm': 3.1622776985168457, 'learning_rate': 0.0, 'epoch': 0.19}
{'loss': 0.0, 'grad_norm': 3.1622776985168457, 'learning_rate': 0.0, 'epoch': 0.19}
{'loss': 0.0, 'grad_norm': 3.1622776985168457, 'learning_rate': 0.0, 'epoch': 0.19}
{'loss': 0.0, 'grad_norm': 3.1622776985168457, 'learning_rate': 0.0, 'epoch': 0.19}
{'loss': 0.0, 'grad_norm': 3.1622776985168457, 'learning_rate': 0.0, 'epoch': 0.19}
{'loss': 0.0, 'grad_norm': 3.1622776985168457, 'learning_rate': 0.0, 'epoch': 0.19}
{'loss': 0.0, 'grad_norm': 3.1622776985168457, 'learning_rate': 0.0, 'epoch': 0.19}
{'loss': 0.0, 'grad_norm': 3.1622776985168457, 'learning_rate': 0.0, 'epoch': 0.19}
{'loss': 0.0, 'grad_norm': 3.1622776985168457, 'learning_rate': 0.0, 'epoch': 0.19}
{'loss': 0.0, 'grad_norm': 3.1622776985168457, 'learning_rate': 0.0, 'epoch': 0.19}
{'loss': 0.0, 'grad_norm': 3.1622776985168457, 'learning_rate': 0.0, 'epoch': 0.19}
{'loss': 0.0, 'grad_norm': 3.1622776985168457, 'learning_rate': 0.0, 'epoch': 0.19}
{'loss': 0.0, 'grad_norm': 3.1622776985168457, 'learning_rate': 0.0, 'epoch': 0.19}
{'loss': 0.0, 'grad_norm': 3.1622776985168457, 'learning_rate': 0.0, 'epoch': 0.19}
{'loss': 0.0, 'grad_norm': 3.1622776985168457, 'learning_rate': 0.0, 'epoch': 0.19}
{'loss': 0.0, 'grad_norm': 3.1622776985168457, 'learning_rate': 0.0, 'epoch': 0.19}
{'loss': 0.0, 'grad_norm': 3.1622776985168457, 'learning_rate': 0.0, 'epoch': 0.19}
{'loss': 0.0, 'grad_norm': 3.1622776985168457, 'learning_rate': 0.0, 'epoch': 0.19}
{'loss': 0.0, 'grad_norm': 3.1622776985168457, 'learning_rate': 0.0, 'epoch': 0.19}
{'loss': 0.0, 'grad_norm': 3.1622776985168457, 'learning_rate': 0.0, 'epoch': 0.19}
{'loss': 0.0, 'grad_norm': 3.1622776985168457, 'learning_rate': 0.0, 'epoch': 0.19}
{'loss': 0.0, 'grad_norm': 3.1622776985168457, 'learning_rate': 0.0, 'epoch': 0.19}
{'loss': 0.0, 'grad_norm': 3.1622776985168457, 'learning_rate': 0.0, 'epoch': 0.19}
{'loss': 0.0, 'grad_norm': 3.1622776985168457, 'learning_rate': 0.0, 'epoch': 0.19}
{'loss': 0.0, 'grad_norm': 3.1622776985168457, 'learning_rate': 0.0, 'epoch': 0.19}
{'loss': 0.0, 'grad_norm': 3.1622776985168457, 'learning_rate': 0.0, 'epoch': 0.19}
{'loss': 0.0, 'grad_norm': 3.1622776985168457, 'learning_rate': 0.0, 'epoch': 0.19}
{'loss': 0.0, 'grad_norm': 3.1622776985168457, 'learning_rate': 0.0, 'epoch': 0.19}
{'loss': 0.0, 'grad_norm': 3.1622776985168457, 'learning_rate': 0.0, 'epoch': 0.19}
{'loss': 0.0, 'grad_norm': 3.1622776985168457, 'learning_rate': 0.0, 'epoch': 0.19}
{'loss': 0.0, 'grad_norm': 3.1622776985168457, 'learning_rate': 0.0, 'epoch': 0.19}
{'loss': 0.0, 'grad_norm': 3.1622776985168457, 'learning_rate': 0.0, 'epoch': 0.19}
{'loss': 0.0, 'grad_norm': 3.1622776985168457, 'learning_rate': 0.0, 'epoch': 0.19}
{'loss': 0.0, 'grad_norm': 3.1622776985168457, 'learning_rate': 0.0, 'epoch': 0.19}
{'loss': 0.0, 'grad_norm': 3.1622776985168457, 'learning_rate': 0.0, 'epoch': 0.19}
{'loss': 0.0, 'grad_norm': 3.1622776985168457, 'learning_rate': 0.0, 'epoch': 0.19}
{'loss': 0.0, 'grad_norm': 3.1622776985168457, 'learning_rate': 0.0, 'epoch': 0.19}
{'loss': 0.0, 'grad_norm': 3.1622776985168457, 'learning_rate': 0.0, 'epoch': 0.19}
{'loss': 0.0, 'grad_norm': 3.1622776985168457, 'learning_rate': 0.0, 'epoch': 0.19}
{'loss': 0.0, 'grad_norm': 3.1622776985168457, 'learning_rate': 0.0, 'epoch': 0.19}
{'loss': 0.0, 'grad_norm': 3.1622776985168457, 'learning_rate': 0.0, 'epoch': 0.19}
{'loss': 0.0, 'grad_norm': 3.1622776985168457, 'learning_rate': 0.0, 'epoch': 0.19}
{'loss': 0.0, 'grad_norm': 3.1622776985168457, 'learning_rate': 0.0, 'epoch': 0.19}
{'loss': 0.0, 'grad_norm': 3.1622776985168457, 'learning_rate': 0.0, 'epoch': 0.19}
{'loss': 0.0, 'grad_norm': 3.1622776985168457, 'learning_rate': 0.0, 'epoch': 0.19}
{'loss': 0.0, 'grad_norm': 3.1622776985168457, 'learning_rate': 0.0, 'epoch': 0.2}
{'loss': 0.0, 'grad_norm': 3.1622776985168457, 'learning_rate': 0.0, 'epoch': 0.2}
{'loss': 0.0, 'grad_norm': 3.1622776985168457, 'learning_rate': 0.0, 'epoch': 0.2}
{'loss': 0.0, 'grad_norm': 3.1622776985168457, 'learning_rate': 0.0, 'epoch': 0.2}
{'loss': 0.0, 'grad_norm': 3.1622776985168457, 'learning_rate': 0.0, 'epoch': 0.2}
{'loss': 0.0, 'grad_norm': 3.1622776985168457, 'learning_rate': 0.0, 'epoch': 0.2}
{'loss': 0.0, 'grad_norm': 3.1622776985168457, 'learning_rate': 0.0, 'epoch': 0.2}
{'loss': 0.0, 'grad_norm': 3.1622776985168457, 'learning_rate': 0.0, 'epoch': 0.2}
{'loss': 0.0, 'grad_norm': 3.1622776985168457, 'learning_rate': 0.0, 'epoch': 0.2}
{'loss': 0.0, 'grad_norm': 3.1622776985168457, 'learning_rate': 0.0, 'epoch': 0.2}
{'loss': 0.0, 'grad_norm': 3.1622776985168457, 'learning_rate': 0.0, 'epoch': 0.2}
{'loss': 0.0, 'grad_norm': 3.1622776985168457, 'learning_rate': 0.0, 'epoch': 0.2}
{'loss': 0.0, 'grad_norm': 3.1622776985168457, 'learning_rate': 0.0, 'epoch': 0.2}
{'loss': 0.0, 'grad_norm': 3.1622776985168457, 'learning_rate': 0.0, 'epoch': 0.2}
{'loss': 0.0, 'grad_norm': 3.1622776985168457, 'learning_rate': 0.0, 'epoch': 0.2}
{'loss': 0.0, 'grad_norm': 3.1622776985168457, 'learning_rate': 0.0, 'epoch': 0.2}
{'loss': 0.0, 'grad_norm': 3.1622776985168457, 'learning_rate': 0.0, 'epoch': 0.2}
{'loss': 0.0, 'grad_norm': 3.1622776985168457, 'learning_rate': 0.0, 'epoch': 0.2}
{'loss': 0.0, 'grad_norm': 3.1622776985168457, 'learning_rate': 0.0, 'epoch': 0.2}
{'loss': 0.0, 'grad_norm': 3.1622776985168457, 'learning_rate': 0.0, 'epoch': 0.2}
{'loss': 0.0, 'grad_norm': 3.1622776985168457, 'learning_rate': 0.0, 'epoch': 0.2}
{'loss': 0.0, 'grad_norm': 3.1622776985168457, 'learning_rate': 0.0, 'epoch': 0.2}
{'loss': 0.0, 'grad_norm': 3.1622776985168457, 'learning_rate': 0.0, 'epoch': 0.2}
{'loss': 0.0, 'grad_norm': 3.1622776985168457, 'learning_rate': 0.0, 'epoch': 0.2}
{'loss': 0.0, 'grad_norm': 3.1622776985168457, 'learning_rate': 0.0, 'epoch': 0.2}
{'loss': 0.0, 'grad_norm': 3.1622776985168457, 'learning_rate': 0.0, 'epoch': 0.2}
{'loss': 0.0, 'grad_norm': 3.1622776985168457, 'learning_rate': 0.0, 'epoch': 0.2}
{'loss': 0.0, 'grad_norm': 3.1622776985168457, 'learning_rate': 0.0, 'epoch': 0.2}
{'loss': 0.0, 'grad_norm': 3.1622776985168457, 'learning_rate': 0.0, 'epoch': 0.2}
{'loss': 0.0, 'grad_norm': 3.1622776985168457, 'learning_rate': 0.0, 'epoch': 0.2}
{'loss': 0.0, 'grad_norm': 3.1622776985168457, 'learning_rate': 0.0, 'epoch': 0.2}
{'loss': 0.0, 'grad_norm': 3.1622776985168457, 'learning_rate': 0.0, 'epoch': 0.2}
{'loss': 0.0, 'grad_norm': 3.1622776985168457, 'learning_rate': 0.0, 'epoch': 0.2}
{'loss': 0.0, 'grad_norm': 3.1622776985168457, 'learning_rate': 0.0, 'epoch': 0.2}
{'loss': 0.0, 'grad_norm': 3.1622776985168457, 'learning_rate': 0.0, 'epoch': 0.2}
{'loss': 0.0, 'grad_norm': 3.1622776985168457, 'learning_rate': 0.0, 'epoch': 0.2}
{'loss': 0.0, 'grad_norm': 3.1622776985168457, 'learning_rate': 0.0, 'epoch': 0.2}
{'loss': 0.0, 'grad_norm': 3.1622776985168457, 'learning_rate': 0.0, 'epoch': 0.2}
{'loss': 0.0, 'grad_norm': 3.1622776985168457, 'learning_rate': 0.0, 'epoch': 0.2}
{'loss': 0.0, 'grad_norm': 3.1622776985168457, 'learning_rate': 0.0, 'epoch': 0.2}
{'loss': 0.0, 'grad_norm': 3.1622776985168457, 'learning_rate': 0.0, 'epoch': 0.2}
{'loss': 0.0, 'grad_norm': 3.1622776985168457, 'learning_rate': 0.0, 'epoch': 0.2}
{'loss': 0.0, 'grad_norm': 3.1622776985168457, 'learning_rate': 0.0, 'epoch': 0.2}
{'loss': 0.0, 'grad_norm': 3.1622776985168457, 'learning_rate': 0.0, 'epoch': 0.2}
{'loss': 0.0, 'grad_norm': 3.1622776985168457, 'learning_rate': 0.0, 'epoch': 0.2}
{'loss': 0.0, 'grad_norm': 3.1622776985168457, 'learning_rate': 0.0, 'epoch': 0.2}
{'loss': 0.0, 'grad_norm': 3.1622776985168457, 'learning_rate': 0.0, 'epoch': 0.2}
{'loss': 0.0, 'grad_norm': 3.1622776985168457, 'learning_rate': 0.0, 'epoch': 0.2}
{'loss': 0.0, 'grad_norm': 3.1622776985168457, 'learning_rate': 0.0, 'epoch': 0.2}
{'loss': 0.0, 'grad_norm': 3.1622776985168457, 'learning_rate': 0.0, 'epoch': 0.2}
{'loss': 0.0, 'grad_norm': 3.1622776985168457, 'learning_rate': 0.0, 'epoch': 0.2}
{'loss': 0.0, 'grad_norm': 3.1622776985168457, 'learning_rate': 0.0, 'epoch': 0.2}
{'loss': 0.0, 'grad_norm': 3.1622776985168457, 'learning_rate': 0.0, 'epoch': 0.21}
{'loss': 0.0, 'grad_norm': 3.1622776985168457, 'learning_rate': 0.0, 'epoch': 0.21}
{'loss': 0.0, 'grad_norm': 3.1622776985168457, 'learning_rate': 0.0, 'epoch': 0.21}
{'loss': 0.0, 'grad_norm': 3.1622776985168457, 'learning_rate': 0.0, 'epoch': 0.21}
{'loss': 0.0, 'grad_norm': 3.1622776985168457, 'learning_rate': 0.0, 'epoch': 0.21}
{'loss': 0.0, 'grad_norm': 3.1622776985168457, 'learning_rate': 0.0, 'epoch': 0.21}
{'loss': 0.0, 'grad_norm': 3.1622776985168457, 'learning_rate': 0.0, 'epoch': 0.21}
{'loss': 0.0, 'grad_norm': 3.1622776985168457, 'learning_rate': 0.0, 'epoch': 0.21}
{'loss': 0.0, 'grad_norm': 3.1622776985168457, 'learning_rate': 0.0, 'epoch': 0.21}
{'loss': 0.0, 'grad_norm': 3.1622776985168457, 'learning_rate': 0.0, 'epoch': 0.21}
{'loss': 0.0, 'grad_norm': 3.1622776985168457, 'learning_rate': 0.0, 'epoch': 0.21}
{'loss': 0.0, 'grad_norm': 3.1622776985168457, 'learning_rate': 0.0, 'epoch': 0.21}
{'loss': 0.0, 'grad_norm': 3.1622776985168457, 'learning_rate': 0.0, 'epoch': 0.21}
{'loss': 0.0, 'grad_norm': 3.1622776985168457, 'learning_rate': 0.0, 'epoch': 0.21}
{'loss': 0.0, 'grad_norm': 3.1622776985168457, 'learning_rate': 0.0, 'epoch': 0.21}
{'loss': 0.0, 'grad_norm': 3.1622776985168457, 'learning_rate': 0.0, 'epoch': 0.21}
{'loss': 0.0, 'grad_norm': 3.1622776985168457, 'learning_rate': 0.0, 'epoch': 0.21}
{'loss': 0.0, 'grad_norm': 3.1622776985168457, 'learning_rate': 0.0, 'epoch': 0.21}
{'loss': 0.0, 'grad_norm': 3.1622776985168457, 'learning_rate': 0.0, 'epoch': 0.21}
{'loss': 0.0, 'grad_norm': 3.1622776985168457, 'learning_rate': 0.0, 'epoch': 0.21}
{'loss': 0.0, 'grad_norm': 3.1622776985168457, 'learning_rate': 0.0, 'epoch': 0.21}
{'loss': 0.0, 'grad_norm': 3.1622776985168457, 'learning_rate': 0.0, 'epoch': 0.21}
{'loss': 0.0, 'grad_norm': 3.1622776985168457, 'learning_rate': 0.0, 'epoch': 0.21}
{'loss': 0.0, 'grad_norm': 3.1622776985168457, 'learning_rate': 0.0, 'epoch': 0.21}
{'loss': 0.0, 'grad_norm': 3.1622776985168457, 'learning_rate': 0.0, 'epoch': 0.21}
{'loss': 0.0, 'grad_norm': 3.1622776985168457, 'learning_rate': 0.0, 'epoch': 0.21}
{'loss': 0.0, 'grad_norm': 3.1622776985168457, 'learning_rate': 0.0, 'epoch': 0.21}
{'loss': 0.0, 'grad_norm': 3.1622776985168457, 'learning_rate': 0.0, 'epoch': 0.21}
{'loss': 0.0, 'grad_norm': 3.1622776985168457, 'learning_rate': 0.0, 'epoch': 0.21}
{'loss': 0.0, 'grad_norm': 3.1622776985168457, 'learning_rate': 0.0, 'epoch': 0.21}
{'loss': 0.0, 'grad_norm': 3.1622776985168457, 'learning_rate': 0.0, 'epoch': 0.21}
{'loss': 0.0, 'grad_norm': 3.1622776985168457, 'learning_rate': 0.0, 'epoch': 0.21}
{'loss': 0.0, 'grad_norm': 3.1622776985168457, 'learning_rate': 0.0, 'epoch': 0.21}
{'loss': 0.0, 'grad_norm': 3.1622776985168457, 'learning_rate': 0.0, 'epoch': 0.21}
{'loss': 0.0, 'grad_norm': 3.1622776985168457, 'learning_rate': 0.0, 'epoch': 0.21}
{'loss': 0.0, 'grad_norm': 3.1622776985168457, 'learning_rate': 0.0, 'epoch': 0.21}
{'loss': 0.0, 'grad_norm': 3.1622776985168457, 'learning_rate': 0.0, 'epoch': 0.21}
{'loss': 0.0, 'grad_norm': 3.1622776985168457, 'learning_rate': 0.0, 'epoch': 0.21}
{'loss': 0.0, 'grad_norm': 3.1622776985168457, 'learning_rate': 0.0, 'epoch': 0.21}
{'loss': 0.0, 'grad_norm': 3.1622776985168457, 'learning_rate': 0.0, 'epoch': 0.21}
{'loss': 0.0, 'grad_norm': 3.1622776985168457, 'learning_rate': 0.0, 'epoch': 0.21}
{'loss': 0.0, 'grad_norm': 3.1622776985168457, 'learning_rate': 0.0, 'epoch': 0.21}
{'loss': 0.0, 'grad_norm': 3.1622776985168457, 'learning_rate': 0.0, 'epoch': 0.21}
{'loss': 0.0, 'grad_norm': 3.1622776985168457, 'learning_rate': 0.0, 'epoch': 0.21}
{'loss': 0.0, 'grad_norm': 3.1622776985168457, 'learning_rate': 0.0, 'epoch': 0.21}
{'loss': 0.0, 'grad_norm': 3.1622776985168457, 'learning_rate': 0.0, 'epoch': 0.21}
{'loss': 0.0, 'grad_norm': 3.1622776985168457, 'learning_rate': 0.0, 'epoch': 0.21}
{'loss': 0.0, 'grad_norm': 3.1622776985168457, 'learning_rate': 0.0, 'epoch': 0.21}
{'loss': 0.0, 'grad_norm': 3.1622776985168457, 'learning_rate': 0.0, 'epoch': 0.21}
{'loss': 0.0, 'grad_norm': 3.1622776985168457, 'learning_rate': 0.0, 'epoch': 0.21}
{'loss': 0.0, 'grad_norm': 3.1622776985168457, 'learning_rate': 0.0, 'epoch': 0.21}
{'loss': 0.0, 'grad_norm': 3.1622776985168457, 'learning_rate': 0.0, 'epoch': 0.21}
{'loss': 0.0, 'grad_norm': 3.1622776985168457, 'learning_rate': 0.0, 'epoch': 0.22}
{'loss': 0.0, 'grad_norm': 3.1622776985168457, 'learning_rate': 0.0, 'epoch': 0.22}
{'loss': 0.0, 'grad_norm': 3.1622776985168457, 'learning_rate': 0.0, 'epoch': 0.22}
{'loss': 0.0, 'grad_norm': 3.1622776985168457, 'learning_rate': 0.0, 'epoch': 0.22}
{'loss': 0.0, 'grad_norm': 3.1622776985168457, 'learning_rate': 0.0, 'epoch': 0.22}
{'loss': 0.0, 'grad_norm': 3.1622776985168457, 'learning_rate': 0.0, 'epoch': 0.22}
{'loss': 0.0, 'grad_norm': 3.1622776985168457, 'learning_rate': 0.0, 'epoch': 0.22}
{'loss': 0.0, 'grad_norm': 3.1622776985168457, 'learning_rate': 0.0, 'epoch': 0.22}
{'loss': 0.0, 'grad_norm': 3.1622776985168457, 'learning_rate': 0.0, 'epoch': 0.22}
{'loss': 0.0, 'grad_norm': 3.1622776985168457, 'learning_rate': 0.0, 'epoch': 0.22}
{'loss': 0.0, 'grad_norm': 3.1622776985168457, 'learning_rate': 0.0, 'epoch': 0.22}
{'loss': 0.0, 'grad_norm': 3.1622776985168457, 'learning_rate': 0.0, 'epoch': 0.22}
{'loss': 0.0, 'grad_norm': 3.1622776985168457, 'learning_rate': 0.0, 'epoch': 0.22}
{'loss': 0.0, 'grad_norm': 3.1622776985168457, 'learning_rate': 0.0, 'epoch': 0.22}
{'loss': 0.0, 'grad_norm': 3.1622776985168457, 'learning_rate': 0.0, 'epoch': 0.22}
{'loss': 0.0, 'grad_norm': 3.1622776985168457, 'learning_rate': 0.0, 'epoch': 0.22}
{'loss': 0.0, 'grad_norm': 3.1622776985168457, 'learning_rate': 0.0, 'epoch': 0.22}
{'loss': 0.0, 'grad_norm': 3.1622776985168457, 'learning_rate': 0.0, 'epoch': 0.22}
{'loss': 0.0, 'grad_norm': 3.1622776985168457, 'learning_rate': 0.0, 'epoch': 0.22}
{'loss': 0.0, 'grad_norm': 3.1622776985168457, 'learning_rate': 0.0, 'epoch': 0.22}
{'loss': 0.0, 'grad_norm': 3.1622776985168457, 'learning_rate': 0.0, 'epoch': 0.22}
{'loss': 0.0, 'grad_norm': 3.1622776985168457, 'learning_rate': 0.0, 'epoch': 0.22}
{'loss': 0.0, 'grad_norm': 3.1622776985168457, 'learning_rate': 0.0, 'epoch': 0.22}
{'loss': 0.0, 'grad_norm': 3.1622776985168457, 'learning_rate': 0.0, 'epoch': 0.22}
{'loss': 0.0, 'grad_norm': 3.1622776985168457, 'learning_rate': 0.0, 'epoch': 0.22}
{'loss': 0.0, 'grad_norm': 3.1622776985168457, 'learning_rate': 0.0, 'epoch': 0.22}
{'loss': 0.0, 'grad_norm': 3.1622776985168457, 'learning_rate': 0.0, 'epoch': 0.22}
{'loss': 0.0, 'grad_norm': 3.1622776985168457, 'learning_rate': 0.0, 'epoch': 0.22}
{'loss': 0.0, 'grad_norm': 3.1622776985168457, 'learning_rate': 0.0, 'epoch': 0.22}
{'loss': 0.0, 'grad_norm': 3.1622776985168457, 'learning_rate': 0.0, 'epoch': 0.22}
{'loss': 0.0, 'grad_norm': 3.1622776985168457, 'learning_rate': 0.0, 'epoch': 0.22}
{'loss': 0.0, 'grad_norm': 3.1622776985168457, 'learning_rate': 0.0, 'epoch': 0.22}
{'loss': 0.0, 'grad_norm': 3.1622776985168457, 'learning_rate': 0.0, 'epoch': 0.22}
{'loss': 0.0, 'grad_norm': 3.1622776985168457, 'learning_rate': 0.0, 'epoch': 0.22}
{'loss': 0.0, 'grad_norm': 3.1622776985168457, 'learning_rate': 0.0, 'epoch': 0.22}
{'loss': 0.0, 'grad_norm': 3.1622776985168457, 'learning_rate': 0.0, 'epoch': 0.22}
{'loss': 0.0, 'grad_norm': 3.1622776985168457, 'learning_rate': 0.0, 'epoch': 0.22}
{'loss': 0.0, 'grad_norm': 3.1622776985168457, 'learning_rate': 0.0, 'epoch': 0.22}
{'loss': 0.0, 'grad_norm': 3.1622776985168457, 'learning_rate': 0.0, 'epoch': 0.22}
{'loss': 0.0, 'grad_norm': 3.1622776985168457, 'learning_rate': 0.0, 'epoch': 0.22}
{'loss': 0.0, 'grad_norm': 3.1622776985168457, 'learning_rate': 0.0, 'epoch': 0.22}
{'loss': 0.0, 'grad_norm': 3.1622776985168457, 'learning_rate': 0.0, 'epoch': 0.22}
{'loss': 0.0, 'grad_norm': 3.1622776985168457, 'learning_rate': 0.0, 'epoch': 0.22}
{'loss': 0.0, 'grad_norm': 3.1622776985168457, 'learning_rate': 0.0, 'epoch': 0.22}
{'loss': 0.0, 'grad_norm': 3.1622776985168457, 'learning_rate': 0.0, 'epoch': 0.22}
{'loss': 0.0, 'grad_norm': 3.1622776985168457, 'learning_rate': 0.0, 'epoch': 0.22}
{'loss': 0.0, 'grad_norm': 3.1622776985168457, 'learning_rate': 0.0, 'epoch': 0.22}
{'loss': 0.0, 'grad_norm': 3.1622776985168457, 'learning_rate': 0.0, 'epoch': 0.22}
{'loss': 0.0, 'grad_norm': 3.1622776985168457, 'learning_rate': 0.0, 'epoch': 0.22}
{'loss': 0.0, 'grad_norm': 3.1622776985168457, 'learning_rate': 0.0, 'epoch': 0.22}
{'loss': 0.0, 'grad_norm': 3.1622776985168457, 'learning_rate': 0.0, 'epoch': 0.22}
{'loss': 0.0, 'grad_norm': 3.1622776985168457, 'learning_rate': 0.0, 'epoch': 0.22}
{'loss': 0.0, 'grad_norm': 3.1622776985168457, 'learning_rate': 0.0, 'epoch': 0.23}
{'loss': 0.0, 'grad_norm': 3.1622776985168457, 'learning_rate': 0.0, 'epoch': 0.23}
{'loss': 0.0, 'grad_norm': 3.1622776985168457, 'learning_rate': 0.0, 'epoch': 0.23}
{'loss': 0.0, 'grad_norm': 3.1622776985168457, 'learning_rate': 0.0, 'epoch': 0.23}
{'loss': 0.0, 'grad_norm': 3.1622776985168457, 'learning_rate': 0.0, 'epoch': 0.23}
{'loss': 0.0, 'grad_norm': 3.1622776985168457, 'learning_rate': 0.0, 'epoch': 0.23}
{'loss': 0.0, 'grad_norm': 3.1622776985168457, 'learning_rate': 0.0, 'epoch': 0.23}
{'loss': 0.0, 'grad_norm': 3.1622776985168457, 'learning_rate': 0.0, 'epoch': 0.23}
{'loss': 0.0, 'grad_norm': 3.1622776985168457, 'learning_rate': 0.0, 'epoch': 0.23}
{'loss': 0.0, 'grad_norm': 3.1622776985168457, 'learning_rate': 0.0, 'epoch': 0.23}
{'loss': 0.0, 'grad_norm': 3.1622776985168457, 'learning_rate': 0.0, 'epoch': 0.23}
{'loss': 0.0, 'grad_norm': 3.1622776985168457, 'learning_rate': 0.0, 'epoch': 0.23}
{'loss': 0.0, 'grad_norm': 3.1622776985168457, 'learning_rate': 0.0, 'epoch': 0.23}
{'loss': 0.0, 'grad_norm': 3.1622776985168457, 'learning_rate': 0.0, 'epoch': 0.23}
{'loss': 0.0, 'grad_norm': 3.1622776985168457, 'learning_rate': 0.0, 'epoch': 0.23}
Error with image file is truncated (74 bytes not processed)
{'loss': 0.0, 'grad_norm': 3.1622776985168457, 'learning_rate': 0.0, 'epoch': 0.23}
{'loss': 0.0, 'grad_norm': 3.1622776985168457, 'learning_rate': 0.0, 'epoch': 0.23}
{'loss': 0.0, 'grad_norm': 3.1622776985168457, 'learning_rate': 0.0, 'epoch': 0.23}
{'loss': 0.0, 'grad_norm': 3.1622776985168457, 'learning_rate': 0.0, 'epoch': 0.23}
{'loss': 0.0, 'grad_norm': 3.1622776985168457, 'learning_rate': 0.0, 'epoch': 0.23}
{'loss': 0.0, 'grad_norm': 3.1622776985168457, 'learning_rate': 0.0, 'epoch': 0.23}
{'loss': 0.0, 'grad_norm': 3.1622776985168457, 'learning_rate': 0.0, 'epoch': 0.23}
{'loss': 0.0, 'grad_norm': 3.1622776985168457, 'learning_rate': 0.0, 'epoch': 0.23}
{'loss': 0.0, 'grad_norm': 3.1622776985168457, 'learning_rate': 0.0, 'epoch': 0.23}
{'loss': 0.0, 'grad_norm': 3.1622776985168457, 'learning_rate': 0.0, 'epoch': 0.23}
{'loss': 0.0, 'grad_norm': 3.1622776985168457, 'learning_rate': 0.0, 'epoch': 0.23}
{'loss': 0.0, 'grad_norm': 3.1622776985168457, 'learning_rate': 0.0, 'epoch': 0.23}
{'loss': 0.0, 'grad_norm': 3.1622776985168457, 'learning_rate': 0.0, 'epoch': 0.23}
{'loss': 0.0, 'grad_norm': 3.1622776985168457, 'learning_rate': 0.0, 'epoch': 0.23}
{'loss': 0.0, 'grad_norm': 3.1622776985168457, 'learning_rate': 0.0, 'epoch': 0.23}
{'loss': 0.0, 'grad_norm': 3.1622776985168457, 'learning_rate': 0.0, 'epoch': 0.23}
{'loss': 0.0, 'grad_norm': 3.1622776985168457, 'learning_rate': 0.0, 'epoch': 0.23}
{'loss': 0.0, 'grad_norm': 3.1622776985168457, 'learning_rate': 0.0, 'epoch': 0.23}
{'loss': 0.0, 'grad_norm': 3.1622776985168457, 'learning_rate': 0.0, 'epoch': 0.23}
{'loss': 0.0, 'grad_norm': 3.1622776985168457, 'learning_rate': 0.0, 'epoch': 0.23}
{'loss': 0.0, 'grad_norm': 3.1622776985168457, 'learning_rate': 0.0, 'epoch': 0.23}
{'loss': 0.0, 'grad_norm': 3.1622776985168457, 'learning_rate': 0.0, 'epoch': 0.23}
{'loss': 0.0, 'grad_norm': 3.1622776985168457, 'learning_rate': 0.0, 'epoch': 0.23}
{'loss': 0.0, 'grad_norm': 3.1622776985168457, 'learning_rate': 0.0, 'epoch': 0.23}
{'loss': 0.0, 'grad_norm': 3.1622776985168457, 'learning_rate': 0.0, 'epoch': 0.23}
{'loss': 0.0, 'grad_norm': 3.1622776985168457, 'learning_rate': 0.0, 'epoch': 0.23}
{'loss': 0.0, 'grad_norm': 3.1622776985168457, 'learning_rate': 0.0, 'epoch': 0.23}
{'loss': 0.0, 'grad_norm': 3.1622776985168457, 'learning_rate': 0.0, 'epoch': 0.23}
{'loss': 0.0, 'grad_norm': 3.1622776985168457, 'learning_rate': 0.0, 'epoch': 0.23}
{'loss': 0.0, 'grad_norm': 3.1622776985168457, 'learning_rate': 0.0, 'epoch': 0.23}
{'loss': 0.0, 'grad_norm': 3.1622776985168457, 'learning_rate': 0.0, 'epoch': 0.23}
{'loss': 0.0, 'grad_norm': 3.1622776985168457, 'learning_rate': 0.0, 'epoch': 0.23}
{'loss': 0.0, 'grad_norm': 3.1622776985168457, 'learning_rate': 0.0, 'epoch': 0.23}
{'loss': 0.0, 'grad_norm': 3.1622776985168457, 'learning_rate': 0.0, 'epoch': 0.23}
{'loss': 0.0, 'grad_norm': 3.1622776985168457, 'learning_rate': 0.0, 'epoch': 0.23}
{'loss': 0.0, 'grad_norm': 3.1622776985168457, 'learning_rate': 0.0, 'epoch': 0.23}
{'loss': 0.0, 'grad_norm': 3.1622776985168457, 'learning_rate': 0.0, 'epoch': 0.23}
{'loss': 0.0, 'grad_norm': 3.1622776985168457, 'learning_rate': 0.0, 'epoch': 0.24}
{'loss': 0.0, 'grad_norm': 3.1622776985168457, 'learning_rate': 0.0, 'epoch': 0.24}
{'loss': 0.0, 'grad_norm': 3.1622776985168457, 'learning_rate': 0.0, 'epoch': 0.24}
{'loss': 0.0, 'grad_norm': 3.1622776985168457, 'learning_rate': 0.0, 'epoch': 0.24}
{'loss': 0.0, 'grad_norm': 3.1622776985168457, 'learning_rate': 0.0, 'epoch': 0.24}
{'loss': 0.0, 'grad_norm': 3.1622776985168457, 'learning_rate': 0.0, 'epoch': 0.24}
{'loss': 0.0, 'grad_norm': 3.1622776985168457, 'learning_rate': 0.0, 'epoch': 0.24}
{'loss': 0.0, 'grad_norm': 3.1622776985168457, 'learning_rate': 0.0, 'epoch': 0.24}
{'loss': 0.0, 'grad_norm': 3.1622776985168457, 'learning_rate': 0.0, 'epoch': 0.24}
{'loss': 0.0, 'grad_norm': 3.1622776985168457, 'learning_rate': 0.0, 'epoch': 0.24}
{'loss': 0.0, 'grad_norm': 3.1622776985168457, 'learning_rate': 0.0, 'epoch': 0.24}
{'loss': 0.0, 'grad_norm': 3.1622776985168457, 'learning_rate': 0.0, 'epoch': 0.24}
{'loss': 0.0, 'grad_norm': 3.1622776985168457, 'learning_rate': 0.0, 'epoch': 0.24}
{'loss': 0.0, 'grad_norm': 3.1622776985168457, 'learning_rate': 0.0, 'epoch': 0.24}
{'loss': 0.0, 'grad_norm': 3.1622776985168457, 'learning_rate': 0.0, 'epoch': 0.24}
{'loss': 0.0, 'grad_norm': 3.1622776985168457, 'learning_rate': 0.0, 'epoch': 0.24}
{'loss': 0.0, 'grad_norm': 3.1622776985168457, 'learning_rate': 0.0, 'epoch': 0.24}
{'loss': 0.0, 'grad_norm': 3.1622776985168457, 'learning_rate': 0.0, 'epoch': 0.24}
{'loss': 0.0, 'grad_norm': 3.1622776985168457, 'learning_rate': 0.0, 'epoch': 0.24}
{'loss': 0.0, 'grad_norm': 3.1622776985168457, 'learning_rate': 0.0, 'epoch': 0.24}
{'loss': 0.0, 'grad_norm': 3.1622776985168457, 'learning_rate': 0.0, 'epoch': 0.24}
{'loss': 0.0, 'grad_norm': 3.1622776985168457, 'learning_rate': 0.0, 'epoch': 0.24}
{'loss': 0.0, 'grad_norm': 3.1622776985168457, 'learning_rate': 0.0, 'epoch': 0.24}
{'loss': 0.0, 'grad_norm': 3.1622776985168457, 'learning_rate': 0.0, 'epoch': 0.24}
{'loss': 0.0, 'grad_norm': 3.1622776985168457, 'learning_rate': 0.0, 'epoch': 0.24}
{'loss': 0.0, 'grad_norm': 3.1622776985168457, 'learning_rate': 0.0, 'epoch': 0.24}
{'loss': 0.0, 'grad_norm': 3.1622776985168457, 'learning_rate': 0.0, 'epoch': 0.24}
{'loss': 0.0, 'grad_norm': 3.1622776985168457, 'learning_rate': 0.0, 'epoch': 0.24}
{'loss': 0.0, 'grad_norm': 3.1622776985168457, 'learning_rate': 0.0, 'epoch': 0.24}
{'loss': 0.0, 'grad_norm': 3.1622776985168457, 'learning_rate': 0.0, 'epoch': 0.24}
{'loss': 0.0, 'grad_norm': 3.1622776985168457, 'learning_rate': 0.0, 'epoch': 0.24}
{'loss': 0.0, 'grad_norm': 3.1622776985168457, 'learning_rate': 0.0, 'epoch': 0.24}
{'loss': 0.0, 'grad_norm': 3.1622776985168457, 'learning_rate': 0.0, 'epoch': 0.24}
{'loss': 0.0, 'grad_norm': 3.1622776985168457, 'learning_rate': 0.0, 'epoch': 0.24}
{'loss': 0.0, 'grad_norm': 3.1622776985168457, 'learning_rate': 0.0, 'epoch': 0.24}
{'loss': 0.0, 'grad_norm': 3.1622776985168457, 'learning_rate': 0.0, 'epoch': 0.24}
{'loss': 0.0, 'grad_norm': 3.1622776985168457, 'learning_rate': 0.0, 'epoch': 0.24}
{'loss': 0.0, 'grad_norm': 3.1622776985168457, 'learning_rate': 0.0, 'epoch': 0.24}
{'loss': 0.0, 'grad_norm': 3.1622776985168457, 'learning_rate': 0.0, 'epoch': 0.24}
{'loss': 0.0, 'grad_norm': 3.1622776985168457, 'learning_rate': 0.0, 'epoch': 0.24}
{'loss': 0.0, 'grad_norm': 3.1622776985168457, 'learning_rate': 0.0, 'epoch': 0.24}
{'loss': 0.0, 'grad_norm': 3.1622776985168457, 'learning_rate': 0.0, 'epoch': 0.24}
{'loss': 0.0, 'grad_norm': 3.1622776985168457, 'learning_rate': 0.0, 'epoch': 0.24}
{'loss': 0.0, 'grad_norm': 3.1622776985168457, 'learning_rate': 0.0, 'epoch': 0.24}
{'loss': 0.0, 'grad_norm': 3.1622776985168457, 'learning_rate': 0.0, 'epoch': 0.24}
{'loss': 0.0, 'grad_norm': 3.1622776985168457, 'learning_rate': 0.0, 'epoch': 0.24}
{'loss': 0.0, 'grad_norm': 3.1622776985168457, 'learning_rate': 0.0, 'epoch': 0.24}
{'loss': 0.0, 'grad_norm': 3.1622776985168457, 'learning_rate': 0.0, 'epoch': 0.24}
{'loss': 0.0, 'grad_norm': 3.1622776985168457, 'learning_rate': 0.0, 'epoch': 0.24}
{'loss': 0.0, 'grad_norm': 3.1622776985168457, 'learning_rate': 0.0, 'epoch': 0.24}
{'loss': 0.0, 'grad_norm': 3.1622776985168457, 'learning_rate': 0.0, 'epoch': 0.24}
{'loss': 0.0, 'grad_norm': 3.1622776985168457, 'learning_rate': 0.0, 'epoch': 0.24}
{'loss': 0.0, 'grad_norm': 3.1622776985168457, 'learning_rate': 0.0, 'epoch': 0.25}
{'loss': 0.0, 'grad_norm': 3.1622776985168457, 'learning_rate': 0.0, 'epoch': 0.25}
{'loss': 0.0, 'grad_norm': 3.1622776985168457, 'learning_rate': 0.0, 'epoch': 0.25}
{'loss': 0.0, 'grad_norm': 3.1622776985168457, 'learning_rate': 0.0, 'epoch': 0.25}
{'loss': 0.0, 'grad_norm': 3.1622776985168457, 'learning_rate': 0.0, 'epoch': 0.25}
{'loss': 0.0, 'grad_norm': 3.1622776985168457, 'learning_rate': 0.0, 'epoch': 0.25}
{'loss': 0.0, 'grad_norm': 3.1622776985168457, 'learning_rate': 0.0, 'epoch': 0.25}
{'loss': 0.0, 'grad_norm': 3.1622776985168457, 'learning_rate': 0.0, 'epoch': 0.25}
{'loss': 0.0, 'grad_norm': 3.1622776985168457, 'learning_rate': 0.0, 'epoch': 0.25}
{'loss': 0.0, 'grad_norm': 3.1622776985168457, 'learning_rate': 0.0, 'epoch': 0.25}
{'loss': 0.0, 'grad_norm': 3.1622776985168457, 'learning_rate': 0.0, 'epoch': 0.25}
{'loss': 0.0, 'grad_norm': 3.1622776985168457, 'learning_rate': 0.0, 'epoch': 0.25}
{'loss': 0.0, 'grad_norm': 3.1622776985168457, 'learning_rate': 0.0, 'epoch': 0.25}
{'loss': 0.0, 'grad_norm': 3.1622776985168457, 'learning_rate': 0.0, 'epoch': 0.25}
{'loss': 0.0, 'grad_norm': 3.1622776985168457, 'learning_rate': 0.0, 'epoch': 0.25}
{'loss': 0.0, 'grad_norm': 3.1622776985168457, 'learning_rate': 0.0, 'epoch': 0.25}
{'loss': 0.0, 'grad_norm': 3.1622776985168457, 'learning_rate': 0.0, 'epoch': 0.25}
{'loss': 0.0, 'grad_norm': 3.1622776985168457, 'learning_rate': 0.0, 'epoch': 0.25}
{'loss': 0.0, 'grad_norm': 3.1622776985168457, 'learning_rate': 0.0, 'epoch': 0.25}
{'loss': 0.0, 'grad_norm': 3.1622776985168457, 'learning_rate': 0.0, 'epoch': 0.25}
{'loss': 0.0, 'grad_norm': 3.1622776985168457, 'learning_rate': 0.0, 'epoch': 0.25}
{'loss': 0.0, 'grad_norm': 3.1622776985168457, 'learning_rate': 0.0, 'epoch': 0.25}
{'loss': 0.0, 'grad_norm': 3.1622776985168457, 'learning_rate': 0.0, 'epoch': 0.25}
{'loss': 0.0, 'grad_norm': 3.1622776985168457, 'learning_rate': 0.0, 'epoch': 0.25}
{'loss': 0.0, 'grad_norm': 3.1622776985168457, 'learning_rate': 0.0, 'epoch': 0.25}
{'loss': 0.0, 'grad_norm': 3.1622776985168457, 'learning_rate': 0.0, 'epoch': 0.25}
{'loss': 0.0, 'grad_norm': 3.1622776985168457, 'learning_rate': 0.0, 'epoch': 0.25}
{'loss': 0.0, 'grad_norm': 3.1622776985168457, 'learning_rate': 0.0, 'epoch': 0.25}
{'loss': 0.0, 'grad_norm': 3.1622776985168457, 'learning_rate': 0.0, 'epoch': 0.25}
{'loss': 0.0, 'grad_norm': 3.1622776985168457, 'learning_rate': 0.0, 'epoch': 0.25}
{'loss': 0.0, 'grad_norm': 3.1622776985168457, 'learning_rate': 0.0, 'epoch': 0.25}
{'loss': 0.0, 'grad_norm': 3.1622776985168457, 'learning_rate': 0.0, 'epoch': 0.25}
{'loss': 0.0, 'grad_norm': 3.1622776985168457, 'learning_rate': 0.0, 'epoch': 0.25}
{'loss': 0.0, 'grad_norm': 3.1622776985168457, 'learning_rate': 0.0, 'epoch': 0.25}
{'loss': 0.0, 'grad_norm': 3.1622776985168457, 'learning_rate': 0.0, 'epoch': 0.25}
{'loss': 0.0, 'grad_norm': 3.1622776985168457, 'learning_rate': 0.0, 'epoch': 0.25}
{'loss': 0.0, 'grad_norm': 3.1622776985168457, 'learning_rate': 0.0, 'epoch': 0.25}
{'loss': 0.0, 'grad_norm': 3.1622776985168457, 'learning_rate': 0.0, 'epoch': 0.25}
{'loss': 0.0, 'grad_norm': 3.1622776985168457, 'learning_rate': 0.0, 'epoch': 0.25}
{'loss': 0.0, 'grad_norm': 3.1622776985168457, 'learning_rate': 0.0, 'epoch': 0.25}
{'loss': 0.0, 'grad_norm': 3.1622776985168457, 'learning_rate': 0.0, 'epoch': 0.25}
{'loss': 0.0, 'grad_norm': 3.1622776985168457, 'learning_rate': 0.0, 'epoch': 0.25}
{'loss': 0.0, 'grad_norm': 3.1622776985168457, 'learning_rate': 0.0, 'epoch': 0.25}
{'loss': 0.0, 'grad_norm': 3.1622776985168457, 'learning_rate': 0.0, 'epoch': 0.25}
{'loss': 0.0, 'grad_norm': 3.1622776985168457, 'learning_rate': 0.0, 'epoch': 0.25}
{'loss': 0.0, 'grad_norm': 3.1622776985168457, 'learning_rate': 0.0, 'epoch': 0.25}
{'loss': 0.0, 'grad_norm': 3.1622776985168457, 'learning_rate': 0.0, 'epoch': 0.25}
{'loss': 0.0, 'grad_norm': 3.1622776985168457, 'learning_rate': 0.0, 'epoch': 0.25}
{'loss': 0.0, 'grad_norm': 3.1622776985168457, 'learning_rate': 0.0, 'epoch': 0.25}
{'loss': 0.0, 'grad_norm': 3.1622776985168457, 'learning_rate': 0.0, 'epoch': 0.25}
{'loss': 0.0, 'grad_norm': 3.1622776985168457, 'learning_rate': 0.0, 'epoch': 0.25}
{'loss': 0.0, 'grad_norm': 3.1622776985168457, 'learning_rate': 0.0, 'epoch': 0.25}
{'loss': 0.0, 'grad_norm': 3.1622776985168457, 'learning_rate': 0.0, 'epoch': 0.26}
{'loss': 0.0, 'grad_norm': 3.1622776985168457, 'learning_rate': 0.0, 'epoch': 0.26}
{'loss': 0.0, 'grad_norm': 3.1622776985168457, 'learning_rate': 0.0, 'epoch': 0.26}
{'loss': 0.0, 'grad_norm': 3.1622776985168457, 'learning_rate': 0.0, 'epoch': 0.26}
{'loss': 0.0, 'grad_norm': 3.1622776985168457, 'learning_rate': 0.0, 'epoch': 0.26}
{'loss': 0.0, 'grad_norm': 3.1622776985168457, 'learning_rate': 0.0, 'epoch': 0.26}
{'loss': 0.0, 'grad_norm': 3.1622776985168457, 'learning_rate': 0.0, 'epoch': 0.26}
{'loss': 0.0, 'grad_norm': 3.1622776985168457, 'learning_rate': 0.0, 'epoch': 0.26}
{'loss': 0.0, 'grad_norm': 3.1622776985168457, 'learning_rate': 0.0, 'epoch': 0.26}
{'loss': 0.0, 'grad_norm': 3.1622776985168457, 'learning_rate': 0.0, 'epoch': 0.26}
{'loss': 0.0, 'grad_norm': 3.1622776985168457, 'learning_rate': 0.0, 'epoch': 0.26}
{'loss': 0.0, 'grad_norm': 3.1622776985168457, 'learning_rate': 0.0, 'epoch': 0.26}
{'loss': 0.0, 'grad_norm': 3.1622776985168457, 'learning_rate': 0.0, 'epoch': 0.26}
{'loss': 0.0, 'grad_norm': 3.1622776985168457, 'learning_rate': 0.0, 'epoch': 0.26}
{'loss': 0.0, 'grad_norm': 3.1622776985168457, 'learning_rate': 0.0, 'epoch': 0.26}
{'loss': 0.0, 'grad_norm': 3.1622776985168457, 'learning_rate': 0.0, 'epoch': 0.26}
{'loss': 0.0, 'grad_norm': 3.1622776985168457, 'learning_rate': 0.0, 'epoch': 0.26}
{'loss': 0.0, 'grad_norm': 3.1622776985168457, 'learning_rate': 0.0, 'epoch': 0.26}
{'loss': 0.0, 'grad_norm': 3.1622776985168457, 'learning_rate': 0.0, 'epoch': 0.26}
{'loss': 0.0, 'grad_norm': 3.1622776985168457, 'learning_rate': 0.0, 'epoch': 0.26}
{'loss': 0.0, 'grad_norm': 3.1622776985168457, 'learning_rate': 0.0, 'epoch': 0.26}
{'loss': 0.0, 'grad_norm': 3.1622776985168457, 'learning_rate': 0.0, 'epoch': 0.26}
{'loss': 0.0, 'grad_norm': 3.1622776985168457, 'learning_rate': 0.0, 'epoch': 0.26}
{'loss': 0.0, 'grad_norm': 3.1622776985168457, 'learning_rate': 0.0, 'epoch': 0.26}
{'loss': 0.0, 'grad_norm': 3.1622776985168457, 'learning_rate': 0.0, 'epoch': 0.26}
{'loss': 0.0, 'grad_norm': 3.1622776985168457, 'learning_rate': 0.0, 'epoch': 0.26}
{'loss': 0.0, 'grad_norm': 3.1622776985168457, 'learning_rate': 0.0, 'epoch': 0.26}
{'loss': 0.0, 'grad_norm': 3.1622776985168457, 'learning_rate': 0.0, 'epoch': 0.26}
{'loss': 0.0, 'grad_norm': 3.1622776985168457, 'learning_rate': 0.0, 'epoch': 0.26}
{'loss': 0.0, 'grad_norm': 3.1622776985168457, 'learning_rate': 0.0, 'epoch': 0.26}
{'loss': 0.0, 'grad_norm': 3.1622776985168457, 'learning_rate': 0.0, 'epoch': 0.26}
{'loss': 0.0, 'grad_norm': 3.1622776985168457, 'learning_rate': 0.0, 'epoch': 0.26}
{'loss': 0.0, 'grad_norm': 3.1622776985168457, 'learning_rate': 0.0, 'epoch': 0.26}
{'loss': 0.0, 'grad_norm': 3.1622776985168457, 'learning_rate': 0.0, 'epoch': 0.26}
{'loss': 0.0, 'grad_norm': 3.1622776985168457, 'learning_rate': 0.0, 'epoch': 0.26}
{'loss': 0.0, 'grad_norm': 3.1622776985168457, 'learning_rate': 0.0, 'epoch': 0.26}
{'loss': 0.0, 'grad_norm': 3.1622776985168457, 'learning_rate': 0.0, 'epoch': 0.26}
{'loss': 0.0, 'grad_norm': 3.1622776985168457, 'learning_rate': 0.0, 'epoch': 0.26}
{'loss': 0.0, 'grad_norm': 3.1622776985168457, 'learning_rate': 0.0, 'epoch': 0.26}
{'loss': 0.0, 'grad_norm': 3.1622776985168457, 'learning_rate': 0.0, 'epoch': 0.26}
{'loss': 0.0, 'grad_norm': 3.1622776985168457, 'learning_rate': 0.0, 'epoch': 0.26}
{'loss': 0.0, 'grad_norm': 3.1622776985168457, 'learning_rate': 0.0, 'epoch': 0.26}
{'loss': 0.0, 'grad_norm': 3.1622776985168457, 'learning_rate': 0.0, 'epoch': 0.26}
{'loss': 0.0, 'grad_norm': 3.1622776985168457, 'learning_rate': 0.0, 'epoch': 0.26}
{'loss': 0.0, 'grad_norm': 3.1622776985168457, 'learning_rate': 0.0, 'epoch': 0.26}
{'loss': 0.0, 'grad_norm': 3.1622776985168457, 'learning_rate': 0.0, 'epoch': 0.26}
{'loss': 0.0, 'grad_norm': 3.1622776985168457, 'learning_rate': 0.0, 'epoch': 0.26}
{'loss': 0.0, 'grad_norm': 3.1622776985168457, 'learning_rate': 0.0, 'epoch': 0.26}
{'loss': 0.0, 'grad_norm': 3.1622776985168457, 'learning_rate': 0.0, 'epoch': 0.26}
{'loss': 0.0, 'grad_norm': 3.1622776985168457, 'learning_rate': 0.0, 'epoch': 0.26}
{'loss': 0.0, 'grad_norm': 3.1622776985168457, 'learning_rate': 0.0, 'epoch': 0.26}
{'loss': 0.0, 'grad_norm': 3.1622776985168457, 'learning_rate': 0.0, 'epoch': 0.26}
{'loss': 0.0, 'grad_norm': 3.1622776985168457, 'learning_rate': 0.0, 'epoch': 0.27}
{'loss': 0.0, 'grad_norm': 3.1622776985168457, 'learning_rate': 0.0, 'epoch': 0.27}
{'loss': 0.0, 'grad_norm': 3.1622776985168457, 'learning_rate': 0.0, 'epoch': 0.27}
{'loss': 0.0, 'grad_norm': 3.1622776985168457, 'learning_rate': 0.0, 'epoch': 0.27}
{'loss': 0.0, 'grad_norm': 3.1622776985168457, 'learning_rate': 0.0, 'epoch': 0.27}
{'loss': 0.0, 'grad_norm': 3.1622776985168457, 'learning_rate': 0.0, 'epoch': 0.27}
{'loss': 0.0, 'grad_norm': 3.1622776985168457, 'learning_rate': 0.0, 'epoch': 0.27}
{'loss': 0.0, 'grad_norm': 3.1622776985168457, 'learning_rate': 0.0, 'epoch': 0.27}
{'loss': 0.0, 'grad_norm': 3.1622776985168457, 'learning_rate': 0.0, 'epoch': 0.27}
{'loss': 0.0, 'grad_norm': 3.1622776985168457, 'learning_rate': 0.0, 'epoch': 0.27}
{'loss': 0.0, 'grad_norm': 3.1622776985168457, 'learning_rate': 0.0, 'epoch': 0.27}
Error with image file is truncated (67 bytes not processed)
{'loss': 0.0, 'grad_norm': 3.1622776985168457, 'learning_rate': 0.0, 'epoch': 0.27}
{'loss': 0.0, 'grad_norm': 3.1622776985168457, 'learning_rate': 0.0, 'epoch': 0.27}
{'loss': 0.0, 'grad_norm': 3.1622776985168457, 'learning_rate': 0.0, 'epoch': 0.27}
{'loss': 0.0, 'grad_norm': 3.1622776985168457, 'learning_rate': 0.0, 'epoch': 0.27}
{'loss': 0.0, 'grad_norm': 3.1622776985168457, 'learning_rate': 0.0, 'epoch': 0.27}
{'loss': 0.0, 'grad_norm': 3.1622776985168457, 'learning_rate': 0.0, 'epoch': 0.27}
{'loss': 0.0, 'grad_norm': 3.1622776985168457, 'learning_rate': 0.0, 'epoch': 0.27}
{'loss': 0.0, 'grad_norm': 3.1622776985168457, 'learning_rate': 0.0, 'epoch': 0.27}
{'loss': 0.0, 'grad_norm': 3.1622776985168457, 'learning_rate': 0.0, 'epoch': 0.27}
{'loss': 0.0, 'grad_norm': 3.1622776985168457, 'learning_rate': 0.0, 'epoch': 0.27}
{'loss': 0.0, 'grad_norm': 3.1622776985168457, 'learning_rate': 0.0, 'epoch': 0.27}
{'loss': 0.0, 'grad_norm': 3.1622776985168457, 'learning_rate': 0.0, 'epoch': 0.27}
{'loss': 0.0, 'grad_norm': 3.1622776985168457, 'learning_rate': 0.0, 'epoch': 0.27}
{'loss': 0.0, 'grad_norm': 3.1622776985168457, 'learning_rate': 0.0, 'epoch': 0.27}
{'loss': 0.0, 'grad_norm': 3.1622776985168457, 'learning_rate': 0.0, 'epoch': 0.27}
{'loss': 0.0, 'grad_norm': 3.1622776985168457, 'learning_rate': 0.0, 'epoch': 0.27}
{'loss': 0.0, 'grad_norm': 3.1622776985168457, 'learning_rate': 0.0, 'epoch': 0.27}
{'loss': 0.0, 'grad_norm': 3.1622776985168457, 'learning_rate': 0.0, 'epoch': 0.27}
{'loss': 0.0, 'grad_norm': 3.1622776985168457, 'learning_rate': 0.0, 'epoch': 0.27}
{'loss': 0.0, 'grad_norm': 3.1622776985168457, 'learning_rate': 0.0, 'epoch': 0.27}
{'loss': 0.0, 'grad_norm': 3.1622776985168457, 'learning_rate': 0.0, 'epoch': 0.27}
{'loss': 0.0, 'grad_norm': 3.1622776985168457, 'learning_rate': 0.0, 'epoch': 0.27}
{'loss': 0.0, 'grad_norm': 3.1622776985168457, 'learning_rate': 0.0, 'epoch': 0.27}
{'loss': 0.0, 'grad_norm': 3.1622776985168457, 'learning_rate': 0.0, 'epoch': 0.27}
{'loss': 0.0, 'grad_norm': 3.1622776985168457, 'learning_rate': 0.0, 'epoch': 0.27}
{'loss': 0.0, 'grad_norm': 3.1622776985168457, 'learning_rate': 0.0, 'epoch': 0.27}
{'loss': 0.0, 'grad_norm': 3.1622776985168457, 'learning_rate': 0.0, 'epoch': 0.27}
{'loss': 0.0, 'grad_norm': 3.1622776985168457, 'learning_rate': 0.0, 'epoch': 0.27}
{'loss': 0.0, 'grad_norm': 3.1622776985168457, 'learning_rate': 0.0, 'epoch': 0.27}
{'loss': 0.0, 'grad_norm': 3.1622776985168457, 'learning_rate': 0.0, 'epoch': 0.27}
{'loss': 0.0, 'grad_norm': 3.1622776985168457, 'learning_rate': 0.0, 'epoch': 0.27}
{'loss': 0.0, 'grad_norm': 3.1622776985168457, 'learning_rate': 0.0, 'epoch': 0.27}
{'loss': 0.0, 'grad_norm': 3.1622776985168457, 'learning_rate': 0.0, 'epoch': 0.27}
{'loss': 0.0, 'grad_norm': 3.1622776985168457, 'learning_rate': 0.0, 'epoch': 0.27}
{'loss': 0.0, 'grad_norm': 3.1622776985168457, 'learning_rate': 0.0, 'epoch': 0.27}
{'loss': 0.0, 'grad_norm': 3.1622776985168457, 'learning_rate': 0.0, 'epoch': 0.27}
{'loss': 0.0, 'grad_norm': 3.1622776985168457, 'learning_rate': 0.0, 'epoch': 0.27}
{'loss': 0.0, 'grad_norm': 3.1622776985168457, 'learning_rate': 0.0, 'epoch': 0.27}
{'loss': 0.0, 'grad_norm': 3.1622776985168457, 'learning_rate': 0.0, 'epoch': 0.27}
{'loss': 0.0, 'grad_norm': 3.1622776985168457, 'learning_rate': 0.0, 'epoch': 0.27}
{'loss': 0.0, 'grad_norm': 3.1622776985168457, 'learning_rate': 0.0, 'epoch': 0.27}
{'loss': 0.0, 'grad_norm': 3.1622776985168457, 'learning_rate': 0.0, 'epoch': 0.28}
{'loss': 0.0, 'grad_norm': 3.1622776985168457, 'learning_rate': 0.0, 'epoch': 0.28}
{'loss': 0.0, 'grad_norm': 3.1622776985168457, 'learning_rate': 0.0, 'epoch': 0.28}
{'loss': 0.0, 'grad_norm': 3.1622776985168457, 'learning_rate': 0.0, 'epoch': 0.28}
{'loss': 0.0, 'grad_norm': 3.1622776985168457, 'learning_rate': 0.0, 'epoch': 0.28}
{'loss': 0.0, 'grad_norm': 3.1622776985168457, 'learning_rate': 0.0, 'epoch': 0.28}
{'loss': 0.0, 'grad_norm': 3.1622776985168457, 'learning_rate': 0.0, 'epoch': 0.28}
{'loss': 0.0, 'grad_norm': 3.1622776985168457, 'learning_rate': 0.0, 'epoch': 0.28}
{'loss': 0.0, 'grad_norm': 3.1622776985168457, 'learning_rate': 0.0, 'epoch': 0.28}
{'loss': 0.0, 'grad_norm': 3.1622776985168457, 'learning_rate': 0.0, 'epoch': 0.28}
{'loss': 0.0, 'grad_norm': 3.1622776985168457, 'learning_rate': 0.0, 'epoch': 0.28}
{'loss': 0.0, 'grad_norm': 3.1622776985168457, 'learning_rate': 0.0, 'epoch': 0.28}
{'loss': 0.0, 'grad_norm': 3.1622776985168457, 'learning_rate': 0.0, 'epoch': 0.28}
{'loss': 0.0, 'grad_norm': 3.1622776985168457, 'learning_rate': 0.0, 'epoch': 0.28}
{'loss': 0.0, 'grad_norm': 3.1622776985168457, 'learning_rate': 0.0, 'epoch': 0.28}
{'loss': 0.0, 'grad_norm': 3.1622776985168457, 'learning_rate': 0.0, 'epoch': 0.28}
{'loss': 0.0, 'grad_norm': 3.1622776985168457, 'learning_rate': 0.0, 'epoch': 0.28}
{'loss': 0.0, 'grad_norm': 3.1622776985168457, 'learning_rate': 0.0, 'epoch': 0.28}
{'loss': 0.0, 'grad_norm': 3.1622776985168457, 'learning_rate': 0.0, 'epoch': 0.28}
{'loss': 0.0, 'grad_norm': 3.1622776985168457, 'learning_rate': 0.0, 'epoch': 0.28}
{'loss': 0.0, 'grad_norm': 3.1622776985168457, 'learning_rate': 0.0, 'epoch': 0.28}
{'loss': 0.0, 'grad_norm': 3.1622776985168457, 'learning_rate': 0.0, 'epoch': 0.28}
{'loss': 0.0, 'grad_norm': 3.1622776985168457, 'learning_rate': 0.0, 'epoch': 0.28}
{'loss': 0.0, 'grad_norm': 3.1622776985168457, 'learning_rate': 0.0, 'epoch': 0.28}
{'loss': 0.0, 'grad_norm': 3.1622776985168457, 'learning_rate': 0.0, 'epoch': 0.28}
{'loss': 0.0, 'grad_norm': 3.1622776985168457, 'learning_rate': 0.0, 'epoch': 0.28}
{'loss': 0.0, 'grad_norm': 3.1622776985168457, 'learning_rate': 0.0, 'epoch': 0.28}
{'loss': 0.0, 'grad_norm': 3.1622776985168457, 'learning_rate': 0.0, 'epoch': 0.28}
{'loss': 0.0, 'grad_norm': 3.1622776985168457, 'learning_rate': 0.0, 'epoch': 0.28}
{'loss': 0.0, 'grad_norm': 3.1622776985168457, 'learning_rate': 0.0, 'epoch': 0.28}
{'loss': 0.0, 'grad_norm': 3.1622776985168457, 'learning_rate': 0.0, 'epoch': 0.28}
{'loss': 0.0, 'grad_norm': 3.1622776985168457, 'learning_rate': 0.0, 'epoch': 0.28}
{'loss': 0.0, 'grad_norm': 3.1622776985168457, 'learning_rate': 0.0, 'epoch': 0.28}
{'loss': 0.0, 'grad_norm': 3.1622776985168457, 'learning_rate': 0.0, 'epoch': 0.28}
{'loss': 0.0, 'grad_norm': 3.1622776985168457, 'learning_rate': 0.0, 'epoch': 0.28}
{'loss': 0.0, 'grad_norm': 3.1622776985168457, 'learning_rate': 0.0, 'epoch': 0.28}
{'loss': 0.0, 'grad_norm': 3.1622776985168457, 'learning_rate': 0.0, 'epoch': 0.28}
{'loss': 0.0, 'grad_norm': 3.1622776985168457, 'learning_rate': 0.0, 'epoch': 0.28}
{'loss': 0.0, 'grad_norm': 3.1622776985168457, 'learning_rate': 0.0, 'epoch': 0.28}
{'loss': 0.0, 'grad_norm': 3.1622776985168457, 'learning_rate': 0.0, 'epoch': 0.28}
{'loss': 0.0, 'grad_norm': 3.1622776985168457, 'learning_rate': 0.0, 'epoch': 0.28}
{'loss': 0.0, 'grad_norm': 3.1622776985168457, 'learning_rate': 0.0, 'epoch': 0.28}
{'loss': 0.0, 'grad_norm': 3.1622776985168457, 'learning_rate': 0.0, 'epoch': 0.28}
{'loss': 0.0, 'grad_norm': 3.1622776985168457, 'learning_rate': 0.0, 'epoch': 0.28}
{'loss': 0.0, 'grad_norm': 3.1622776985168457, 'learning_rate': 0.0, 'epoch': 0.28}
{'loss': 0.0, 'grad_norm': 3.1622776985168457, 'learning_rate': 0.0, 'epoch': 0.28}
{'loss': 0.0, 'grad_norm': 3.1622776985168457, 'learning_rate': 0.0, 'epoch': 0.28}
{'loss': 0.0, 'grad_norm': 3.1622776985168457, 'learning_rate': 0.0, 'epoch': 0.28}
{'loss': 0.0, 'grad_norm': 3.1622776985168457, 'learning_rate': 0.0, 'epoch': 0.28}
{'loss': 0.0, 'grad_norm': 3.1622776985168457, 'learning_rate': 0.0, 'epoch': 0.28}
{'loss': 0.0, 'grad_norm': 3.1622776985168457, 'learning_rate': 0.0, 'epoch': 0.28}
{'loss': 0.0, 'grad_norm': 3.1622776985168457, 'learning_rate': 0.0, 'epoch': 0.28}
{'loss': 0.0, 'grad_norm': 3.1622776985168457, 'learning_rate': 0.0, 'epoch': 0.29}
{'loss': 0.0, 'grad_norm': 3.1622776985168457, 'learning_rate': 0.0, 'epoch': 0.29}
{'loss': 0.0, 'grad_norm': 3.1622776985168457, 'learning_rate': 0.0, 'epoch': 0.29}
{'loss': 0.0, 'grad_norm': 3.1622776985168457, 'learning_rate': 0.0, 'epoch': 0.29}
{'loss': 0.0, 'grad_norm': 3.1622776985168457, 'learning_rate': 0.0, 'epoch': 0.29}
{'loss': 0.0, 'grad_norm': 3.1622776985168457, 'learning_rate': 0.0, 'epoch': 0.29}
{'loss': 0.0, 'grad_norm': 3.1622776985168457, 'learning_rate': 0.0, 'epoch': 0.29}
{'loss': 0.0, 'grad_norm': 3.1622776985168457, 'learning_rate': 0.0, 'epoch': 0.29}
{'loss': 0.0, 'grad_norm': 3.1622776985168457, 'learning_rate': 0.0, 'epoch': 0.29}
{'loss': 0.0, 'grad_norm': 3.1622776985168457, 'learning_rate': 0.0, 'epoch': 0.29}
{'loss': 0.0, 'grad_norm': 3.1622776985168457, 'learning_rate': 0.0, 'epoch': 0.29}
{'loss': 0.0, 'grad_norm': 3.1622776985168457, 'learning_rate': 0.0, 'epoch': 0.29}
{'loss': 0.0, 'grad_norm': 3.1622776985168457, 'learning_rate': 0.0, 'epoch': 0.29}
{'loss': 0.0, 'grad_norm': 3.1622776985168457, 'learning_rate': 0.0, 'epoch': 0.29}
{'loss': 0.0, 'grad_norm': 3.1622776985168457, 'learning_rate': 0.0, 'epoch': 0.29}
{'loss': 0.0, 'grad_norm': 3.1622776985168457, 'learning_rate': 0.0, 'epoch': 0.29}
{'loss': 0.0, 'grad_norm': 3.1622776985168457, 'learning_rate': 0.0, 'epoch': 0.29}
{'loss': 0.0, 'grad_norm': 3.1622776985168457, 'learning_rate': 0.0, 'epoch': 0.29}
{'loss': 0.0, 'grad_norm': 3.1622776985168457, 'learning_rate': 0.0, 'epoch': 0.29}
{'loss': 0.0, 'grad_norm': 3.1622776985168457, 'learning_rate': 0.0, 'epoch': 0.29}
{'loss': 0.0, 'grad_norm': 3.1622776985168457, 'learning_rate': 0.0, 'epoch': 0.29}
{'loss': 0.0, 'grad_norm': 3.1622776985168457, 'learning_rate': 0.0, 'epoch': 0.29}
{'loss': 0.0, 'grad_norm': 3.1622776985168457, 'learning_rate': 0.0, 'epoch': 0.29}
{'loss': 0.0, 'grad_norm': 3.1622776985168457, 'learning_rate': 0.0, 'epoch': 0.29}
{'loss': 0.0, 'grad_norm': 3.1622776985168457, 'learning_rate': 0.0, 'epoch': 0.29}
{'loss': 0.0, 'grad_norm': 3.1622776985168457, 'learning_rate': 0.0, 'epoch': 0.29}
{'loss': 0.0, 'grad_norm': 3.1622776985168457, 'learning_rate': 0.0, 'epoch': 0.29}
{'loss': 0.0, 'grad_norm': 3.1622776985168457, 'learning_rate': 0.0, 'epoch': 0.29}
{'loss': 0.0, 'grad_norm': 3.1622776985168457, 'learning_rate': 0.0, 'epoch': 0.29}
{'loss': 0.0, 'grad_norm': 3.1622776985168457, 'learning_rate': 0.0, 'epoch': 0.29}
{'loss': 0.0, 'grad_norm': 3.1622776985168457, 'learning_rate': 0.0, 'epoch': 0.29}
{'loss': 0.0, 'grad_norm': 3.1622776985168457, 'learning_rate': 0.0, 'epoch': 0.29}
{'loss': 0.0, 'grad_norm': 3.1622776985168457, 'learning_rate': 0.0, 'epoch': 0.29}
{'loss': 0.0, 'grad_norm': 3.1622776985168457, 'learning_rate': 0.0, 'epoch': 0.29}
{'loss': 0.0, 'grad_norm': 3.1622776985168457, 'learning_rate': 0.0, 'epoch': 0.29}
{'loss': 0.0, 'grad_norm': 3.1622776985168457, 'learning_rate': 0.0, 'epoch': 0.29}
{'loss': 0.0, 'grad_norm': 3.1622776985168457, 'learning_rate': 0.0, 'epoch': 0.29}
{'loss': 0.0, 'grad_norm': 3.1622776985168457, 'learning_rate': 0.0, 'epoch': 0.29}
{'loss': 0.0, 'grad_norm': 3.1622776985168457, 'learning_rate': 0.0, 'epoch': 0.29}
{'loss': 0.0, 'grad_norm': 3.1622776985168457, 'learning_rate': 0.0, 'epoch': 0.29}
{'loss': 0.0, 'grad_norm': 3.1622776985168457, 'learning_rate': 0.0, 'epoch': 0.29}
Error with cannot identify image file '/scratch3/li309/data/llava_data/train_data/llava_image_tune/ocr_vqa/images/451232577.jpg'
{'loss': 0.0, 'grad_norm': 3.1622776985168457, 'learning_rate': 0.0, 'epoch': 0.29}
{'loss': 0.0, 'grad_norm': 3.1622776985168457, 'learning_rate': 0.0, 'epoch': 0.29}
{'loss': 0.0, 'grad_norm': 3.1622776985168457, 'learning_rate': 0.0, 'epoch': 0.29}
{'loss': 0.0, 'grad_norm': 3.1622776985168457, 'learning_rate': 0.0, 'epoch': 0.29}
{'loss': 0.0, 'grad_norm': 3.1622776985168457, 'learning_rate': 0.0, 'epoch': 0.29}
{'loss': 0.0, 'grad_norm': 3.1622776985168457, 'learning_rate': 0.0, 'epoch': 0.29}
{'loss': 0.0, 'grad_norm': 3.1622776985168457, 'learning_rate': 0.0, 'epoch': 0.29}
{'loss': 0.0, 'grad_norm': 3.1622776985168457, 'learning_rate': 0.0, 'epoch': 0.29}
{'loss': 0.0, 'grad_norm': 3.1622776985168457, 'learning_rate': 0.0, 'epoch': 0.29}
{'loss': 0.0, 'grad_norm': 3.1622776985168457, 'learning_rate': 0.0, 'epoch': 0.29}
{'loss': 0.0, 'grad_norm': 3.1622776985168457, 'learning_rate': 0.0, 'epoch': 0.29}
{'loss': 0.0, 'grad_norm': 3.1622776985168457, 'learning_rate': 0.0, 'epoch': 0.3}
{'loss': 0.0, 'grad_norm': 3.1622776985168457, 'learning_rate': 0.0, 'epoch': 0.3}
{'loss': 0.0, 'grad_norm': 3.1622776985168457, 'learning_rate': 0.0, 'epoch': 0.3}
{'loss': 0.0, 'grad_norm': 3.1622776985168457, 'learning_rate': 0.0, 'epoch': 0.3}
{'loss': 0.0, 'grad_norm': 3.1622776985168457, 'learning_rate': 0.0, 'epoch': 0.3}
{'loss': 0.0, 'grad_norm': 3.1622776985168457, 'learning_rate': 0.0, 'epoch': 0.3}
{'loss': 0.0, 'grad_norm': 3.1622776985168457, 'learning_rate': 0.0, 'epoch': 0.3}
{'loss': 0.0, 'grad_norm': 3.1622776985168457, 'learning_rate': 0.0, 'epoch': 0.3}
{'loss': 0.0, 'grad_norm': 3.1622776985168457, 'learning_rate': 0.0, 'epoch': 0.3}
{'loss': 0.0, 'grad_norm': 3.1622776985168457, 'learning_rate': 0.0, 'epoch': 0.3}
{'loss': 0.0, 'grad_norm': 3.1622776985168457, 'learning_rate': 0.0, 'epoch': 0.3}
{'loss': 0.0, 'grad_norm': 3.1622776985168457, 'learning_rate': 0.0, 'epoch': 0.3}
{'loss': 0.0, 'grad_norm': 3.1622776985168457, 'learning_rate': 0.0, 'epoch': 0.3}
{'loss': 0.0, 'grad_norm': 3.1622776985168457, 'learning_rate': 0.0, 'epoch': 0.3}
{'loss': 0.0, 'grad_norm': 3.1622776985168457, 'learning_rate': 0.0, 'epoch': 0.3}
{'loss': 0.0, 'grad_norm': 3.1622776985168457, 'learning_rate': 0.0, 'epoch': 0.3}
{'loss': 0.0, 'grad_norm': 3.1622776985168457, 'learning_rate': 0.0, 'epoch': 0.3}
{'loss': 0.0, 'grad_norm': 3.1622776985168457, 'learning_rate': 0.0, 'epoch': 0.3}
{'loss': 0.0, 'grad_norm': 3.1622776985168457, 'learning_rate': 0.0, 'epoch': 0.3}
{'loss': 0.0, 'grad_norm': 3.1622776985168457, 'learning_rate': 0.0, 'epoch': 0.3}
{'loss': 0.0, 'grad_norm': 3.1622776985168457, 'learning_rate': 0.0, 'epoch': 0.3}
{'loss': 0.0, 'grad_norm': 3.1622776985168457, 'learning_rate': 0.0, 'epoch': 0.3}
{'loss': 0.0, 'grad_norm': 3.1622776985168457, 'learning_rate': 0.0, 'epoch': 0.3}
{'loss': 0.0, 'grad_norm': 3.1622776985168457, 'learning_rate': 0.0, 'epoch': 0.3}
{'loss': 0.0, 'grad_norm': 3.1622776985168457, 'learning_rate': 0.0, 'epoch': 0.3}
{'loss': 0.0, 'grad_norm': 3.1622776985168457, 'learning_rate': 0.0, 'epoch': 0.3}
{'loss': 0.0, 'grad_norm': 3.1622776985168457, 'learning_rate': 0.0, 'epoch': 0.3}
{'loss': 0.0, 'grad_norm': 3.1622776985168457, 'learning_rate': 0.0, 'epoch': 0.3}
{'loss': 0.0, 'grad_norm': 3.1622776985168457, 'learning_rate': 0.0, 'epoch': 0.3}
{'loss': 0.0, 'grad_norm': 3.1622776985168457, 'learning_rate': 0.0, 'epoch': 0.3}
{'loss': 0.0, 'grad_norm': 3.1622776985168457, 'learning_rate': 0.0, 'epoch': 0.3}
{'loss': 0.0, 'grad_norm': 3.1622776985168457, 'learning_rate': 0.0, 'epoch': 0.3}
{'loss': 0.0, 'grad_norm': 3.1622776985168457, 'learning_rate': 0.0, 'epoch': 0.3}
{'loss': 0.0, 'grad_norm': 3.1622776985168457, 'learning_rate': 0.0, 'epoch': 0.3}
{'loss': 0.0, 'grad_norm': 3.1622776985168457, 'learning_rate': 0.0, 'epoch': 0.3}
{'loss': 0.0, 'grad_norm': 3.1622776985168457, 'learning_rate': 0.0, 'epoch': 0.3}
{'loss': 0.0, 'grad_norm': 3.1622776985168457, 'learning_rate': 0.0, 'epoch': 0.3}
{'loss': 0.0, 'grad_norm': 3.1622776985168457, 'learning_rate': 0.0, 'epoch': 0.3}
{'loss': 0.0, 'grad_norm': 3.1622776985168457, 'learning_rate': 0.0, 'epoch': 0.3}
{'loss': 0.0, 'grad_norm': 3.1622776985168457, 'learning_rate': 0.0, 'epoch': 0.3}
{'loss': 0.0, 'grad_norm': 3.1622776985168457, 'learning_rate': 0.0, 'epoch': 0.3}
{'loss': 0.0, 'grad_norm': 3.1622776985168457, 'learning_rate': 0.0, 'epoch': 0.3}
{'loss': 0.0, 'grad_norm': 3.1622776985168457, 'learning_rate': 0.0, 'epoch': 0.3}
{'loss': 0.0, 'grad_norm': 3.1622776985168457, 'learning_rate': 0.0, 'epoch': 0.3}
{'loss': 0.0, 'grad_norm': 3.1622776985168457, 'learning_rate': 0.0, 'epoch': 0.3}
{'loss': 0.0, 'grad_norm': 3.1622776985168457, 'learning_rate': 0.0, 'epoch': 0.3}
{'loss': 0.0, 'grad_norm': 3.1622776985168457, 'learning_rate': 0.0, 'epoch': 0.3}
{'loss': 0.0, 'grad_norm': 3.1622776985168457, 'learning_rate': 0.0, 'epoch': 0.3}
{'loss': 0.0, 'grad_norm': 3.1622776985168457, 'learning_rate': 0.0, 'epoch': 0.3}
{'loss': 0.0, 'grad_norm': 3.1622776985168457, 'learning_rate': 0.0, 'epoch': 0.3}
{'loss': 0.0, 'grad_norm': 3.1622776985168457, 'learning_rate': 0.0, 'epoch': 0.3}
{'loss': 0.0, 'grad_norm': 3.1622776985168457, 'learning_rate': 0.0, 'epoch': 0.3}
{'loss': 0.0, 'grad_norm': 3.1622776985168457, 'learning_rate': 0.0, 'epoch': 0.31}
{'loss': 0.0, 'grad_norm': 3.1622776985168457, 'learning_rate': 0.0, 'epoch': 0.31}
{'loss': 0.0, 'grad_norm': 3.1622776985168457, 'learning_rate': 0.0, 'epoch': 0.31}
{'loss': 0.0, 'grad_norm': 3.1622776985168457, 'learning_rate': 0.0, 'epoch': 0.31}
{'loss': 0.0, 'grad_norm': 3.1622776985168457, 'learning_rate': 0.0, 'epoch': 0.31}
{'loss': 0.0, 'grad_norm': 3.1622776985168457, 'learning_rate': 0.0, 'epoch': 0.31}
{'loss': 0.0, 'grad_norm': 3.1622776985168457, 'learning_rate': 0.0, 'epoch': 0.31}
{'loss': 0.0, 'grad_norm': 3.1622776985168457, 'learning_rate': 0.0, 'epoch': 0.31}
{'loss': 0.0, 'grad_norm': 3.1622776985168457, 'learning_rate': 0.0, 'epoch': 0.31}
{'loss': 0.0, 'grad_norm': 3.1622776985168457, 'learning_rate': 0.0, 'epoch': 0.31}
{'loss': 0.0, 'grad_norm': 3.1622776985168457, 'learning_rate': 0.0, 'epoch': 0.31}
{'loss': 0.0, 'grad_norm': 3.1622776985168457, 'learning_rate': 0.0, 'epoch': 0.31}
{'loss': 0.0, 'grad_norm': 3.1622776985168457, 'learning_rate': 0.0, 'epoch': 0.31}
{'loss': 0.0, 'grad_norm': 3.1622776985168457, 'learning_rate': 0.0, 'epoch': 0.31}
{'loss': 0.0, 'grad_norm': 3.1622776985168457, 'learning_rate': 0.0, 'epoch': 0.31}
{'loss': 0.0, 'grad_norm': 3.1622776985168457, 'learning_rate': 0.0, 'epoch': 0.31}
{'loss': 0.0, 'grad_norm': 3.1622776985168457, 'learning_rate': 0.0, 'epoch': 0.31}
{'loss': 0.0, 'grad_norm': 3.1622776985168457, 'learning_rate': 0.0, 'epoch': 0.31}
{'loss': 0.0, 'grad_norm': 3.1622776985168457, 'learning_rate': 0.0, 'epoch': 0.31}
{'loss': 0.0, 'grad_norm': 3.1622776985168457, 'learning_rate': 0.0, 'epoch': 0.31}
{'loss': 0.0, 'grad_norm': 3.1622776985168457, 'learning_rate': 0.0, 'epoch': 0.31}
{'loss': 0.0, 'grad_norm': 3.1622776985168457, 'learning_rate': 0.0, 'epoch': 0.31}
{'loss': 0.0, 'grad_norm': 3.1622776985168457, 'learning_rate': 0.0, 'epoch': 0.31}
{'loss': 0.0, 'grad_norm': 3.1622776985168457, 'learning_rate': 0.0, 'epoch': 0.31}
{'loss': 0.0, 'grad_norm': 3.1622776985168457, 'learning_rate': 0.0, 'epoch': 0.31}
{'loss': 0.0, 'grad_norm': 3.1622776985168457, 'learning_rate': 0.0, 'epoch': 0.31}
{'loss': 0.0, 'grad_norm': 3.1622776985168457, 'learning_rate': 0.0, 'epoch': 0.31}
{'loss': 0.0, 'grad_norm': 3.1622776985168457, 'learning_rate': 0.0, 'epoch': 0.31}
{'loss': 0.0, 'grad_norm': 3.1622776985168457, 'learning_rate': 0.0, 'epoch': 0.31}
{'loss': 0.0, 'grad_norm': 3.1622776985168457, 'learning_rate': 0.0, 'epoch': 0.31}
{'loss': 0.0, 'grad_norm': 3.1622776985168457, 'learning_rate': 0.0, 'epoch': 0.31}
{'loss': 0.0, 'grad_norm': 3.1622776985168457, 'learning_rate': 0.0, 'epoch': 0.31}
{'loss': 0.0, 'grad_norm': 3.1622776985168457, 'learning_rate': 0.0, 'epoch': 0.31}
{'loss': 0.0, 'grad_norm': 3.1622776985168457, 'learning_rate': 0.0, 'epoch': 0.31}
{'loss': 0.0, 'grad_norm': 3.1622776985168457, 'learning_rate': 0.0, 'epoch': 0.31}
{'loss': 0.0, 'grad_norm': 3.1622776985168457, 'learning_rate': 0.0, 'epoch': 0.31}
{'loss': 0.0, 'grad_norm': 3.1622776985168457, 'learning_rate': 0.0, 'epoch': 0.31}
{'loss': 0.0, 'grad_norm': 3.1622776985168457, 'learning_rate': 0.0, 'epoch': 0.31}
{'loss': 0.0, 'grad_norm': 3.1622776985168457, 'learning_rate': 0.0, 'epoch': 0.31}
{'loss': 0.0, 'grad_norm': 3.1622776985168457, 'learning_rate': 0.0, 'epoch': 0.31}
{'loss': 0.0, 'grad_norm': 3.1622776985168457, 'learning_rate': 0.0, 'epoch': 0.31}
{'loss': 0.0, 'grad_norm': 3.1622776985168457, 'learning_rate': 0.0, 'epoch': 0.31}
{'loss': 0.0, 'grad_norm': 3.1622776985168457, 'learning_rate': 0.0, 'epoch': 0.31}
{'loss': 0.0, 'grad_norm': 3.1622776985168457, 'learning_rate': 0.0, 'epoch': 0.31}
{'loss': 0.0, 'grad_norm': 3.1622776985168457, 'learning_rate': 0.0, 'epoch': 0.31}
{'loss': 0.0, 'grad_norm': 3.1622776985168457, 'learning_rate': 0.0, 'epoch': 0.31}
{'loss': 0.0, 'grad_norm': 3.1622776985168457, 'learning_rate': 0.0, 'epoch': 0.31}
{'loss': 0.0, 'grad_norm': 3.1622776985168457, 'learning_rate': 0.0, 'epoch': 0.31}
{'loss': 0.0, 'grad_norm': 3.1622776985168457, 'learning_rate': 0.0, 'epoch': 0.31}
{'loss': 0.0, 'grad_norm': 3.1622776985168457, 'learning_rate': 0.0, 'epoch': 0.31}
{'loss': 0.0, 'grad_norm': 3.1622776985168457, 'learning_rate': 0.0, 'epoch': 0.31}
{'loss': 0.0, 'grad_norm': 3.1622776985168457, 'learning_rate': 0.0, 'epoch': 0.31}
{'loss': 0.0, 'grad_norm': 3.1622776985168457, 'learning_rate': 0.0, 'epoch': 0.32}
{'loss': 0.0, 'grad_norm': 3.1622776985168457, 'learning_rate': 0.0, 'epoch': 0.32}
{'loss': 0.0, 'grad_norm': 3.1622776985168457, 'learning_rate': 0.0, 'epoch': 0.32}
{'loss': 0.0, 'grad_norm': 3.1622776985168457, 'learning_rate': 0.0, 'epoch': 0.32}
{'loss': 0.0, 'grad_norm': 3.1622776985168457, 'learning_rate': 0.0, 'epoch': 0.32}
{'loss': 0.0, 'grad_norm': 3.1622776985168457, 'learning_rate': 0.0, 'epoch': 0.32}
{'loss': 0.0, 'grad_norm': 3.1622776985168457, 'learning_rate': 0.0, 'epoch': 0.32}
{'loss': 0.0, 'grad_norm': 3.1622776985168457, 'learning_rate': 0.0, 'epoch': 0.32}
{'loss': 0.0, 'grad_norm': 3.1622776985168457, 'learning_rate': 0.0, 'epoch': 0.32}
{'loss': 0.0, 'grad_norm': 3.1622776985168457, 'learning_rate': 0.0, 'epoch': 0.32}
{'loss': 0.0, 'grad_norm': 3.1622776985168457, 'learning_rate': 0.0, 'epoch': 0.32}
{'loss': 0.0, 'grad_norm': 3.1622776985168457, 'learning_rate': 0.0, 'epoch': 0.32}
{'loss': 0.0, 'grad_norm': 3.1622776985168457, 'learning_rate': 0.0, 'epoch': 0.32}
{'loss': 0.0, 'grad_norm': 3.1622776985168457, 'learning_rate': 0.0, 'epoch': 0.32}
{'loss': 0.0, 'grad_norm': 3.1622776985168457, 'learning_rate': 0.0, 'epoch': 0.32}
{'loss': 0.0, 'grad_norm': 3.1622776985168457, 'learning_rate': 0.0, 'epoch': 0.32}
{'loss': 0.0, 'grad_norm': 3.1622776985168457, 'learning_rate': 0.0, 'epoch': 0.32}
{'loss': 0.0, 'grad_norm': 3.1622776985168457, 'learning_rate': 0.0, 'epoch': 0.32}
{'loss': 0.0, 'grad_norm': 3.1622776985168457, 'learning_rate': 0.0, 'epoch': 0.32}
{'loss': 0.0, 'grad_norm': 3.1622776985168457, 'learning_rate': 0.0, 'epoch': 0.32}
{'loss': 0.0, 'grad_norm': 3.1622776985168457, 'learning_rate': 0.0, 'epoch': 0.32}
{'loss': 0.0, 'grad_norm': 3.1622776985168457, 'learning_rate': 0.0, 'epoch': 0.32}
{'loss': 0.0, 'grad_norm': 3.1622776985168457, 'learning_rate': 0.0, 'epoch': 0.32}
Error with image file is truncated
{'loss': 0.0, 'grad_norm': 3.1622776985168457, 'learning_rate': 0.0, 'epoch': 0.32}
{'loss': 0.0, 'grad_norm': 3.1622776985168457, 'learning_rate': 0.0, 'epoch': 0.32}
{'loss': 0.0, 'grad_norm': 3.1622776985168457, 'learning_rate': 0.0, 'epoch': 0.32}
{'loss': 0.0, 'grad_norm': 3.1622776985168457, 'learning_rate': 0.0, 'epoch': 0.32}
{'loss': 0.0, 'grad_norm': 3.1622776985168457, 'learning_rate': 0.0, 'epoch': 0.32}
{'loss': 0.0, 'grad_norm': 3.1622776985168457, 'learning_rate': 0.0, 'epoch': 0.32}
{'loss': 0.0, 'grad_norm': 3.1622776985168457, 'learning_rate': 0.0, 'epoch': 0.32}
{'loss': 0.0, 'grad_norm': 3.1622776985168457, 'learning_rate': 0.0, 'epoch': 0.32}
{'loss': 0.0, 'grad_norm': 3.1622776985168457, 'learning_rate': 0.0, 'epoch': 0.32}
{'loss': 0.0, 'grad_norm': 3.1622776985168457, 'learning_rate': 0.0, 'epoch': 0.32}
{'loss': 0.0, 'grad_norm': 3.1622776985168457, 'learning_rate': 0.0, 'epoch': 0.32}
{'loss': 0.0, 'grad_norm': 3.1622776985168457, 'learning_rate': 0.0, 'epoch': 0.32}
{'loss': 0.0, 'grad_norm': 3.1622776985168457, 'learning_rate': 0.0, 'epoch': 0.32}
{'loss': 0.0, 'grad_norm': 3.1622776985168457, 'learning_rate': 0.0, 'epoch': 0.32}
{'loss': 0.0, 'grad_norm': 3.1622776985168457, 'learning_rate': 0.0, 'epoch': 0.32}
{'loss': 0.0, 'grad_norm': 3.1622776985168457, 'learning_rate': 0.0, 'epoch': 0.32}
{'loss': 0.0, 'grad_norm': 3.1622776985168457, 'learning_rate': 0.0, 'epoch': 0.32}
{'loss': 0.0, 'grad_norm': 3.1622776985168457, 'learning_rate': 0.0, 'epoch': 0.32}
{'loss': 0.0, 'grad_norm': 3.1622776985168457, 'learning_rate': 0.0, 'epoch': 0.32}
{'loss': 0.0, 'grad_norm': 3.1622776985168457, 'learning_rate': 0.0, 'epoch': 0.32}
{'loss': 0.0, 'grad_norm': 3.1622776985168457, 'learning_rate': 0.0, 'epoch': 0.32}
{'loss': 0.0, 'grad_norm': 3.1622776985168457, 'learning_rate': 0.0, 'epoch': 0.32}
{'loss': 0.0, 'grad_norm': 3.1622776985168457, 'learning_rate': 0.0, 'epoch': 0.32}
{'loss': 0.0, 'grad_norm': 3.1622776985168457, 'learning_rate': 0.0, 'epoch': 0.32}
{'loss': 0.0, 'grad_norm': 3.1622776985168457, 'learning_rate': 0.0, 'epoch': 0.32}
{'loss': 0.0, 'grad_norm': 3.1622776985168457, 'learning_rate': 0.0, 'epoch': 0.32}
{'loss': 0.0, 'grad_norm': 3.1622776985168457, 'learning_rate': 0.0, 'epoch': 0.32}
{'loss': 0.0, 'grad_norm': 3.1622776985168457, 'learning_rate': 0.0, 'epoch': 0.32}
{'loss': 0.0, 'grad_norm': 3.1622776985168457, 'learning_rate': 0.0, 'epoch': 0.32}
{'loss': 0.0, 'grad_norm': 3.1622776985168457, 'learning_rate': 0.0, 'epoch': 0.33}
{'loss': 0.0, 'grad_norm': 3.1622776985168457, 'learning_rate': 0.0, 'epoch': 0.33}
{'loss': 0.0, 'grad_norm': 3.1622776985168457, 'learning_rate': 0.0, 'epoch': 0.33}
{'loss': 0.0, 'grad_norm': 3.1622776985168457, 'learning_rate': 0.0, 'epoch': 0.33}
{'loss': 0.0, 'grad_norm': 3.1622776985168457, 'learning_rate': 0.0, 'epoch': 0.33}
{'loss': 0.0, 'grad_norm': 3.1622776985168457, 'learning_rate': 0.0, 'epoch': 0.33}
{'loss': 0.0, 'grad_norm': 3.1622776985168457, 'learning_rate': 0.0, 'epoch': 0.33}
{'loss': 0.0, 'grad_norm': 3.1622776985168457, 'learning_rate': 0.0, 'epoch': 0.33}
{'loss': 0.0, 'grad_norm': 3.1622776985168457, 'learning_rate': 0.0, 'epoch': 0.33}
{'loss': 0.0, 'grad_norm': 3.1622776985168457, 'learning_rate': 0.0, 'epoch': 0.33}
{'loss': 0.0, 'grad_norm': 3.1622776985168457, 'learning_rate': 0.0, 'epoch': 0.33}
{'loss': 0.0, 'grad_norm': 3.1622776985168457, 'learning_rate': 0.0, 'epoch': 0.33}
{'loss': 0.0, 'grad_norm': 3.1622776985168457, 'learning_rate': 0.0, 'epoch': 0.33}
{'loss': 0.0, 'grad_norm': 3.1622776985168457, 'learning_rate': 0.0, 'epoch': 0.33}
{'loss': 0.0, 'grad_norm': 3.1622776985168457, 'learning_rate': 0.0, 'epoch': 0.33}
{'loss': 0.0, 'grad_norm': 3.1622776985168457, 'learning_rate': 0.0, 'epoch': 0.33}
{'loss': 0.0, 'grad_norm': 3.1622776985168457, 'learning_rate': 0.0, 'epoch': 0.33}
{'loss': 0.0, 'grad_norm': 3.1622776985168457, 'learning_rate': 0.0, 'epoch': 0.33}
{'loss': 0.0, 'grad_norm': 3.1622776985168457, 'learning_rate': 0.0, 'epoch': 0.33}
{'loss': 0.0, 'grad_norm': 3.1622776985168457, 'learning_rate': 0.0, 'epoch': 0.33}
{'loss': 0.0, 'grad_norm': 3.1622776985168457, 'learning_rate': 0.0, 'epoch': 0.33}
{'loss': 0.0, 'grad_norm': 3.1622776985168457, 'learning_rate': 0.0, 'epoch': 0.33}
{'loss': 0.0, 'grad_norm': 3.1622776985168457, 'learning_rate': 0.0, 'epoch': 0.33}
{'loss': 0.0, 'grad_norm': 3.1622776985168457, 'learning_rate': 0.0, 'epoch': 0.33}
{'loss': 0.0, 'grad_norm': 3.1622776985168457, 'learning_rate': 0.0, 'epoch': 0.33}
{'loss': 0.0, 'grad_norm': 3.1622776985168457, 'learning_rate': 0.0, 'epoch': 0.33}
{'loss': 0.0, 'grad_norm': 3.1622776985168457, 'learning_rate': 0.0, 'epoch': 0.33}
{'loss': 0.0, 'grad_norm': 3.1622776985168457, 'learning_rate': 0.0, 'epoch': 0.33}
{'loss': 0.0, 'grad_norm': 3.1622776985168457, 'learning_rate': 0.0, 'epoch': 0.33}
{'loss': 0.0, 'grad_norm': 3.1622776985168457, 'learning_rate': 0.0, 'epoch': 0.33}
{'loss': 0.0, 'grad_norm': 3.1622776985168457, 'learning_rate': 0.0, 'epoch': 0.33}
{'loss': 0.0, 'grad_norm': 3.1622776985168457, 'learning_rate': 0.0, 'epoch': 0.33}
{'loss': 0.0, 'grad_norm': 3.1622776985168457, 'learning_rate': 0.0, 'epoch': 0.33}
{'loss': 0.0, 'grad_norm': 3.1622776985168457, 'learning_rate': 0.0, 'epoch': 0.33}
{'loss': 0.0, 'grad_norm': 3.1622776985168457, 'learning_rate': 0.0, 'epoch': 0.33}
{'loss': 0.0, 'grad_norm': 3.1622776985168457, 'learning_rate': 0.0, 'epoch': 0.33}
{'loss': 0.0, 'grad_norm': 3.1622776985168457, 'learning_rate': 0.0, 'epoch': 0.33}
{'loss': 0.0, 'grad_norm': 3.1622776985168457, 'learning_rate': 0.0, 'epoch': 0.33}
{'loss': 0.0, 'grad_norm': 3.1622776985168457, 'learning_rate': 0.0, 'epoch': 0.33}
{'loss': 0.0, 'grad_norm': 3.1622776985168457, 'learning_rate': 0.0, 'epoch': 0.33}
{'loss': 0.0, 'grad_norm': 3.1622776985168457, 'learning_rate': 0.0, 'epoch': 0.33}
{'loss': 0.0, 'grad_norm': 3.1622776985168457, 'learning_rate': 0.0, 'epoch': 0.33}
{'loss': 0.0, 'grad_norm': 3.1622776985168457, 'learning_rate': 0.0, 'epoch': 0.33}
{'loss': 0.0, 'grad_norm': 3.1622776985168457, 'learning_rate': 0.0, 'epoch': 0.33}
{'loss': 0.0, 'grad_norm': 3.1622776985168457, 'learning_rate': 0.0, 'epoch': 0.33}
{'loss': 0.0, 'grad_norm': 3.1622776985168457, 'learning_rate': 0.0, 'epoch': 0.33}
{'loss': 0.0, 'grad_norm': 3.1622776985168457, 'learning_rate': 0.0, 'epoch': 0.33}
{'loss': 0.0, 'grad_norm': 3.1622776985168457, 'learning_rate': 0.0, 'epoch': 0.33}
{'loss': 0.0, 'grad_norm': 3.1622776985168457, 'learning_rate': 0.0, 'epoch': 0.33}
{'loss': 0.0, 'grad_norm': 3.1622776985168457, 'learning_rate': 0.0, 'epoch': 0.33}
{'loss': 0.0, 'grad_norm': 3.1622776985168457, 'learning_rate': 0.0, 'epoch': 0.33}
{'loss': 0.0, 'grad_norm': 3.1622776985168457, 'learning_rate': 0.0, 'epoch': 0.33}
{'loss': 0.0, 'grad_norm': 3.1622776985168457, 'learning_rate': 0.0, 'epoch': 0.34}
{'loss': 0.0, 'grad_norm': 3.1622776985168457, 'learning_rate': 0.0, 'epoch': 0.34}
{'loss': 0.0, 'grad_norm': 3.1622776985168457, 'learning_rate': 0.0, 'epoch': 0.34}
{'loss': 0.0, 'grad_norm': 3.1622776985168457, 'learning_rate': 0.0, 'epoch': 0.34}
{'loss': 0.0, 'grad_norm': 3.1622776985168457, 'learning_rate': 0.0, 'epoch': 0.34}
{'loss': 0.0, 'grad_norm': 3.1622776985168457, 'learning_rate': 0.0, 'epoch': 0.34}
{'loss': 0.0, 'grad_norm': 3.1622776985168457, 'learning_rate': 0.0, 'epoch': 0.34}
{'loss': 0.0, 'grad_norm': 3.1622776985168457, 'learning_rate': 0.0, 'epoch': 0.34}
{'loss': 0.0, 'grad_norm': 3.1622776985168457, 'learning_rate': 0.0, 'epoch': 0.34}
{'loss': 0.0, 'grad_norm': 3.1622776985168457, 'learning_rate': 0.0, 'epoch': 0.34}
{'loss': 0.0, 'grad_norm': 3.1622776985168457, 'learning_rate': 0.0, 'epoch': 0.34}
{'loss': 0.0, 'grad_norm': 3.1622776985168457, 'learning_rate': 0.0, 'epoch': 0.34}
{'loss': 0.0, 'grad_norm': 3.1622776985168457, 'learning_rate': 0.0, 'epoch': 0.34}
{'loss': 0.0, 'grad_norm': 3.1622776985168457, 'learning_rate': 0.0, 'epoch': 0.34}
{'loss': 0.0, 'grad_norm': 3.1622776985168457, 'learning_rate': 0.0, 'epoch': 0.34}
{'loss': 0.0, 'grad_norm': 3.1622776985168457, 'learning_rate': 0.0, 'epoch': 0.34}
{'loss': 0.0, 'grad_norm': 3.1622776985168457, 'learning_rate': 0.0, 'epoch': 0.34}
{'loss': 0.0, 'grad_norm': 3.1622776985168457, 'learning_rate': 0.0, 'epoch': 0.34}
{'loss': 0.0, 'grad_norm': 3.1622776985168457, 'learning_rate': 0.0, 'epoch': 0.34}
{'loss': 0.0, 'grad_norm': 3.1622776985168457, 'learning_rate': 0.0, 'epoch': 0.34}
{'loss': 0.0, 'grad_norm': 3.1622776985168457, 'learning_rate': 0.0, 'epoch': 0.34}
{'loss': 0.0, 'grad_norm': 3.1622776985168457, 'learning_rate': 0.0, 'epoch': 0.34}
{'loss': 0.0, 'grad_norm': 3.1622776985168457, 'learning_rate': 0.0, 'epoch': 0.34}
{'loss': 0.0, 'grad_norm': 3.1622776985168457, 'learning_rate': 0.0, 'epoch': 0.34}
{'loss': 0.0, 'grad_norm': 3.1622776985168457, 'learning_rate': 0.0, 'epoch': 0.34}
{'loss': 0.0, 'grad_norm': 3.1622776985168457, 'learning_rate': 0.0, 'epoch': 0.34}
{'loss': 0.0, 'grad_norm': 3.1622776985168457, 'learning_rate': 0.0, 'epoch': 0.34}
{'loss': 0.0, 'grad_norm': 3.1622776985168457, 'learning_rate': 0.0, 'epoch': 0.34}
{'loss': 0.0, 'grad_norm': 3.1622776985168457, 'learning_rate': 0.0, 'epoch': 0.34}
{'loss': 0.0, 'grad_norm': 3.1622776985168457, 'learning_rate': 0.0, 'epoch': 0.34}
{'loss': 0.0, 'grad_norm': 3.1622776985168457, 'learning_rate': 0.0, 'epoch': 0.34}
{'loss': 0.0, 'grad_norm': 3.1622776985168457, 'learning_rate': 0.0, 'epoch': 0.34}
{'loss': 0.0, 'grad_norm': 3.1622776985168457, 'learning_rate': 0.0, 'epoch': 0.34}
{'loss': 0.0, 'grad_norm': 3.1622776985168457, 'learning_rate': 0.0, 'epoch': 0.34}
{'loss': 0.0, 'grad_norm': 3.1622776985168457, 'learning_rate': 0.0, 'epoch': 0.34}
{'loss': 0.0, 'grad_norm': 3.1622776985168457, 'learning_rate': 0.0, 'epoch': 0.34}
{'loss': 0.0, 'grad_norm': 3.1622776985168457, 'learning_rate': 0.0, 'epoch': 0.34}
{'loss': 0.0, 'grad_norm': 3.1622776985168457, 'learning_rate': 0.0, 'epoch': 0.34}
{'loss': 0.0, 'grad_norm': 3.1622776985168457, 'learning_rate': 0.0, 'epoch': 0.34}
{'loss': 0.0, 'grad_norm': 3.1622776985168457, 'learning_rate': 0.0, 'epoch': 0.34}
{'loss': 0.0, 'grad_norm': 3.1622776985168457, 'learning_rate': 0.0, 'epoch': 0.34}
{'loss': 0.0, 'grad_norm': 3.1622776985168457, 'learning_rate': 0.0, 'epoch': 0.34}
{'loss': 0.0, 'grad_norm': 3.1622776985168457, 'learning_rate': 0.0, 'epoch': 0.34}
{'loss': 0.0, 'grad_norm': 3.1622776985168457, 'learning_rate': 0.0, 'epoch': 0.34}
{'loss': 0.0, 'grad_norm': 3.1622776985168457, 'learning_rate': 0.0, 'epoch': 0.34}
{'loss': 0.0, 'grad_norm': 3.1622776985168457, 'learning_rate': 0.0, 'epoch': 0.34}
{'loss': 0.0, 'grad_norm': 3.1622776985168457, 'learning_rate': 0.0, 'epoch': 0.34}
{'loss': 0.0, 'grad_norm': 3.1622776985168457, 'learning_rate': 0.0, 'epoch': 0.34}
{'loss': 0.0, 'grad_norm': 3.1622776985168457, 'learning_rate': 0.0, 'epoch': 0.34}
{'loss': 0.0, 'grad_norm': 3.1622776985168457, 'learning_rate': 0.0, 'epoch': 0.34}
{'loss': 0.0, 'grad_norm': 3.1622776985168457, 'learning_rate': 0.0, 'epoch': 0.34}
{'loss': 0.0, 'grad_norm': 3.1622776985168457, 'learning_rate': 0.0, 'epoch': 0.34}
{'loss': 0.0, 'grad_norm': 3.1622776985168457, 'learning_rate': 0.0, 'epoch': 0.35}
{'loss': 0.0, 'grad_norm': 3.1622776985168457, 'learning_rate': 0.0, 'epoch': 0.35}
{'loss': 0.0, 'grad_norm': 3.1622776985168457, 'learning_rate': 0.0, 'epoch': 0.35}
{'loss': 0.0, 'grad_norm': 3.1622776985168457, 'learning_rate': 0.0, 'epoch': 0.35}
{'loss': 0.0, 'grad_norm': 3.1622776985168457, 'learning_rate': 0.0, 'epoch': 0.35}
{'loss': 0.0, 'grad_norm': 3.1622776985168457, 'learning_rate': 0.0, 'epoch': 0.35}
{'loss': 0.0, 'grad_norm': 3.1622776985168457, 'learning_rate': 0.0, 'epoch': 0.35}
{'loss': 0.0, 'grad_norm': 3.1622776985168457, 'learning_rate': 0.0, 'epoch': 0.35}
{'loss': 0.0, 'grad_norm': 3.1622776985168457, 'learning_rate': 0.0, 'epoch': 0.35}
{'loss': 0.0, 'grad_norm': 3.1622776985168457, 'learning_rate': 0.0, 'epoch': 0.35}
{'loss': 0.0, 'grad_norm': 3.1622776985168457, 'learning_rate': 0.0, 'epoch': 0.35}
{'loss': 0.0, 'grad_norm': 3.1622776985168457, 'learning_rate': 0.0, 'epoch': 0.35}
{'loss': 0.0, 'grad_norm': 3.1622776985168457, 'learning_rate': 0.0, 'epoch': 0.35}
{'loss': 0.0, 'grad_norm': 3.1622776985168457, 'learning_rate': 0.0, 'epoch': 0.35}
{'loss': 0.0, 'grad_norm': 3.1622776985168457, 'learning_rate': 0.0, 'epoch': 0.35}
{'loss': 0.0, 'grad_norm': 3.1622776985168457, 'learning_rate': 0.0, 'epoch': 0.35}
Error with image file is truncated (10 bytes not processed)
{'loss': 0.0, 'grad_norm': 3.1622776985168457, 'learning_rate': 0.0, 'epoch': 0.35}
{'loss': 0.0, 'grad_norm': 3.1622776985168457, 'learning_rate': 0.0, 'epoch': 0.35}
{'loss': 0.0, 'grad_norm': 3.1622776985168457, 'learning_rate': 0.0, 'epoch': 0.35}
{'loss': 0.0, 'grad_norm': 3.1622776985168457, 'learning_rate': 0.0, 'epoch': 0.35}
{'loss': 0.0, 'grad_norm': 3.1622776985168457, 'learning_rate': 0.0, 'epoch': 0.35}
{'loss': 0.0, 'grad_norm': 3.1622776985168457, 'learning_rate': 0.0, 'epoch': 0.35}
{'loss': 0.0, 'grad_norm': 3.1622776985168457, 'learning_rate': 0.0, 'epoch': 0.35}
{'loss': 0.0, 'grad_norm': 3.1622776985168457, 'learning_rate': 0.0, 'epoch': 0.35}
{'loss': 0.0, 'grad_norm': 3.1622776985168457, 'learning_rate': 0.0, 'epoch': 0.35}
{'loss': 0.0, 'grad_norm': 3.1622776985168457, 'learning_rate': 0.0, 'epoch': 0.35}
{'loss': 0.0, 'grad_norm': 3.1622776985168457, 'learning_rate': 0.0, 'epoch': 0.35}
{'loss': 0.0, 'grad_norm': 3.1622776985168457, 'learning_rate': 0.0, 'epoch': 0.35}
{'loss': 0.0, 'grad_norm': 3.1622776985168457, 'learning_rate': 0.0, 'epoch': 0.35}
{'loss': 0.0, 'grad_norm': 3.1622776985168457, 'learning_rate': 0.0, 'epoch': 0.35}
{'loss': 0.0, 'grad_norm': 3.1622776985168457, 'learning_rate': 0.0, 'epoch': 0.35}
{'loss': 0.0, 'grad_norm': 3.1622776985168457, 'learning_rate': 0.0, 'epoch': 0.35}
{'loss': 0.0, 'grad_norm': 3.1622776985168457, 'learning_rate': 0.0, 'epoch': 0.35}
{'loss': 0.0, 'grad_norm': 3.1622776985168457, 'learning_rate': 0.0, 'epoch': 0.35}
{'loss': 0.0, 'grad_norm': 3.1622776985168457, 'learning_rate': 0.0, 'epoch': 0.35}
{'loss': 0.0, 'grad_norm': 3.1622776985168457, 'learning_rate': 0.0, 'epoch': 0.35}
{'loss': 0.0, 'grad_norm': 3.1622776985168457, 'learning_rate': 0.0, 'epoch': 0.35}
{'loss': 0.0, 'grad_norm': 3.1622776985168457, 'learning_rate': 0.0, 'epoch': 0.35}
{'loss': 0.0, 'grad_norm': 3.1622776985168457, 'learning_rate': 0.0, 'epoch': 0.35}
{'loss': 0.0, 'grad_norm': 3.1622776985168457, 'learning_rate': 0.0, 'epoch': 0.35}
{'loss': 0.0, 'grad_norm': 3.1622776985168457, 'learning_rate': 0.0, 'epoch': 0.35}
{'loss': 0.0, 'grad_norm': 3.1622776985168457, 'learning_rate': 0.0, 'epoch': 0.35}
{'loss': 0.0, 'grad_norm': 3.1622776985168457, 'learning_rate': 0.0, 'epoch': 0.35}
{'loss': 0.0, 'grad_norm': 3.1622776985168457, 'learning_rate': 0.0, 'epoch': 0.35}
{'loss': 0.0, 'grad_norm': 3.1622776985168457, 'learning_rate': 0.0, 'epoch': 0.35}
{'loss': 0.0, 'grad_norm': 3.1622776985168457, 'learning_rate': 0.0, 'epoch': 0.35}
{'loss': 0.0, 'grad_norm': 3.1622776985168457, 'learning_rate': 0.0, 'epoch': 0.35}
{'loss': 0.0, 'grad_norm': 3.1622776985168457, 'learning_rate': 0.0, 'epoch': 0.35}
{'loss': 0.0, 'grad_norm': 3.1622776985168457, 'learning_rate': 0.0, 'epoch': 0.35}
{'loss': 0.0, 'grad_norm': 3.1622776985168457, 'learning_rate': 0.0, 'epoch': 0.35}
{'loss': 0.0, 'grad_norm': 3.1622776985168457, 'learning_rate': 0.0, 'epoch': 0.35}
{'loss': 0.0, 'grad_norm': 3.1622776985168457, 'learning_rate': 0.0, 'epoch': 0.35}
{'loss': 0.0, 'grad_norm': 3.1622776985168457, 'learning_rate': 0.0, 'epoch': 0.36}
{'loss': 0.0, 'grad_norm': 3.1622776985168457, 'learning_rate': 0.0, 'epoch': 0.36}
{'loss': 0.0, 'grad_norm': 3.1622776985168457, 'learning_rate': 0.0, 'epoch': 0.36}
{'loss': 0.0, 'grad_norm': 3.1622776985168457, 'learning_rate': 0.0, 'epoch': 0.36}
{'loss': 0.0, 'grad_norm': 3.1622776985168457, 'learning_rate': 0.0, 'epoch': 0.36}
{'loss': 0.0, 'grad_norm': 3.1622776985168457, 'learning_rate': 0.0, 'epoch': 0.36}
{'loss': 0.0, 'grad_norm': 3.1622776985168457, 'learning_rate': 0.0, 'epoch': 0.36}
{'loss': 0.0, 'grad_norm': 3.1622776985168457, 'learning_rate': 0.0, 'epoch': 0.36}
{'loss': 0.0, 'grad_norm': 3.1622776985168457, 'learning_rate': 0.0, 'epoch': 0.36}
{'loss': 0.0, 'grad_norm': 3.1622776985168457, 'learning_rate': 0.0, 'epoch': 0.36}
{'loss': 0.0, 'grad_norm': 3.1622776985168457, 'learning_rate': 0.0, 'epoch': 0.36}
{'loss': 0.0, 'grad_norm': 3.1622776985168457, 'learning_rate': 0.0, 'epoch': 0.36}
{'loss': 0.0, 'grad_norm': 3.1622776985168457, 'learning_rate': 0.0, 'epoch': 0.36}
{'loss': 0.0, 'grad_norm': 3.1622776985168457, 'learning_rate': 0.0, 'epoch': 0.36}
{'loss': 0.0, 'grad_norm': 3.1622776985168457, 'learning_rate': 0.0, 'epoch': 0.36}
Error with image file is truncated (21 bytes not processed)
{'loss': 0.0, 'grad_norm': 3.1622776985168457, 'learning_rate': 0.0, 'epoch': 0.36}
{'loss': 0.0, 'grad_norm': 3.1622776985168457, 'learning_rate': 0.0, 'epoch': 0.36}
{'loss': 0.0, 'grad_norm': 3.1622776985168457, 'learning_rate': 0.0, 'epoch': 0.36}
{'loss': 0.0, 'grad_norm': 3.1622776985168457, 'learning_rate': 0.0, 'epoch': 0.36}
{'loss': 0.0, 'grad_norm': 3.1622776985168457, 'learning_rate': 0.0, 'epoch': 0.36}
{'loss': 0.0, 'grad_norm': 3.1622776985168457, 'learning_rate': 0.0, 'epoch': 0.36}
{'loss': 0.0, 'grad_norm': 3.1622776985168457, 'learning_rate': 0.0, 'epoch': 0.36}
{'loss': 0.0, 'grad_norm': 3.1622776985168457, 'learning_rate': 0.0, 'epoch': 0.36}
{'loss': 0.0, 'grad_norm': 3.1622776985168457, 'learning_rate': 0.0, 'epoch': 0.36}
{'loss': 0.0, 'grad_norm': 3.1622776985168457, 'learning_rate': 0.0, 'epoch': 0.36}
{'loss': 0.0, 'grad_norm': 3.1622776985168457, 'learning_rate': 0.0, 'epoch': 0.36}
{'loss': 0.0, 'grad_norm': 3.1622776985168457, 'learning_rate': 0.0, 'epoch': 0.36}
{'loss': 0.0, 'grad_norm': 3.1622776985168457, 'learning_rate': 0.0, 'epoch': 0.36}
{'loss': 0.0, 'grad_norm': 3.1622776985168457, 'learning_rate': 0.0, 'epoch': 0.36}
{'loss': 0.0, 'grad_norm': 3.1622776985168457, 'learning_rate': 0.0, 'epoch': 0.36}
{'loss': 0.0, 'grad_norm': 3.1622776985168457, 'learning_rate': 0.0, 'epoch': 0.36}
{'loss': 0.0, 'grad_norm': 3.1622776985168457, 'learning_rate': 0.0, 'epoch': 0.36}
{'loss': 0.0, 'grad_norm': 3.1622776985168457, 'learning_rate': 0.0, 'epoch': 0.36}
{'loss': 0.0, 'grad_norm': 3.1622776985168457, 'learning_rate': 0.0, 'epoch': 0.36}
{'loss': 0.0, 'grad_norm': 3.1622776985168457, 'learning_rate': 0.0, 'epoch': 0.36}
{'loss': 0.0, 'grad_norm': 3.1622776985168457, 'learning_rate': 0.0, 'epoch': 0.36}
{'loss': 0.0, 'grad_norm': 3.1622776985168457, 'learning_rate': 0.0, 'epoch': 0.36}
{'loss': 0.0, 'grad_norm': 3.1622776985168457, 'learning_rate': 0.0, 'epoch': 0.36}
{'loss': 0.0, 'grad_norm': 3.1622776985168457, 'learning_rate': 0.0, 'epoch': 0.36}
{'loss': 0.0, 'grad_norm': 3.1622776985168457, 'learning_rate': 0.0, 'epoch': 0.36}
{'loss': 0.0, 'grad_norm': 3.1622776985168457, 'learning_rate': 0.0, 'epoch': 0.36}
{'loss': 0.0, 'grad_norm': 3.1622776985168457, 'learning_rate': 0.0, 'epoch': 0.36}
{'loss': 0.0, 'grad_norm': 3.1622776985168457, 'learning_rate': 0.0, 'epoch': 0.36}
{'loss': 0.0, 'grad_norm': 3.1622776985168457, 'learning_rate': 0.0, 'epoch': 0.36}
{'loss': 0.0, 'grad_norm': 3.1622776985168457, 'learning_rate': 0.0, 'epoch': 0.36}
{'loss': 0.0, 'grad_norm': 3.1622776985168457, 'learning_rate': 0.0, 'epoch': 0.36}
{'loss': 0.0, 'grad_norm': 3.1622776985168457, 'learning_rate': 0.0, 'epoch': 0.36}
{'loss': 0.0, 'grad_norm': 3.1622776985168457, 'learning_rate': 0.0, 'epoch': 0.36}
{'loss': 0.0, 'grad_norm': 3.1622776985168457, 'learning_rate': 0.0, 'epoch': 0.36}
{'loss': 0.0, 'grad_norm': 3.1622776985168457, 'learning_rate': 0.0, 'epoch': 0.36}
{'loss': 0.0, 'grad_norm': 3.1622776985168457, 'learning_rate': 0.0, 'epoch': 0.36}
{'loss': 0.0, 'grad_norm': 3.1622776985168457, 'learning_rate': 0.0, 'epoch': 0.36}
{'loss': 0.0, 'grad_norm': 3.1622776985168457, 'learning_rate': 0.0, 'epoch': 0.37}
{'loss': 0.0, 'grad_norm': 3.1622776985168457, 'learning_rate': 0.0, 'epoch': 0.37}
{'loss': 0.0, 'grad_norm': 3.1622776985168457, 'learning_rate': 0.0, 'epoch': 0.37}
{'loss': 0.0, 'grad_norm': 3.1622776985168457, 'learning_rate': 0.0, 'epoch': 0.37}
{'loss': 0.0, 'grad_norm': 3.1622776985168457, 'learning_rate': 0.0, 'epoch': 0.37}
{'loss': 0.0, 'grad_norm': 3.1622776985168457, 'learning_rate': 0.0, 'epoch': 0.37}
{'loss': 0.0, 'grad_norm': 3.1622776985168457, 'learning_rate': 0.0, 'epoch': 0.37}
{'loss': 0.0, 'grad_norm': 3.1622776985168457, 'learning_rate': 0.0, 'epoch': 0.37}
{'loss': 0.0, 'grad_norm': 3.1622776985168457, 'learning_rate': 0.0, 'epoch': 0.37}
{'loss': 0.0, 'grad_norm': 3.1622776985168457, 'learning_rate': 0.0, 'epoch': 0.37}
{'loss': 0.0, 'grad_norm': 3.1622776985168457, 'learning_rate': 0.0, 'epoch': 0.37}
{'loss': 0.0, 'grad_norm': 3.1622776985168457, 'learning_rate': 0.0, 'epoch': 0.37}
{'loss': 0.0, 'grad_norm': 3.1622776985168457, 'learning_rate': 0.0, 'epoch': 0.37}
{'loss': 0.0, 'grad_norm': 3.1622776985168457, 'learning_rate': 0.0, 'epoch': 0.37}
{'loss': 0.0, 'grad_norm': 3.1622776985168457, 'learning_rate': 0.0, 'epoch': 0.37}
{'loss': 0.0, 'grad_norm': 3.1622776985168457, 'learning_rate': 0.0, 'epoch': 0.37}
{'loss': 0.0, 'grad_norm': 3.1622776985168457, 'learning_rate': 0.0, 'epoch': 0.37}
{'loss': 0.0, 'grad_norm': 3.1622776985168457, 'learning_rate': 0.0, 'epoch': 0.37}
{'loss': 0.0, 'grad_norm': 3.1622776985168457, 'learning_rate': 0.0, 'epoch': 0.37}
{'loss': 0.0, 'grad_norm': 3.1622776985168457, 'learning_rate': 0.0, 'epoch': 0.37}
{'loss': 0.0, 'grad_norm': 3.1622776985168457, 'learning_rate': 0.0, 'epoch': 0.37}
{'loss': 0.0, 'grad_norm': 3.1622776985168457, 'learning_rate': 0.0, 'epoch': 0.37}
{'loss': 0.0, 'grad_norm': 3.1622776985168457, 'learning_rate': 0.0, 'epoch': 0.37}
{'loss': 0.0, 'grad_norm': 3.1622776985168457, 'learning_rate': 0.0, 'epoch': 0.37}
{'loss': 0.0, 'grad_norm': 3.1622776985168457, 'learning_rate': 0.0, 'epoch': 0.37}
{'loss': 0.0, 'grad_norm': 3.1622776985168457, 'learning_rate': 0.0, 'epoch': 0.37}
{'loss': 0.0, 'grad_norm': 3.1622776985168457, 'learning_rate': 0.0, 'epoch': 0.37}
{'loss': 0.0, 'grad_norm': 3.1622776985168457, 'learning_rate': 0.0, 'epoch': 0.37}
{'loss': 0.0, 'grad_norm': 3.1622776985168457, 'learning_rate': 0.0, 'epoch': 0.37}
{'loss': 0.0, 'grad_norm': 3.1622776985168457, 'learning_rate': 0.0, 'epoch': 0.37}
{'loss': 0.0, 'grad_norm': 3.1622776985168457, 'learning_rate': 0.0, 'epoch': 0.37}
{'loss': 0.0, 'grad_norm': 3.1622776985168457, 'learning_rate': 0.0, 'epoch': 0.37}
{'loss': 0.0, 'grad_norm': 3.1622776985168457, 'learning_rate': 0.0, 'epoch': 0.37}
{'loss': 0.0, 'grad_norm': 3.1622776985168457, 'learning_rate': 0.0, 'epoch': 0.37}
{'loss': 0.0, 'grad_norm': 3.1622776985168457, 'learning_rate': 0.0, 'epoch': 0.37}
{'loss': 0.0, 'grad_norm': 3.1622776985168457, 'learning_rate': 0.0, 'epoch': 0.37}
{'loss': 0.0, 'grad_norm': 3.1622776985168457, 'learning_rate': 0.0, 'epoch': 0.37}
{'loss': 0.0, 'grad_norm': 3.1622776985168457, 'learning_rate': 0.0, 'epoch': 0.37}
{'loss': 0.0, 'grad_norm': 3.1622776985168457, 'learning_rate': 0.0, 'epoch': 0.37}
{'loss': 0.0, 'grad_norm': 3.1622776985168457, 'learning_rate': 0.0, 'epoch': 0.37}
{'loss': 0.0, 'grad_norm': 3.1622776985168457, 'learning_rate': 0.0, 'epoch': 0.37}
{'loss': 0.0, 'grad_norm': 3.1622776985168457, 'learning_rate': 0.0, 'epoch': 0.37}
{'loss': 0.0, 'grad_norm': 3.1622776985168457, 'learning_rate': 0.0, 'epoch': 0.37}
{'loss': 0.0, 'grad_norm': 3.1622776985168457, 'learning_rate': 0.0, 'epoch': 0.37}
{'loss': 0.0, 'grad_norm': 3.1622776985168457, 'learning_rate': 0.0, 'epoch': 0.37}
{'loss': 0.0, 'grad_norm': 3.1622776985168457, 'learning_rate': 0.0, 'epoch': 0.37}
{'loss': 0.0, 'grad_norm': 3.1622776985168457, 'learning_rate': 0.0, 'epoch': 0.37}
{'loss': 0.0, 'grad_norm': 3.1622776985168457, 'learning_rate': 0.0, 'epoch': 0.37}
{'loss': 0.0, 'grad_norm': 3.1622776985168457, 'learning_rate': 0.0, 'epoch': 0.37}
{'loss': 0.0, 'grad_norm': 3.1622776985168457, 'learning_rate': 0.0, 'epoch': 0.37}
{'loss': 0.0, 'grad_norm': 3.1622776985168457, 'learning_rate': 0.0, 'epoch': 0.37}
{'loss': 0.0, 'grad_norm': 3.1622776985168457, 'learning_rate': 0.0, 'epoch': 0.37}
{'loss': 0.0, 'grad_norm': 3.1622776985168457, 'learning_rate': 0.0, 'epoch': 0.38}
{'loss': 0.0, 'grad_norm': 3.1622776985168457, 'learning_rate': 0.0, 'epoch': 0.38}
{'loss': 0.0, 'grad_norm': 3.1622776985168457, 'learning_rate': 0.0, 'epoch': 0.38}
{'loss': 0.0, 'grad_norm': 3.1622776985168457, 'learning_rate': 0.0, 'epoch': 0.38}
{'loss': 0.0, 'grad_norm': 3.1622776985168457, 'learning_rate': 0.0, 'epoch': 0.38}
{'loss': 0.0, 'grad_norm': 3.1622776985168457, 'learning_rate': 0.0, 'epoch': 0.38}
{'loss': 0.0, 'grad_norm': 3.1622776985168457, 'learning_rate': 0.0, 'epoch': 0.38}
{'loss': 0.0, 'grad_norm': 3.1622776985168457, 'learning_rate': 0.0, 'epoch': 0.38}
{'loss': 0.0, 'grad_norm': 3.1622776985168457, 'learning_rate': 0.0, 'epoch': 0.38}
{'loss': 0.0, 'grad_norm': 3.1622776985168457, 'learning_rate': 0.0, 'epoch': 0.38}
{'loss': 0.0, 'grad_norm': 3.1622776985168457, 'learning_rate': 0.0, 'epoch': 0.38}
{'loss': 0.0, 'grad_norm': 3.1622776985168457, 'learning_rate': 0.0, 'epoch': 0.38}
{'loss': 0.0, 'grad_norm': 3.1622776985168457, 'learning_rate': 0.0, 'epoch': 0.38}
{'loss': 0.0, 'grad_norm': 3.1622776985168457, 'learning_rate': 0.0, 'epoch': 0.38}
{'loss': 0.0, 'grad_norm': 3.1622776985168457, 'learning_rate': 0.0, 'epoch': 0.38}
{'loss': 0.0, 'grad_norm': 3.1622776985168457, 'learning_rate': 0.0, 'epoch': 0.38}
{'loss': 0.0, 'grad_norm': 3.1622776985168457, 'learning_rate': 0.0, 'epoch': 0.38}
{'loss': 0.0, 'grad_norm': 3.1622776985168457, 'learning_rate': 0.0, 'epoch': 0.38}
{'loss': 0.0, 'grad_norm': 3.1622776985168457, 'learning_rate': 0.0, 'epoch': 0.38}
{'loss': 0.0, 'grad_norm': 3.1622776985168457, 'learning_rate': 0.0, 'epoch': 0.38}
{'loss': 0.0, 'grad_norm': 3.1622776985168457, 'learning_rate': 0.0, 'epoch': 0.38}
{'loss': 0.0, 'grad_norm': 3.1622776985168457, 'learning_rate': 0.0, 'epoch': 0.38}
{'loss': 0.0, 'grad_norm': 3.1622776985168457, 'learning_rate': 0.0, 'epoch': 0.38}
{'loss': 0.0, 'grad_norm': 3.1622776985168457, 'learning_rate': 0.0, 'epoch': 0.38}
{'loss': 0.0, 'grad_norm': 3.1622776985168457, 'learning_rate': 0.0, 'epoch': 0.38}
{'loss': 0.0, 'grad_norm': 3.1622776985168457, 'learning_rate': 0.0, 'epoch': 0.38}
{'loss': 0.0, 'grad_norm': 3.1622776985168457, 'learning_rate': 0.0, 'epoch': 0.38}
{'loss': 0.0, 'grad_norm': 3.1622776985168457, 'learning_rate': 0.0, 'epoch': 0.38}
{'loss': 0.0, 'grad_norm': 3.1622776985168457, 'learning_rate': 0.0, 'epoch': 0.38}
{'loss': 0.0, 'grad_norm': 3.1622776985168457, 'learning_rate': 0.0, 'epoch': 0.38}
{'loss': 0.0, 'grad_norm': 3.1622776985168457, 'learning_rate': 0.0, 'epoch': 0.38}
{'loss': 0.0, 'grad_norm': 3.1622776985168457, 'learning_rate': 0.0, 'epoch': 0.38}
{'loss': 0.0, 'grad_norm': 3.1622776985168457, 'learning_rate': 0.0, 'epoch': 0.38}
{'loss': 0.0, 'grad_norm': 3.1622776985168457, 'learning_rate': 0.0, 'epoch': 0.38}
{'loss': 0.0, 'grad_norm': 3.1622776985168457, 'learning_rate': 0.0, 'epoch': 0.38}
Error with image file is truncated (41 bytes not processed)
{'loss': 0.0, 'grad_norm': 3.1622776985168457, 'learning_rate': 0.0, 'epoch': 0.38}
{'loss': 0.0, 'grad_norm': 3.1622776985168457, 'learning_rate': 0.0, 'epoch': 0.38}
{'loss': 0.0, 'grad_norm': 3.1622776985168457, 'learning_rate': 0.0, 'epoch': 0.38}
{'loss': 0.0, 'grad_norm': 3.1622776985168457, 'learning_rate': 0.0, 'epoch': 0.38}
{'loss': 0.0, 'grad_norm': 3.1622776985168457, 'learning_rate': 0.0, 'epoch': 0.38}
{'loss': 0.0, 'grad_norm': 3.1622776985168457, 'learning_rate': 0.0, 'epoch': 0.38}
{'loss': 0.0, 'grad_norm': 3.1622776985168457, 'learning_rate': 0.0, 'epoch': 0.38}
{'loss': 0.0, 'grad_norm': 3.1622776985168457, 'learning_rate': 0.0, 'epoch': 0.38}
{'loss': 0.0, 'grad_norm': 3.1622776985168457, 'learning_rate': 0.0, 'epoch': 0.38}
{'loss': 0.0, 'grad_norm': 3.1622776985168457, 'learning_rate': 0.0, 'epoch': 0.38}
{'loss': 0.0, 'grad_norm': 3.1622776985168457, 'learning_rate': 0.0, 'epoch': 0.38}
{'loss': 0.0, 'grad_norm': 3.1622776985168457, 'learning_rate': 0.0, 'epoch': 0.38}
{'loss': 0.0, 'grad_norm': 3.1622776985168457, 'learning_rate': 0.0, 'epoch': 0.38}
{'loss': 0.0, 'grad_norm': 3.1622776985168457, 'learning_rate': 0.0, 'epoch': 0.38}
{'loss': 0.0, 'grad_norm': 3.1622776985168457, 'learning_rate': 0.0, 'epoch': 0.38}
{'loss': 0.0, 'grad_norm': 3.1622776985168457, 'learning_rate': 0.0, 'epoch': 0.38}
{'loss': 0.0, 'grad_norm': 3.1622776985168457, 'learning_rate': 0.0, 'epoch': 0.38}
{'loss': 0.0, 'grad_norm': 3.1622776985168457, 'learning_rate': 0.0, 'epoch': 0.39}
{'loss': 0.0, 'grad_norm': 3.1622776985168457, 'learning_rate': 0.0, 'epoch': 0.39}
{'loss': 0.0, 'grad_norm': 3.1622776985168457, 'learning_rate': 0.0, 'epoch': 0.39}
{'loss': 0.0, 'grad_norm': 3.1622776985168457, 'learning_rate': 0.0, 'epoch': 0.39}
{'loss': 0.0, 'grad_norm': 3.1622776985168457, 'learning_rate': 0.0, 'epoch': 0.39}
{'loss': 0.0, 'grad_norm': 3.1622776985168457, 'learning_rate': 0.0, 'epoch': 0.39}
{'loss': 0.0, 'grad_norm': 3.1622776985168457, 'learning_rate': 0.0, 'epoch': 0.39}
{'loss': 0.0, 'grad_norm': 3.1622776985168457, 'learning_rate': 0.0, 'epoch': 0.39}
{'loss': 0.0, 'grad_norm': 3.1622776985168457, 'learning_rate': 0.0, 'epoch': 0.39}
{'loss': 0.0, 'grad_norm': 3.1622776985168457, 'learning_rate': 0.0, 'epoch': 0.39}
{'loss': 0.0, 'grad_norm': 3.1622776985168457, 'learning_rate': 0.0, 'epoch': 0.39}
{'loss': 0.0, 'grad_norm': 3.1622776985168457, 'learning_rate': 0.0, 'epoch': 0.39}
{'loss': 0.0, 'grad_norm': 3.1622776985168457, 'learning_rate': 0.0, 'epoch': 0.39}
{'loss': 0.0, 'grad_norm': 3.1622776985168457, 'learning_rate': 0.0, 'epoch': 0.39}
{'loss': 0.0, 'grad_norm': 3.1622776985168457, 'learning_rate': 0.0, 'epoch': 0.39}
{'loss': 0.0, 'grad_norm': 3.1622776985168457, 'learning_rate': 0.0, 'epoch': 0.39}
{'loss': 0.0, 'grad_norm': 3.1622776985168457, 'learning_rate': 0.0, 'epoch': 0.39}
{'loss': 0.0, 'grad_norm': 3.1622776985168457, 'learning_rate': 0.0, 'epoch': 0.39}
{'loss': 0.0, 'grad_norm': 3.1622776985168457, 'learning_rate': 0.0, 'epoch': 0.39}
{'loss': 0.0, 'grad_norm': 3.1622776985168457, 'learning_rate': 0.0, 'epoch': 0.39}
{'loss': 0.0, 'grad_norm': 3.1622776985168457, 'learning_rate': 0.0, 'epoch': 0.39}
{'loss': 0.0, 'grad_norm': 3.1622776985168457, 'learning_rate': 0.0, 'epoch': 0.39}
{'loss': 0.0, 'grad_norm': 3.1622776985168457, 'learning_rate': 0.0, 'epoch': 0.39}
{'loss': 0.0, 'grad_norm': 3.1622776985168457, 'learning_rate': 0.0, 'epoch': 0.39}
{'loss': 0.0, 'grad_norm': 3.1622776985168457, 'learning_rate': 0.0, 'epoch': 0.39}
{'loss': 0.0, 'grad_norm': 3.1622776985168457, 'learning_rate': 0.0, 'epoch': 0.39}
{'loss': 0.0, 'grad_norm': 3.1622776985168457, 'learning_rate': 0.0, 'epoch': 0.39}
{'loss': 0.0, 'grad_norm': 3.1622776985168457, 'learning_rate': 0.0, 'epoch': 0.39}
{'loss': 0.0, 'grad_norm': 3.1622776985168457, 'learning_rate': 0.0, 'epoch': 0.39}
{'loss': 0.0, 'grad_norm': 3.1622776985168457, 'learning_rate': 0.0, 'epoch': 0.39}
{'loss': 0.0, 'grad_norm': 3.1622776985168457, 'learning_rate': 0.0, 'epoch': 0.39}
{'loss': 0.0, 'grad_norm': 3.1622776985168457, 'learning_rate': 0.0, 'epoch': 0.39}
{'loss': 0.0, 'grad_norm': 3.1622776985168457, 'learning_rate': 0.0, 'epoch': 0.39}
{'loss': 0.0, 'grad_norm': 3.1622776985168457, 'learning_rate': 0.0, 'epoch': 0.39}
{'loss': 0.0, 'grad_norm': 3.1622776985168457, 'learning_rate': 0.0, 'epoch': 0.39}
{'loss': 0.0, 'grad_norm': 3.1622776985168457, 'learning_rate': 0.0, 'epoch': 0.39}
{'loss': 0.0, 'grad_norm': 3.1622776985168457, 'learning_rate': 0.0, 'epoch': 0.39}
{'loss': 0.0, 'grad_norm': 3.1622776985168457, 'learning_rate': 0.0, 'epoch': 0.39}
{'loss': 0.0, 'grad_norm': 3.1622776985168457, 'learning_rate': 0.0, 'epoch': 0.39}
{'loss': 0.0, 'grad_norm': 3.1622776985168457, 'learning_rate': 0.0, 'epoch': 0.39}
{'loss': 0.0, 'grad_norm': 3.1622776985168457, 'learning_rate': 0.0, 'epoch': 0.39}
{'loss': 0.0, 'grad_norm': 3.1622776985168457, 'learning_rate': 0.0, 'epoch': 0.39}
{'loss': 0.0, 'grad_norm': 3.1622776985168457, 'learning_rate': 0.0, 'epoch': 0.39}
{'loss': 0.0, 'grad_norm': 3.1622776985168457, 'learning_rate': 0.0, 'epoch': 0.39}
{'loss': 0.0, 'grad_norm': 3.1622776985168457, 'learning_rate': 0.0, 'epoch': 0.39}
{'loss': 0.0, 'grad_norm': 3.1622776985168457, 'learning_rate': 0.0, 'epoch': 0.39}
{'loss': 0.0, 'grad_norm': 3.1622776985168457, 'learning_rate': 0.0, 'epoch': 0.39}
{'loss': 0.0, 'grad_norm': 3.1622776985168457, 'learning_rate': 0.0, 'epoch': 0.39}
{'loss': 0.0, 'grad_norm': 3.1622776985168457, 'learning_rate': 0.0, 'epoch': 0.39}
{'loss': 0.0, 'grad_norm': 3.1622776985168457, 'learning_rate': 0.0, 'epoch': 0.39}
{'loss': 0.0, 'grad_norm': 3.1622776985168457, 'learning_rate': 0.0, 'epoch': 0.39}
{'loss': 0.0, 'grad_norm': 3.1622776985168457, 'learning_rate': 0.0, 'epoch': 0.39}
{'loss': 0.0, 'grad_norm': 3.1622776985168457, 'learning_rate': 0.0, 'epoch': 0.4}
{'loss': 0.0, 'grad_norm': 3.1622776985168457, 'learning_rate': 0.0, 'epoch': 0.4}
{'loss': 0.0, 'grad_norm': 3.1622776985168457, 'learning_rate': 0.0, 'epoch': 0.4}
{'loss': 0.0, 'grad_norm': 3.1622776985168457, 'learning_rate': 0.0, 'epoch': 0.4}
{'loss': 0.0, 'grad_norm': 3.1622776985168457, 'learning_rate': 0.0, 'epoch': 0.4}
{'loss': 0.0, 'grad_norm': 3.1622776985168457, 'learning_rate': 0.0, 'epoch': 0.4}
{'loss': 0.0, 'grad_norm': 3.1622776985168457, 'learning_rate': 0.0, 'epoch': 0.4}
{'loss': 0.0, 'grad_norm': 3.1622776985168457, 'learning_rate': 0.0, 'epoch': 0.4}
{'loss': 0.0, 'grad_norm': 3.1622776985168457, 'learning_rate': 0.0, 'epoch': 0.4}
{'loss': 0.0, 'grad_norm': 3.1622776985168457, 'learning_rate': 0.0, 'epoch': 0.4}
{'loss': 0.0, 'grad_norm': 3.1622776985168457, 'learning_rate': 0.0, 'epoch': 0.4}
{'loss': 0.0, 'grad_norm': 3.1622776985168457, 'learning_rate': 0.0, 'epoch': 0.4}
{'loss': 0.0, 'grad_norm': 3.1622776985168457, 'learning_rate': 0.0, 'epoch': 0.4}
{'loss': 0.0, 'grad_norm': 3.1622776985168457, 'learning_rate': 0.0, 'epoch': 0.4}
{'loss': 0.0, 'grad_norm': 3.1622776985168457, 'learning_rate': 0.0, 'epoch': 0.4}
{'loss': 0.0, 'grad_norm': 3.1622776985168457, 'learning_rate': 0.0, 'epoch': 0.4}
{'loss': 0.0, 'grad_norm': 3.1622776985168457, 'learning_rate': 0.0, 'epoch': 0.4}
{'loss': 0.0, 'grad_norm': 3.1622776985168457, 'learning_rate': 0.0, 'epoch': 0.4}
{'loss': 0.0, 'grad_norm': 3.1622776985168457, 'learning_rate': 0.0, 'epoch': 0.4}
{'loss': 0.0, 'grad_norm': 3.1622776985168457, 'learning_rate': 0.0, 'epoch': 0.4}
{'loss': 0.0, 'grad_norm': 3.1622776985168457, 'learning_rate': 0.0, 'epoch': 0.4}
WARNING: tokenization mismatch: 0 vs. 1275. (ignored)
{'loss': 0.0, 'grad_norm': 3.1622776985168457, 'learning_rate': 0.0, 'epoch': 0.4}
{'loss': 0.0, 'grad_norm': 3.1622776985168457, 'learning_rate': 0.0, 'epoch': 0.4}
{'loss': 0.0, 'grad_norm': 3.1622776985168457, 'learning_rate': 0.0, 'epoch': 0.4}
{'loss': 0.0, 'grad_norm': 3.1622776985168457, 'learning_rate': 0.0, 'epoch': 0.4}
{'loss': 0.0, 'grad_norm': 3.1622776985168457, 'learning_rate': 0.0, 'epoch': 0.4}
{'loss': 0.0, 'grad_norm': 3.1622776985168457, 'learning_rate': 0.0, 'epoch': 0.4}
{'loss': 0.0, 'grad_norm': 3.1622776985168457, 'learning_rate': 0.0, 'epoch': 0.4}
{'loss': 0.0, 'grad_norm': 3.1622776985168457, 'learning_rate': 0.0, 'epoch': 0.4}
{'loss': 0.0, 'grad_norm': 3.1622776985168457, 'learning_rate': 0.0, 'epoch': 0.4}
{'loss': 0.0, 'grad_norm': 3.1622776985168457, 'learning_rate': 0.0, 'epoch': 0.4}
{'loss': 0.0, 'grad_norm': 3.1622776985168457, 'learning_rate': 0.0, 'epoch': 0.4}
{'loss': 0.0, 'grad_norm': 3.1622776985168457, 'learning_rate': 0.0, 'epoch': 0.4}
{'loss': 0.0, 'grad_norm': 3.1622776985168457, 'learning_rate': 0.0, 'epoch': 0.4}
{'loss': 0.0, 'grad_norm': 3.1622776985168457, 'learning_rate': 0.0, 'epoch': 0.4}
{'loss': 0.0, 'grad_norm': 3.1622776985168457, 'learning_rate': 0.0, 'epoch': 0.4}
{'loss': 0.0, 'grad_norm': 3.1622776985168457, 'learning_rate': 0.0, 'epoch': 0.4}
{'loss': 0.0, 'grad_norm': 3.1622776985168457, 'learning_rate': 0.0, 'epoch': 0.4}
{'loss': 0.0, 'grad_norm': 3.1622776985168457, 'learning_rate': 0.0, 'epoch': 0.4}
{'loss': 0.0, 'grad_norm': 3.1622776985168457, 'learning_rate': 0.0, 'epoch': 0.4}
{'loss': 0.0, 'grad_norm': 3.1622776985168457, 'learning_rate': 0.0, 'epoch': 0.4}
{'loss': 0.0, 'grad_norm': 3.1622776985168457, 'learning_rate': 0.0, 'epoch': 0.4}
{'loss': 0.0, 'grad_norm': 3.1622776985168457, 'learning_rate': 0.0, 'epoch': 0.4}
{'loss': 0.0, 'grad_norm': 3.1622776985168457, 'learning_rate': 0.0, 'epoch': 0.4}
{'loss': 0.0, 'grad_norm': 3.1622776985168457, 'learning_rate': 0.0, 'epoch': 0.4}
{'loss': 0.0, 'grad_norm': 3.1622776985168457, 'learning_rate': 0.0, 'epoch': 0.4}
{'loss': 0.0, 'grad_norm': 3.1622776985168457, 'learning_rate': 0.0, 'epoch': 0.4}
{'loss': 0.0, 'grad_norm': 3.1622776985168457, 'learning_rate': 0.0, 'epoch': 0.4}
{'loss': 0.0, 'grad_norm': 3.1622776985168457, 'learning_rate': 0.0, 'epoch': 0.4}
{'loss': 0.0, 'grad_norm': 3.1622776985168457, 'learning_rate': 0.0, 'epoch': 0.4}
{'loss': 0.0, 'grad_norm': 3.1622776985168457, 'learning_rate': 0.0, 'epoch': 0.4}
{'loss': 0.0, 'grad_norm': 3.1622776985168457, 'learning_rate': 0.0, 'epoch': 0.4}
{'loss': 0.0, 'grad_norm': 3.1622776985168457, 'learning_rate': 0.0, 'epoch': 0.41}
{'loss': 0.0, 'grad_norm': 3.1622776985168457, 'learning_rate': 0.0, 'epoch': 0.41}
{'loss': 0.0, 'grad_norm': 3.1622776985168457, 'learning_rate': 0.0, 'epoch': 0.41}
{'loss': 0.0, 'grad_norm': 3.1622776985168457, 'learning_rate': 0.0, 'epoch': 0.41}
{'loss': 0.0, 'grad_norm': 3.1622776985168457, 'learning_rate': 0.0, 'epoch': 0.41}
{'loss': 0.0, 'grad_norm': 3.1622776985168457, 'learning_rate': 0.0, 'epoch': 0.41}
{'loss': 0.0, 'grad_norm': 3.1622776985168457, 'learning_rate': 0.0, 'epoch': 0.41}
{'loss': 0.0, 'grad_norm': 3.1622776985168457, 'learning_rate': 0.0, 'epoch': 0.41}
{'loss': 0.0, 'grad_norm': 3.1622776985168457, 'learning_rate': 0.0, 'epoch': 0.41}
{'loss': 0.0, 'grad_norm': 3.1622776985168457, 'learning_rate': 0.0, 'epoch': 0.41}
{'loss': 0.0, 'grad_norm': 3.1622776985168457, 'learning_rate': 0.0, 'epoch': 0.41}
{'loss': 0.0, 'grad_norm': 3.1622776985168457, 'learning_rate': 0.0, 'epoch': 0.41}
{'loss': 0.0, 'grad_norm': 3.1622776985168457, 'learning_rate': 0.0, 'epoch': 0.41}
{'loss': 0.0, 'grad_norm': 3.1622776985168457, 'learning_rate': 0.0, 'epoch': 0.41}
{'loss': 0.0, 'grad_norm': 3.1622776985168457, 'learning_rate': 0.0, 'epoch': 0.41}
{'loss': 0.0, 'grad_norm': 3.1622776985168457, 'learning_rate': 0.0, 'epoch': 0.41}
{'loss': 0.0, 'grad_norm': 3.1622776985168457, 'learning_rate': 0.0, 'epoch': 0.41}
{'loss': 0.0, 'grad_norm': 3.1622776985168457, 'learning_rate': 0.0, 'epoch': 0.41}
{'loss': 0.0, 'grad_norm': 3.1622776985168457, 'learning_rate': 0.0, 'epoch': 0.41}
{'loss': 0.0, 'grad_norm': 3.1622776985168457, 'learning_rate': 0.0, 'epoch': 0.41}
{'loss': 0.0, 'grad_norm': 3.1622776985168457, 'learning_rate': 0.0, 'epoch': 0.41}
{'loss': 0.0, 'grad_norm': 3.1622776985168457, 'learning_rate': 0.0, 'epoch': 0.41}
{'loss': 0.0, 'grad_norm': 3.1622776985168457, 'learning_rate': 0.0, 'epoch': 0.41}
{'loss': 0.0, 'grad_norm': 3.1622776985168457, 'learning_rate': 0.0, 'epoch': 0.41}
{'loss': 0.0, 'grad_norm': 3.1622776985168457, 'learning_rate': 0.0, 'epoch': 0.41}
{'loss': 0.0, 'grad_norm': 3.1622776985168457, 'learning_rate': 0.0, 'epoch': 0.41}
{'loss': 0.0, 'grad_norm': 3.1622776985168457, 'learning_rate': 0.0, 'epoch': 0.41}
{'loss': 0.0, 'grad_norm': 3.1622776985168457, 'learning_rate': 0.0, 'epoch': 0.41}
{'loss': 0.0, 'grad_norm': 3.1622776985168457, 'learning_rate': 0.0, 'epoch': 0.41}
{'loss': 0.0, 'grad_norm': 3.1622776985168457, 'learning_rate': 0.0, 'epoch': 0.41}
{'loss': 0.0, 'grad_norm': 3.1622776985168457, 'learning_rate': 0.0, 'epoch': 0.41}
{'loss': 0.0, 'grad_norm': 3.1622776985168457, 'learning_rate': 0.0, 'epoch': 0.41}
{'loss': 0.0, 'grad_norm': 3.1622776985168457, 'learning_rate': 0.0, 'epoch': 0.41}
{'loss': 0.0, 'grad_norm': 3.1622776985168457, 'learning_rate': 0.0, 'epoch': 0.41}
{'loss': 0.0, 'grad_norm': 3.1622776985168457, 'learning_rate': 0.0, 'epoch': 0.41}
{'loss': 0.0, 'grad_norm': 3.1622776985168457, 'learning_rate': 0.0, 'epoch': 0.41}
{'loss': 0.0, 'grad_norm': 3.1622776985168457, 'learning_rate': 0.0, 'epoch': 0.41}
{'loss': 0.0, 'grad_norm': 3.1622776985168457, 'learning_rate': 0.0, 'epoch': 0.41}
{'loss': 0.0, 'grad_norm': 3.1622776985168457, 'learning_rate': 0.0, 'epoch': 0.41}
{'loss': 0.0, 'grad_norm': 3.1622776985168457, 'learning_rate': 0.0, 'epoch': 0.41}
{'loss': 0.0, 'grad_norm': 3.1622776985168457, 'learning_rate': 0.0, 'epoch': 0.41}
{'loss': 0.0, 'grad_norm': 3.1622776985168457, 'learning_rate': 0.0, 'epoch': 0.41}
{'loss': 0.0, 'grad_norm': 3.1622776985168457, 'learning_rate': 0.0, 'epoch': 0.41}
{'loss': 0.0, 'grad_norm': 3.1622776985168457, 'learning_rate': 0.0, 'epoch': 0.41}
{'loss': 0.0, 'grad_norm': 3.1622776985168457, 'learning_rate': 0.0, 'epoch': 0.41}
{'loss': 0.0, 'grad_norm': 3.1622776985168457, 'learning_rate': 0.0, 'epoch': 0.41}
{'loss': 0.0, 'grad_norm': 3.1622776985168457, 'learning_rate': 0.0, 'epoch': 0.41}
{'loss': 0.0, 'grad_norm': 3.1622776985168457, 'learning_rate': 0.0, 'epoch': 0.41}
{'loss': 0.0, 'grad_norm': 3.1622776985168457, 'learning_rate': 0.0, 'epoch': 0.41}
{'loss': 0.0, 'grad_norm': 3.1622776985168457, 'learning_rate': 0.0, 'epoch': 0.41}
{'loss': 0.0, 'grad_norm': 3.1622776985168457, 'learning_rate': 0.0, 'epoch': 0.41}
{'loss': 0.0, 'grad_norm': 3.1622776985168457, 'learning_rate': 0.0, 'epoch': 0.41}
{'loss': 0.0, 'grad_norm': 3.1622776985168457, 'learning_rate': 0.0, 'epoch': 0.42}
{'loss': 0.0, 'grad_norm': 3.1622776985168457, 'learning_rate': 0.0, 'epoch': 0.42}
{'loss': 0.0, 'grad_norm': 3.1622776985168457, 'learning_rate': 0.0, 'epoch': 0.42}
{'loss': 0.0, 'grad_norm': 3.1622776985168457, 'learning_rate': 0.0, 'epoch': 0.42}
{'loss': 0.0, 'grad_norm': 3.1622776985168457, 'learning_rate': 0.0, 'epoch': 0.42}
{'loss': 0.0, 'grad_norm': 3.1622776985168457, 'learning_rate': 0.0, 'epoch': 0.42}
{'loss': 0.0, 'grad_norm': 3.1622776985168457, 'learning_rate': 0.0, 'epoch': 0.42}
{'loss': 0.0, 'grad_norm': 3.1622776985168457, 'learning_rate': 0.0, 'epoch': 0.42}
{'loss': 0.0, 'grad_norm': 3.1622776985168457, 'learning_rate': 0.0, 'epoch': 0.42}
{'loss': 0.0, 'grad_norm': 3.1622776985168457, 'learning_rate': 0.0, 'epoch': 0.42}
{'loss': 0.0, 'grad_norm': 3.1622776985168457, 'learning_rate': 0.0, 'epoch': 0.42}
{'loss': 0.0, 'grad_norm': 3.1622776985168457, 'learning_rate': 0.0, 'epoch': 0.42}
{'loss': 0.0, 'grad_norm': 3.1622776985168457, 'learning_rate': 0.0, 'epoch': 0.42}
{'loss': 0.0, 'grad_norm': 3.1622776985168457, 'learning_rate': 0.0, 'epoch': 0.42}
{'loss': 0.0, 'grad_norm': 3.1622776985168457, 'learning_rate': 0.0, 'epoch': 0.42}
{'loss': 0.0, 'grad_norm': 3.1622776985168457, 'learning_rate': 0.0, 'epoch': 0.42}
WARNING: tokenization mismatch: 80 vs. 81. (ignored)
{'loss': 0.0, 'grad_norm': 3.1622776985168457, 'learning_rate': 0.0, 'epoch': 0.42}
{'loss': 0.0, 'grad_norm': 3.1622776985168457, 'learning_rate': 0.0, 'epoch': 0.42}
{'loss': 0.0, 'grad_norm': 3.1622776985168457, 'learning_rate': 0.0, 'epoch': 0.42}
{'loss': 0.0, 'grad_norm': 3.1622776985168457, 'learning_rate': 0.0, 'epoch': 0.42}
{'loss': 0.0, 'grad_norm': 3.1622776985168457, 'learning_rate': 0.0, 'epoch': 0.42}
{'loss': 0.0, 'grad_norm': 3.1622776985168457, 'learning_rate': 0.0, 'epoch': 0.42}
{'loss': 0.0, 'grad_norm': 3.1622776985168457, 'learning_rate': 0.0, 'epoch': 0.42}
{'loss': 0.0, 'grad_norm': 3.1622776985168457, 'learning_rate': 0.0, 'epoch': 0.42}
{'loss': 0.0, 'grad_norm': 3.1622776985168457, 'learning_rate': 0.0, 'epoch': 0.42}
{'loss': 0.0, 'grad_norm': 3.1622776985168457, 'learning_rate': 0.0, 'epoch': 0.42}
{'loss': 0.0, 'grad_norm': 3.1622776985168457, 'learning_rate': 0.0, 'epoch': 0.42}
{'loss': 0.0, 'grad_norm': 3.1622776985168457, 'learning_rate': 0.0, 'epoch': 0.42}
{'loss': 0.0, 'grad_norm': 3.1622776985168457, 'learning_rate': 0.0, 'epoch': 0.42}
{'loss': 0.0, 'grad_norm': 3.1622776985168457, 'learning_rate': 0.0, 'epoch': 0.42}
{'loss': 0.0, 'grad_norm': 3.1622776985168457, 'learning_rate': 0.0, 'epoch': 0.42}
{'loss': 0.0, 'grad_norm': 3.1622776985168457, 'learning_rate': 0.0, 'epoch': 0.42}
{'loss': 0.0, 'grad_norm': 3.1622776985168457, 'learning_rate': 0.0, 'epoch': 0.42}
{'loss': 0.0, 'grad_norm': 3.1622776985168457, 'learning_rate': 0.0, 'epoch': 0.42}
{'loss': 0.0, 'grad_norm': 3.1622776985168457, 'learning_rate': 0.0, 'epoch': 0.42}
{'loss': 0.0, 'grad_norm': 3.1622776985168457, 'learning_rate': 0.0, 'epoch': 0.42}
{'loss': 0.0, 'grad_norm': 3.1622776985168457, 'learning_rate': 0.0, 'epoch': 0.42}
{'loss': 0.0, 'grad_norm': 3.1622776985168457, 'learning_rate': 0.0, 'epoch': 0.42}
{'loss': 0.0, 'grad_norm': 3.1622776985168457, 'learning_rate': 0.0, 'epoch': 0.42}
{'loss': 0.0, 'grad_norm': 3.1622776985168457, 'learning_rate': 0.0, 'epoch': 0.42}
{'loss': 0.0, 'grad_norm': 3.1622776985168457, 'learning_rate': 0.0, 'epoch': 0.42}
{'loss': 0.0, 'grad_norm': 3.1622776985168457, 'learning_rate': 0.0, 'epoch': 0.42}
{'loss': 0.0, 'grad_norm': 3.1622776985168457, 'learning_rate': 0.0, 'epoch': 0.42}
{'loss': 0.0, 'grad_norm': 3.1622776985168457, 'learning_rate': 0.0, 'epoch': 0.42}
{'loss': 0.0, 'grad_norm': 3.1622776985168457, 'learning_rate': 0.0, 'epoch': 0.42}
{'loss': 0.0, 'grad_norm': 3.1622776985168457, 'learning_rate': 0.0, 'epoch': 0.42}
{'loss': 0.0, 'grad_norm': 3.1622776985168457, 'learning_rate': 0.0, 'epoch': 0.42}
{'loss': 0.0, 'grad_norm': 3.1622776985168457, 'learning_rate': 0.0, 'epoch': 0.42}
{'loss': 0.0, 'grad_norm': 3.1622776985168457, 'learning_rate': 0.0, 'epoch': 0.42}
{'loss': 0.0, 'grad_norm': 3.1622776985168457, 'learning_rate': 0.0, 'epoch': 0.42}
{'loss': 0.0, 'grad_norm': 3.1622776985168457, 'learning_rate': 0.0, 'epoch': 0.42}
{'loss': 0.0, 'grad_norm': 3.1622776985168457, 'learning_rate': 0.0, 'epoch': 0.42}
{'loss': 0.0, 'grad_norm': 3.1622776985168457, 'learning_rate': 0.0, 'epoch': 0.43}
{'loss': 0.0, 'grad_norm': 3.1622776985168457, 'learning_rate': 0.0, 'epoch': 0.43}
{'loss': 0.0, 'grad_norm': 3.1622776985168457, 'learning_rate': 0.0, 'epoch': 0.43}
{'loss': 0.0, 'grad_norm': 3.1622776985168457, 'learning_rate': 0.0, 'epoch': 0.43}
{'loss': 0.0, 'grad_norm': 3.1622776985168457, 'learning_rate': 0.0, 'epoch': 0.43}
{'loss': 0.0, 'grad_norm': 3.1622776985168457, 'learning_rate': 0.0, 'epoch': 0.43}
{'loss': 0.0, 'grad_norm': 3.1622776985168457, 'learning_rate': 0.0, 'epoch': 0.43}
{'loss': 0.0, 'grad_norm': 3.1622776985168457, 'learning_rate': 0.0, 'epoch': 0.43}
{'loss': 0.0, 'grad_norm': 3.1622776985168457, 'learning_rate': 0.0, 'epoch': 0.43}
{'loss': 0.0, 'grad_norm': 3.1622776985168457, 'learning_rate': 0.0, 'epoch': 0.43}
{'loss': 0.0, 'grad_norm': 3.1622776985168457, 'learning_rate': 0.0, 'epoch': 0.43}
{'loss': 0.0, 'grad_norm': 3.1622776985168457, 'learning_rate': 0.0, 'epoch': 0.43}
{'loss': 0.0, 'grad_norm': 3.1622776985168457, 'learning_rate': 0.0, 'epoch': 0.43}
{'loss': 0.0, 'grad_norm': 3.1622776985168457, 'learning_rate': 0.0, 'epoch': 0.43}
{'loss': 0.0, 'grad_norm': 3.1622776985168457, 'learning_rate': 0.0, 'epoch': 0.43}
{'loss': 0.0, 'grad_norm': 3.1622776985168457, 'learning_rate': 0.0, 'epoch': 0.43}
{'loss': 0.0, 'grad_norm': 3.1622776985168457, 'learning_rate': 0.0, 'epoch': 0.43}
{'loss': 0.0, 'grad_norm': 3.1622776985168457, 'learning_rate': 0.0, 'epoch': 0.43}
{'loss': 0.0, 'grad_norm': 3.1622776985168457, 'learning_rate': 0.0, 'epoch': 0.43}
{'loss': 0.0, 'grad_norm': 3.1622776985168457, 'learning_rate': 0.0, 'epoch': 0.43}
{'loss': 0.0, 'grad_norm': 3.1622776985168457, 'learning_rate': 0.0, 'epoch': 0.43}
{'loss': 0.0, 'grad_norm': 3.1622776985168457, 'learning_rate': 0.0, 'epoch': 0.43}
{'loss': 0.0, 'grad_norm': 3.1622776985168457, 'learning_rate': 0.0, 'epoch': 0.43}
{'loss': 0.0, 'grad_norm': 3.1622776985168457, 'learning_rate': 0.0, 'epoch': 0.43}
{'loss': 0.0, 'grad_norm': 3.1622776985168457, 'learning_rate': 0.0, 'epoch': 0.43}
{'loss': 0.0, 'grad_norm': 3.1622776985168457, 'learning_rate': 0.0, 'epoch': 0.43}
{'loss': 0.0, 'grad_norm': 3.1622776985168457, 'learning_rate': 0.0, 'epoch': 0.43}
{'loss': 0.0, 'grad_norm': 3.1622776985168457, 'learning_rate': 0.0, 'epoch': 0.43}
{'loss': 0.0, 'grad_norm': 3.1622776985168457, 'learning_rate': 0.0, 'epoch': 0.43}
{'loss': 0.0, 'grad_norm': 3.1622776985168457, 'learning_rate': 0.0, 'epoch': 0.43}
{'loss': 0.0, 'grad_norm': 3.1622776985168457, 'learning_rate': 0.0, 'epoch': 0.43}
{'loss': 0.0, 'grad_norm': 3.1622776985168457, 'learning_rate': 0.0, 'epoch': 0.43}
{'loss': 0.0, 'grad_norm': 3.1622776985168457, 'learning_rate': 0.0, 'epoch': 0.43}
{'loss': 0.0, 'grad_norm': 3.1622776985168457, 'learning_rate': 0.0, 'epoch': 0.43}
{'loss': 0.0, 'grad_norm': 3.1622776985168457, 'learning_rate': 0.0, 'epoch': 0.43}
{'loss': 0.0, 'grad_norm': 3.1622776985168457, 'learning_rate': 0.0, 'epoch': 0.43}
{'loss': 0.0, 'grad_norm': 3.1622776985168457, 'learning_rate': 0.0, 'epoch': 0.43}
{'loss': 0.0, 'grad_norm': 3.1622776985168457, 'learning_rate': 0.0, 'epoch': 0.43}
{'loss': 0.0, 'grad_norm': 3.1622776985168457, 'learning_rate': 0.0, 'epoch': 0.43}
{'loss': 0.0, 'grad_norm': 3.1622776985168457, 'learning_rate': 0.0, 'epoch': 0.43}
{'loss': 0.0, 'grad_norm': 3.1622776985168457, 'learning_rate': 0.0, 'epoch': 0.43}
{'loss': 0.0, 'grad_norm': 3.1622776985168457, 'learning_rate': 0.0, 'epoch': 0.43}
{'loss': 0.0, 'grad_norm': 3.1622776985168457, 'learning_rate': 0.0, 'epoch': 0.43}
{'loss': 0.0, 'grad_norm': 3.1622776985168457, 'learning_rate': 0.0, 'epoch': 0.43}
{'loss': 0.0, 'grad_norm': 3.1622776985168457, 'learning_rate': 0.0, 'epoch': 0.43}
{'loss': 0.0, 'grad_norm': 3.1622776985168457, 'learning_rate': 0.0, 'epoch': 0.43}
{'loss': 0.0, 'grad_norm': 3.1622776985168457, 'learning_rate': 0.0, 'epoch': 0.43}
{'loss': 0.0, 'grad_norm': 3.1622776985168457, 'learning_rate': 0.0, 'epoch': 0.43}
{'loss': 0.0, 'grad_norm': 3.1622776985168457, 'learning_rate': 0.0, 'epoch': 0.43}
{'loss': 0.0, 'grad_norm': 3.1622776985168457, 'learning_rate': 0.0, 'epoch': 0.43}
{'loss': 0.0, 'grad_norm': 3.1622776985168457, 'learning_rate': 0.0, 'epoch': 0.43}
{'loss': 0.0, 'grad_norm': 3.1622776985168457, 'learning_rate': 0.0, 'epoch': 0.43}
{'loss': 0.0, 'grad_norm': 3.1622776985168457, 'learning_rate': 0.0, 'epoch': 0.44}
{'loss': 0.0, 'grad_norm': 3.1622776985168457, 'learning_rate': 0.0, 'epoch': 0.44}
{'loss': 0.0, 'grad_norm': 3.1622776985168457, 'learning_rate': 0.0, 'epoch': 0.44}
{'loss': 0.0, 'grad_norm': 3.1622776985168457, 'learning_rate': 0.0, 'epoch': 0.44}
{'loss': 0.0, 'grad_norm': 3.1622776985168457, 'learning_rate': 0.0, 'epoch': 0.44}
{'loss': 0.0, 'grad_norm': 3.1622776985168457, 'learning_rate': 0.0, 'epoch': 0.44}
{'loss': 0.0, 'grad_norm': 3.1622776985168457, 'learning_rate': 0.0, 'epoch': 0.44}
{'loss': 0.0, 'grad_norm': 3.1622776985168457, 'learning_rate': 0.0, 'epoch': 0.44}
{'loss': 0.0, 'grad_norm': 3.1622776985168457, 'learning_rate': 0.0, 'epoch': 0.44}
{'loss': 0.0, 'grad_norm': 3.1622776985168457, 'learning_rate': 0.0, 'epoch': 0.44}
Error with image file is truncated (152 bytes not processed)
{'loss': 0.0, 'grad_norm': 3.1622776985168457, 'learning_rate': 0.0, 'epoch': 0.44}
{'loss': 0.0, 'grad_norm': 3.1622776985168457, 'learning_rate': 0.0, 'epoch': 0.44}
{'loss': 0.0, 'grad_norm': 3.1622776985168457, 'learning_rate': 0.0, 'epoch': 0.44}
{'loss': 0.0, 'grad_norm': 3.1622776985168457, 'learning_rate': 0.0, 'epoch': 0.44}
{'loss': 0.0, 'grad_norm': 3.1622776985168457, 'learning_rate': 0.0, 'epoch': 0.44}
{'loss': 0.0, 'grad_norm': 3.1622776985168457, 'learning_rate': 0.0, 'epoch': 0.44}
{'loss': 0.0, 'grad_norm': 3.1622776985168457, 'learning_rate': 0.0, 'epoch': 0.44}
{'loss': 0.0, 'grad_norm': 3.1622776985168457, 'learning_rate': 0.0, 'epoch': 0.44}
{'loss': 0.0, 'grad_norm': 3.1622776985168457, 'learning_rate': 0.0, 'epoch': 0.44}
{'loss': 0.0, 'grad_norm': 3.1622776985168457, 'learning_rate': 0.0, 'epoch': 0.44}
{'loss': 0.0, 'grad_norm': 3.1622776985168457, 'learning_rate': 0.0, 'epoch': 0.44}
{'loss': 0.0, 'grad_norm': 3.1622776985168457, 'learning_rate': 0.0, 'epoch': 0.44}
{'loss': 0.0, 'grad_norm': 3.1622776985168457, 'learning_rate': 0.0, 'epoch': 0.44}
{'loss': 0.0, 'grad_norm': 3.1622776985168457, 'learning_rate': 0.0, 'epoch': 0.44}
{'loss': 0.0, 'grad_norm': 3.1622776985168457, 'learning_rate': 0.0, 'epoch': 0.44}
{'loss': 0.0, 'grad_norm': 3.1622776985168457, 'learning_rate': 0.0, 'epoch': 0.44}
{'loss': 0.0, 'grad_norm': 3.1622776985168457, 'learning_rate': 0.0, 'epoch': 0.44}
{'loss': 0.0, 'grad_norm': 3.1622776985168457, 'learning_rate': 0.0, 'epoch': 0.44}
{'loss': 0.0, 'grad_norm': 3.1622776985168457, 'learning_rate': 0.0, 'epoch': 0.44}
{'loss': 0.0, 'grad_norm': 3.1622776985168457, 'learning_rate': 0.0, 'epoch': 0.44}
{'loss': 0.0, 'grad_norm': 3.1622776985168457, 'learning_rate': 0.0, 'epoch': 0.44}
{'loss': 0.0, 'grad_norm': 3.1622776985168457, 'learning_rate': 0.0, 'epoch': 0.44}
{'loss': 0.0, 'grad_norm': 3.1622776985168457, 'learning_rate': 0.0, 'epoch': 0.44}
{'loss': 0.0, 'grad_norm': 3.1622776985168457, 'learning_rate': 0.0, 'epoch': 0.44}
{'loss': 0.0, 'grad_norm': 3.1622776985168457, 'learning_rate': 0.0, 'epoch': 0.44}
{'loss': 0.0, 'grad_norm': 3.1622776985168457, 'learning_rate': 0.0, 'epoch': 0.44}
{'loss': 0.0, 'grad_norm': 3.1622776985168457, 'learning_rate': 0.0, 'epoch': 0.44}
{'loss': 0.0, 'grad_norm': 3.1622776985168457, 'learning_rate': 0.0, 'epoch': 0.44}
{'loss': 0.0, 'grad_norm': 3.1622776985168457, 'learning_rate': 0.0, 'epoch': 0.44}
{'loss': 0.0, 'grad_norm': 3.1622776985168457, 'learning_rate': 0.0, 'epoch': 0.44}
{'loss': 0.0, 'grad_norm': 3.1622776985168457, 'learning_rate': 0.0, 'epoch': 0.44}
{'loss': 0.0, 'grad_norm': 3.1622776985168457, 'learning_rate': 0.0, 'epoch': 0.44}
{'loss': 0.0, 'grad_norm': 3.1622776985168457, 'learning_rate': 0.0, 'epoch': 0.44}
{'loss': 0.0, 'grad_norm': 3.1622776985168457, 'learning_rate': 0.0, 'epoch': 0.44}
{'loss': 0.0, 'grad_norm': 3.1622776985168457, 'learning_rate': 0.0, 'epoch': 0.44}
{'loss': 0.0, 'grad_norm': 3.1622776985168457, 'learning_rate': 0.0, 'epoch': 0.44}
{'loss': 0.0, 'grad_norm': 3.1622776985168457, 'learning_rate': 0.0, 'epoch': 0.44}
{'loss': 0.0, 'grad_norm': 3.1622776985168457, 'learning_rate': 0.0, 'epoch': 0.44}
{'loss': 0.0, 'grad_norm': 3.1622776985168457, 'learning_rate': 0.0, 'epoch': 0.44}
{'loss': 0.0, 'grad_norm': 3.1622776985168457, 'learning_rate': 0.0, 'epoch': 0.44}
{'loss': 0.0, 'grad_norm': 3.1622776985168457, 'learning_rate': 0.0, 'epoch': 0.44}
{'loss': 0.0, 'grad_norm': 3.1622776985168457, 'learning_rate': 0.0, 'epoch': 0.44}
{'loss': 0.0, 'grad_norm': 3.1622776985168457, 'learning_rate': 0.0, 'epoch': 0.45}
{'loss': 0.0, 'grad_norm': 3.1622776985168457, 'learning_rate': 0.0, 'epoch': 0.45}
{'loss': 0.0, 'grad_norm': 3.1622776985168457, 'learning_rate': 0.0, 'epoch': 0.45}
{'loss': 0.0, 'grad_norm': 3.1622776985168457, 'learning_rate': 0.0, 'epoch': 0.45}
{'loss': 0.0, 'grad_norm': 3.1622776985168457, 'learning_rate': 0.0, 'epoch': 0.45}
{'loss': 0.0, 'grad_norm': 3.1622776985168457, 'learning_rate': 0.0, 'epoch': 0.45}
{'loss': 0.0, 'grad_norm': 3.1622776985168457, 'learning_rate': 0.0, 'epoch': 0.45}
{'loss': 0.0, 'grad_norm': 3.1622776985168457, 'learning_rate': 0.0, 'epoch': 0.45}
{'loss': 0.0, 'grad_norm': 3.1622776985168457, 'learning_rate': 0.0, 'epoch': 0.45}
{'loss': 0.0, 'grad_norm': 3.1622776985168457, 'learning_rate': 0.0, 'epoch': 0.45}
{'loss': 0.0, 'grad_norm': 3.1622776985168457, 'learning_rate': 0.0, 'epoch': 0.45}
{'loss': 0.0, 'grad_norm': 3.1622776985168457, 'learning_rate': 0.0, 'epoch': 0.45}
{'loss': 0.0, 'grad_norm': 3.1622776985168457, 'learning_rate': 0.0, 'epoch': 0.45}
{'loss': 0.0, 'grad_norm': 3.1622776985168457, 'learning_rate': 0.0, 'epoch': 0.45}
{'loss': 0.0, 'grad_norm': 3.1622776985168457, 'learning_rate': 0.0, 'epoch': 0.45}
{'loss': 0.0, 'grad_norm': 3.1622776985168457, 'learning_rate': 0.0, 'epoch': 0.45}
{'loss': 0.0, 'grad_norm': 3.1622776985168457, 'learning_rate': 0.0, 'epoch': 0.45}
{'loss': 0.0, 'grad_norm': 3.1622776985168457, 'learning_rate': 0.0, 'epoch': 0.45}
{'loss': 0.0, 'grad_norm': 3.1622776985168457, 'learning_rate': 0.0, 'epoch': 0.45}
{'loss': 0.0, 'grad_norm': 3.1622776985168457, 'learning_rate': 0.0, 'epoch': 0.45}
{'loss': 0.0, 'grad_norm': 3.1622776985168457, 'learning_rate': 0.0, 'epoch': 0.45}
{'loss': 0.0, 'grad_norm': 3.1622776985168457, 'learning_rate': 0.0, 'epoch': 0.45}
{'loss': 0.0, 'grad_norm': 3.1622776985168457, 'learning_rate': 0.0, 'epoch': 0.45}
{'loss': 0.0, 'grad_norm': 3.1622776985168457, 'learning_rate': 0.0, 'epoch': 0.45}
{'loss': 0.0, 'grad_norm': 3.1622776985168457, 'learning_rate': 0.0, 'epoch': 0.45}
{'loss': 0.0, 'grad_norm': 3.1622776985168457, 'learning_rate': 0.0, 'epoch': 0.45}
{'loss': 0.0, 'grad_norm': 3.1622776985168457, 'learning_rate': 0.0, 'epoch': 0.45}
{'loss': 0.0, 'grad_norm': 3.1622776985168457, 'learning_rate': 0.0, 'epoch': 0.45}
{'loss': 0.0, 'grad_norm': 3.1622776985168457, 'learning_rate': 0.0, 'epoch': 0.45}
{'loss': 0.0, 'grad_norm': 3.1622776985168457, 'learning_rate': 0.0, 'epoch': 0.45}
{'loss': 0.0, 'grad_norm': 3.1622776985168457, 'learning_rate': 0.0, 'epoch': 0.45}
{'loss': 0.0, 'grad_norm': 3.1622776985168457, 'learning_rate': 0.0, 'epoch': 0.45}
{'loss': 0.0, 'grad_norm': 3.1622776985168457, 'learning_rate': 0.0, 'epoch': 0.45}
{'loss': 0.0, 'grad_norm': 3.1622776985168457, 'learning_rate': 0.0, 'epoch': 0.45}
{'loss': 0.0, 'grad_norm': 3.1622776985168457, 'learning_rate': 0.0, 'epoch': 0.45}
{'loss': 0.0, 'grad_norm': 3.1622776985168457, 'learning_rate': 0.0, 'epoch': 0.45}
{'loss': 0.0, 'grad_norm': 3.1622776985168457, 'learning_rate': 0.0, 'epoch': 0.45}
{'loss': 0.0, 'grad_norm': 3.1622776985168457, 'learning_rate': 0.0, 'epoch': 0.45}
{'loss': 0.0, 'grad_norm': 3.1622776985168457, 'learning_rate': 0.0, 'epoch': 0.45}
{'loss': 0.0, 'grad_norm': 3.1622776985168457, 'learning_rate': 0.0, 'epoch': 0.45}
{'loss': 0.0, 'grad_norm': 3.1622776985168457, 'learning_rate': 0.0, 'epoch': 0.45}
{'loss': 0.0, 'grad_norm': 3.1622776985168457, 'learning_rate': 0.0, 'epoch': 0.45}
{'loss': 0.0, 'grad_norm': 3.1622776985168457, 'learning_rate': 0.0, 'epoch': 0.45}
{'loss': 0.0, 'grad_norm': 3.1622776985168457, 'learning_rate': 0.0, 'epoch': 0.45}
{'loss': 0.0, 'grad_norm': 3.1622776985168457, 'learning_rate': 0.0, 'epoch': 0.45}
{'loss': 0.0, 'grad_norm': 3.1622776985168457, 'learning_rate': 0.0, 'epoch': 0.45}
{'loss': 0.0, 'grad_norm': 3.1622776985168457, 'learning_rate': 0.0, 'epoch': 0.45}
{'loss': 0.0, 'grad_norm': 3.1622776985168457, 'learning_rate': 0.0, 'epoch': 0.45}
{'loss': 0.0, 'grad_norm': 3.1622776985168457, 'learning_rate': 0.0, 'epoch': 0.45}
{'loss': 0.0, 'grad_norm': 3.1622776985168457, 'learning_rate': 0.0, 'epoch': 0.45}
{'loss': 0.0, 'grad_norm': 3.1622776985168457, 'learning_rate': 0.0, 'epoch': 0.45}
{'loss': 0.0, 'grad_norm': 3.1622776985168457, 'learning_rate': 0.0, 'epoch': 0.45}
{'loss': 0.0, 'grad_norm': 3.1622776985168457, 'learning_rate': 0.0, 'epoch': 0.46}
{'loss': 0.0, 'grad_norm': 3.1622776985168457, 'learning_rate': 0.0, 'epoch': 0.46}
{'loss': 0.0, 'grad_norm': 3.1622776985168457, 'learning_rate': 0.0, 'epoch': 0.46}
{'loss': 0.0, 'grad_norm': 3.1622776985168457, 'learning_rate': 0.0, 'epoch': 0.46}
{'loss': 0.0, 'grad_norm': 3.1622776985168457, 'learning_rate': 0.0, 'epoch': 0.46}
{'loss': 0.0, 'grad_norm': 3.1622776985168457, 'learning_rate': 0.0, 'epoch': 0.46}
{'loss': 0.0, 'grad_norm': 3.1622776985168457, 'learning_rate': 0.0, 'epoch': 0.46}
{'loss': 0.0, 'grad_norm': 3.1622776985168457, 'learning_rate': 0.0, 'epoch': 0.46}
{'loss': 0.0, 'grad_norm': 3.1622776985168457, 'learning_rate': 0.0, 'epoch': 0.46}
{'loss': 0.0, 'grad_norm': 3.1622776985168457, 'learning_rate': 0.0, 'epoch': 0.46}
{'loss': 0.0, 'grad_norm': 3.1622776985168457, 'learning_rate': 0.0, 'epoch': 0.46}
{'loss': 0.0, 'grad_norm': 3.1622776985168457, 'learning_rate': 0.0, 'epoch': 0.46}
{'loss': 0.0, 'grad_norm': 3.1622776985168457, 'learning_rate': 0.0, 'epoch': 0.46}
{'loss': 0.0, 'grad_norm': 3.1622776985168457, 'learning_rate': 0.0, 'epoch': 0.46}
{'loss': 0.0, 'grad_norm': 3.1622776985168457, 'learning_rate': 0.0, 'epoch': 0.46}
{'loss': 0.0, 'grad_norm': 3.1622776985168457, 'learning_rate': 0.0, 'epoch': 0.46}
{'loss': 0.0, 'grad_norm': 3.1622776985168457, 'learning_rate': 0.0, 'epoch': 0.46}
{'loss': 0.0, 'grad_norm': 3.1622776985168457, 'learning_rate': 0.0, 'epoch': 0.46}
{'loss': 0.0, 'grad_norm': 3.1622776985168457, 'learning_rate': 0.0, 'epoch': 0.46}
{'loss': 0.0, 'grad_norm': 3.1622776985168457, 'learning_rate': 0.0, 'epoch': 0.46}
{'loss': 0.0, 'grad_norm': 3.1622776985168457, 'learning_rate': 0.0, 'epoch': 0.46}
{'loss': 0.0, 'grad_norm': 3.1622776985168457, 'learning_rate': 0.0, 'epoch': 0.46}
{'loss': 0.0, 'grad_norm': 3.1622776985168457, 'learning_rate': 0.0, 'epoch': 0.46}
{'loss': 0.0, 'grad_norm': 3.1622776985168457, 'learning_rate': 0.0, 'epoch': 0.46}
{'loss': 0.0, 'grad_norm': 3.1622776985168457, 'learning_rate': 0.0, 'epoch': 0.46}
{'loss': 0.0, 'grad_norm': 3.1622776985168457, 'learning_rate': 0.0, 'epoch': 0.46}
{'loss': 0.0, 'grad_norm': 3.1622776985168457, 'learning_rate': 0.0, 'epoch': 0.46}
{'loss': 0.0, 'grad_norm': 3.1622776985168457, 'learning_rate': 0.0, 'epoch': 0.46}
{'loss': 0.0, 'grad_norm': 3.1622776985168457, 'learning_rate': 0.0, 'epoch': 0.46}
{'loss': 0.0, 'grad_norm': 3.1622776985168457, 'learning_rate': 0.0, 'epoch': 0.46}
{'loss': 0.0, 'grad_norm': 3.1622776985168457, 'learning_rate': 0.0, 'epoch': 0.46}
{'loss': 0.0, 'grad_norm': 3.1622776985168457, 'learning_rate': 0.0, 'epoch': 0.46}
{'loss': 0.0, 'grad_norm': 3.1622776985168457, 'learning_rate': 0.0, 'epoch': 0.46}
{'loss': 0.0, 'grad_norm': 3.1622776985168457, 'learning_rate': 0.0, 'epoch': 0.46}
{'loss': 0.0, 'grad_norm': 3.1622776985168457, 'learning_rate': 0.0, 'epoch': 0.46}
{'loss': 0.0, 'grad_norm': 3.1622776985168457, 'learning_rate': 0.0, 'epoch': 0.46}
{'loss': 0.0, 'grad_norm': 3.1622776985168457, 'learning_rate': 0.0, 'epoch': 0.46}
{'loss': 0.0, 'grad_norm': 3.1622776985168457, 'learning_rate': 0.0, 'epoch': 0.46}
{'loss': 0.0, 'grad_norm': 3.1622776985168457, 'learning_rate': 0.0, 'epoch': 0.46}
{'loss': 0.0, 'grad_norm': 3.1622776985168457, 'learning_rate': 0.0, 'epoch': 0.46}
{'loss': 0.0, 'grad_norm': 3.1622776985168457, 'learning_rate': 0.0, 'epoch': 0.46}
{'loss': 0.0, 'grad_norm': 3.1622776985168457, 'learning_rate': 0.0, 'epoch': 0.46}
{'loss': 0.0, 'grad_norm': 3.1622776985168457, 'learning_rate': 0.0, 'epoch': 0.46}
{'loss': 0.0, 'grad_norm': 3.1622776985168457, 'learning_rate': 0.0, 'epoch': 0.46}
{'loss': 0.0, 'grad_norm': 3.1622776985168457, 'learning_rate': 0.0, 'epoch': 0.46}
{'loss': 0.0, 'grad_norm': 3.1622776985168457, 'learning_rate': 0.0, 'epoch': 0.46}
{'loss': 0.0, 'grad_norm': 3.1622776985168457, 'learning_rate': 0.0, 'epoch': 0.46}
{'loss': 0.0, 'grad_norm': 3.1622776985168457, 'learning_rate': 0.0, 'epoch': 0.46}
{'loss': 0.0, 'grad_norm': 3.1622776985168457, 'learning_rate': 0.0, 'epoch': 0.46}
{'loss': 0.0, 'grad_norm': 3.1622776985168457, 'learning_rate': 0.0, 'epoch': 0.46}
{'loss': 0.0, 'grad_norm': 3.1622776985168457, 'learning_rate': 0.0, 'epoch': 0.46}
{'loss': 0.0, 'grad_norm': 3.1622776985168457, 'learning_rate': 0.0, 'epoch': 0.46}
{'loss': 0.0, 'grad_norm': 3.1622776985168457, 'learning_rate': 0.0, 'epoch': 0.47}
{'loss': 0.0, 'grad_norm': 3.1622776985168457, 'learning_rate': 0.0, 'epoch': 0.47}
{'loss': 0.0, 'grad_norm': 3.1622776985168457, 'learning_rate': 0.0, 'epoch': 0.47}
{'loss': 0.0, 'grad_norm': 3.1622776985168457, 'learning_rate': 0.0, 'epoch': 0.47}
{'loss': 0.0, 'grad_norm': 3.1622776985168457, 'learning_rate': 0.0, 'epoch': 0.47}
{'loss': 0.0, 'grad_norm': 3.1622776985168457, 'learning_rate': 0.0, 'epoch': 0.47}
{'loss': 0.0, 'grad_norm': 3.1622776985168457, 'learning_rate': 0.0, 'epoch': 0.47}
{'loss': 0.0, 'grad_norm': 3.1622776985168457, 'learning_rate': 0.0, 'epoch': 0.47}
{'loss': 0.0, 'grad_norm': 3.1622776985168457, 'learning_rate': 0.0, 'epoch': 0.47}
{'loss': 0.0, 'grad_norm': 3.1622776985168457, 'learning_rate': 0.0, 'epoch': 0.47}
{'loss': 0.0, 'grad_norm': 3.1622776985168457, 'learning_rate': 0.0, 'epoch': 0.47}
{'loss': 0.0, 'grad_norm': 3.1622776985168457, 'learning_rate': 0.0, 'epoch': 0.47}
{'loss': 0.0, 'grad_norm': 3.1622776985168457, 'learning_rate': 0.0, 'epoch': 0.47}
{'loss': 0.0, 'grad_norm': 3.1622776985168457, 'learning_rate': 0.0, 'epoch': 0.47}
{'loss': 0.0, 'grad_norm': 3.1622776985168457, 'learning_rate': 0.0, 'epoch': 0.47}
{'loss': 0.0, 'grad_norm': 3.1622776985168457, 'learning_rate': 0.0, 'epoch': 0.47}
{'loss': 0.0, 'grad_norm': 3.1622776985168457, 'learning_rate': 0.0, 'epoch': 0.47}
{'loss': 0.0, 'grad_norm': 3.1622776985168457, 'learning_rate': 0.0, 'epoch': 0.47}
{'loss': 0.0, 'grad_norm': 3.1622776985168457, 'learning_rate': 0.0, 'epoch': 0.47}
{'loss': 0.0, 'grad_norm': 3.1622776985168457, 'learning_rate': 0.0, 'epoch': 0.47}
{'loss': 0.0, 'grad_norm': 3.1622776985168457, 'learning_rate': 0.0, 'epoch': 0.47}
{'loss': 0.0, 'grad_norm': 3.1622776985168457, 'learning_rate': 0.0, 'epoch': 0.47}
{'loss': 0.0, 'grad_norm': 3.1622776985168457, 'learning_rate': 0.0, 'epoch': 0.47}
{'loss': 0.0, 'grad_norm': 3.1622776985168457, 'learning_rate': 0.0, 'epoch': 0.47}
{'loss': 0.0, 'grad_norm': 3.1622776985168457, 'learning_rate': 0.0, 'epoch': 0.47}
{'loss': 0.0, 'grad_norm': 3.1622776985168457, 'learning_rate': 0.0, 'epoch': 0.47}
{'loss': 0.0, 'grad_norm': 3.1622776985168457, 'learning_rate': 0.0, 'epoch': 0.47}
{'loss': 0.0, 'grad_norm': 3.1622776985168457, 'learning_rate': 0.0, 'epoch': 0.47}
{'loss': 0.0, 'grad_norm': 3.1622776985168457, 'learning_rate': 0.0, 'epoch': 0.47}
{'loss': 0.0, 'grad_norm': 3.1622776985168457, 'learning_rate': 0.0, 'epoch': 0.47}
{'loss': 0.0, 'grad_norm': 3.1622776985168457, 'learning_rate': 0.0, 'epoch': 0.47}
{'loss': 0.0, 'grad_norm': 3.1622776985168457, 'learning_rate': 0.0, 'epoch': 0.47}
{'loss': 0.0, 'grad_norm': 3.1622776985168457, 'learning_rate': 0.0, 'epoch': 0.47}
{'loss': 0.0, 'grad_norm': 3.1622776985168457, 'learning_rate': 0.0, 'epoch': 0.47}
{'loss': 0.0, 'grad_norm': 3.1622776985168457, 'learning_rate': 0.0, 'epoch': 0.47}
{'loss': 0.0, 'grad_norm': 3.1622776985168457, 'learning_rate': 0.0, 'epoch': 0.47}
{'loss': 0.0, 'grad_norm': 3.1622776985168457, 'learning_rate': 0.0, 'epoch': 0.47}
{'loss': 0.0, 'grad_norm': 3.1622776985168457, 'learning_rate': 0.0, 'epoch': 0.47}
{'loss': 0.0, 'grad_norm': 3.1622776985168457, 'learning_rate': 0.0, 'epoch': 0.47}
{'loss': 0.0, 'grad_norm': 3.1622776985168457, 'learning_rate': 0.0, 'epoch': 0.47}
{'loss': 0.0, 'grad_norm': 3.1622776985168457, 'learning_rate': 0.0, 'epoch': 0.47}
{'loss': 0.0, 'grad_norm': 3.1622776985168457, 'learning_rate': 0.0, 'epoch': 0.47}
{'loss': 0.0, 'grad_norm': 3.1622776985168457, 'learning_rate': 0.0, 'epoch': 0.47}
{'loss': 0.0, 'grad_norm': 3.1622776985168457, 'learning_rate': 0.0, 'epoch': 0.47}
{'loss': 0.0, 'grad_norm': 3.1622776985168457, 'learning_rate': 0.0, 'epoch': 0.47}
{'loss': 0.0, 'grad_norm': 3.1622776985168457, 'learning_rate': 0.0, 'epoch': 0.47}
{'loss': 0.0, 'grad_norm': 3.1622776985168457, 'learning_rate': 0.0, 'epoch': 0.47}
{'loss': 0.0, 'grad_norm': 3.1622776985168457, 'learning_rate': 0.0, 'epoch': 0.47}
{'loss': 0.0, 'grad_norm': 3.1622776985168457, 'learning_rate': 0.0, 'epoch': 0.47}
{'loss': 0.0, 'grad_norm': 3.1622776985168457, 'learning_rate': 0.0, 'epoch': 0.47}
{'loss': 0.0, 'grad_norm': 3.1622776985168457, 'learning_rate': 0.0, 'epoch': 0.47}
{'loss': 0.0, 'grad_norm': 3.1622776985168457, 'learning_rate': 0.0, 'epoch': 0.47}
{'loss': 0.0, 'grad_norm': 3.1622776985168457, 'learning_rate': 0.0, 'epoch': 0.48}
{'loss': 0.0, 'grad_norm': 3.1622776985168457, 'learning_rate': 0.0, 'epoch': 0.48}
WARNING: tokenization mismatch: 0 vs. 676. (ignored)
{'loss': 0.0, 'grad_norm': 3.1622776985168457, 'learning_rate': 0.0, 'epoch': 0.48}
{'loss': 0.0, 'grad_norm': 3.1622776985168457, 'learning_rate': 0.0, 'epoch': 0.48}
{'loss': 0.0, 'grad_norm': 3.1622776985168457, 'learning_rate': 0.0, 'epoch': 0.48}
{'loss': 0.0, 'grad_norm': 3.1622776985168457, 'learning_rate': 0.0, 'epoch': 0.48}
{'loss': 0.0, 'grad_norm': 3.1622776985168457, 'learning_rate': 0.0, 'epoch': 0.48}
{'loss': 0.0, 'grad_norm': 3.1622776985168457, 'learning_rate': 0.0, 'epoch': 0.48}
{'loss': 0.0, 'grad_norm': 3.1622776985168457, 'learning_rate': 0.0, 'epoch': 0.48}
{'loss': 0.0, 'grad_norm': 3.1622776985168457, 'learning_rate': 0.0, 'epoch': 0.48}
{'loss': 0.0, 'grad_norm': 3.1622776985168457, 'learning_rate': 0.0, 'epoch': 0.48}
{'loss': 0.0, 'grad_norm': 3.1622776985168457, 'learning_rate': 0.0, 'epoch': 0.48}
{'loss': 0.0, 'grad_norm': 3.1622776985168457, 'learning_rate': 0.0, 'epoch': 0.48}
{'loss': 0.0, 'grad_norm': 3.1622776985168457, 'learning_rate': 0.0, 'epoch': 0.48}
{'loss': 0.0, 'grad_norm': 3.1622776985168457, 'learning_rate': 0.0, 'epoch': 0.48}
{'loss': 0.0, 'grad_norm': 3.1622776985168457, 'learning_rate': 0.0, 'epoch': 0.48}
{'loss': 0.0, 'grad_norm': 3.1622776985168457, 'learning_rate': 0.0, 'epoch': 0.48}
{'loss': 0.0, 'grad_norm': 3.1622776985168457, 'learning_rate': 0.0, 'epoch': 0.48}
{'loss': 0.0, 'grad_norm': 3.1622776985168457, 'learning_rate': 0.0, 'epoch': 0.48}
{'loss': 0.0, 'grad_norm': 3.1622776985168457, 'learning_rate': 0.0, 'epoch': 0.48}
{'loss': 0.0, 'grad_norm': 3.1622776985168457, 'learning_rate': 0.0, 'epoch': 0.48}
{'loss': 0.0, 'grad_norm': 3.1622776985168457, 'learning_rate': 0.0, 'epoch': 0.48}
{'loss': 0.0, 'grad_norm': 3.1622776985168457, 'learning_rate': 0.0, 'epoch': 0.48}
{'loss': 0.0, 'grad_norm': 3.1622776985168457, 'learning_rate': 0.0, 'epoch': 0.48}
{'loss': 0.0, 'grad_norm': 3.1622776985168457, 'learning_rate': 0.0, 'epoch': 0.48}
{'loss': 0.0, 'grad_norm': 3.1622776985168457, 'learning_rate': 0.0, 'epoch': 0.48}
{'loss': 0.0, 'grad_norm': 3.1622776985168457, 'learning_rate': 0.0, 'epoch': 0.48}
{'loss': 0.0, 'grad_norm': 3.1622776985168457, 'learning_rate': 0.0, 'epoch': 0.48}
{'loss': 0.0, 'grad_norm': 3.1622776985168457, 'learning_rate': 0.0, 'epoch': 0.48}
{'loss': 0.0, 'grad_norm': 3.1622776985168457, 'learning_rate': 0.0, 'epoch': 0.48}
{'loss': 0.0, 'grad_norm': 3.1622776985168457, 'learning_rate': 0.0, 'epoch': 0.48}
{'loss': 0.0, 'grad_norm': 3.1622776985168457, 'learning_rate': 0.0, 'epoch': 0.48}
{'loss': 0.0, 'grad_norm': 3.1622776985168457, 'learning_rate': 0.0, 'epoch': 0.48}
{'loss': 0.0, 'grad_norm': 3.1622776985168457, 'learning_rate': 0.0, 'epoch': 0.48}
{'loss': 0.0, 'grad_norm': 3.1622776985168457, 'learning_rate': 0.0, 'epoch': 0.48}
{'loss': 0.0, 'grad_norm': 3.1622776985168457, 'learning_rate': 0.0, 'epoch': 0.48}
{'loss': 0.0, 'grad_norm': 3.1622776985168457, 'learning_rate': 0.0, 'epoch': 0.48}
{'loss': 0.0, 'grad_norm': 3.1622776985168457, 'learning_rate': 0.0, 'epoch': 0.48}
{'loss': 0.0, 'grad_norm': 3.1622776985168457, 'learning_rate': 0.0, 'epoch': 0.48}
{'loss': 0.0, 'grad_norm': 3.1622776985168457, 'learning_rate': 0.0, 'epoch': 0.48}
{'loss': 0.0, 'grad_norm': 3.1622776985168457, 'learning_rate': 0.0, 'epoch': 0.48}
{'loss': 0.0, 'grad_norm': 3.1622776985168457, 'learning_rate': 0.0, 'epoch': 0.48}
{'loss': 0.0, 'grad_norm': 3.1622776985168457, 'learning_rate': 0.0, 'epoch': 0.48}
{'loss': 0.0, 'grad_norm': 3.1622776985168457, 'learning_rate': 0.0, 'epoch': 0.48}
{'loss': 0.0, 'grad_norm': 3.1622776985168457, 'learning_rate': 0.0, 'epoch': 0.48}
{'loss': 0.0, 'grad_norm': 3.1622776985168457, 'learning_rate': 0.0, 'epoch': 0.48}
{'loss': 0.0, 'grad_norm': 3.1622776985168457, 'learning_rate': 0.0, 'epoch': 0.48}
{'loss': 0.0, 'grad_norm': 3.1622776985168457, 'learning_rate': 0.0, 'epoch': 0.48}
{'loss': 0.0, 'grad_norm': 3.1622776985168457, 'learning_rate': 0.0, 'epoch': 0.48}
{'loss': 0.0, 'grad_norm': 3.1622776985168457, 'learning_rate': 0.0, 'epoch': 0.48}
{'loss': 0.0, 'grad_norm': 3.1622776985168457, 'learning_rate': 0.0, 'epoch': 0.48}
{'loss': 0.0, 'grad_norm': 3.1622776985168457, 'learning_rate': 0.0, 'epoch': 0.48}
{'loss': 0.0, 'grad_norm': 3.1622776985168457, 'learning_rate': 0.0, 'epoch': 0.49}
{'loss': 0.0, 'grad_norm': 3.1622776985168457, 'learning_rate': 0.0, 'epoch': 0.49}
{'loss': 0.0, 'grad_norm': 3.1622776985168457, 'learning_rate': 0.0, 'epoch': 0.49}
{'loss': 0.0, 'grad_norm': 3.1622776985168457, 'learning_rate': 0.0, 'epoch': 0.49}
{'loss': 0.0, 'grad_norm': 3.1622776985168457, 'learning_rate': 0.0, 'epoch': 0.49}
{'loss': 0.0, 'grad_norm': 3.1622776985168457, 'learning_rate': 0.0, 'epoch': 0.49}
{'loss': 0.0, 'grad_norm': 3.1622776985168457, 'learning_rate': 0.0, 'epoch': 0.49}
{'loss': 0.0, 'grad_norm': 3.1622776985168457, 'learning_rate': 0.0, 'epoch': 0.49}
{'loss': 0.0, 'grad_norm': 3.1622776985168457, 'learning_rate': 0.0, 'epoch': 0.49}
{'loss': 0.0, 'grad_norm': 3.1622776985168457, 'learning_rate': 0.0, 'epoch': 0.49}
{'loss': 0.0, 'grad_norm': 3.1622776985168457, 'learning_rate': 0.0, 'epoch': 0.49}
{'loss': 0.0, 'grad_norm': 3.1622776985168457, 'learning_rate': 0.0, 'epoch': 0.49}
{'loss': 0.0, 'grad_norm': 3.1622776985168457, 'learning_rate': 0.0, 'epoch': 0.49}
{'loss': 0.0, 'grad_norm': 3.1622776985168457, 'learning_rate': 0.0, 'epoch': 0.49}
{'loss': 0.0, 'grad_norm': 3.1622776985168457, 'learning_rate': 0.0, 'epoch': 0.49}
{'loss': 0.0, 'grad_norm': 3.1622776985168457, 'learning_rate': 0.0, 'epoch': 0.49}
{'loss': 0.0, 'grad_norm': 3.1622776985168457, 'learning_rate': 0.0, 'epoch': 0.49}
{'loss': 0.0, 'grad_norm': 3.1622776985168457, 'learning_rate': 0.0, 'epoch': 0.49}
{'loss': 0.0, 'grad_norm': 3.1622776985168457, 'learning_rate': 0.0, 'epoch': 0.49}
{'loss': 0.0, 'grad_norm': 3.1622776985168457, 'learning_rate': 0.0, 'epoch': 0.49}
{'loss': 0.0, 'grad_norm': 3.1622776985168457, 'learning_rate': 0.0, 'epoch': 0.49}
{'loss': 0.0, 'grad_norm': 3.1622776985168457, 'learning_rate': 0.0, 'epoch': 0.49}
{'loss': 0.0, 'grad_norm': 3.1622776985168457, 'learning_rate': 0.0, 'epoch': 0.49}
{'loss': 0.0, 'grad_norm': 3.1622776985168457, 'learning_rate': 0.0, 'epoch': 0.49}
{'loss': 0.0, 'grad_norm': 3.1622776985168457, 'learning_rate': 0.0, 'epoch': 0.49}
{'loss': 0.0, 'grad_norm': 3.1622776985168457, 'learning_rate': 0.0, 'epoch': 0.49}
{'loss': 0.0, 'grad_norm': 3.1622776985168457, 'learning_rate': 0.0, 'epoch': 0.49}
{'loss': 0.0, 'grad_norm': 3.1622776985168457, 'learning_rate': 0.0, 'epoch': 0.49}
{'loss': 0.0, 'grad_norm': 3.1622776985168457, 'learning_rate': 0.0, 'epoch': 0.49}
{'loss': 0.0, 'grad_norm': 3.1622776985168457, 'learning_rate': 0.0, 'epoch': 0.49}
{'loss': 0.0, 'grad_norm': 3.1622776985168457, 'learning_rate': 0.0, 'epoch': 0.49}
{'loss': 0.0, 'grad_norm': 3.1622776985168457, 'learning_rate': 0.0, 'epoch': 0.49}
{'loss': 0.0, 'grad_norm': 3.1622776985168457, 'learning_rate': 0.0, 'epoch': 0.49}
{'loss': 0.0, 'grad_norm': 3.1622776985168457, 'learning_rate': 0.0, 'epoch': 0.49}
{'loss': 0.0, 'grad_norm': 3.1622776985168457, 'learning_rate': 0.0, 'epoch': 0.49}
{'loss': 0.0, 'grad_norm': 3.1622776985168457, 'learning_rate': 0.0, 'epoch': 0.49}
{'loss': 0.0, 'grad_norm': 3.1622776985168457, 'learning_rate': 0.0, 'epoch': 0.49}
{'loss': 0.0, 'grad_norm': 3.1622776985168457, 'learning_rate': 0.0, 'epoch': 0.49}
{'loss': 0.0, 'grad_norm': 3.1622776985168457, 'learning_rate': 0.0, 'epoch': 0.49}
{'loss': 0.0, 'grad_norm': 3.1622776985168457, 'learning_rate': 0.0, 'epoch': 0.49}
{'loss': 0.0, 'grad_norm': 3.1622776985168457, 'learning_rate': 0.0, 'epoch': 0.49}
{'loss': 0.0, 'grad_norm': 3.1622776985168457, 'learning_rate': 0.0, 'epoch': 0.49}
{'loss': 0.0, 'grad_norm': 3.1622776985168457, 'learning_rate': 0.0, 'epoch': 0.49}
{'loss': 0.0, 'grad_norm': 3.1622776985168457, 'learning_rate': 0.0, 'epoch': 0.49}
{'loss': 0.0, 'grad_norm': 3.1622776985168457, 'learning_rate': 0.0, 'epoch': 0.49}
{'loss': 0.0, 'grad_norm': 3.1622776985168457, 'learning_rate': 0.0, 'epoch': 0.49}
{'loss': 0.0, 'grad_norm': 3.1622776985168457, 'learning_rate': 0.0, 'epoch': 0.49}
{'loss': 0.0, 'grad_norm': 3.1622776985168457, 'learning_rate': 0.0, 'epoch': 0.49}
{'loss': 0.0, 'grad_norm': 3.1622776985168457, 'learning_rate': 0.0, 'epoch': 0.49}
{'loss': 0.0, 'grad_norm': 3.1622776985168457, 'learning_rate': 0.0, 'epoch': 0.49}
{'loss': 0.0, 'grad_norm': 3.1622776985168457, 'learning_rate': 0.0, 'epoch': 0.49}
{'loss': 0.0, 'grad_norm': 3.1622776985168457, 'learning_rate': 0.0, 'epoch': 0.49}
{'loss': 0.0, 'grad_norm': 3.1622776985168457, 'learning_rate': 0.0, 'epoch': 0.5}
{'loss': 0.0, 'grad_norm': 3.1622776985168457, 'learning_rate': 0.0, 'epoch': 0.5}
{'loss': 0.0, 'grad_norm': 3.1622776985168457, 'learning_rate': 0.0, 'epoch': 0.5}
{'loss': 0.0, 'grad_norm': 3.1622776985168457, 'learning_rate': 0.0, 'epoch': 0.5}
{'loss': 0.0, 'grad_norm': 3.1622776985168457, 'learning_rate': 0.0, 'epoch': 0.5}
{'loss': 0.0, 'grad_norm': 3.1622776985168457, 'learning_rate': 0.0, 'epoch': 0.5}
{'loss': 0.0, 'grad_norm': 3.1622776985168457, 'learning_rate': 0.0, 'epoch': 0.5}
{'loss': 0.0, 'grad_norm': 3.1622776985168457, 'learning_rate': 0.0, 'epoch': 0.5}
{'loss': 0.0, 'grad_norm': 3.1622776985168457, 'learning_rate': 0.0, 'epoch': 0.5}
{'loss': 0.0, 'grad_norm': 3.1622776985168457, 'learning_rate': 0.0, 'epoch': 0.5}
{'loss': 0.0, 'grad_norm': 3.1622776985168457, 'learning_rate': 0.0, 'epoch': 0.5}
{'loss': 0.0, 'grad_norm': 3.1622776985168457, 'learning_rate': 0.0, 'epoch': 0.5}
{'loss': 0.0, 'grad_norm': 3.1622776985168457, 'learning_rate': 0.0, 'epoch': 0.5}
{'loss': 0.0, 'grad_norm': 3.1622776985168457, 'learning_rate': 0.0, 'epoch': 0.5}
{'loss': 0.0, 'grad_norm': 3.1622776985168457, 'learning_rate': 0.0, 'epoch': 0.5}
{'loss': 0.0, 'grad_norm': 3.1622776985168457, 'learning_rate': 0.0, 'epoch': 0.5}
{'loss': 0.0, 'grad_norm': 3.1622776985168457, 'learning_rate': 0.0, 'epoch': 0.5}
{'loss': 0.0, 'grad_norm': 3.1622776985168457, 'learning_rate': 0.0, 'epoch': 0.5}
{'loss': 0.0, 'grad_norm': 3.1622776985168457, 'learning_rate': 0.0, 'epoch': 0.5}
{'loss': 0.0, 'grad_norm': 3.1622776985168457, 'learning_rate': 0.0, 'epoch': 0.5}
{'loss': 0.0, 'grad_norm': 3.1622776985168457, 'learning_rate': 0.0, 'epoch': 0.5}
{'loss': 0.0, 'grad_norm': 3.1622776985168457, 'learning_rate': 0.0, 'epoch': 0.5}
{'loss': 0.0, 'grad_norm': 3.1622776985168457, 'learning_rate': 0.0, 'epoch': 0.5}
{'loss': 0.0, 'grad_norm': 3.1622776985168457, 'learning_rate': 0.0, 'epoch': 0.5}
{'loss': 0.0, 'grad_norm': 3.1622776985168457, 'learning_rate': 0.0, 'epoch': 0.5}
{'loss': 0.0, 'grad_norm': 3.1622776985168457, 'learning_rate': 0.0, 'epoch': 0.5}
{'loss': 0.0, 'grad_norm': 3.1622776985168457, 'learning_rate': 0.0, 'epoch': 0.5}
{'loss': 0.0, 'grad_norm': 3.1622776985168457, 'learning_rate': 0.0, 'epoch': 0.5}
{'loss': 0.0, 'grad_norm': 3.1622776985168457, 'learning_rate': 0.0, 'epoch': 0.5}
{'loss': 0.0, 'grad_norm': 3.1622776985168457, 'learning_rate': 0.0, 'epoch': 0.5}
{'loss': 0.0, 'grad_norm': 3.1622776985168457, 'learning_rate': 0.0, 'epoch': 0.5}
{'loss': 0.0, 'grad_norm': 3.1622776985168457, 'learning_rate': 0.0, 'epoch': 0.5}
{'loss': 0.0, 'grad_norm': 3.1622776985168457, 'learning_rate': 0.0, 'epoch': 0.5}
{'loss': 0.0, 'grad_norm': 3.1622776985168457, 'learning_rate': 0.0, 'epoch': 0.5}
{'loss': 0.0, 'grad_norm': 3.1622776985168457, 'learning_rate': 0.0, 'epoch': 0.5}
{'loss': 0.0, 'grad_norm': 3.1622776985168457, 'learning_rate': 0.0, 'epoch': 0.5}
{'loss': 0.0, 'grad_norm': 3.1622776985168457, 'learning_rate': 0.0, 'epoch': 0.5}
{'loss': 0.0, 'grad_norm': 3.1622776985168457, 'learning_rate': 0.0, 'epoch': 0.5}
{'loss': 0.0, 'grad_norm': 3.1622776985168457, 'learning_rate': 0.0, 'epoch': 0.5}
{'loss': 0.0, 'grad_norm': 3.1622776985168457, 'learning_rate': 0.0, 'epoch': 0.5}
{'loss': 0.0, 'grad_norm': 3.1622776985168457, 'learning_rate': 0.0, 'epoch': 0.5}
{'loss': 0.0, 'grad_norm': 3.1622776985168457, 'learning_rate': 0.0, 'epoch': 0.5}
{'loss': 0.0, 'grad_norm': 3.1622776985168457, 'learning_rate': 0.0, 'epoch': 0.5}
{'loss': 0.0, 'grad_norm': 3.1622776985168457, 'learning_rate': 0.0, 'epoch': 0.5}
{'loss': 0.0, 'grad_norm': 3.1622776985168457, 'learning_rate': 0.0, 'epoch': 0.5}
{'loss': 0.0, 'grad_norm': 3.1622776985168457, 'learning_rate': 0.0, 'epoch': 0.5}
{'loss': 0.0, 'grad_norm': 3.1622776985168457, 'learning_rate': 0.0, 'epoch': 0.5}
{'loss': 0.0, 'grad_norm': 3.1622776985168457, 'learning_rate': 0.0, 'epoch': 0.5}
{'loss': 0.0, 'grad_norm': 3.1622776985168457, 'learning_rate': 0.0, 'epoch': 0.5}
{'loss': 0.0, 'grad_norm': 3.1622776985168457, 'learning_rate': 0.0, 'epoch': 0.5}
{'loss': 0.0, 'grad_norm': 3.1622776985168457, 'learning_rate': 0.0, 'epoch': 0.5}
{'loss': 0.0, 'grad_norm': 3.1622776985168457, 'learning_rate': 0.0, 'epoch': 0.51}
{'loss': 0.0, 'grad_norm': 3.1622776985168457, 'learning_rate': 0.0, 'epoch': 0.51}
{'loss': 0.0, 'grad_norm': 3.1622776985168457, 'learning_rate': 0.0, 'epoch': 0.51}
{'loss': 0.0, 'grad_norm': 3.1622776985168457, 'learning_rate': 0.0, 'epoch': 0.51}
{'loss': 0.0, 'grad_norm': 3.1622776985168457, 'learning_rate': 0.0, 'epoch': 0.51}
{'loss': 0.0, 'grad_norm': 3.1622776985168457, 'learning_rate': 0.0, 'epoch': 0.51}
{'loss': 0.0, 'grad_norm': 3.1622776985168457, 'learning_rate': 0.0, 'epoch': 0.51}
{'loss': 0.0, 'grad_norm': 3.1622776985168457, 'learning_rate': 0.0, 'epoch': 0.51}
{'loss': 0.0, 'grad_norm': 3.1622776985168457, 'learning_rate': 0.0, 'epoch': 0.51}
{'loss': 0.0, 'grad_norm': 3.1622776985168457, 'learning_rate': 0.0, 'epoch': 0.51}
{'loss': 0.0, 'grad_norm': 3.1622776985168457, 'learning_rate': 0.0, 'epoch': 0.51}
{'loss': 0.0, 'grad_norm': 3.1622776985168457, 'learning_rate': 0.0, 'epoch': 0.51}
{'loss': 0.0, 'grad_norm': 3.1622776985168457, 'learning_rate': 0.0, 'epoch': 0.51}
{'loss': 0.0, 'grad_norm': 3.1622776985168457, 'learning_rate': 0.0, 'epoch': 0.51}
{'loss': 0.0, 'grad_norm': 3.1622776985168457, 'learning_rate': 0.0, 'epoch': 0.51}
{'loss': 0.0, 'grad_norm': 3.1622776985168457, 'learning_rate': 0.0, 'epoch': 0.51}
{'loss': 0.0, 'grad_norm': 3.1622776985168457, 'learning_rate': 0.0, 'epoch': 0.51}
{'loss': 0.0, 'grad_norm': 3.1622776985168457, 'learning_rate': 0.0, 'epoch': 0.51}
{'loss': 0.0, 'grad_norm': 3.1622776985168457, 'learning_rate': 0.0, 'epoch': 0.51}
{'loss': 0.0, 'grad_norm': 3.1622776985168457, 'learning_rate': 0.0, 'epoch': 0.51}
{'loss': 0.0, 'grad_norm': 3.1622776985168457, 'learning_rate': 0.0, 'epoch': 0.51}
{'loss': 0.0, 'grad_norm': 3.1622776985168457, 'learning_rate': 0.0, 'epoch': 0.51}
{'loss': 0.0, 'grad_norm': 3.1622776985168457, 'learning_rate': 0.0, 'epoch': 0.51}
{'loss': 0.0, 'grad_norm': 3.1622776985168457, 'learning_rate': 0.0, 'epoch': 0.51}
{'loss': 0.0, 'grad_norm': 3.1622776985168457, 'learning_rate': 0.0, 'epoch': 0.51}
{'loss': 0.0, 'grad_norm': 3.1622776985168457, 'learning_rate': 0.0, 'epoch': 0.51}
{'loss': 0.0, 'grad_norm': 3.1622776985168457, 'learning_rate': 0.0, 'epoch': 0.51}
{'loss': 0.0, 'grad_norm': 3.1622776985168457, 'learning_rate': 0.0, 'epoch': 0.51}
{'loss': 0.0, 'grad_norm': 3.1622776985168457, 'learning_rate': 0.0, 'epoch': 0.51}
{'loss': 0.0, 'grad_norm': 3.1622776985168457, 'learning_rate': 0.0, 'epoch': 0.51}
{'loss': 0.0, 'grad_norm': 3.1622776985168457, 'learning_rate': 0.0, 'epoch': 0.51}
{'loss': 0.0, 'grad_norm': 3.1622776985168457, 'learning_rate': 0.0, 'epoch': 0.51}
{'loss': 0.0, 'grad_norm': 3.1622776985168457, 'learning_rate': 0.0, 'epoch': 0.51}
{'loss': 0.0, 'grad_norm': 3.1622776985168457, 'learning_rate': 0.0, 'epoch': 0.51}
{'loss': 0.0, 'grad_norm': 3.1622776985168457, 'learning_rate': 0.0, 'epoch': 0.51}
{'loss': 0.0, 'grad_norm': 3.1622776985168457, 'learning_rate': 0.0, 'epoch': 0.51}
{'loss': 0.0, 'grad_norm': 3.1622776985168457, 'learning_rate': 0.0, 'epoch': 0.51}
{'loss': 0.0, 'grad_norm': 3.1622776985168457, 'learning_rate': 0.0, 'epoch': 0.51}
{'loss': 0.0, 'grad_norm': 3.1622776985168457, 'learning_rate': 0.0, 'epoch': 0.51}
{'loss': 0.0, 'grad_norm': 3.1622776985168457, 'learning_rate': 0.0, 'epoch': 0.51}
{'loss': 0.0, 'grad_norm': 3.1622776985168457, 'learning_rate': 0.0, 'epoch': 0.51}
{'loss': 0.0, 'grad_norm': 3.1622776985168457, 'learning_rate': 0.0, 'epoch': 0.51}
{'loss': 0.0, 'grad_norm': 3.1622776985168457, 'learning_rate': 0.0, 'epoch': 0.51}
{'loss': 0.0, 'grad_norm': 3.1622776985168457, 'learning_rate': 0.0, 'epoch': 0.51}
{'loss': 0.0, 'grad_norm': 3.1622776985168457, 'learning_rate': 0.0, 'epoch': 0.51}
{'loss': 0.0, 'grad_norm': 3.1622776985168457, 'learning_rate': 0.0, 'epoch': 0.51}
{'loss': 0.0, 'grad_norm': 3.1622776985168457, 'learning_rate': 0.0, 'epoch': 0.51}
{'loss': 0.0, 'grad_norm': 3.1622776985168457, 'learning_rate': 0.0, 'epoch': 0.51}
{'loss': 0.0, 'grad_norm': 3.1622776985168457, 'learning_rate': 0.0, 'epoch': 0.51}
{'loss': 0.0, 'grad_norm': 3.1622776985168457, 'learning_rate': 0.0, 'epoch': 0.51}
{'loss': 0.0, 'grad_norm': 3.1622776985168457, 'learning_rate': 0.0, 'epoch': 0.51}
{'loss': 0.0, 'grad_norm': 3.1622776985168457, 'learning_rate': 0.0, 'epoch': 0.51}
{'loss': 0.0, 'grad_norm': 3.1622776985168457, 'learning_rate': 0.0, 'epoch': 0.52}
{'loss': 0.0, 'grad_norm': 3.1622776985168457, 'learning_rate': 0.0, 'epoch': 0.52}
{'loss': 0.0, 'grad_norm': 3.1622776985168457, 'learning_rate': 0.0, 'epoch': 0.52}
{'loss': 0.0, 'grad_norm': 3.1622776985168457, 'learning_rate': 0.0, 'epoch': 0.52}
{'loss': 0.0, 'grad_norm': 3.1622776985168457, 'learning_rate': 0.0, 'epoch': 0.52}
{'loss': 0.0, 'grad_norm': 3.1622776985168457, 'learning_rate': 0.0, 'epoch': 0.52}
{'loss': 0.0, 'grad_norm': 3.1622776985168457, 'learning_rate': 0.0, 'epoch': 0.52}
{'loss': 0.0, 'grad_norm': 3.1622776985168457, 'learning_rate': 0.0, 'epoch': 0.52}
{'loss': 0.0, 'grad_norm': 3.1622776985168457, 'learning_rate': 0.0, 'epoch': 0.52}
{'loss': 0.0, 'grad_norm': 3.1622776985168457, 'learning_rate': 0.0, 'epoch': 0.52}
{'loss': 0.0, 'grad_norm': 3.1622776985168457, 'learning_rate': 0.0, 'epoch': 0.52}
{'loss': 0.0, 'grad_norm': 3.1622776985168457, 'learning_rate': 0.0, 'epoch': 0.52}
{'loss': 0.0, 'grad_norm': 3.1622776985168457, 'learning_rate': 0.0, 'epoch': 0.52}
{'loss': 0.0, 'grad_norm': 3.1622776985168457, 'learning_rate': 0.0, 'epoch': 0.52}
{'loss': 0.0, 'grad_norm': 3.1622776985168457, 'learning_rate': 0.0, 'epoch': 0.52}
{'loss': 0.0, 'grad_norm': 3.1622776985168457, 'learning_rate': 0.0, 'epoch': 0.52}
{'loss': 0.0, 'grad_norm': 3.1622776985168457, 'learning_rate': 0.0, 'epoch': 0.52}
{'loss': 0.0, 'grad_norm': 3.1622776985168457, 'learning_rate': 0.0, 'epoch': 0.52}
{'loss': 0.0, 'grad_norm': 3.1622776985168457, 'learning_rate': 0.0, 'epoch': 0.52}
{'loss': 0.0, 'grad_norm': 3.1622776985168457, 'learning_rate': 0.0, 'epoch': 0.52}
{'loss': 0.0, 'grad_norm': 3.1622776985168457, 'learning_rate': 0.0, 'epoch': 0.52}
{'loss': 0.0, 'grad_norm': 3.1622776985168457, 'learning_rate': 0.0, 'epoch': 0.52}
{'loss': 0.0, 'grad_norm': 3.1622776985168457, 'learning_rate': 0.0, 'epoch': 0.52}
{'loss': 0.0, 'grad_norm': 3.1622776985168457, 'learning_rate': 0.0, 'epoch': 0.52}
{'loss': 0.0, 'grad_norm': 3.1622776985168457, 'learning_rate': 0.0, 'epoch': 0.52}
{'loss': 0.0, 'grad_norm': 3.1622776985168457, 'learning_rate': 0.0, 'epoch': 0.52}
{'loss': 0.0, 'grad_norm': 3.1622776985168457, 'learning_rate': 0.0, 'epoch': 0.52}
{'loss': 0.0, 'grad_norm': 3.1622776985168457, 'learning_rate': 0.0, 'epoch': 0.52}
{'loss': 0.0, 'grad_norm': 3.1622776985168457, 'learning_rate': 0.0, 'epoch': 0.52}
{'loss': 0.0, 'grad_norm': 3.1622776985168457, 'learning_rate': 0.0, 'epoch': 0.52}
{'loss': 0.0, 'grad_norm': 3.1622776985168457, 'learning_rate': 0.0, 'epoch': 0.52}
{'loss': 0.0, 'grad_norm': 3.1622776985168457, 'learning_rate': 0.0, 'epoch': 0.52}
{'loss': 0.0, 'grad_norm': 3.1622776985168457, 'learning_rate': 0.0, 'epoch': 0.52}
{'loss': 0.0, 'grad_norm': 3.1622776985168457, 'learning_rate': 0.0, 'epoch': 0.52}
{'loss': 0.0, 'grad_norm': 3.1622776985168457, 'learning_rate': 0.0, 'epoch': 0.52}
{'loss': 0.0, 'grad_norm': 3.1622776985168457, 'learning_rate': 0.0, 'epoch': 0.52}
{'loss': 0.0, 'grad_norm': 3.1622776985168457, 'learning_rate': 0.0, 'epoch': 0.52}
{'loss': 0.0, 'grad_norm': 3.1622776985168457, 'learning_rate': 0.0, 'epoch': 0.52}
{'loss': 0.0, 'grad_norm': 3.1622776985168457, 'learning_rate': 0.0, 'epoch': 0.52}
{'loss': 0.0, 'grad_norm': 3.1622776985168457, 'learning_rate': 0.0, 'epoch': 0.52}
{'loss': 0.0, 'grad_norm': 3.1622776985168457, 'learning_rate': 0.0, 'epoch': 0.52}
{'loss': 0.0, 'grad_norm': 3.1622776985168457, 'learning_rate': 0.0, 'epoch': 0.52}
{'loss': 0.0, 'grad_norm': 3.1622776985168457, 'learning_rate': 0.0, 'epoch': 0.52}
{'loss': 0.0, 'grad_norm': 3.1622776985168457, 'learning_rate': 0.0, 'epoch': 0.52}
{'loss': 0.0, 'grad_norm': 3.1622776985168457, 'learning_rate': 0.0, 'epoch': 0.52}
{'loss': 0.0, 'grad_norm': 3.1622776985168457, 'learning_rate': 0.0, 'epoch': 0.52}
{'loss': 0.0, 'grad_norm': 3.1622776985168457, 'learning_rate': 0.0, 'epoch': 0.52}
{'loss': 0.0, 'grad_norm': 3.1622776985168457, 'learning_rate': 0.0, 'epoch': 0.52}
{'loss': 0.0, 'grad_norm': 3.1622776985168457, 'learning_rate': 0.0, 'epoch': 0.52}
{'loss': 0.0, 'grad_norm': 3.1622776985168457, 'learning_rate': 0.0, 'epoch': 0.52}
{'loss': 0.0, 'grad_norm': 3.1622776985168457, 'learning_rate': 0.0, 'epoch': 0.52}
{'loss': 0.0, 'grad_norm': 3.1622776985168457, 'learning_rate': 0.0, 'epoch': 0.52}
{'loss': 0.0, 'grad_norm': 3.1622776985168457, 'learning_rate': 0.0, 'epoch': 0.53}
{'loss': 0.0, 'grad_norm': 3.1622776985168457, 'learning_rate': 0.0, 'epoch': 0.53}
{'loss': 0.0, 'grad_norm': 3.1622776985168457, 'learning_rate': 0.0, 'epoch': 0.53}
{'loss': 0.0, 'grad_norm': 3.1622776985168457, 'learning_rate': 0.0, 'epoch': 0.53}
{'loss': 0.0, 'grad_norm': 3.1622776985168457, 'learning_rate': 0.0, 'epoch': 0.53}
{'loss': 0.0, 'grad_norm': 3.1622776985168457, 'learning_rate': 0.0, 'epoch': 0.53}
{'loss': 0.0, 'grad_norm': 3.1622776985168457, 'learning_rate': 0.0, 'epoch': 0.53}
{'loss': 0.0, 'grad_norm': 3.1622776985168457, 'learning_rate': 0.0, 'epoch': 0.53}
{'loss': 0.0, 'grad_norm': 3.1622776985168457, 'learning_rate': 0.0, 'epoch': 0.53}
{'loss': 0.0, 'grad_norm': 3.1622776985168457, 'learning_rate': 0.0, 'epoch': 0.53}
{'loss': 0.0, 'grad_norm': 3.1622776985168457, 'learning_rate': 0.0, 'epoch': 0.53}
{'loss': 0.0, 'grad_norm': 3.1622776985168457, 'learning_rate': 0.0, 'epoch': 0.53}
{'loss': 0.0, 'grad_norm': 3.1622776985168457, 'learning_rate': 0.0, 'epoch': 0.53}
{'loss': 0.0, 'grad_norm': 3.1622776985168457, 'learning_rate': 0.0, 'epoch': 0.53}
{'loss': 0.0, 'grad_norm': 3.1622776985168457, 'learning_rate': 0.0, 'epoch': 0.53}
{'loss': 0.0, 'grad_norm': 3.1622776985168457, 'learning_rate': 0.0, 'epoch': 0.53}
{'loss': 0.0, 'grad_norm': 3.1622776985168457, 'learning_rate': 0.0, 'epoch': 0.53}
{'loss': 0.0, 'grad_norm': 3.1622776985168457, 'learning_rate': 0.0, 'epoch': 0.53}
{'loss': 0.0, 'grad_norm': 3.1622776985168457, 'learning_rate': 0.0, 'epoch': 0.53}
{'loss': 0.0, 'grad_norm': 3.1622776985168457, 'learning_rate': 0.0, 'epoch': 0.53}
{'loss': 0.0, 'grad_norm': 3.1622776985168457, 'learning_rate': 0.0, 'epoch': 0.53}
{'loss': 0.0, 'grad_norm': 3.1622776985168457, 'learning_rate': 0.0, 'epoch': 0.53}
{'loss': 0.0, 'grad_norm': 3.1622776985168457, 'learning_rate': 0.0, 'epoch': 0.53}
{'loss': 0.0, 'grad_norm': 3.1622776985168457, 'learning_rate': 0.0, 'epoch': 0.53}
{'loss': 0.0, 'grad_norm': 3.1622776985168457, 'learning_rate': 0.0, 'epoch': 0.53}
{'loss': 0.0, 'grad_norm': 3.1622776985168457, 'learning_rate': 0.0, 'epoch': 0.53}
{'loss': 0.0, 'grad_norm': 3.1622776985168457, 'learning_rate': 0.0, 'epoch': 0.53}
{'loss': 0.0, 'grad_norm': 3.1622776985168457, 'learning_rate': 0.0, 'epoch': 0.53}
{'loss': 0.0, 'grad_norm': 3.1622776985168457, 'learning_rate': 0.0, 'epoch': 0.53}
{'loss': 0.0, 'grad_norm': 3.1622776985168457, 'learning_rate': 0.0, 'epoch': 0.53}
{'loss': 0.0, 'grad_norm': 3.1622776985168457, 'learning_rate': 0.0, 'epoch': 0.53}
{'loss': 0.0, 'grad_norm': 3.1622776985168457, 'learning_rate': 0.0, 'epoch': 0.53}
{'loss': 0.0, 'grad_norm': 3.1622776985168457, 'learning_rate': 0.0, 'epoch': 0.53}
{'loss': 0.0, 'grad_norm': 3.1622776985168457, 'learning_rate': 0.0, 'epoch': 0.53}
{'loss': 0.0, 'grad_norm': 3.1622776985168457, 'learning_rate': 0.0, 'epoch': 0.53}
{'loss': 0.0, 'grad_norm': 3.1622776985168457, 'learning_rate': 0.0, 'epoch': 0.53}
{'loss': 0.0, 'grad_norm': 3.1622776985168457, 'learning_rate': 0.0, 'epoch': 0.53}
{'loss': 0.0, 'grad_norm': 3.1622776985168457, 'learning_rate': 0.0, 'epoch': 0.53}
{'loss': 0.0, 'grad_norm': 3.1622776985168457, 'learning_rate': 0.0, 'epoch': 0.53}
{'loss': 0.0, 'grad_norm': 3.1622776985168457, 'learning_rate': 0.0, 'epoch': 0.53}
{'loss': 0.0, 'grad_norm': 3.1622776985168457, 'learning_rate': 0.0, 'epoch': 0.53}
{'loss': 0.0, 'grad_norm': 3.1622776985168457, 'learning_rate': 0.0, 'epoch': 0.53}
{'loss': 0.0, 'grad_norm': 3.1622776985168457, 'learning_rate': 0.0, 'epoch': 0.53}
{'loss': 0.0, 'grad_norm': 3.1622776985168457, 'learning_rate': 0.0, 'epoch': 0.53}
{'loss': 0.0, 'grad_norm': 3.1622776985168457, 'learning_rate': 0.0, 'epoch': 0.53}
{'loss': 0.0, 'grad_norm': 3.1622776985168457, 'learning_rate': 0.0, 'epoch': 0.53}
{'loss': 0.0, 'grad_norm': 3.1622776985168457, 'learning_rate': 0.0, 'epoch': 0.53}
{'loss': 0.0, 'grad_norm': 3.1622776985168457, 'learning_rate': 0.0, 'epoch': 0.53}
{'loss': 0.0, 'grad_norm': 3.1622776985168457, 'learning_rate': 0.0, 'epoch': 0.53}
{'loss': 0.0, 'grad_norm': 3.1622776985168457, 'learning_rate': 0.0, 'epoch': 0.53}
{'loss': 0.0, 'grad_norm': 3.1622776985168457, 'learning_rate': 0.0, 'epoch': 0.53}
{'loss': 0.0, 'grad_norm': 3.1622776985168457, 'learning_rate': 0.0, 'epoch': 0.53}
{'loss': 0.0, 'grad_norm': 3.1622776985168457, 'learning_rate': 0.0, 'epoch': 0.54}
{'loss': 0.0, 'grad_norm': 3.1622776985168457, 'learning_rate': 0.0, 'epoch': 0.54}
{'loss': 0.0, 'grad_norm': 3.1622776985168457, 'learning_rate': 0.0, 'epoch': 0.54}
{'loss': 0.0, 'grad_norm': 3.1622776985168457, 'learning_rate': 0.0, 'epoch': 0.54}
{'loss': 0.0, 'grad_norm': 3.1622776985168457, 'learning_rate': 0.0, 'epoch': 0.54}
{'loss': 0.0, 'grad_norm': 3.1622776985168457, 'learning_rate': 0.0, 'epoch': 0.54}
{'loss': 0.0, 'grad_norm': 3.1622776985168457, 'learning_rate': 0.0, 'epoch': 0.54}
{'loss': 0.0, 'grad_norm': 3.1622776985168457, 'learning_rate': 0.0, 'epoch': 0.54}
{'loss': 0.0, 'grad_norm': 3.1622776985168457, 'learning_rate': 0.0, 'epoch': 0.54}
{'loss': 0.0, 'grad_norm': 3.1622776985168457, 'learning_rate': 0.0, 'epoch': 0.54}
{'loss': 0.0, 'grad_norm': 3.1622776985168457, 'learning_rate': 0.0, 'epoch': 0.54}
{'loss': 0.0, 'grad_norm': 3.1622776985168457, 'learning_rate': 0.0, 'epoch': 0.54}
{'loss': 0.0, 'grad_norm': 3.1622776985168457, 'learning_rate': 0.0, 'epoch': 0.54}
{'loss': 0.0, 'grad_norm': 3.1622776985168457, 'learning_rate': 0.0, 'epoch': 0.54}
{'loss': 0.0, 'grad_norm': 3.1622776985168457, 'learning_rate': 0.0, 'epoch': 0.54}
{'loss': 0.0, 'grad_norm': 3.1622776985168457, 'learning_rate': 0.0, 'epoch': 0.54}
{'loss': 0.0, 'grad_norm': 3.1622776985168457, 'learning_rate': 0.0, 'epoch': 0.54}
{'loss': 0.0, 'grad_norm': 3.1622776985168457, 'learning_rate': 0.0, 'epoch': 0.54}
{'loss': 0.0, 'grad_norm': 3.1622776985168457, 'learning_rate': 0.0, 'epoch': 0.54}
{'loss': 0.0, 'grad_norm': 3.1622776985168457, 'learning_rate': 0.0, 'epoch': 0.54}
{'loss': 0.0, 'grad_norm': 3.1622776985168457, 'learning_rate': 0.0, 'epoch': 0.54}
{'loss': 0.0, 'grad_norm': 3.1622776985168457, 'learning_rate': 0.0, 'epoch': 0.54}
{'loss': 0.0, 'grad_norm': 3.1622776985168457, 'learning_rate': 0.0, 'epoch': 0.54}
{'loss': 0.0, 'grad_norm': 3.1622776985168457, 'learning_rate': 0.0, 'epoch': 0.54}
{'loss': 0.0, 'grad_norm': 3.1622776985168457, 'learning_rate': 0.0, 'epoch': 0.54}
{'loss': 0.0, 'grad_norm': 3.1622776985168457, 'learning_rate': 0.0, 'epoch': 0.54}
{'loss': 0.0, 'grad_norm': 3.1622776985168457, 'learning_rate': 0.0, 'epoch': 0.54}
{'loss': 0.0, 'grad_norm': 3.1622776985168457, 'learning_rate': 0.0, 'epoch': 0.54}
{'loss': 0.0, 'grad_norm': 3.1622776985168457, 'learning_rate': 0.0, 'epoch': 0.54}
{'loss': 0.0, 'grad_norm': 3.1622776985168457, 'learning_rate': 0.0, 'epoch': 0.54}
{'loss': 0.0, 'grad_norm': 3.1622776985168457, 'learning_rate': 0.0, 'epoch': 0.54}
{'loss': 0.0, 'grad_norm': 3.1622776985168457, 'learning_rate': 0.0, 'epoch': 0.54}
{'loss': 0.0, 'grad_norm': 3.1622776985168457, 'learning_rate': 0.0, 'epoch': 0.54}
{'loss': 0.0, 'grad_norm': 3.1622776985168457, 'learning_rate': 0.0, 'epoch': 0.54}
{'loss': 0.0, 'grad_norm': 3.1622776985168457, 'learning_rate': 0.0, 'epoch': 0.54}
{'loss': 0.0, 'grad_norm': 3.1622776985168457, 'learning_rate': 0.0, 'epoch': 0.54}
{'loss': 0.0, 'grad_norm': 3.1622776985168457, 'learning_rate': 0.0, 'epoch': 0.54}
{'loss': 0.0, 'grad_norm': 3.1622776985168457, 'learning_rate': 0.0, 'epoch': 0.54}
{'loss': 0.0, 'grad_norm': 3.1622776985168457, 'learning_rate': 0.0, 'epoch': 0.54}
Error with image file is truncated (8 bytes not processed)
{'loss': 0.0, 'grad_norm': 3.1622776985168457, 'learning_rate': 0.0, 'epoch': 0.54}
{'loss': 0.0, 'grad_norm': 3.1622776985168457, 'learning_rate': 0.0, 'epoch': 0.54}
{'loss': 0.0, 'grad_norm': 3.1622776985168457, 'learning_rate': 0.0, 'epoch': 0.54}
{'loss': 0.0, 'grad_norm': 3.1622776985168457, 'learning_rate': 0.0, 'epoch': 0.54}
{'loss': 0.0, 'grad_norm': 3.1622776985168457, 'learning_rate': 0.0, 'epoch': 0.54}
{'loss': 0.0, 'grad_norm': 3.1622776985168457, 'learning_rate': 0.0, 'epoch': 0.54}
{'loss': 0.0, 'grad_norm': 3.1622776985168457, 'learning_rate': 0.0, 'epoch': 0.54}
{'loss': 0.0, 'grad_norm': 3.1622776985168457, 'learning_rate': 0.0, 'epoch': 0.54}
{'loss': 0.0, 'grad_norm': 3.1622776985168457, 'learning_rate': 0.0, 'epoch': 0.54}
{'loss': 0.0, 'grad_norm': 3.1622776985168457, 'learning_rate': 0.0, 'epoch': 0.54}
{'loss': 0.0, 'grad_norm': 3.1622776985168457, 'learning_rate': 0.0, 'epoch': 0.54}
{'loss': 0.0, 'grad_norm': 3.1622776985168457, 'learning_rate': 0.0, 'epoch': 0.54}
{'loss': 0.0, 'grad_norm': 3.1622776985168457, 'learning_rate': 0.0, 'epoch': 0.54}
{'loss': 0.0, 'grad_norm': 3.1622776985168457, 'learning_rate': 0.0, 'epoch': 0.55}
{'loss': 0.0, 'grad_norm': 3.1622776985168457, 'learning_rate': 0.0, 'epoch': 0.55}
{'loss': 0.0, 'grad_norm': 3.1622776985168457, 'learning_rate': 0.0, 'epoch': 0.55}
{'loss': 0.0, 'grad_norm': 3.1622776985168457, 'learning_rate': 0.0, 'epoch': 0.55}
{'loss': 0.0, 'grad_norm': 3.1622776985168457, 'learning_rate': 0.0, 'epoch': 0.55}
{'loss': 0.0, 'grad_norm': 3.1622776985168457, 'learning_rate': 0.0, 'epoch': 0.55}
{'loss': 0.0, 'grad_norm': 3.1622776985168457, 'learning_rate': 0.0, 'epoch': 0.55}
{'loss': 0.0, 'grad_norm': 3.1622776985168457, 'learning_rate': 0.0, 'epoch': 0.55}
{'loss': 0.0, 'grad_norm': 3.1622776985168457, 'learning_rate': 0.0, 'epoch': 0.55}
{'loss': 0.0, 'grad_norm': 3.1622776985168457, 'learning_rate': 0.0, 'epoch': 0.55}
{'loss': 0.0, 'grad_norm': 3.1622776985168457, 'learning_rate': 0.0, 'epoch': 0.55}
{'loss': 0.0, 'grad_norm': 3.1622776985168457, 'learning_rate': 0.0, 'epoch': 0.55}
{'loss': 0.0, 'grad_norm': 3.1622776985168457, 'learning_rate': 0.0, 'epoch': 0.55}
{'loss': 0.0, 'grad_norm': 3.1622776985168457, 'learning_rate': 0.0, 'epoch': 0.55}
{'loss': 0.0, 'grad_norm': 3.1622776985168457, 'learning_rate': 0.0, 'epoch': 0.55}
{'loss': 0.0, 'grad_norm': 3.1622776985168457, 'learning_rate': 0.0, 'epoch': 0.55}
{'loss': 0.0, 'grad_norm': 3.1622776985168457, 'learning_rate': 0.0, 'epoch': 0.55}
{'loss': 0.0, 'grad_norm': 3.1622776985168457, 'learning_rate': 0.0, 'epoch': 0.55}
{'loss': 0.0, 'grad_norm': 3.1622776985168457, 'learning_rate': 0.0, 'epoch': 0.55}
{'loss': 0.0, 'grad_norm': 3.1622776985168457, 'learning_rate': 0.0, 'epoch': 0.55}
{'loss': 0.0, 'grad_norm': 3.1622776985168457, 'learning_rate': 0.0, 'epoch': 0.55}
{'loss': 0.0, 'grad_norm': 3.1622776985168457, 'learning_rate': 0.0, 'epoch': 0.55}
{'loss': 0.0, 'grad_norm': 3.1622776985168457, 'learning_rate': 0.0, 'epoch': 0.55}
{'loss': 0.0, 'grad_norm': 3.1622776985168457, 'learning_rate': 0.0, 'epoch': 0.55}
{'loss': 0.0, 'grad_norm': 3.1622776985168457, 'learning_rate': 0.0, 'epoch': 0.55}
{'loss': 0.0, 'grad_norm': 3.1622776985168457, 'learning_rate': 0.0, 'epoch': 0.55}
{'loss': 0.0, 'grad_norm': 3.1622776985168457, 'learning_rate': 0.0, 'epoch': 0.55}
{'loss': 0.0, 'grad_norm': 3.1622776985168457, 'learning_rate': 0.0, 'epoch': 0.55}
{'loss': 0.0, 'grad_norm': 3.1622776985168457, 'learning_rate': 0.0, 'epoch': 0.55}
{'loss': 0.0, 'grad_norm': 3.1622776985168457, 'learning_rate': 0.0, 'epoch': 0.55}
{'loss': 0.0, 'grad_norm': 3.1622776985168457, 'learning_rate': 0.0, 'epoch': 0.55}
{'loss': 0.0, 'grad_norm': 3.1622776985168457, 'learning_rate': 0.0, 'epoch': 0.55}
{'loss': 0.0, 'grad_norm': 3.1622776985168457, 'learning_rate': 0.0, 'epoch': 0.55}
{'loss': 0.0, 'grad_norm': 3.1622776985168457, 'learning_rate': 0.0, 'epoch': 0.55}
{'loss': 0.0, 'grad_norm': 3.1622776985168457, 'learning_rate': 0.0, 'epoch': 0.55}
{'loss': 0.0, 'grad_norm': 3.1622776985168457, 'learning_rate': 0.0, 'epoch': 0.55}
{'loss': 0.0, 'grad_norm': 3.1622776985168457, 'learning_rate': 0.0, 'epoch': 0.55}
{'loss': 0.0, 'grad_norm': 3.1622776985168457, 'learning_rate': 0.0, 'epoch': 0.55}
{'loss': 0.0, 'grad_norm': 3.1622776985168457, 'learning_rate': 0.0, 'epoch': 0.55}
{'loss': 0.0, 'grad_norm': 3.1622776985168457, 'learning_rate': 0.0, 'epoch': 0.55}
{'loss': 0.0, 'grad_norm': 3.1622776985168457, 'learning_rate': 0.0, 'epoch': 0.55}
{'loss': 0.0, 'grad_norm': 3.1622776985168457, 'learning_rate': 0.0, 'epoch': 0.55}
{'loss': 0.0, 'grad_norm': 3.1622776985168457, 'learning_rate': 0.0, 'epoch': 0.55}
{'loss': 0.0, 'grad_norm': 3.1622776985168457, 'learning_rate': 0.0, 'epoch': 0.55}
{'loss': 0.0, 'grad_norm': 3.1622776985168457, 'learning_rate': 0.0, 'epoch': 0.55}
{'loss': 0.0, 'grad_norm': 3.1622776985168457, 'learning_rate': 0.0, 'epoch': 0.55}
{'loss': 0.0, 'grad_norm': 3.1622776985168457, 'learning_rate': 0.0, 'epoch': 0.55}
{'loss': 0.0, 'grad_norm': 3.1622776985168457, 'learning_rate': 0.0, 'epoch': 0.55}
{'loss': 0.0, 'grad_norm': 3.1622776985168457, 'learning_rate': 0.0, 'epoch': 0.55}
{'loss': 0.0, 'grad_norm': 3.1622776985168457, 'learning_rate': 0.0, 'epoch': 0.55}
{'loss': 0.0, 'grad_norm': 3.1622776985168457, 'learning_rate': 0.0, 'epoch': 0.55}
{'loss': 0.0, 'grad_norm': 3.1622776985168457, 'learning_rate': 0.0, 'epoch': 0.55}
{'loss': 0.0, 'grad_norm': 3.1622776985168457, 'learning_rate': 0.0, 'epoch': 0.56}
{'loss': 0.0, 'grad_norm': 3.1622776985168457, 'learning_rate': 0.0, 'epoch': 0.56}
{'loss': 0.0, 'grad_norm': 3.1622776985168457, 'learning_rate': 0.0, 'epoch': 0.56}
{'loss': 0.0, 'grad_norm': 3.1622776985168457, 'learning_rate': 0.0, 'epoch': 0.56}
{'loss': 0.0, 'grad_norm': 3.1622776985168457, 'learning_rate': 0.0, 'epoch': 0.56}
{'loss': 0.0, 'grad_norm': 3.1622776985168457, 'learning_rate': 0.0, 'epoch': 0.56}
{'loss': 0.0, 'grad_norm': 3.1622776985168457, 'learning_rate': 0.0, 'epoch': 0.56}
{'loss': 0.0, 'grad_norm': 3.1622776985168457, 'learning_rate': 0.0, 'epoch': 0.56}
{'loss': 0.0, 'grad_norm': 3.1622776985168457, 'learning_rate': 0.0, 'epoch': 0.56}
{'loss': 0.0, 'grad_norm': 3.1622776985168457, 'learning_rate': 0.0, 'epoch': 0.56}
{'loss': 0.0, 'grad_norm': 3.1622776985168457, 'learning_rate': 0.0, 'epoch': 0.56}
{'loss': 0.0, 'grad_norm': 3.1622776985168457, 'learning_rate': 0.0, 'epoch': 0.56}
{'loss': 0.0, 'grad_norm': 3.1622776985168457, 'learning_rate': 0.0, 'epoch': 0.56}
{'loss': 0.0, 'grad_norm': 3.1622776985168457, 'learning_rate': 0.0, 'epoch': 0.56}
{'loss': 0.0, 'grad_norm': 3.1622776985168457, 'learning_rate': 0.0, 'epoch': 0.56}
{'loss': 0.0, 'grad_norm': 3.1622776985168457, 'learning_rate': 0.0, 'epoch': 0.56}
{'loss': 0.0, 'grad_norm': 3.1622776985168457, 'learning_rate': 0.0, 'epoch': 0.56}
{'loss': 0.0, 'grad_norm': 3.1622776985168457, 'learning_rate': 0.0, 'epoch': 0.56}
{'loss': 0.0, 'grad_norm': 3.1622776985168457, 'learning_rate': 0.0, 'epoch': 0.56}
{'loss': 0.0, 'grad_norm': 3.1622776985168457, 'learning_rate': 0.0, 'epoch': 0.56}
{'loss': 0.0, 'grad_norm': 3.1622776985168457, 'learning_rate': 0.0, 'epoch': 0.56}
{'loss': 0.0, 'grad_norm': 3.1622776985168457, 'learning_rate': 0.0, 'epoch': 0.56}
{'loss': 0.0, 'grad_norm': 3.1622776985168457, 'learning_rate': 0.0, 'epoch': 0.56}
{'loss': 0.0, 'grad_norm': 3.1622776985168457, 'learning_rate': 0.0, 'epoch': 0.56}
{'loss': 0.0, 'grad_norm': 3.1622776985168457, 'learning_rate': 0.0, 'epoch': 0.56}
{'loss': 0.0, 'grad_norm': 3.1622776985168457, 'learning_rate': 0.0, 'epoch': 0.56}
{'loss': 0.0, 'grad_norm': 3.1622776985168457, 'learning_rate': 0.0, 'epoch': 0.56}
{'loss': 0.0, 'grad_norm': 3.1622776985168457, 'learning_rate': 0.0, 'epoch': 0.56}
{'loss': 0.0, 'grad_norm': 3.1622776985168457, 'learning_rate': 0.0, 'epoch': 0.56}
{'loss': 0.0, 'grad_norm': 3.1622776985168457, 'learning_rate': 0.0, 'epoch': 0.56}
{'loss': 0.0, 'grad_norm': 3.1622776985168457, 'learning_rate': 0.0, 'epoch': 0.56}
{'loss': 0.0, 'grad_norm': 3.1622776985168457, 'learning_rate': 0.0, 'epoch': 0.56}
{'loss': 0.0, 'grad_norm': 3.1622776985168457, 'learning_rate': 0.0, 'epoch': 0.56}
{'loss': 0.0, 'grad_norm': 3.1622776985168457, 'learning_rate': 0.0, 'epoch': 0.56}
{'loss': 0.0, 'grad_norm': 3.1622776985168457, 'learning_rate': 0.0, 'epoch': 0.56}
{'loss': 0.0, 'grad_norm': 3.1622776985168457, 'learning_rate': 0.0, 'epoch': 0.56}
{'loss': 0.0, 'grad_norm': 3.1622776985168457, 'learning_rate': 0.0, 'epoch': 0.56}
{'loss': 0.0, 'grad_norm': 3.1622776985168457, 'learning_rate': 0.0, 'epoch': 0.56}
{'loss': 0.0, 'grad_norm': 3.1622776985168457, 'learning_rate': 0.0, 'epoch': 0.56}
{'loss': 0.0, 'grad_norm': 3.1622776985168457, 'learning_rate': 0.0, 'epoch': 0.56}
{'loss': 0.0, 'grad_norm': 3.1622776985168457, 'learning_rate': 0.0, 'epoch': 0.56}
{'loss': 0.0, 'grad_norm': 3.1622776985168457, 'learning_rate': 0.0, 'epoch': 0.56}
{'loss': 0.0, 'grad_norm': 3.1622776985168457, 'learning_rate': 0.0, 'epoch': 0.56}
{'loss': 0.0, 'grad_norm': 3.1622776985168457, 'learning_rate': 0.0, 'epoch': 0.56}
{'loss': 0.0, 'grad_norm': 3.1622776985168457, 'learning_rate': 0.0, 'epoch': 0.56}
{'loss': 0.0, 'grad_norm': 3.1622776985168457, 'learning_rate': 0.0, 'epoch': 0.56}
{'loss': 0.0, 'grad_norm': 3.1622776985168457, 'learning_rate': 0.0, 'epoch': 0.56}
{'loss': 0.0, 'grad_norm': 3.1622776985168457, 'learning_rate': 0.0, 'epoch': 0.56}
{'loss': 0.0, 'grad_norm': 3.1622776985168457, 'learning_rate': 0.0, 'epoch': 0.56}
{'loss': 0.0, 'grad_norm': 3.1622776985168457, 'learning_rate': 0.0, 'epoch': 0.56}
{'loss': 0.0, 'grad_norm': 3.1622776985168457, 'learning_rate': 0.0, 'epoch': 0.56}
{'loss': 0.0, 'grad_norm': 3.1622776985168457, 'learning_rate': 0.0, 'epoch': 0.56}
{'loss': 0.0, 'grad_norm': 3.1622776985168457, 'learning_rate': 0.0, 'epoch': 0.57}
{'loss': 0.0, 'grad_norm': 3.1622776985168457, 'learning_rate': 0.0, 'epoch': 0.57}
{'loss': 0.0, 'grad_norm': 3.1622776985168457, 'learning_rate': 0.0, 'epoch': 0.57}
{'loss': 0.0, 'grad_norm': 3.1622776985168457, 'learning_rate': 0.0, 'epoch': 0.57}
{'loss': 0.0, 'grad_norm': 3.1622776985168457, 'learning_rate': 0.0, 'epoch': 0.57}
{'loss': 0.0, 'grad_norm': 3.1622776985168457, 'learning_rate': 0.0, 'epoch': 0.57}
{'loss': 0.0, 'grad_norm': 3.1622776985168457, 'learning_rate': 0.0, 'epoch': 0.57}
{'loss': 0.0, 'grad_norm': 3.1622776985168457, 'learning_rate': 0.0, 'epoch': 0.57}
{'loss': 0.0, 'grad_norm': 3.1622776985168457, 'learning_rate': 0.0, 'epoch': 0.57}
{'loss': 0.0, 'grad_norm': 3.1622776985168457, 'learning_rate': 0.0, 'epoch': 0.57}
{'loss': 0.0, 'grad_norm': 3.1622776985168457, 'learning_rate': 0.0, 'epoch': 0.57}
{'loss': 0.0, 'grad_norm': 3.1622776985168457, 'learning_rate': 0.0, 'epoch': 0.57}
{'loss': 0.0, 'grad_norm': 3.1622776985168457, 'learning_rate': 0.0, 'epoch': 0.57}
{'loss': 0.0, 'grad_norm': 3.1622776985168457, 'learning_rate': 0.0, 'epoch': 0.57}
{'loss': 0.0, 'grad_norm': 3.1622776985168457, 'learning_rate': 0.0, 'epoch': 0.57}
{'loss': 0.0, 'grad_norm': 3.1622776985168457, 'learning_rate': 0.0, 'epoch': 0.57}
{'loss': 0.0, 'grad_norm': 3.1622776985168457, 'learning_rate': 0.0, 'epoch': 0.57}
{'loss': 0.0, 'grad_norm': 3.1622776985168457, 'learning_rate': 0.0, 'epoch': 0.57}
{'loss': 0.0, 'grad_norm': 3.1622776985168457, 'learning_rate': 0.0, 'epoch': 0.57}
Error with image file is truncated (43 bytes not processed)
{'loss': 0.0, 'grad_norm': 3.1622776985168457, 'learning_rate': 0.0, 'epoch': 0.57}
{'loss': 0.0, 'grad_norm': 3.1622776985168457, 'learning_rate': 0.0, 'epoch': 0.57}
{'loss': 0.0, 'grad_norm': 3.1622776985168457, 'learning_rate': 0.0, 'epoch': 0.57}
{'loss': 0.0, 'grad_norm': 3.1622776985168457, 'learning_rate': 0.0, 'epoch': 0.57}
{'loss': 0.0, 'grad_norm': 3.1622776985168457, 'learning_rate': 0.0, 'epoch': 0.57}
{'loss': 0.0, 'grad_norm': 3.1622776985168457, 'learning_rate': 0.0, 'epoch': 0.57}
{'loss': 0.0, 'grad_norm': 3.1622776985168457, 'learning_rate': 0.0, 'epoch': 0.57}
{'loss': 0.0, 'grad_norm': 3.1622776985168457, 'learning_rate': 0.0, 'epoch': 0.57}
{'loss': 0.0, 'grad_norm': 3.1622776985168457, 'learning_rate': 0.0, 'epoch': 0.57}
{'loss': 0.0, 'grad_norm': 3.1622776985168457, 'learning_rate': 0.0, 'epoch': 0.57}
{'loss': 0.0, 'grad_norm': 3.1622776985168457, 'learning_rate': 0.0, 'epoch': 0.57}
{'loss': 0.0, 'grad_norm': 3.1622776985168457, 'learning_rate': 0.0, 'epoch': 0.57}
{'loss': 0.0, 'grad_norm': 3.1622776985168457, 'learning_rate': 0.0, 'epoch': 0.57}
{'loss': 0.0, 'grad_norm': 3.1622776985168457, 'learning_rate': 0.0, 'epoch': 0.57}
{'loss': 0.0, 'grad_norm': 3.1622776985168457, 'learning_rate': 0.0, 'epoch': 0.57}
{'loss': 0.0, 'grad_norm': 3.1622776985168457, 'learning_rate': 0.0, 'epoch': 0.57}
{'loss': 0.0, 'grad_norm': 3.1622776985168457, 'learning_rate': 0.0, 'epoch': 0.57}
{'loss': 0.0, 'grad_norm': 3.1622776985168457, 'learning_rate': 0.0, 'epoch': 0.57}
{'loss': 0.0, 'grad_norm': 3.1622776985168457, 'learning_rate': 0.0, 'epoch': 0.57}
{'loss': 0.0, 'grad_norm': 3.1622776985168457, 'learning_rate': 0.0, 'epoch': 0.57}
{'loss': 0.0, 'grad_norm': 3.1622776985168457, 'learning_rate': 0.0, 'epoch': 0.57}
{'loss': 0.0, 'grad_norm': 3.1622776985168457, 'learning_rate': 0.0, 'epoch': 0.57}
{'loss': 0.0, 'grad_norm': 3.1622776985168457, 'learning_rate': 0.0, 'epoch': 0.57}
{'loss': 0.0, 'grad_norm': 3.1622776985168457, 'learning_rate': 0.0, 'epoch': 0.57}
{'loss': 0.0, 'grad_norm': 3.1622776985168457, 'learning_rate': 0.0, 'epoch': 0.57}
{'loss': 0.0, 'grad_norm': 3.1622776985168457, 'learning_rate': 0.0, 'epoch': 0.57}
{'loss': 0.0, 'grad_norm': 3.1622776985168457, 'learning_rate': 0.0, 'epoch': 0.57}
{'loss': 0.0, 'grad_norm': 3.1622776985168457, 'learning_rate': 0.0, 'epoch': 0.57}
{'loss': 0.0, 'grad_norm': 3.1622776985168457, 'learning_rate': 0.0, 'epoch': 0.57}
{'loss': 0.0, 'grad_norm': 3.1622776985168457, 'learning_rate': 0.0, 'epoch': 0.57}
{'loss': 0.0, 'grad_norm': 3.1622776985168457, 'learning_rate': 0.0, 'epoch': 0.57}
{'loss': 0.0, 'grad_norm': 3.1622776985168457, 'learning_rate': 0.0, 'epoch': 0.57}
{'loss': 0.0, 'grad_norm': 3.1622776985168457, 'learning_rate': 0.0, 'epoch': 0.57}
{'loss': 0.0, 'grad_norm': 3.1622776985168457, 'learning_rate': 0.0, 'epoch': 0.58}
{'loss': 0.0, 'grad_norm': 3.1622776985168457, 'learning_rate': 0.0, 'epoch': 0.58}
{'loss': 0.0, 'grad_norm': 3.1622776985168457, 'learning_rate': 0.0, 'epoch': 0.58}
{'loss': 0.0, 'grad_norm': 3.1622776985168457, 'learning_rate': 0.0, 'epoch': 0.58}
{'loss': 0.0, 'grad_norm': 3.1622776985168457, 'learning_rate': 0.0, 'epoch': 0.58}
{'loss': 0.0, 'grad_norm': 3.1622776985168457, 'learning_rate': 0.0, 'epoch': 0.58}
{'loss': 0.0, 'grad_norm': 3.1622776985168457, 'learning_rate': 0.0, 'epoch': 0.58}
{'loss': 0.0, 'grad_norm': 3.1622776985168457, 'learning_rate': 0.0, 'epoch': 0.58}
{'loss': 0.0, 'grad_norm': 3.1622776985168457, 'learning_rate': 0.0, 'epoch': 0.58}
{'loss': 0.0, 'grad_norm': 3.1622776985168457, 'learning_rate': 0.0, 'epoch': 0.58}
WARNING: tokenization mismatch: 0 vs. 55. (ignored)
{'loss': 0.0, 'grad_norm': 3.1622776985168457, 'learning_rate': 0.0, 'epoch': 0.58}
{'loss': 0.0, 'grad_norm': 3.1622776985168457, 'learning_rate': 0.0, 'epoch': 0.58}
{'loss': 0.0, 'grad_norm': 3.1622776985168457, 'learning_rate': 0.0, 'epoch': 0.58}
{'loss': 0.0, 'grad_norm': 3.1622776985168457, 'learning_rate': 0.0, 'epoch': 0.58}
{'loss': 0.0, 'grad_norm': 3.1622776985168457, 'learning_rate': 0.0, 'epoch': 0.58}
{'loss': 0.0, 'grad_norm': 3.1622776985168457, 'learning_rate': 0.0, 'epoch': 0.58}
{'loss': 0.0, 'grad_norm': 3.1622776985168457, 'learning_rate': 0.0, 'epoch': 0.58}
{'loss': 0.0, 'grad_norm': 3.1622776985168457, 'learning_rate': 0.0, 'epoch': 0.58}
{'loss': 0.0, 'grad_norm': 3.1622776985168457, 'learning_rate': 0.0, 'epoch': 0.58}
{'loss': 0.0, 'grad_norm': 3.1622776985168457, 'learning_rate': 0.0, 'epoch': 0.58}
{'loss': 0.0, 'grad_norm': 3.1622776985168457, 'learning_rate': 0.0, 'epoch': 0.58}
{'loss': 0.0, 'grad_norm': 3.1622776985168457, 'learning_rate': 0.0, 'epoch': 0.58}
{'loss': 0.0, 'grad_norm': 3.1622776985168457, 'learning_rate': 0.0, 'epoch': 0.58}
{'loss': 0.0, 'grad_norm': 3.1622776985168457, 'learning_rate': 0.0, 'epoch': 0.58}
{'loss': 0.0, 'grad_norm': 3.1622776985168457, 'learning_rate': 0.0, 'epoch': 0.58}
{'loss': 0.0, 'grad_norm': 3.1622776985168457, 'learning_rate': 0.0, 'epoch': 0.58}
{'loss': 0.0, 'grad_norm': 3.1622776985168457, 'learning_rate': 0.0, 'epoch': 0.58}
{'loss': 0.0, 'grad_norm': 3.1622776985168457, 'learning_rate': 0.0, 'epoch': 0.58}
{'loss': 0.0, 'grad_norm': 3.1622776985168457, 'learning_rate': 0.0, 'epoch': 0.58}
{'loss': 0.0, 'grad_norm': 3.1622776985168457, 'learning_rate': 0.0, 'epoch': 0.58}
{'loss': 0.0, 'grad_norm': 3.1622776985168457, 'learning_rate': 0.0, 'epoch': 0.58}
{'loss': 0.0, 'grad_norm': 3.1622776985168457, 'learning_rate': 0.0, 'epoch': 0.58}
{'loss': 0.0, 'grad_norm': 3.1622776985168457, 'learning_rate': 0.0, 'epoch': 0.58}
{'loss': 0.0, 'grad_norm': 3.1622776985168457, 'learning_rate': 0.0, 'epoch': 0.58}
{'loss': 0.0, 'grad_norm': 3.1622776985168457, 'learning_rate': 0.0, 'epoch': 0.58}
{'loss': 0.0, 'grad_norm': 3.1622776985168457, 'learning_rate': 0.0, 'epoch': 0.58}
{'loss': 0.0, 'grad_norm': 3.1622776985168457, 'learning_rate': 0.0, 'epoch': 0.58}
{'loss': 0.0, 'grad_norm': 3.1622776985168457, 'learning_rate': 0.0, 'epoch': 0.58}
{'loss': 0.0, 'grad_norm': 3.1622776985168457, 'learning_rate': 0.0, 'epoch': 0.58}
{'loss': 0.0, 'grad_norm': 3.1622776985168457, 'learning_rate': 0.0, 'epoch': 0.58}
{'loss': 0.0, 'grad_norm': 3.1622776985168457, 'learning_rate': 0.0, 'epoch': 0.58}
{'loss': 0.0, 'grad_norm': 3.1622776985168457, 'learning_rate': 0.0, 'epoch': 0.58}
{'loss': 0.0, 'grad_norm': 3.1622776985168457, 'learning_rate': 0.0, 'epoch': 0.58}
{'loss': 0.0, 'grad_norm': 3.1622776985168457, 'learning_rate': 0.0, 'epoch': 0.58}
{'loss': 0.0, 'grad_norm': 3.1622776985168457, 'learning_rate': 0.0, 'epoch': 0.58}
{'loss': 0.0, 'grad_norm': 3.1622776985168457, 'learning_rate': 0.0, 'epoch': 0.58}
{'loss': 0.0, 'grad_norm': 3.1622776985168457, 'learning_rate': 0.0, 'epoch': 0.58}
{'loss': 0.0, 'grad_norm': 3.1622776985168457, 'learning_rate': 0.0, 'epoch': 0.58}
{'loss': 0.0, 'grad_norm': 3.1622776985168457, 'learning_rate': 0.0, 'epoch': 0.58}
{'loss': 0.0, 'grad_norm': 3.1622776985168457, 'learning_rate': 0.0, 'epoch': 0.58}
{'loss': 0.0, 'grad_norm': 3.1622776985168457, 'learning_rate': 0.0, 'epoch': 0.58}
{'loss': 0.0, 'grad_norm': 3.1622776985168457, 'learning_rate': 0.0, 'epoch': 0.58}
{'loss': 0.0, 'grad_norm': 3.1622776985168457, 'learning_rate': 0.0, 'epoch': 0.59}
{'loss': 0.0, 'grad_norm': 3.1622776985168457, 'learning_rate': 0.0, 'epoch': 0.59}
{'loss': 0.0, 'grad_norm': 3.1622776985168457, 'learning_rate': 0.0, 'epoch': 0.59}
{'loss': 0.0, 'grad_norm': 3.1622776985168457, 'learning_rate': 0.0, 'epoch': 0.59}
{'loss': 0.0, 'grad_norm': 3.1622776985168457, 'learning_rate': 0.0, 'epoch': 0.59}
{'loss': 0.0, 'grad_norm': 3.1622776985168457, 'learning_rate': 0.0, 'epoch': 0.59}
{'loss': 0.0, 'grad_norm': 3.1622776985168457, 'learning_rate': 0.0, 'epoch': 0.59}
{'loss': 0.0, 'grad_norm': 3.1622776985168457, 'learning_rate': 0.0, 'epoch': 0.59}
{'loss': 0.0, 'grad_norm': 3.1622776985168457, 'learning_rate': 0.0, 'epoch': 0.59}
{'loss': 0.0, 'grad_norm': 3.1622776985168457, 'learning_rate': 0.0, 'epoch': 0.59}
{'loss': 0.0, 'grad_norm': 3.1622776985168457, 'learning_rate': 0.0, 'epoch': 0.59}
{'loss': 0.0, 'grad_norm': 3.1622776985168457, 'learning_rate': 0.0, 'epoch': 0.59}
{'loss': 0.0, 'grad_norm': 3.1622776985168457, 'learning_rate': 0.0, 'epoch': 0.59}
{'loss': 0.0, 'grad_norm': 3.1622776985168457, 'learning_rate': 0.0, 'epoch': 0.59}
{'loss': 0.0, 'grad_norm': 3.1622776985168457, 'learning_rate': 0.0, 'epoch': 0.59}
{'loss': 0.0, 'grad_norm': 3.1622776985168457, 'learning_rate': 0.0, 'epoch': 0.59}
{'loss': 0.0, 'grad_norm': 3.1622776985168457, 'learning_rate': 0.0, 'epoch': 0.59}
{'loss': 0.0, 'grad_norm': 3.1622776985168457, 'learning_rate': 0.0, 'epoch': 0.59}
{'loss': 0.0, 'grad_norm': 3.1622776985168457, 'learning_rate': 0.0, 'epoch': 0.59}
{'loss': 0.0, 'grad_norm': 3.1622776985168457, 'learning_rate': 0.0, 'epoch': 0.59}
{'loss': 0.0, 'grad_norm': 3.1622776985168457, 'learning_rate': 0.0, 'epoch': 0.59}
{'loss': 0.0, 'grad_norm': 3.1622776985168457, 'learning_rate': 0.0, 'epoch': 0.59}
{'loss': 0.0, 'grad_norm': 3.1622776985168457, 'learning_rate': 0.0, 'epoch': 0.59}
{'loss': 0.0, 'grad_norm': 3.1622776985168457, 'learning_rate': 0.0, 'epoch': 0.59}
{'loss': 0.0, 'grad_norm': 3.1622776985168457, 'learning_rate': 0.0, 'epoch': 0.59}
{'loss': 0.0, 'grad_norm': 3.1622776985168457, 'learning_rate': 0.0, 'epoch': 0.59}
{'loss': 0.0, 'grad_norm': 3.1622776985168457, 'learning_rate': 0.0, 'epoch': 0.59}
{'loss': 0.0, 'grad_norm': 3.1622776985168457, 'learning_rate': 0.0, 'epoch': 0.59}
{'loss': 0.0, 'grad_norm': 3.1622776985168457, 'learning_rate': 0.0, 'epoch': 0.59}
{'loss': 0.0, 'grad_norm': 3.1622776985168457, 'learning_rate': 0.0, 'epoch': 0.59}
{'loss': 0.0, 'grad_norm': 3.1622776985168457, 'learning_rate': 0.0, 'epoch': 0.59}
{'loss': 0.0, 'grad_norm': 3.1622776985168457, 'learning_rate': 0.0, 'epoch': 0.59}
{'loss': 0.0, 'grad_norm': 3.1622776985168457, 'learning_rate': 0.0, 'epoch': 0.59}
{'loss': 0.0, 'grad_norm': 3.1622776985168457, 'learning_rate': 0.0, 'epoch': 0.59}
{'loss': 0.0, 'grad_norm': 3.1622776985168457, 'learning_rate': 0.0, 'epoch': 0.59}
{'loss': 0.0, 'grad_norm': 3.1622776985168457, 'learning_rate': 0.0, 'epoch': 0.59}
{'loss': 0.0, 'grad_norm': 3.1622776985168457, 'learning_rate': 0.0, 'epoch': 0.59}
{'loss': 0.0, 'grad_norm': 3.1622776985168457, 'learning_rate': 0.0, 'epoch': 0.59}
{'loss': 0.0, 'grad_norm': 3.1622776985168457, 'learning_rate': 0.0, 'epoch': 0.59}
{'loss': 0.0, 'grad_norm': 3.1622776985168457, 'learning_rate': 0.0, 'epoch': 0.59}
{'loss': 0.0, 'grad_norm': 3.1622776985168457, 'learning_rate': 0.0, 'epoch': 0.59}
{'loss': 0.0, 'grad_norm': 3.1622776985168457, 'learning_rate': 0.0, 'epoch': 0.59}
{'loss': 0.0, 'grad_norm': 3.1622776985168457, 'learning_rate': 0.0, 'epoch': 0.59}
{'loss': 0.0, 'grad_norm': 3.1622776985168457, 'learning_rate': 0.0, 'epoch': 0.59}
{'loss': 0.0, 'grad_norm': 3.1622776985168457, 'learning_rate': 0.0, 'epoch': 0.59}
{'loss': 0.0, 'grad_norm': 3.1622776985168457, 'learning_rate': 0.0, 'epoch': 0.59}
{'loss': 0.0, 'grad_norm': 3.1622776985168457, 'learning_rate': 0.0, 'epoch': 0.59}
{'loss': 0.0, 'grad_norm': 3.1622776985168457, 'learning_rate': 0.0, 'epoch': 0.59}
{'loss': 0.0, 'grad_norm': 3.1622776985168457, 'learning_rate': 0.0, 'epoch': 0.59}
{'loss': 0.0, 'grad_norm': 3.1622776985168457, 'learning_rate': 0.0, 'epoch': 0.59}
{'loss': 0.0, 'grad_norm': 3.1622776985168457, 'learning_rate': 0.0, 'epoch': 0.59}
{'loss': 0.0, 'grad_norm': 3.1622776985168457, 'learning_rate': 0.0, 'epoch': 0.59}
{'loss': 0.0, 'grad_norm': 3.1622776985168457, 'learning_rate': 0.0, 'epoch': 0.6}
{'loss': 0.0, 'grad_norm': 3.1622776985168457, 'learning_rate': 0.0, 'epoch': 0.6}
{'loss': 0.0, 'grad_norm': 3.1622776985168457, 'learning_rate': 0.0, 'epoch': 0.6}
{'loss': 0.0, 'grad_norm': 3.1622776985168457, 'learning_rate': 0.0, 'epoch': 0.6}
{'loss': 0.0, 'grad_norm': 3.1622776985168457, 'learning_rate': 0.0, 'epoch': 0.6}
{'loss': 0.0, 'grad_norm': 3.1622776985168457, 'learning_rate': 0.0, 'epoch': 0.6}
{'loss': 0.0, 'grad_norm': 3.1622776985168457, 'learning_rate': 0.0, 'epoch': 0.6}
{'loss': 0.0, 'grad_norm': 3.1622776985168457, 'learning_rate': 0.0, 'epoch': 0.6}
{'loss': 0.0, 'grad_norm': 3.1622776985168457, 'learning_rate': 0.0, 'epoch': 0.6}
{'loss': 0.0, 'grad_norm': 3.1622776985168457, 'learning_rate': 0.0, 'epoch': 0.6}
{'loss': 0.0, 'grad_norm': 3.1622776985168457, 'learning_rate': 0.0, 'epoch': 0.6}
{'loss': 0.0, 'grad_norm': 3.1622776985168457, 'learning_rate': 0.0, 'epoch': 0.6}
{'loss': 0.0, 'grad_norm': 3.1622776985168457, 'learning_rate': 0.0, 'epoch': 0.6}
{'loss': 0.0, 'grad_norm': 3.1622776985168457, 'learning_rate': 0.0, 'epoch': 0.6}
{'loss': 0.0, 'grad_norm': 3.1622776985168457, 'learning_rate': 0.0, 'epoch': 0.6}
{'loss': 0.0, 'grad_norm': 3.1622776985168457, 'learning_rate': 0.0, 'epoch': 0.6}
{'loss': 0.0, 'grad_norm': 3.1622776985168457, 'learning_rate': 0.0, 'epoch': 0.6}
{'loss': 0.0, 'grad_norm': 3.1622776985168457, 'learning_rate': 0.0, 'epoch': 0.6}
{'loss': 0.0, 'grad_norm': 3.1622776985168457, 'learning_rate': 0.0, 'epoch': 0.6}
{'loss': 0.0, 'grad_norm': 3.1622776985168457, 'learning_rate': 0.0, 'epoch': 0.6}
{'loss': 0.0, 'grad_norm': 3.1622776985168457, 'learning_rate': 0.0, 'epoch': 0.6}
{'loss': 0.0, 'grad_norm': 3.1622776985168457, 'learning_rate': 0.0, 'epoch': 0.6}
{'loss': 0.0, 'grad_norm': 3.1622776985168457, 'learning_rate': 0.0, 'epoch': 0.6}
{'loss': 0.0, 'grad_norm': 3.1622776985168457, 'learning_rate': 0.0, 'epoch': 0.6}
{'loss': 0.0, 'grad_norm': 3.1622776985168457, 'learning_rate': 0.0, 'epoch': 0.6}
{'loss': 0.0, 'grad_norm': 3.1622776985168457, 'learning_rate': 0.0, 'epoch': 0.6}
{'loss': 0.0, 'grad_norm': 3.1622776985168457, 'learning_rate': 0.0, 'epoch': 0.6}
{'loss': 0.0, 'grad_norm': 3.1622776985168457, 'learning_rate': 0.0, 'epoch': 0.6}
{'loss': 0.0, 'grad_norm': 3.1622776985168457, 'learning_rate': 0.0, 'epoch': 0.6}
{'loss': 0.0, 'grad_norm': 3.1622776985168457, 'learning_rate': 0.0, 'epoch': 0.6}
{'loss': 0.0, 'grad_norm': 3.1622776985168457, 'learning_rate': 0.0, 'epoch': 0.6}
{'loss': 0.0, 'grad_norm': 3.1622776985168457, 'learning_rate': 0.0, 'epoch': 0.6}
{'loss': 0.0, 'grad_norm': 3.1622776985168457, 'learning_rate': 0.0, 'epoch': 0.6}
{'loss': 0.0, 'grad_norm': 3.1622776985168457, 'learning_rate': 0.0, 'epoch': 0.6}
{'loss': 0.0, 'grad_norm': 3.1622776985168457, 'learning_rate': 0.0, 'epoch': 0.6}
{'loss': 0.0, 'grad_norm': 3.1622776985168457, 'learning_rate': 0.0, 'epoch': 0.6}
{'loss': 0.0, 'grad_norm': 3.1622776985168457, 'learning_rate': 0.0, 'epoch': 0.6}
{'loss': 0.0, 'grad_norm': 3.1622776985168457, 'learning_rate': 0.0, 'epoch': 0.6}
{'loss': 0.0, 'grad_norm': 3.1622776985168457, 'learning_rate': 0.0, 'epoch': 0.6}
{'loss': 0.0, 'grad_norm': 3.1622776985168457, 'learning_rate': 0.0, 'epoch': 0.6}
{'loss': 0.0, 'grad_norm': 3.1622776985168457, 'learning_rate': 0.0, 'epoch': 0.6}
{'loss': 0.0, 'grad_norm': 3.1622776985168457, 'learning_rate': 0.0, 'epoch': 0.6}
{'loss': 0.0, 'grad_norm': 3.1622776985168457, 'learning_rate': 0.0, 'epoch': 0.6}
{'loss': 0.0, 'grad_norm': 3.1622776985168457, 'learning_rate': 0.0, 'epoch': 0.6}
{'loss': 0.0, 'grad_norm': 3.1622776985168457, 'learning_rate': 0.0, 'epoch': 0.6}
{'loss': 0.0, 'grad_norm': 3.1622776985168457, 'learning_rate': 0.0, 'epoch': 0.6}
{'loss': 0.0, 'grad_norm': 3.1622776985168457, 'learning_rate': 0.0, 'epoch': 0.6}
{'loss': 0.0, 'grad_norm': 3.1622776985168457, 'learning_rate': 0.0, 'epoch': 0.6}
{'loss': 0.0, 'grad_norm': 3.1622776985168457, 'learning_rate': 0.0, 'epoch': 0.6}
{'loss': 0.0, 'grad_norm': 3.1622776985168457, 'learning_rate': 0.0, 'epoch': 0.6}
{'loss': 0.0, 'grad_norm': 3.1622776985168457, 'learning_rate': 0.0, 'epoch': 0.6}
{'loss': 0.0, 'grad_norm': 3.1622776985168457, 'learning_rate': 0.0, 'epoch': 0.6}
{'loss': 0.0, 'grad_norm': 3.1622776985168457, 'learning_rate': 0.0, 'epoch': 0.61}
{'loss': 0.0, 'grad_norm': 3.1622776985168457, 'learning_rate': 0.0, 'epoch': 0.61}
{'loss': 0.0, 'grad_norm': 3.1622776985168457, 'learning_rate': 0.0, 'epoch': 0.61}
{'loss': 0.0, 'grad_norm': 3.1622776985168457, 'learning_rate': 0.0, 'epoch': 0.61}
{'loss': 0.0, 'grad_norm': 3.1622776985168457, 'learning_rate': 0.0, 'epoch': 0.61}
{'loss': 0.0, 'grad_norm': 3.1622776985168457, 'learning_rate': 0.0, 'epoch': 0.61}
{'loss': 0.0, 'grad_norm': 3.1622776985168457, 'learning_rate': 0.0, 'epoch': 0.61}
{'loss': 0.0, 'grad_norm': 3.1622776985168457, 'learning_rate': 0.0, 'epoch': 0.61}
{'loss': 0.0, 'grad_norm': 3.1622776985168457, 'learning_rate': 0.0, 'epoch': 0.61}
{'loss': 0.0, 'grad_norm': 3.1622776985168457, 'learning_rate': 0.0, 'epoch': 0.61}
{'loss': 0.0, 'grad_norm': 3.1622776985168457, 'learning_rate': 0.0, 'epoch': 0.61}
{'loss': 0.0, 'grad_norm': 3.1622776985168457, 'learning_rate': 0.0, 'epoch': 0.61}
{'loss': 0.0, 'grad_norm': 3.1622776985168457, 'learning_rate': 0.0, 'epoch': 0.61}
{'loss': 0.0, 'grad_norm': 3.1622776985168457, 'learning_rate': 0.0, 'epoch': 0.61}
{'loss': 0.0, 'grad_norm': 3.1622776985168457, 'learning_rate': 0.0, 'epoch': 0.61}
{'loss': 0.0, 'grad_norm': 3.1622776985168457, 'learning_rate': 0.0, 'epoch': 0.61}
{'loss': 0.0, 'grad_norm': 3.1622776985168457, 'learning_rate': 0.0, 'epoch': 0.61}
{'loss': 0.0, 'grad_norm': 3.1622776985168457, 'learning_rate': 0.0, 'epoch': 0.61}
{'loss': 0.0, 'grad_norm': 3.1622776985168457, 'learning_rate': 0.0, 'epoch': 0.61}
{'loss': 0.0, 'grad_norm': 3.1622776985168457, 'learning_rate': 0.0, 'epoch': 0.61}
{'loss': 0.0, 'grad_norm': 3.1622776985168457, 'learning_rate': 0.0, 'epoch': 0.61}
{'loss': 0.0, 'grad_norm': 3.1622776985168457, 'learning_rate': 0.0, 'epoch': 0.61}
{'loss': 0.0, 'grad_norm': 3.1622776985168457, 'learning_rate': 0.0, 'epoch': 0.61}
{'loss': 0.0, 'grad_norm': 3.1622776985168457, 'learning_rate': 0.0, 'epoch': 0.61}
{'loss': 0.0, 'grad_norm': 3.1622776985168457, 'learning_rate': 0.0, 'epoch': 0.61}
{'loss': 0.0, 'grad_norm': 3.1622776985168457, 'learning_rate': 0.0, 'epoch': 0.61}
{'loss': 0.0, 'grad_norm': 3.1622776985168457, 'learning_rate': 0.0, 'epoch': 0.61}
{'loss': 0.0, 'grad_norm': 3.1622776985168457, 'learning_rate': 0.0, 'epoch': 0.61}
{'loss': 0.0, 'grad_norm': 3.1622776985168457, 'learning_rate': 0.0, 'epoch': 0.61}
{'loss': 0.0, 'grad_norm': 3.1622776985168457, 'learning_rate': 0.0, 'epoch': 0.61}
{'loss': 0.0, 'grad_norm': 3.1622776985168457, 'learning_rate': 0.0, 'epoch': 0.61}
{'loss': 0.0, 'grad_norm': 3.1622776985168457, 'learning_rate': 0.0, 'epoch': 0.61}
{'loss': 0.0, 'grad_norm': 3.1622776985168457, 'learning_rate': 0.0, 'epoch': 0.61}
{'loss': 0.0, 'grad_norm': 3.1622776985168457, 'learning_rate': 0.0, 'epoch': 0.61}
{'loss': 0.0, 'grad_norm': 3.1622776985168457, 'learning_rate': 0.0, 'epoch': 0.61}
{'loss': 0.0, 'grad_norm': 3.1622776985168457, 'learning_rate': 0.0, 'epoch': 0.61}
{'loss': 0.0, 'grad_norm': 3.1622776985168457, 'learning_rate': 0.0, 'epoch': 0.61}
{'loss': 0.0, 'grad_norm': 3.1622776985168457, 'learning_rate': 0.0, 'epoch': 0.61}
{'loss': 0.0, 'grad_norm': 3.1622776985168457, 'learning_rate': 0.0, 'epoch': 0.61}
{'loss': 0.0, 'grad_norm': 3.1622776985168457, 'learning_rate': 0.0, 'epoch': 0.61}
{'loss': 0.0, 'grad_norm': 3.1622776985168457, 'learning_rate': 0.0, 'epoch': 0.61}
{'loss': 0.0, 'grad_norm': 3.1622776985168457, 'learning_rate': 0.0, 'epoch': 0.61}
{'loss': 0.0, 'grad_norm': 3.1622776985168457, 'learning_rate': 0.0, 'epoch': 0.61}
{'loss': 0.0, 'grad_norm': 3.1622776985168457, 'learning_rate': 0.0, 'epoch': 0.61}
{'loss': 0.0, 'grad_norm': 3.1622776985168457, 'learning_rate': 0.0, 'epoch': 0.61}
{'loss': 0.0, 'grad_norm': 3.1622776985168457, 'learning_rate': 0.0, 'epoch': 0.61}
{'loss': 0.0, 'grad_norm': 3.1622776985168457, 'learning_rate': 0.0, 'epoch': 0.61}
{'loss': 0.0, 'grad_norm': 3.1622776985168457, 'learning_rate': 0.0, 'epoch': 0.61}
{'loss': 0.0, 'grad_norm': 3.1622776985168457, 'learning_rate': 0.0, 'epoch': 0.61}
{'loss': 0.0, 'grad_norm': 3.1622776985168457, 'learning_rate': 0.0, 'epoch': 0.61}
{'loss': 0.0, 'grad_norm': 3.1622776985168457, 'learning_rate': 0.0, 'epoch': 0.61}
{'loss': 0.0, 'grad_norm': 3.1622776985168457, 'learning_rate': 0.0, 'epoch': 0.61}
{'loss': 0.0, 'grad_norm': 3.1622776985168457, 'learning_rate': 0.0, 'epoch': 0.62}
{'loss': 0.0, 'grad_norm': 3.1622776985168457, 'learning_rate': 0.0, 'epoch': 0.62}
{'loss': 0.0, 'grad_norm': 3.1622776985168457, 'learning_rate': 0.0, 'epoch': 0.62}
{'loss': 0.0, 'grad_norm': 3.1622776985168457, 'learning_rate': 0.0, 'epoch': 0.62}
{'loss': 0.0, 'grad_norm': 3.1622776985168457, 'learning_rate': 0.0, 'epoch': 0.62}
{'loss': 0.0, 'grad_norm': 3.1622776985168457, 'learning_rate': 0.0, 'epoch': 0.62}
{'loss': 0.0, 'grad_norm': 3.1622776985168457, 'learning_rate': 0.0, 'epoch': 0.62}
{'loss': 0.0, 'grad_norm': 3.1622776985168457, 'learning_rate': 0.0, 'epoch': 0.62}
{'loss': 0.0, 'grad_norm': 3.1622776985168457, 'learning_rate': 0.0, 'epoch': 0.62}
{'loss': 0.0, 'grad_norm': 3.1622776985168457, 'learning_rate': 0.0, 'epoch': 0.62}
{'loss': 0.0, 'grad_norm': 3.1622776985168457, 'learning_rate': 0.0, 'epoch': 0.62}
{'loss': 0.0, 'grad_norm': 3.1622776985168457, 'learning_rate': 0.0, 'epoch': 0.62}
{'loss': 0.0, 'grad_norm': 3.1622776985168457, 'learning_rate': 0.0, 'epoch': 0.62}
{'loss': 0.0, 'grad_norm': 3.1622776985168457, 'learning_rate': 0.0, 'epoch': 0.62}
{'loss': 0.0, 'grad_norm': 3.1622776985168457, 'learning_rate': 0.0, 'epoch': 0.62}
{'loss': 0.0, 'grad_norm': 3.1622776985168457, 'learning_rate': 0.0, 'epoch': 0.62}
{'loss': 0.0, 'grad_norm': 3.1622776985168457, 'learning_rate': 0.0, 'epoch': 0.62}
{'loss': 0.0, 'grad_norm': 3.1622776985168457, 'learning_rate': 0.0, 'epoch': 0.62}
{'loss': 0.0, 'grad_norm': 3.1622776985168457, 'learning_rate': 0.0, 'epoch': 0.62}
{'loss': 0.0, 'grad_norm': 3.1622776985168457, 'learning_rate': 0.0, 'epoch': 0.62}
{'loss': 0.0, 'grad_norm': 3.1622776985168457, 'learning_rate': 0.0, 'epoch': 0.62}
{'loss': 0.0, 'grad_norm': 3.1622776985168457, 'learning_rate': 0.0, 'epoch': 0.62}
{'loss': 0.0, 'grad_norm': 3.1622776985168457, 'learning_rate': 0.0, 'epoch': 0.62}
{'loss': 0.0, 'grad_norm': 3.1622776985168457, 'learning_rate': 0.0, 'epoch': 0.62}
{'loss': 0.0, 'grad_norm': 3.1622776985168457, 'learning_rate': 0.0, 'epoch': 0.62}
{'loss': 0.0, 'grad_norm': 3.1622776985168457, 'learning_rate': 0.0, 'epoch': 0.62}
{'loss': 0.0, 'grad_norm': 3.1622776985168457, 'learning_rate': 0.0, 'epoch': 0.62}
{'loss': 0.0, 'grad_norm': 3.1622776985168457, 'learning_rate': 0.0, 'epoch': 0.62}
{'loss': 0.0, 'grad_norm': 3.1622776985168457, 'learning_rate': 0.0, 'epoch': 0.62}
{'loss': 0.0, 'grad_norm': 3.1622776985168457, 'learning_rate': 0.0, 'epoch': 0.62}
{'loss': 0.0, 'grad_norm': 3.1622776985168457, 'learning_rate': 0.0, 'epoch': 0.62}
{'loss': 0.0, 'grad_norm': 3.1622776985168457, 'learning_rate': 0.0, 'epoch': 0.62}
{'loss': 0.0, 'grad_norm': 3.1622776985168457, 'learning_rate': 0.0, 'epoch': 0.62}
{'loss': 0.0, 'grad_norm': 3.1622776985168457, 'learning_rate': 0.0, 'epoch': 0.62}
{'loss': 0.0, 'grad_norm': 3.1622776985168457, 'learning_rate': 0.0, 'epoch': 0.62}
{'loss': 0.0, 'grad_norm': 3.1622776985168457, 'learning_rate': 0.0, 'epoch': 0.62}
{'loss': 0.0, 'grad_norm': 3.1622776985168457, 'learning_rate': 0.0, 'epoch': 0.62}
{'loss': 0.0, 'grad_norm': 3.1622776985168457, 'learning_rate': 0.0, 'epoch': 0.62}
{'loss': 0.0, 'grad_norm': 3.1622776985168457, 'learning_rate': 0.0, 'epoch': 0.62}
{'loss': 0.0, 'grad_norm': 3.1622776985168457, 'learning_rate': 0.0, 'epoch': 0.62}
{'loss': 0.0, 'grad_norm': 3.1622776985168457, 'learning_rate': 0.0, 'epoch': 0.62}
{'loss': 0.0, 'grad_norm': 3.1622776985168457, 'learning_rate': 0.0, 'epoch': 0.62}
{'loss': 0.0, 'grad_norm': 3.1622776985168457, 'learning_rate': 0.0, 'epoch': 0.62}
{'loss': 0.0, 'grad_norm': 3.1622776985168457, 'learning_rate': 0.0, 'epoch': 0.62}
{'loss': 0.0, 'grad_norm': 3.1622776985168457, 'learning_rate': 0.0, 'epoch': 0.62}
{'loss': 0.0, 'grad_norm': 3.1622776985168457, 'learning_rate': 0.0, 'epoch': 0.62}
{'loss': 0.0, 'grad_norm': 3.1622776985168457, 'learning_rate': 0.0, 'epoch': 0.62}
{'loss': 0.0, 'grad_norm': 3.1622776985168457, 'learning_rate': 0.0, 'epoch': 0.62}
{'loss': 0.0, 'grad_norm': 3.1622776985168457, 'learning_rate': 0.0, 'epoch': 0.62}
{'loss': 0.0, 'grad_norm': 3.1622776985168457, 'learning_rate': 0.0, 'epoch': 0.62}
{'loss': 0.0, 'grad_norm': 3.1622776985168457, 'learning_rate': 0.0, 'epoch': 0.62}
{'loss': 0.0, 'grad_norm': 3.1622776985168457, 'learning_rate': 0.0, 'epoch': 0.62}
{'loss': 0.0, 'grad_norm': 3.1622776985168457, 'learning_rate': 0.0, 'epoch': 0.63}
{'loss': 0.0, 'grad_norm': 3.1622776985168457, 'learning_rate': 0.0, 'epoch': 0.63}
{'loss': 0.0, 'grad_norm': 3.1622776985168457, 'learning_rate': 0.0, 'epoch': 0.63}
{'loss': 0.0, 'grad_norm': 3.1622776985168457, 'learning_rate': 0.0, 'epoch': 0.63}
{'loss': 0.0, 'grad_norm': 3.1622776985168457, 'learning_rate': 0.0, 'epoch': 0.63}
{'loss': 0.0, 'grad_norm': 3.1622776985168457, 'learning_rate': 0.0, 'epoch': 0.63}
{'loss': 0.0, 'grad_norm': 3.1622776985168457, 'learning_rate': 0.0, 'epoch': 0.63}
{'loss': 0.0, 'grad_norm': 3.1622776985168457, 'learning_rate': 0.0, 'epoch': 0.63}
{'loss': 0.0, 'grad_norm': 3.1622776985168457, 'learning_rate': 0.0, 'epoch': 0.63}
{'loss': 0.0, 'grad_norm': 3.1622776985168457, 'learning_rate': 0.0, 'epoch': 0.63}
{'loss': 0.0, 'grad_norm': 3.1622776985168457, 'learning_rate': 0.0, 'epoch': 0.63}
{'loss': 0.0, 'grad_norm': 3.1622776985168457, 'learning_rate': 0.0, 'epoch': 0.63}
{'loss': 0.0, 'grad_norm': 3.1622776985168457, 'learning_rate': 0.0, 'epoch': 0.63}
{'loss': 0.0, 'grad_norm': 3.1622776985168457, 'learning_rate': 0.0, 'epoch': 0.63}
{'loss': 0.0, 'grad_norm': 3.1622776985168457, 'learning_rate': 0.0, 'epoch': 0.63}
{'loss': 0.0, 'grad_norm': 3.1622776985168457, 'learning_rate': 0.0, 'epoch': 0.63}
{'loss': 0.0, 'grad_norm': 3.1622776985168457, 'learning_rate': 0.0, 'epoch': 0.63}
{'loss': 0.0, 'grad_norm': 3.1622776985168457, 'learning_rate': 0.0, 'epoch': 0.63}
{'loss': 0.0, 'grad_norm': 3.1622776985168457, 'learning_rate': 0.0, 'epoch': 0.63}
{'loss': 0.0, 'grad_norm': 3.1622776985168457, 'learning_rate': 0.0, 'epoch': 0.63}
{'loss': 0.0, 'grad_norm': 3.1622776985168457, 'learning_rate': 0.0, 'epoch': 0.63}
{'loss': 0.0, 'grad_norm': 3.1622776985168457, 'learning_rate': 0.0, 'epoch': 0.63}
{'loss': 0.0, 'grad_norm': 3.1622776985168457, 'learning_rate': 0.0, 'epoch': 0.63}
{'loss': 0.0, 'grad_norm': 3.1622776985168457, 'learning_rate': 0.0, 'epoch': 0.63}
{'loss': 0.0, 'grad_norm': 3.1622776985168457, 'learning_rate': 0.0, 'epoch': 0.63}
{'loss': 0.0, 'grad_norm': 3.1622776985168457, 'learning_rate': 0.0, 'epoch': 0.63}
{'loss': 0.0, 'grad_norm': 3.1622776985168457, 'learning_rate': 0.0, 'epoch': 0.63}
{'loss': 0.0, 'grad_norm': 3.1622776985168457, 'learning_rate': 0.0, 'epoch': 0.63}
{'loss': 0.0, 'grad_norm': 3.1622776985168457, 'learning_rate': 0.0, 'epoch': 0.63}
{'loss': 0.0, 'grad_norm': 3.1622776985168457, 'learning_rate': 0.0, 'epoch': 0.63}
{'loss': 0.0, 'grad_norm': 3.1622776985168457, 'learning_rate': 0.0, 'epoch': 0.63}
{'loss': 0.0, 'grad_norm': 3.1622776985168457, 'learning_rate': 0.0, 'epoch': 0.63}
{'loss': 0.0, 'grad_norm': 3.1622776985168457, 'learning_rate': 0.0, 'epoch': 0.63}
{'loss': 0.0, 'grad_norm': 3.1622776985168457, 'learning_rate': 0.0, 'epoch': 0.63}
{'loss': 0.0, 'grad_norm': 3.1622776985168457, 'learning_rate': 0.0, 'epoch': 0.63}
{'loss': 0.0, 'grad_norm': 3.1622776985168457, 'learning_rate': 0.0, 'epoch': 0.63}
{'loss': 0.0, 'grad_norm': 3.1622776985168457, 'learning_rate': 0.0, 'epoch': 0.63}
{'loss': 0.0, 'grad_norm': 3.1622776985168457, 'learning_rate': 0.0, 'epoch': 0.63}
{'loss': 0.0, 'grad_norm': 3.1622776985168457, 'learning_rate': 0.0, 'epoch': 0.63}
{'loss': 0.0, 'grad_norm': 3.1622776985168457, 'learning_rate': 0.0, 'epoch': 0.63}
{'loss': 0.0, 'grad_norm': 3.1622776985168457, 'learning_rate': 0.0, 'epoch': 0.63}
{'loss': 0.0, 'grad_norm': 3.1622776985168457, 'learning_rate': 0.0, 'epoch': 0.63}
{'loss': 0.0, 'grad_norm': 3.1622776985168457, 'learning_rate': 0.0, 'epoch': 0.63}
{'loss': 0.0, 'grad_norm': 3.1622776985168457, 'learning_rate': 0.0, 'epoch': 0.63}
{'loss': 0.0, 'grad_norm': 3.1622776985168457, 'learning_rate': 0.0, 'epoch': 0.63}
{'loss': 0.0, 'grad_norm': 3.1622776985168457, 'learning_rate': 0.0, 'epoch': 0.63}
{'loss': 0.0, 'grad_norm': 3.1622776985168457, 'learning_rate': 0.0, 'epoch': 0.63}
{'loss': 0.0, 'grad_norm': 3.1622776985168457, 'learning_rate': 0.0, 'epoch': 0.63}
{'loss': 0.0, 'grad_norm': 3.1622776985168457, 'learning_rate': 0.0, 'epoch': 0.63}
{'loss': 0.0, 'grad_norm': 3.1622776985168457, 'learning_rate': 0.0, 'epoch': 0.63}
{'loss': 0.0, 'grad_norm': 3.1622776985168457, 'learning_rate': 0.0, 'epoch': 0.63}
{'loss': 0.0, 'grad_norm': 3.1622776985168457, 'learning_rate': 0.0, 'epoch': 0.63}
{'loss': 0.0, 'grad_norm': 3.1622776985168457, 'learning_rate': 0.0, 'epoch': 0.64}
{'loss': 0.0, 'grad_norm': 3.1622776985168457, 'learning_rate': 0.0, 'epoch': 0.64}
{'loss': 0.0, 'grad_norm': 3.1622776985168457, 'learning_rate': 0.0, 'epoch': 0.64}
{'loss': 0.0, 'grad_norm': 3.1622776985168457, 'learning_rate': 0.0, 'epoch': 0.64}
{'loss': 0.0, 'grad_norm': 3.1622776985168457, 'learning_rate': 0.0, 'epoch': 0.64}
{'loss': 0.0, 'grad_norm': 3.1622776985168457, 'learning_rate': 0.0, 'epoch': 0.64}
{'loss': 0.0, 'grad_norm': 3.1622776985168457, 'learning_rate': 0.0, 'epoch': 0.64}
{'loss': 0.0, 'grad_norm': 3.1622776985168457, 'learning_rate': 0.0, 'epoch': 0.64}
{'loss': 0.0, 'grad_norm': 3.1622776985168457, 'learning_rate': 0.0, 'epoch': 0.64}
{'loss': 0.0, 'grad_norm': 3.1622776985168457, 'learning_rate': 0.0, 'epoch': 0.64}
{'loss': 0.0, 'grad_norm': 3.1622776985168457, 'learning_rate': 0.0, 'epoch': 0.64}
{'loss': 0.0, 'grad_norm': 3.1622776985168457, 'learning_rate': 0.0, 'epoch': 0.64}
{'loss': 0.0, 'grad_norm': 3.1622776985168457, 'learning_rate': 0.0, 'epoch': 0.64}
{'loss': 0.0, 'grad_norm': 3.1622776985168457, 'learning_rate': 0.0, 'epoch': 0.64}
{'loss': 0.0, 'grad_norm': 3.1622776985168457, 'learning_rate': 0.0, 'epoch': 0.64}
{'loss': 0.0, 'grad_norm': 3.1622776985168457, 'learning_rate': 0.0, 'epoch': 0.64}
{'loss': 0.0, 'grad_norm': 3.1622776985168457, 'learning_rate': 0.0, 'epoch': 0.64}
{'loss': 0.0, 'grad_norm': 3.1622776985168457, 'learning_rate': 0.0, 'epoch': 0.64}
{'loss': 0.0, 'grad_norm': 3.1622776985168457, 'learning_rate': 0.0, 'epoch': 0.64}
{'loss': 0.0, 'grad_norm': 3.1622776985168457, 'learning_rate': 0.0, 'epoch': 0.64}
{'loss': 0.0, 'grad_norm': 3.1622776985168457, 'learning_rate': 0.0, 'epoch': 0.64}
{'loss': 0.0, 'grad_norm': 3.1622776985168457, 'learning_rate': 0.0, 'epoch': 0.64}
{'loss': 0.0, 'grad_norm': 3.1622776985168457, 'learning_rate': 0.0, 'epoch': 0.64}
{'loss': 0.0, 'grad_norm': 3.1622776985168457, 'learning_rate': 0.0, 'epoch': 0.64}
{'loss': 0.0, 'grad_norm': 3.1622776985168457, 'learning_rate': 0.0, 'epoch': 0.64}
{'loss': 0.0, 'grad_norm': 3.1622776985168457, 'learning_rate': 0.0, 'epoch': 0.64}
{'loss': 0.0, 'grad_norm': 3.1622776985168457, 'learning_rate': 0.0, 'epoch': 0.64}
{'loss': 0.0, 'grad_norm': 3.1622776985168457, 'learning_rate': 0.0, 'epoch': 0.64}
{'loss': 0.0, 'grad_norm': 3.1622776985168457, 'learning_rate': 0.0, 'epoch': 0.64}
{'loss': 0.0, 'grad_norm': 3.1622776985168457, 'learning_rate': 0.0, 'epoch': 0.64}
{'loss': 0.0, 'grad_norm': 3.1622776985168457, 'learning_rate': 0.0, 'epoch': 0.64}
{'loss': 0.0, 'grad_norm': 3.1622776985168457, 'learning_rate': 0.0, 'epoch': 0.64}
{'loss': 0.0, 'grad_norm': 3.1622776985168457, 'learning_rate': 0.0, 'epoch': 0.64}
{'loss': 0.0, 'grad_norm': 3.1622776985168457, 'learning_rate': 0.0, 'epoch': 0.64}
{'loss': 0.0, 'grad_norm': 3.1622776985168457, 'learning_rate': 0.0, 'epoch': 0.64}
{'loss': 0.0, 'grad_norm': 3.1622776985168457, 'learning_rate': 0.0, 'epoch': 0.64}
{'loss': 0.0, 'grad_norm': 3.1622776985168457, 'learning_rate': 0.0, 'epoch': 0.64}
{'loss': 0.0, 'grad_norm': 3.1622776985168457, 'learning_rate': 0.0, 'epoch': 0.64}
{'loss': 0.0, 'grad_norm': 3.1622776985168457, 'learning_rate': 0.0, 'epoch': 0.64}
{'loss': 0.0, 'grad_norm': 3.1622776985168457, 'learning_rate': 0.0, 'epoch': 0.64}
{'loss': 0.0, 'grad_norm': 3.1622776985168457, 'learning_rate': 0.0, 'epoch': 0.64}
{'loss': 0.0, 'grad_norm': 3.1622776985168457, 'learning_rate': 0.0, 'epoch': 0.64}
{'loss': 0.0, 'grad_norm': 3.1622776985168457, 'learning_rate': 0.0, 'epoch': 0.64}
{'loss': 0.0, 'grad_norm': 3.1622776985168457, 'learning_rate': 0.0, 'epoch': 0.64}
{'loss': 0.0, 'grad_norm': 3.1622776985168457, 'learning_rate': 0.0, 'epoch': 0.64}
{'loss': 0.0, 'grad_norm': 3.1622776985168457, 'learning_rate': 0.0, 'epoch': 0.64}
{'loss': 0.0, 'grad_norm': 3.1622776985168457, 'learning_rate': 0.0, 'epoch': 0.64}
{'loss': 0.0, 'grad_norm': 3.1622776985168457, 'learning_rate': 0.0, 'epoch': 0.64}
{'loss': 0.0, 'grad_norm': 3.1622776985168457, 'learning_rate': 0.0, 'epoch': 0.64}
{'loss': 0.0, 'grad_norm': 3.1622776985168457, 'learning_rate': 0.0, 'epoch': 0.64}
{'loss': 0.0, 'grad_norm': 3.1622776985168457, 'learning_rate': 0.0, 'epoch': 0.64}
{'loss': 0.0, 'grad_norm': 3.1622776985168457, 'learning_rate': 0.0, 'epoch': 0.64}
{'loss': 0.0, 'grad_norm': 3.1622776985168457, 'learning_rate': 0.0, 'epoch': 0.65}
{'loss': 0.0, 'grad_norm': 3.1622776985168457, 'learning_rate': 0.0, 'epoch': 0.65}
{'loss': 0.0, 'grad_norm': 3.1622776985168457, 'learning_rate': 0.0, 'epoch': 0.65}
{'loss': 0.0, 'grad_norm': 3.1622776985168457, 'learning_rate': 0.0, 'epoch': 0.65}
{'loss': 0.0, 'grad_norm': 3.1622776985168457, 'learning_rate': 0.0, 'epoch': 0.65}
{'loss': 0.0, 'grad_norm': 3.1622776985168457, 'learning_rate': 0.0, 'epoch': 0.65}
{'loss': 0.0, 'grad_norm': 3.1622776985168457, 'learning_rate': 0.0, 'epoch': 0.65}
{'loss': 0.0, 'grad_norm': 3.1622776985168457, 'learning_rate': 0.0, 'epoch': 0.65}
{'loss': 0.0, 'grad_norm': 3.1622776985168457, 'learning_rate': 0.0, 'epoch': 0.65}
{'loss': 0.0, 'grad_norm': 3.1622776985168457, 'learning_rate': 0.0, 'epoch': 0.65}
{'loss': 0.0, 'grad_norm': 3.1622776985168457, 'learning_rate': 0.0, 'epoch': 0.65}
{'loss': 0.0, 'grad_norm': 3.1622776985168457, 'learning_rate': 0.0, 'epoch': 0.65}
{'loss': 0.0, 'grad_norm': 3.1622776985168457, 'learning_rate': 0.0, 'epoch': 0.65}
{'loss': 0.0, 'grad_norm': 3.1622776985168457, 'learning_rate': 0.0, 'epoch': 0.65}
{'loss': 0.0, 'grad_norm': 3.1622776985168457, 'learning_rate': 0.0, 'epoch': 0.65}
{'loss': 0.0, 'grad_norm': 3.1622776985168457, 'learning_rate': 0.0, 'epoch': 0.65}
{'loss': 0.0, 'grad_norm': 3.1622776985168457, 'learning_rate': 0.0, 'epoch': 0.65}
{'loss': 0.0, 'grad_norm': 3.1622776985168457, 'learning_rate': 0.0, 'epoch': 0.65}
{'loss': 0.0, 'grad_norm': 3.1622776985168457, 'learning_rate': 0.0, 'epoch': 0.65}
{'loss': 0.0, 'grad_norm': 3.1622776985168457, 'learning_rate': 0.0, 'epoch': 0.65}
{'loss': 0.0, 'grad_norm': 3.1622776985168457, 'learning_rate': 0.0, 'epoch': 0.65}
{'loss': 0.0, 'grad_norm': 3.1622776985168457, 'learning_rate': 0.0, 'epoch': 0.65}
{'loss': 0.0, 'grad_norm': 3.1622776985168457, 'learning_rate': 0.0, 'epoch': 0.65}
{'loss': 0.0, 'grad_norm': 3.1622776985168457, 'learning_rate': 0.0, 'epoch': 0.65}
{'loss': 0.0, 'grad_norm': 3.1622776985168457, 'learning_rate': 0.0, 'epoch': 0.65}
{'loss': 0.0, 'grad_norm': 3.1622776985168457, 'learning_rate': 0.0, 'epoch': 0.65}
{'loss': 0.0, 'grad_norm': 3.1622776985168457, 'learning_rate': 0.0, 'epoch': 0.65}
{'loss': 0.0, 'grad_norm': 3.1622776985168457, 'learning_rate': 0.0, 'epoch': 0.65}
{'loss': 0.0, 'grad_norm': 3.1622776985168457, 'learning_rate': 0.0, 'epoch': 0.65}
{'loss': 0.0, 'grad_norm': 3.1622776985168457, 'learning_rate': 0.0, 'epoch': 0.65}
{'loss': 0.0, 'grad_norm': 3.1622776985168457, 'learning_rate': 0.0, 'epoch': 0.65}
{'loss': 0.0, 'grad_norm': 3.1622776985168457, 'learning_rate': 0.0, 'epoch': 0.65}
{'loss': 0.0, 'grad_norm': 3.1622776985168457, 'learning_rate': 0.0, 'epoch': 0.65}
{'loss': 0.0, 'grad_norm': 3.1622776985168457, 'learning_rate': 0.0, 'epoch': 0.65}
{'loss': 0.0, 'grad_norm': 3.1622776985168457, 'learning_rate': 0.0, 'epoch': 0.65}
{'loss': 0.0, 'grad_norm': 3.1622776985168457, 'learning_rate': 0.0, 'epoch': 0.65}
{'loss': 0.0, 'grad_norm': 3.1622776985168457, 'learning_rate': 0.0, 'epoch': 0.65}
{'loss': 0.0, 'grad_norm': 3.1622776985168457, 'learning_rate': 0.0, 'epoch': 0.65}
{'loss': 0.0, 'grad_norm': 3.1622776985168457, 'learning_rate': 0.0, 'epoch': 0.65}
{'loss': 0.0, 'grad_norm': 3.1622776985168457, 'learning_rate': 0.0, 'epoch': 0.65}
{'loss': 0.0, 'grad_norm': 3.1622776985168457, 'learning_rate': 0.0, 'epoch': 0.65}
{'loss': 0.0, 'grad_norm': 3.1622776985168457, 'learning_rate': 0.0, 'epoch': 0.65}
{'loss': 0.0, 'grad_norm': 3.1622776985168457, 'learning_rate': 0.0, 'epoch': 0.65}
{'loss': 0.0, 'grad_norm': 3.1622776985168457, 'learning_rate': 0.0, 'epoch': 0.65}
{'loss': 0.0, 'grad_norm': 3.1622776985168457, 'learning_rate': 0.0, 'epoch': 0.65}
{'loss': 0.0, 'grad_norm': 3.1622776985168457, 'learning_rate': 0.0, 'epoch': 0.65}
{'loss': 0.0, 'grad_norm': 3.1622776985168457, 'learning_rate': 0.0, 'epoch': 0.65}
{'loss': 0.0, 'grad_norm': 3.1622776985168457, 'learning_rate': 0.0, 'epoch': 0.65}
{'loss': 0.0, 'grad_norm': 3.1622776985168457, 'learning_rate': 0.0, 'epoch': 0.65}
{'loss': 0.0, 'grad_norm': 3.1622776985168457, 'learning_rate': 0.0, 'epoch': 0.65}
{'loss': 0.0, 'grad_norm': 3.1622776985168457, 'learning_rate': 0.0, 'epoch': 0.65}
{'loss': 0.0, 'grad_norm': 3.1622776985168457, 'learning_rate': 0.0, 'epoch': 0.65}
{'loss': 0.0, 'grad_norm': 3.1622776985168457, 'learning_rate': 0.0, 'epoch': 0.66}
{'loss': 0.0, 'grad_norm': 3.1622776985168457, 'learning_rate': 0.0, 'epoch': 0.66}
{'loss': 0.0, 'grad_norm': 3.1622776985168457, 'learning_rate': 0.0, 'epoch': 0.66}
{'loss': 0.0, 'grad_norm': 3.1622776985168457, 'learning_rate': 0.0, 'epoch': 0.66}
{'loss': 0.0, 'grad_norm': 3.1622776985168457, 'learning_rate': 0.0, 'epoch': 0.66}
{'loss': 0.0, 'grad_norm': 3.1622776985168457, 'learning_rate': 0.0, 'epoch': 0.66}
{'loss': 0.0, 'grad_norm': 3.1622776985168457, 'learning_rate': 0.0, 'epoch': 0.66}
{'loss': 0.0, 'grad_norm': 3.1622776985168457, 'learning_rate': 0.0, 'epoch': 0.66}
{'loss': 0.0, 'grad_norm': 3.1622776985168457, 'learning_rate': 0.0, 'epoch': 0.66}
{'loss': 0.0, 'grad_norm': 3.1622776985168457, 'learning_rate': 0.0, 'epoch': 0.66}
{'loss': 0.0, 'grad_norm': 3.1622776985168457, 'learning_rate': 0.0, 'epoch': 0.66}
{'loss': 0.0, 'grad_norm': 3.1622776985168457, 'learning_rate': 0.0, 'epoch': 0.66}
{'loss': 0.0, 'grad_norm': 3.1622776985168457, 'learning_rate': 0.0, 'epoch': 0.66}
{'loss': 0.0, 'grad_norm': 3.1622776985168457, 'learning_rate': 0.0, 'epoch': 0.66}
{'loss': 0.0, 'grad_norm': 3.1622776985168457, 'learning_rate': 0.0, 'epoch': 0.66}
{'loss': 0.0, 'grad_norm': 3.1622776985168457, 'learning_rate': 0.0, 'epoch': 0.66}
{'loss': 0.0, 'grad_norm': 3.1622776985168457, 'learning_rate': 0.0, 'epoch': 0.66}
{'loss': 0.0, 'grad_norm': 3.1622776985168457, 'learning_rate': 0.0, 'epoch': 0.66}
{'loss': 0.0, 'grad_norm': 3.1622776985168457, 'learning_rate': 0.0, 'epoch': 0.66}
{'loss': 0.0, 'grad_norm': 3.1622776985168457, 'learning_rate': 0.0, 'epoch': 0.66}
{'loss': 0.0, 'grad_norm': 3.1622776985168457, 'learning_rate': 0.0, 'epoch': 0.66}
{'loss': 0.0, 'grad_norm': 3.1622776985168457, 'learning_rate': 0.0, 'epoch': 0.66}
Error with image file is truncated (2 bytes not processed)
{'loss': 0.0, 'grad_norm': 3.1622776985168457, 'learning_rate': 0.0, 'epoch': 0.66}
{'loss': 0.0, 'grad_norm': 3.1622776985168457, 'learning_rate': 0.0, 'epoch': 0.66}
{'loss': 0.0, 'grad_norm': 3.1622776985168457, 'learning_rate': 0.0, 'epoch': 0.66}
{'loss': 0.0, 'grad_norm': 3.1622776985168457, 'learning_rate': 0.0, 'epoch': 0.66}
{'loss': 0.0, 'grad_norm': 3.1622776985168457, 'learning_rate': 0.0, 'epoch': 0.66}
{'loss': 0.0, 'grad_norm': 3.1622776985168457, 'learning_rate': 0.0, 'epoch': 0.66}
{'loss': 0.0, 'grad_norm': 3.1622776985168457, 'learning_rate': 0.0, 'epoch': 0.66}
{'loss': 0.0, 'grad_norm': 3.1622776985168457, 'learning_rate': 0.0, 'epoch': 0.66}
{'loss': 0.0, 'grad_norm': 3.1622776985168457, 'learning_rate': 0.0, 'epoch': 0.66}
{'loss': 0.0, 'grad_norm': 3.1622776985168457, 'learning_rate': 0.0, 'epoch': 0.66}
{'loss': 0.0, 'grad_norm': 3.1622776985168457, 'learning_rate': 0.0, 'epoch': 0.66}
{'loss': 0.0, 'grad_norm': 3.1622776985168457, 'learning_rate': 0.0, 'epoch': 0.66}
{'loss': 0.0, 'grad_norm': 3.1622776985168457, 'learning_rate': 0.0, 'epoch': 0.66}
{'loss': 0.0, 'grad_norm': 3.1622776985168457, 'learning_rate': 0.0, 'epoch': 0.66}
{'loss': 0.0, 'grad_norm': 3.1622776985168457, 'learning_rate': 0.0, 'epoch': 0.66}
{'loss': 0.0, 'grad_norm': 3.1622776985168457, 'learning_rate': 0.0, 'epoch': 0.66}
{'loss': 0.0, 'grad_norm': 3.1622776985168457, 'learning_rate': 0.0, 'epoch': 0.66}
{'loss': 0.0, 'grad_norm': 3.1622776985168457, 'learning_rate': 0.0, 'epoch': 0.66}
{'loss': 0.0, 'grad_norm': 3.1622776985168457, 'learning_rate': 0.0, 'epoch': 0.66}
{'loss': 0.0, 'grad_norm': 3.1622776985168457, 'learning_rate': 0.0, 'epoch': 0.66}
{'loss': 0.0, 'grad_norm': 3.1622776985168457, 'learning_rate': 0.0, 'epoch': 0.66}
{'loss': 0.0, 'grad_norm': 3.1622776985168457, 'learning_rate': 0.0, 'epoch': 0.66}
{'loss': 0.0, 'grad_norm': 3.1622776985168457, 'learning_rate': 0.0, 'epoch': 0.66}
{'loss': 0.0, 'grad_norm': 3.1622776985168457, 'learning_rate': 0.0, 'epoch': 0.66}
{'loss': 0.0, 'grad_norm': 3.1622776985168457, 'learning_rate': 0.0, 'epoch': 0.66}
{'loss': 0.0, 'grad_norm': 3.1622776985168457, 'learning_rate': 0.0, 'epoch': 0.66}
{'loss': 0.0, 'grad_norm': 3.1622776985168457, 'learning_rate': 0.0, 'epoch': 0.66}
{'loss': 0.0, 'grad_norm': 3.1622776985168457, 'learning_rate': 0.0, 'epoch': 0.66}
{'loss': 0.0, 'grad_norm': 3.1622776985168457, 'learning_rate': 0.0, 'epoch': 0.66}
{'loss': 0.0, 'grad_norm': 3.1622776985168457, 'learning_rate': 0.0, 'epoch': 0.66}
{'loss': 0.0, 'grad_norm': 3.1622776985168457, 'learning_rate': 0.0, 'epoch': 0.67}
{'loss': 0.0, 'grad_norm': 3.1622776985168457, 'learning_rate': 0.0, 'epoch': 0.67}
{'loss': 0.0, 'grad_norm': 3.1622776985168457, 'learning_rate': 0.0, 'epoch': 0.67}
{'loss': 0.0, 'grad_norm': 3.1622776985168457, 'learning_rate': 0.0, 'epoch': 0.67}
{'loss': 0.0, 'grad_norm': 3.1622776985168457, 'learning_rate': 0.0, 'epoch': 0.67}
{'loss': 0.0, 'grad_norm': 3.1622776985168457, 'learning_rate': 0.0, 'epoch': 0.67}
{'loss': 0.0, 'grad_norm': 3.1622776985168457, 'learning_rate': 0.0, 'epoch': 0.67}
{'loss': 0.0, 'grad_norm': 3.1622776985168457, 'learning_rate': 0.0, 'epoch': 0.67}
{'loss': 0.0, 'grad_norm': 3.1622776985168457, 'learning_rate': 0.0, 'epoch': 0.67}
{'loss': 0.0, 'grad_norm': 3.1622776985168457, 'learning_rate': 0.0, 'epoch': 0.67}
{'loss': 0.0, 'grad_norm': 3.1622776985168457, 'learning_rate': 0.0, 'epoch': 0.67}
{'loss': 0.0, 'grad_norm': 3.1622776985168457, 'learning_rate': 0.0, 'epoch': 0.67}
{'loss': 0.0, 'grad_norm': 3.1622776985168457, 'learning_rate': 0.0, 'epoch': 0.67}
{'loss': 0.0, 'grad_norm': 3.1622776985168457, 'learning_rate': 0.0, 'epoch': 0.67}
{'loss': 0.0, 'grad_norm': 3.1622776985168457, 'learning_rate': 0.0, 'epoch': 0.67}
{'loss': 0.0, 'grad_norm': 3.1622776985168457, 'learning_rate': 0.0, 'epoch': 0.67}
{'loss': 0.0, 'grad_norm': 3.1622776985168457, 'learning_rate': 0.0, 'epoch': 0.67}
{'loss': 0.0, 'grad_norm': 3.1622776985168457, 'learning_rate': 0.0, 'epoch': 0.67}
{'loss': 0.0, 'grad_norm': 3.1622776985168457, 'learning_rate': 0.0, 'epoch': 0.67}
{'loss': 0.0, 'grad_norm': 3.1622776985168457, 'learning_rate': 0.0, 'epoch': 0.67}
{'loss': 0.0, 'grad_norm': 3.1622776985168457, 'learning_rate': 0.0, 'epoch': 0.67}
{'loss': 0.0, 'grad_norm': 3.1622776985168457, 'learning_rate': 0.0, 'epoch': 0.67}
{'loss': 0.0, 'grad_norm': 3.1622776985168457, 'learning_rate': 0.0, 'epoch': 0.67}
{'loss': 0.0, 'grad_norm': 3.1622776985168457, 'learning_rate': 0.0, 'epoch': 0.67}
{'loss': 0.0, 'grad_norm': 3.1622776985168457, 'learning_rate': 0.0, 'epoch': 0.67}
{'loss': 0.0, 'grad_norm': 3.1622776985168457, 'learning_rate': 0.0, 'epoch': 0.67}
{'loss': 0.0, 'grad_norm': 3.1622776985168457, 'learning_rate': 0.0, 'epoch': 0.67}
{'loss': 0.0, 'grad_norm': 3.1622776985168457, 'learning_rate': 0.0, 'epoch': 0.67}
{'loss': 0.0, 'grad_norm': 3.1622776985168457, 'learning_rate': 0.0, 'epoch': 0.67}
{'loss': 0.0, 'grad_norm': 3.1622776985168457, 'learning_rate': 0.0, 'epoch': 0.67}
{'loss': 0.0, 'grad_norm': 3.1622776985168457, 'learning_rate': 0.0, 'epoch': 0.67}
{'loss': 0.0, 'grad_norm': 3.1622776985168457, 'learning_rate': 0.0, 'epoch': 0.67}
{'loss': 0.0, 'grad_norm': 3.1622776985168457, 'learning_rate': 0.0, 'epoch': 0.67}
{'loss': 0.0, 'grad_norm': 3.1622776985168457, 'learning_rate': 0.0, 'epoch': 0.67}
{'loss': 0.0, 'grad_norm': 3.1622776985168457, 'learning_rate': 0.0, 'epoch': 0.67}
{'loss': 0.0, 'grad_norm': 3.1622776985168457, 'learning_rate': 0.0, 'epoch': 0.67}
{'loss': 0.0, 'grad_norm': 3.1622776985168457, 'learning_rate': 0.0, 'epoch': 0.67}
{'loss': 0.0, 'grad_norm': 3.1622776985168457, 'learning_rate': 0.0, 'epoch': 0.67}
{'loss': 0.0, 'grad_norm': 3.1622776985168457, 'learning_rate': 0.0, 'epoch': 0.67}
{'loss': 0.0, 'grad_norm': 3.1622776985168457, 'learning_rate': 0.0, 'epoch': 0.67}
{'loss': 0.0, 'grad_norm': 3.1622776985168457, 'learning_rate': 0.0, 'epoch': 0.67}
{'loss': 0.0, 'grad_norm': 3.1622776985168457, 'learning_rate': 0.0, 'epoch': 0.67}
{'loss': 0.0, 'grad_norm': 3.1622776985168457, 'learning_rate': 0.0, 'epoch': 0.67}
{'loss': 0.0, 'grad_norm': 3.1622776985168457, 'learning_rate': 0.0, 'epoch': 0.67}
{'loss': 0.0, 'grad_norm': 3.1622776985168457, 'learning_rate': 0.0, 'epoch': 0.67}
{'loss': 0.0, 'grad_norm': 3.1622776985168457, 'learning_rate': 0.0, 'epoch': 0.67}
{'loss': 0.0, 'grad_norm': 3.1622776985168457, 'learning_rate': 0.0, 'epoch': 0.67}
{'loss': 0.0, 'grad_norm': 3.1622776985168457, 'learning_rate': 0.0, 'epoch': 0.67}
{'loss': 0.0, 'grad_norm': 3.1622776985168457, 'learning_rate': 0.0, 'epoch': 0.67}
{'loss': 0.0, 'grad_norm': 3.1622776985168457, 'learning_rate': 0.0, 'epoch': 0.67}
{'loss': 0.0, 'grad_norm': 3.1622776985168457, 'learning_rate': 0.0, 'epoch': 0.67}
{'loss': 0.0, 'grad_norm': 3.1622776985168457, 'learning_rate': 0.0, 'epoch': 0.67}
{'loss': 0.0, 'grad_norm': 3.1622776985168457, 'learning_rate': 0.0, 'epoch': 0.68}
{'loss': 0.0, 'grad_norm': 3.1622776985168457, 'learning_rate': 0.0, 'epoch': 0.68}
{'loss': 0.0, 'grad_norm': 3.1622776985168457, 'learning_rate': 0.0, 'epoch': 0.68}
{'loss': 0.0, 'grad_norm': 3.1622776985168457, 'learning_rate': 0.0, 'epoch': 0.68}
{'loss': 0.0, 'grad_norm': 3.1622776985168457, 'learning_rate': 0.0, 'epoch': 0.68}
{'loss': 0.0, 'grad_norm': 3.1622776985168457, 'learning_rate': 0.0, 'epoch': 0.68}
{'loss': 0.0, 'grad_norm': 3.1622776985168457, 'learning_rate': 0.0, 'epoch': 0.68}
{'loss': 0.0, 'grad_norm': 3.1622776985168457, 'learning_rate': 0.0, 'epoch': 0.68}
{'loss': 0.0, 'grad_norm': 3.1622776985168457, 'learning_rate': 0.0, 'epoch': 0.68}
{'loss': 0.0, 'grad_norm': 3.1622776985168457, 'learning_rate': 0.0, 'epoch': 0.68}
{'loss': 0.0, 'grad_norm': 3.1622776985168457, 'learning_rate': 0.0, 'epoch': 0.68}
{'loss': 0.0, 'grad_norm': 3.1622776985168457, 'learning_rate': 0.0, 'epoch': 0.68}
{'loss': 0.0, 'grad_norm': 3.1622776985168457, 'learning_rate': 0.0, 'epoch': 0.68}
{'loss': 0.0, 'grad_norm': 3.1622776985168457, 'learning_rate': 0.0, 'epoch': 0.68}
{'loss': 0.0, 'grad_norm': 3.1622776985168457, 'learning_rate': 0.0, 'epoch': 0.68}
{'loss': 0.0, 'grad_norm': 3.1622776985168457, 'learning_rate': 0.0, 'epoch': 0.68}
{'loss': 0.0, 'grad_norm': 3.1622776985168457, 'learning_rate': 0.0, 'epoch': 0.68}
{'loss': 0.0, 'grad_norm': 3.1622776985168457, 'learning_rate': 0.0, 'epoch': 0.68}
{'loss': 0.0, 'grad_norm': 3.1622776985168457, 'learning_rate': 0.0, 'epoch': 0.68}
{'loss': 0.0, 'grad_norm': 3.1622776985168457, 'learning_rate': 0.0, 'epoch': 0.68}
Error with image file is truncated (41 bytes not processed)
{'loss': 0.0, 'grad_norm': 3.1622776985168457, 'learning_rate': 0.0, 'epoch': 0.68}
{'loss': 0.0, 'grad_norm': 3.1622776985168457, 'learning_rate': 0.0, 'epoch': 0.68}
{'loss': 0.0, 'grad_norm': 3.1622776985168457, 'learning_rate': 0.0, 'epoch': 0.68}
{'loss': 0.0, 'grad_norm': 3.1622776985168457, 'learning_rate': 0.0, 'epoch': 0.68}
{'loss': 0.0, 'grad_norm': 3.1622776985168457, 'learning_rate': 0.0, 'epoch': 0.68}
{'loss': 0.0, 'grad_norm': 3.1622776985168457, 'learning_rate': 0.0, 'epoch': 0.68}
{'loss': 0.0, 'grad_norm': 3.1622776985168457, 'learning_rate': 0.0, 'epoch': 0.68}
{'loss': 0.0, 'grad_norm': 3.1622776985168457, 'learning_rate': 0.0, 'epoch': 0.68}
{'loss': 0.0, 'grad_norm': 3.1622776985168457, 'learning_rate': 0.0, 'epoch': 0.68}
{'loss': 0.0, 'grad_norm': 3.1622776985168457, 'learning_rate': 0.0, 'epoch': 0.68}
{'loss': 0.0, 'grad_norm': 3.1622776985168457, 'learning_rate': 0.0, 'epoch': 0.68}
{'loss': 0.0, 'grad_norm': 3.1622776985168457, 'learning_rate': 0.0, 'epoch': 0.68}
{'loss': 0.0, 'grad_norm': 3.1622776985168457, 'learning_rate': 0.0, 'epoch': 0.68}
{'loss': 0.0, 'grad_norm': 3.1622776985168457, 'learning_rate': 0.0, 'epoch': 0.68}
{'loss': 0.0, 'grad_norm': 3.1622776985168457, 'learning_rate': 0.0, 'epoch': 0.68}
{'loss': 0.0, 'grad_norm': 3.1622776985168457, 'learning_rate': 0.0, 'epoch': 0.68}
{'loss': 0.0, 'grad_norm': 3.1622776985168457, 'learning_rate': 0.0, 'epoch': 0.68}
{'loss': 0.0, 'grad_norm': 3.1622776985168457, 'learning_rate': 0.0, 'epoch': 0.68}
{'loss': 0.0, 'grad_norm': 3.1622776985168457, 'learning_rate': 0.0, 'epoch': 0.68}
{'loss': 0.0, 'grad_norm': 3.1622776985168457, 'learning_rate': 0.0, 'epoch': 0.68}
{'loss': 0.0, 'grad_norm': 3.1622776985168457, 'learning_rate': 0.0, 'epoch': 0.68}
{'loss': 0.0, 'grad_norm': 3.1622776985168457, 'learning_rate': 0.0, 'epoch': 0.68}
{'loss': 0.0, 'grad_norm': 3.1622776985168457, 'learning_rate': 0.0, 'epoch': 0.68}
{'loss': 0.0, 'grad_norm': 3.1622776985168457, 'learning_rate': 0.0, 'epoch': 0.68}
{'loss': 0.0, 'grad_norm': 3.1622776985168457, 'learning_rate': 0.0, 'epoch': 0.68}
{'loss': 0.0, 'grad_norm': 3.1622776985168457, 'learning_rate': 0.0, 'epoch': 0.68}
{'loss': 0.0, 'grad_norm': 3.1622776985168457, 'learning_rate': 0.0, 'epoch': 0.68}
{'loss': 0.0, 'grad_norm': 3.1622776985168457, 'learning_rate': 0.0, 'epoch': 0.68}
{'loss': 0.0, 'grad_norm': 3.1622776985168457, 'learning_rate': 0.0, 'epoch': 0.68}
Error with image file is truncated (60 bytes not processed)
{'loss': 0.0, 'grad_norm': 3.1622776985168457, 'learning_rate': 0.0, 'epoch': 0.68}
{'loss': 0.0, 'grad_norm': 3.1622776985168457, 'learning_rate': 0.0, 'epoch': 0.68}
{'loss': 0.0, 'grad_norm': 3.1622776985168457, 'learning_rate': 0.0, 'epoch': 0.68}
{'loss': 0.0, 'grad_norm': 3.1622776985168457, 'learning_rate': 0.0, 'epoch': 0.69}
{'loss': 0.0, 'grad_norm': 3.1622776985168457, 'learning_rate': 0.0, 'epoch': 0.69}
{'loss': 0.0, 'grad_norm': 3.1622776985168457, 'learning_rate': 0.0, 'epoch': 0.69}
{'loss': 0.0, 'grad_norm': 3.1622776985168457, 'learning_rate': 0.0, 'epoch': 0.69}
{'loss': 0.0, 'grad_norm': 3.1622776985168457, 'learning_rate': 0.0, 'epoch': 0.69}
{'loss': 0.0, 'grad_norm': 3.1622776985168457, 'learning_rate': 0.0, 'epoch': 0.69}
{'loss': 0.0, 'grad_norm': 3.1622776985168457, 'learning_rate': 0.0, 'epoch': 0.69}
{'loss': 0.0, 'grad_norm': 3.1622776985168457, 'learning_rate': 0.0, 'epoch': 0.69}
{'loss': 0.0, 'grad_norm': 3.1622776985168457, 'learning_rate': 0.0, 'epoch': 0.69}
{'loss': 0.0, 'grad_norm': 3.1622776985168457, 'learning_rate': 0.0, 'epoch': 0.69}
{'loss': 0.0, 'grad_norm': 3.1622776985168457, 'learning_rate': 0.0, 'epoch': 0.69}
{'loss': 0.0, 'grad_norm': 3.1622776985168457, 'learning_rate': 0.0, 'epoch': 0.69}
{'loss': 0.0, 'grad_norm': 3.1622776985168457, 'learning_rate': 0.0, 'epoch': 0.69}
{'loss': 0.0, 'grad_norm': 3.1622776985168457, 'learning_rate': 0.0, 'epoch': 0.69}
{'loss': 0.0, 'grad_norm': 3.1622776985168457, 'learning_rate': 0.0, 'epoch': 0.69}
{'loss': 0.0, 'grad_norm': 3.1622776985168457, 'learning_rate': 0.0, 'epoch': 0.69}
{'loss': 0.0, 'grad_norm': 3.1622776985168457, 'learning_rate': 0.0, 'epoch': 0.69}
{'loss': 0.0, 'grad_norm': 3.1622776985168457, 'learning_rate': 0.0, 'epoch': 0.69}
{'loss': 0.0, 'grad_norm': 3.1622776985168457, 'learning_rate': 0.0, 'epoch': 0.69}
{'loss': 0.0, 'grad_norm': 3.1622776985168457, 'learning_rate': 0.0, 'epoch': 0.69}
{'loss': 0.0, 'grad_norm': 3.1622776985168457, 'learning_rate': 0.0, 'epoch': 0.69}
{'loss': 0.0, 'grad_norm': 3.1622776985168457, 'learning_rate': 0.0, 'epoch': 0.69}
{'loss': 0.0, 'grad_norm': 3.1622776985168457, 'learning_rate': 0.0, 'epoch': 0.69}
{'loss': 0.0, 'grad_norm': 3.1622776985168457, 'learning_rate': 0.0, 'epoch': 0.69}
{'loss': 0.0, 'grad_norm': 3.1622776985168457, 'learning_rate': 0.0, 'epoch': 0.69}
{'loss': 0.0, 'grad_norm': 3.1622776985168457, 'learning_rate': 0.0, 'epoch': 0.69}
{'loss': 0.0, 'grad_norm': 3.1622776985168457, 'learning_rate': 0.0, 'epoch': 0.69}
{'loss': 0.0, 'grad_norm': 3.1622776985168457, 'learning_rate': 0.0, 'epoch': 0.69}
{'loss': 0.0, 'grad_norm': 3.1622776985168457, 'learning_rate': 0.0, 'epoch': 0.69}
{'loss': 0.0, 'grad_norm': 3.1622776985168457, 'learning_rate': 0.0, 'epoch': 0.69}
{'loss': 0.0, 'grad_norm': 3.1622776985168457, 'learning_rate': 0.0, 'epoch': 0.69}
{'loss': 0.0, 'grad_norm': 3.1622776985168457, 'learning_rate': 0.0, 'epoch': 0.69}
{'loss': 0.0, 'grad_norm': 3.1622776985168457, 'learning_rate': 0.0, 'epoch': 0.69}
{'loss': 0.0, 'grad_norm': 3.1622776985168457, 'learning_rate': 0.0, 'epoch': 0.69}
{'loss': 0.0, 'grad_norm': 3.1622776985168457, 'learning_rate': 0.0, 'epoch': 0.69}
{'loss': 0.0, 'grad_norm': 3.1622776985168457, 'learning_rate': 0.0, 'epoch': 0.69}
{'loss': 0.0, 'grad_norm': 3.1622776985168457, 'learning_rate': 0.0, 'epoch': 0.69}
{'loss': 0.0, 'grad_norm': 3.1622776985168457, 'learning_rate': 0.0, 'epoch': 0.69}
{'loss': 0.0, 'grad_norm': 3.1622776985168457, 'learning_rate': 0.0, 'epoch': 0.69}
{'loss': 0.0, 'grad_norm': 3.1622776985168457, 'learning_rate': 0.0, 'epoch': 0.69}
{'loss': 0.0, 'grad_norm': 3.1622776985168457, 'learning_rate': 0.0, 'epoch': 0.69}
{'loss': 0.0, 'grad_norm': 3.1622776985168457, 'learning_rate': 0.0, 'epoch': 0.69}
{'loss': 0.0, 'grad_norm': 3.1622776985168457, 'learning_rate': 0.0, 'epoch': 0.69}
{'loss': 0.0, 'grad_norm': 3.1622776985168457, 'learning_rate': 0.0, 'epoch': 0.69}
{'loss': 0.0, 'grad_norm': 3.1622776985168457, 'learning_rate': 0.0, 'epoch': 0.69}
{'loss': 0.0, 'grad_norm': 3.1622776985168457, 'learning_rate': 0.0, 'epoch': 0.69}
{'loss': 0.0, 'grad_norm': 3.1622776985168457, 'learning_rate': 0.0, 'epoch': 0.69}
{'loss': 0.0, 'grad_norm': 3.1622776985168457, 'learning_rate': 0.0, 'epoch': 0.69}
{'loss': 0.0, 'grad_norm': 3.1622776985168457, 'learning_rate': 0.0, 'epoch': 0.69}
{'loss': 0.0, 'grad_norm': 3.1622776985168457, 'learning_rate': 0.0, 'epoch': 0.69}
{'loss': 0.0, 'grad_norm': 3.1622776985168457, 'learning_rate': 0.0, 'epoch': 0.69}
{'loss': 0.0, 'grad_norm': 3.1622776985168457, 'learning_rate': 0.0, 'epoch': 0.69}
{'loss': 0.0, 'grad_norm': 3.1622776985168457, 'learning_rate': 0.0, 'epoch': 0.7}
{'loss': 0.0, 'grad_norm': 3.1622776985168457, 'learning_rate': 0.0, 'epoch': 0.7}
{'loss': 0.0, 'grad_norm': 3.1622776985168457, 'learning_rate': 0.0, 'epoch': 0.7}
{'loss': 0.0, 'grad_norm': 3.1622776985168457, 'learning_rate': 0.0, 'epoch': 0.7}
{'loss': 0.0, 'grad_norm': 3.1622776985168457, 'learning_rate': 0.0, 'epoch': 0.7}
{'loss': 0.0, 'grad_norm': 3.1622776985168457, 'learning_rate': 0.0, 'epoch': 0.7}
{'loss': 0.0, 'grad_norm': 3.1622776985168457, 'learning_rate': 0.0, 'epoch': 0.7}
{'loss': 0.0, 'grad_norm': 3.1622776985168457, 'learning_rate': 0.0, 'epoch': 0.7}
{'loss': 0.0, 'grad_norm': 3.1622776985168457, 'learning_rate': 0.0, 'epoch': 0.7}
{'loss': 0.0, 'grad_norm': 3.1622776985168457, 'learning_rate': 0.0, 'epoch': 0.7}
{'loss': 0.0, 'grad_norm': 3.1622776985168457, 'learning_rate': 0.0, 'epoch': 0.7}
{'loss': 0.0, 'grad_norm': 3.1622776985168457, 'learning_rate': 0.0, 'epoch': 0.7}
{'loss': 0.0, 'grad_norm': 3.1622776985168457, 'learning_rate': 0.0, 'epoch': 0.7}
{'loss': 0.0, 'grad_norm': 3.1622776985168457, 'learning_rate': 0.0, 'epoch': 0.7}
{'loss': 0.0, 'grad_norm': 3.1622776985168457, 'learning_rate': 0.0, 'epoch': 0.7}
{'loss': 0.0, 'grad_norm': 3.1622776985168457, 'learning_rate': 0.0, 'epoch': 0.7}
{'loss': 0.0, 'grad_norm': 3.1622776985168457, 'learning_rate': 0.0, 'epoch': 0.7}
{'loss': 0.0, 'grad_norm': 3.1622776985168457, 'learning_rate': 0.0, 'epoch': 0.7}
{'loss': 0.0, 'grad_norm': 3.1622776985168457, 'learning_rate': 0.0, 'epoch': 0.7}
{'loss': 0.0, 'grad_norm': 3.1622776985168457, 'learning_rate': 0.0, 'epoch': 0.7}
{'loss': 0.0, 'grad_norm': 3.1622776985168457, 'learning_rate': 0.0, 'epoch': 0.7}
{'loss': 0.0, 'grad_norm': 3.1622776985168457, 'learning_rate': 0.0, 'epoch': 0.7}
{'loss': 0.0, 'grad_norm': 3.1622776985168457, 'learning_rate': 0.0, 'epoch': 0.7}
{'loss': 0.0, 'grad_norm': 3.1622776985168457, 'learning_rate': 0.0, 'epoch': 0.7}
{'loss': 0.0, 'grad_norm': 3.1622776985168457, 'learning_rate': 0.0, 'epoch': 0.7}
{'loss': 0.0, 'grad_norm': 3.1622776985168457, 'learning_rate': 0.0, 'epoch': 0.7}
{'loss': 0.0, 'grad_norm': 3.1622776985168457, 'learning_rate': 0.0, 'epoch': 0.7}
{'loss': 0.0, 'grad_norm': 3.1622776985168457, 'learning_rate': 0.0, 'epoch': 0.7}
{'loss': 0.0, 'grad_norm': 3.1622776985168457, 'learning_rate': 0.0, 'epoch': 0.7}
{'loss': 0.0, 'grad_norm': 3.1622776985168457, 'learning_rate': 0.0, 'epoch': 0.7}
{'loss': 0.0, 'grad_norm': 3.1622776985168457, 'learning_rate': 0.0, 'epoch': 0.7}
{'loss': 0.0, 'grad_norm': 3.1622776985168457, 'learning_rate': 0.0, 'epoch': 0.7}
{'loss': 0.0, 'grad_norm': 3.1622776985168457, 'learning_rate': 0.0, 'epoch': 0.7}
{'loss': 0.0, 'grad_norm': 3.1622776985168457, 'learning_rate': 0.0, 'epoch': 0.7}
{'loss': 0.0, 'grad_norm': 3.1622776985168457, 'learning_rate': 0.0, 'epoch': 0.7}
{'loss': 0.0, 'grad_norm': 3.1622776985168457, 'learning_rate': 0.0, 'epoch': 0.7}
{'loss': 0.0, 'grad_norm': 3.1622776985168457, 'learning_rate': 0.0, 'epoch': 0.7}
{'loss': 0.0, 'grad_norm': 3.1622776985168457, 'learning_rate': 0.0, 'epoch': 0.7}
{'loss': 0.0, 'grad_norm': 3.1622776985168457, 'learning_rate': 0.0, 'epoch': 0.7}
{'loss': 0.0, 'grad_norm': 3.1622776985168457, 'learning_rate': 0.0, 'epoch': 0.7}
{'loss': 0.0, 'grad_norm': 3.1622776985168457, 'learning_rate': 0.0, 'epoch': 0.7}
{'loss': 0.0, 'grad_norm': 3.1622776985168457, 'learning_rate': 0.0, 'epoch': 0.7}
{'loss': 0.0, 'grad_norm': 3.1622776985168457, 'learning_rate': 0.0, 'epoch': 0.7}
{'loss': 0.0, 'grad_norm': 3.1622776985168457, 'learning_rate': 0.0, 'epoch': 0.7}
{'loss': 0.0, 'grad_norm': 3.1622776985168457, 'learning_rate': 0.0, 'epoch': 0.7}
{'loss': 0.0, 'grad_norm': 3.1622776985168457, 'learning_rate': 0.0, 'epoch': 0.7}
{'loss': 0.0, 'grad_norm': 3.1622776985168457, 'learning_rate': 0.0, 'epoch': 0.7}
{'loss': 0.0, 'grad_norm': 3.1622776985168457, 'learning_rate': 0.0, 'epoch': 0.7}
{'loss': 0.0, 'grad_norm': 3.1622776985168457, 'learning_rate': 0.0, 'epoch': 0.7}
{'loss': 0.0, 'grad_norm': 3.1622776985168457, 'learning_rate': 0.0, 'epoch': 0.7}
{'loss': 0.0, 'grad_norm': 3.1622776985168457, 'learning_rate': 0.0, 'epoch': 0.7}
{'loss': 0.0, 'grad_norm': 3.1622776985168457, 'learning_rate': 0.0, 'epoch': 0.7}
{'loss': 0.0, 'grad_norm': 3.1622776985168457, 'learning_rate': 0.0, 'epoch': 0.71}
{'loss': 0.0, 'grad_norm': 3.1622776985168457, 'learning_rate': 0.0, 'epoch': 0.71}
{'loss': 0.0, 'grad_norm': 3.1622776985168457, 'learning_rate': 0.0, 'epoch': 0.71}
{'loss': 0.0, 'grad_norm': 3.1622776985168457, 'learning_rate': 0.0, 'epoch': 0.71}
{'loss': 0.0, 'grad_norm': 3.1622776985168457, 'learning_rate': 0.0, 'epoch': 0.71}
{'loss': 0.0, 'grad_norm': 3.1622776985168457, 'learning_rate': 0.0, 'epoch': 0.71}
{'loss': 0.0, 'grad_norm': 3.1622776985168457, 'learning_rate': 0.0, 'epoch': 0.71}
{'loss': 0.0, 'grad_norm': 3.1622776985168457, 'learning_rate': 0.0, 'epoch': 0.71}
{'loss': 0.0, 'grad_norm': 3.1622776985168457, 'learning_rate': 0.0, 'epoch': 0.71}
{'loss': 0.0, 'grad_norm': 3.1622776985168457, 'learning_rate': 0.0, 'epoch': 0.71}
{'loss': 0.0, 'grad_norm': 3.1622776985168457, 'learning_rate': 0.0, 'epoch': 0.71}
{'loss': 0.0, 'grad_norm': 3.1622776985168457, 'learning_rate': 0.0, 'epoch': 0.71}
{'loss': 0.0, 'grad_norm': 3.1622776985168457, 'learning_rate': 0.0, 'epoch': 0.71}
{'loss': 0.0, 'grad_norm': 3.1622776985168457, 'learning_rate': 0.0, 'epoch': 0.71}
{'loss': 0.0, 'grad_norm': 3.1622776985168457, 'learning_rate': 0.0, 'epoch': 0.71}
{'loss': 0.0, 'grad_norm': 3.1622776985168457, 'learning_rate': 0.0, 'epoch': 0.71}
{'loss': 0.0, 'grad_norm': 3.1622776985168457, 'learning_rate': 0.0, 'epoch': 0.71}
{'loss': 0.0, 'grad_norm': 3.1622776985168457, 'learning_rate': 0.0, 'epoch': 0.71}
{'loss': 0.0, 'grad_norm': 3.1622776985168457, 'learning_rate': 0.0, 'epoch': 0.71}
{'loss': 0.0, 'grad_norm': 3.1622776985168457, 'learning_rate': 0.0, 'epoch': 0.71}
{'loss': 0.0, 'grad_norm': 3.1622776985168457, 'learning_rate': 0.0, 'epoch': 0.71}
{'loss': 0.0, 'grad_norm': 3.1622776985168457, 'learning_rate': 0.0, 'epoch': 0.71}
{'loss': 0.0, 'grad_norm': 3.1622776985168457, 'learning_rate': 0.0, 'epoch': 0.71}
{'loss': 0.0, 'grad_norm': 3.1622776985168457, 'learning_rate': 0.0, 'epoch': 0.71}
{'loss': 0.0, 'grad_norm': 3.1622776985168457, 'learning_rate': 0.0, 'epoch': 0.71}
{'loss': 0.0, 'grad_norm': 3.1622776985168457, 'learning_rate': 0.0, 'epoch': 0.71}
{'loss': 0.0, 'grad_norm': 3.1622776985168457, 'learning_rate': 0.0, 'epoch': 0.71}
{'loss': 0.0, 'grad_norm': 3.1622776985168457, 'learning_rate': 0.0, 'epoch': 0.71}
{'loss': 0.0, 'grad_norm': 3.1622776985168457, 'learning_rate': 0.0, 'epoch': 0.71}
{'loss': 0.0, 'grad_norm': 3.1622776985168457, 'learning_rate': 0.0, 'epoch': 0.71}
{'loss': 0.0, 'grad_norm': 3.1622776985168457, 'learning_rate': 0.0, 'epoch': 0.71}
{'loss': 0.0, 'grad_norm': 3.1622776985168457, 'learning_rate': 0.0, 'epoch': 0.71}
{'loss': 0.0, 'grad_norm': 3.1622776985168457, 'learning_rate': 0.0, 'epoch': 0.71}
{'loss': 0.0, 'grad_norm': 3.1622776985168457, 'learning_rate': 0.0, 'epoch': 0.71}
{'loss': 0.0, 'grad_norm': 3.1622776985168457, 'learning_rate': 0.0, 'epoch': 0.71}
{'loss': 0.0, 'grad_norm': 3.1622776985168457, 'learning_rate': 0.0, 'epoch': 0.71}
{'loss': 0.0, 'grad_norm': 3.1622776985168457, 'learning_rate': 0.0, 'epoch': 0.71}
{'loss': 0.0, 'grad_norm': 3.1622776985168457, 'learning_rate': 0.0, 'epoch': 0.71}
{'loss': 0.0, 'grad_norm': 3.1622776985168457, 'learning_rate': 0.0, 'epoch': 0.71}
{'loss': 0.0, 'grad_norm': 3.1622776985168457, 'learning_rate': 0.0, 'epoch': 0.71}
{'loss': 0.0, 'grad_norm': 3.1622776985168457, 'learning_rate': 0.0, 'epoch': 0.71}
{'loss': 0.0, 'grad_norm': 3.1622776985168457, 'learning_rate': 0.0, 'epoch': 0.71}
{'loss': 0.0, 'grad_norm': 3.1622776985168457, 'learning_rate': 0.0, 'epoch': 0.71}
{'loss': 0.0, 'grad_norm': 3.1622776985168457, 'learning_rate': 0.0, 'epoch': 0.71}
{'loss': 0.0, 'grad_norm': 3.1622776985168457, 'learning_rate': 0.0, 'epoch': 0.71}
{'loss': 0.0, 'grad_norm': 3.1622776985168457, 'learning_rate': 0.0, 'epoch': 0.71}
{'loss': 0.0, 'grad_norm': 3.1622776985168457, 'learning_rate': 0.0, 'epoch': 0.71}
{'loss': 0.0, 'grad_norm': 3.1622776985168457, 'learning_rate': 0.0, 'epoch': 0.71}
{'loss': 0.0, 'grad_norm': 3.1622776985168457, 'learning_rate': 0.0, 'epoch': 0.71}
{'loss': 0.0, 'grad_norm': 3.1622776985168457, 'learning_rate': 0.0, 'epoch': 0.71}
{'loss': 0.0, 'grad_norm': 3.1622776985168457, 'learning_rate': 0.0, 'epoch': 0.71}
{'loss': 0.0, 'grad_norm': 3.1622776985168457, 'learning_rate': 0.0, 'epoch': 0.71}
{'loss': 0.0, 'grad_norm': 3.1622776985168457, 'learning_rate': 0.0, 'epoch': 0.72}
{'loss': 0.0, 'grad_norm': 3.1622776985168457, 'learning_rate': 0.0, 'epoch': 0.72}
{'loss': 0.0, 'grad_norm': 3.1622776985168457, 'learning_rate': 0.0, 'epoch': 0.72}
{'loss': 0.0, 'grad_norm': 3.1622776985168457, 'learning_rate': 0.0, 'epoch': 0.72}
{'loss': 0.0, 'grad_norm': 3.1622776985168457, 'learning_rate': 0.0, 'epoch': 0.72}
{'loss': 0.0, 'grad_norm': 3.1622776985168457, 'learning_rate': 0.0, 'epoch': 0.72}
{'loss': 0.0, 'grad_norm': 3.1622776985168457, 'learning_rate': 0.0, 'epoch': 0.72}
{'loss': 0.0, 'grad_norm': 3.1622776985168457, 'learning_rate': 0.0, 'epoch': 0.72}
{'loss': 0.0, 'grad_norm': 3.1622776985168457, 'learning_rate': 0.0, 'epoch': 0.72}
{'loss': 0.0, 'grad_norm': 3.1622776985168457, 'learning_rate': 0.0, 'epoch': 0.72}
{'loss': 0.0, 'grad_norm': 3.1622776985168457, 'learning_rate': 0.0, 'epoch': 0.72}
{'loss': 0.0, 'grad_norm': 3.1622776985168457, 'learning_rate': 0.0, 'epoch': 0.72}
{'loss': 0.0, 'grad_norm': 3.1622776985168457, 'learning_rate': 0.0, 'epoch': 0.72}
{'loss': 0.0, 'grad_norm': 3.1622776985168457, 'learning_rate': 0.0, 'epoch': 0.72}
{'loss': 0.0, 'grad_norm': 3.1622776985168457, 'learning_rate': 0.0, 'epoch': 0.72}
{'loss': 0.0, 'grad_norm': 3.1622776985168457, 'learning_rate': 0.0, 'epoch': 0.72}
{'loss': 0.0, 'grad_norm': 3.1622776985168457, 'learning_rate': 0.0, 'epoch': 0.72}
{'loss': 0.0, 'grad_norm': 3.1622776985168457, 'learning_rate': 0.0, 'epoch': 0.72}
{'loss': 0.0, 'grad_norm': 3.1622776985168457, 'learning_rate': 0.0, 'epoch': 0.72}
{'loss': 0.0, 'grad_norm': 3.1622776985168457, 'learning_rate': 0.0, 'epoch': 0.72}
{'loss': 0.0, 'grad_norm': 3.1622776985168457, 'learning_rate': 0.0, 'epoch': 0.72}
{'loss': 0.0, 'grad_norm': 3.1622776985168457, 'learning_rate': 0.0, 'epoch': 0.72}
{'loss': 0.0, 'grad_norm': 3.1622776985168457, 'learning_rate': 0.0, 'epoch': 0.72}
{'loss': 0.0, 'grad_norm': 3.1622776985168457, 'learning_rate': 0.0, 'epoch': 0.72}
{'loss': 0.0, 'grad_norm': 3.1622776985168457, 'learning_rate': 0.0, 'epoch': 0.72}
{'loss': 0.0, 'grad_norm': 3.1622776985168457, 'learning_rate': 0.0, 'epoch': 0.72}
{'loss': 0.0, 'grad_norm': 3.1622776985168457, 'learning_rate': 0.0, 'epoch': 0.72}
{'loss': 0.0, 'grad_norm': 3.1622776985168457, 'learning_rate': 0.0, 'epoch': 0.72}
{'loss': 0.0, 'grad_norm': 3.1622776985168457, 'learning_rate': 0.0, 'epoch': 0.72}
{'loss': 0.0, 'grad_norm': 3.1622776985168457, 'learning_rate': 0.0, 'epoch': 0.72}
{'loss': 0.0, 'grad_norm': 3.1622776985168457, 'learning_rate': 0.0, 'epoch': 0.72}
{'loss': 0.0, 'grad_norm': 3.1622776985168457, 'learning_rate': 0.0, 'epoch': 0.72}
{'loss': 0.0, 'grad_norm': 3.1622776985168457, 'learning_rate': 0.0, 'epoch': 0.72}
{'loss': 0.0, 'grad_norm': 3.1622776985168457, 'learning_rate': 0.0, 'epoch': 0.72}
{'loss': 0.0, 'grad_norm': 3.1622776985168457, 'learning_rate': 0.0, 'epoch': 0.72}
{'loss': 0.0, 'grad_norm': 3.1622776985168457, 'learning_rate': 0.0, 'epoch': 0.72}
{'loss': 0.0, 'grad_norm': 3.1622776985168457, 'learning_rate': 0.0, 'epoch': 0.72}
{'loss': 0.0, 'grad_norm': 3.1622776985168457, 'learning_rate': 0.0, 'epoch': 0.72}
{'loss': 0.0, 'grad_norm': 3.1622776985168457, 'learning_rate': 0.0, 'epoch': 0.72}
{'loss': 0.0, 'grad_norm': 3.1622776985168457, 'learning_rate': 0.0, 'epoch': 0.72}
{'loss': 0.0, 'grad_norm': 3.1622776985168457, 'learning_rate': 0.0, 'epoch': 0.72}
{'loss': 0.0, 'grad_norm': 3.1622776985168457, 'learning_rate': 0.0, 'epoch': 0.72}
{'loss': 0.0, 'grad_norm': 3.1622776985168457, 'learning_rate': 0.0, 'epoch': 0.72}
{'loss': 0.0, 'grad_norm': 3.1622776985168457, 'learning_rate': 0.0, 'epoch': 0.72}
{'loss': 0.0, 'grad_norm': 3.1622776985168457, 'learning_rate': 0.0, 'epoch': 0.72}
{'loss': 0.0, 'grad_norm': 3.1622776985168457, 'learning_rate': 0.0, 'epoch': 0.72}
{'loss': 0.0, 'grad_norm': 3.1622776985168457, 'learning_rate': 0.0, 'epoch': 0.72}
{'loss': 0.0, 'grad_norm': 3.1622776985168457, 'learning_rate': 0.0, 'epoch': 0.72}
{'loss': 0.0, 'grad_norm': 3.1622776985168457, 'learning_rate': 0.0, 'epoch': 0.72}
{'loss': 0.0, 'grad_norm': 3.1622776985168457, 'learning_rate': 0.0, 'epoch': 0.72}
{'loss': 0.0, 'grad_norm': 3.1622776985168457, 'learning_rate': 0.0, 'epoch': 0.72}
{'loss': 0.0, 'grad_norm': 3.1622776985168457, 'learning_rate': 0.0, 'epoch': 0.72}
{'loss': 0.0, 'grad_norm': 3.1622776985168457, 'learning_rate': 0.0, 'epoch': 0.73}
{'loss': 0.0, 'grad_norm': 3.1622776985168457, 'learning_rate': 0.0, 'epoch': 0.73}
{'loss': 0.0, 'grad_norm': 3.1622776985168457, 'learning_rate': 0.0, 'epoch': 0.73}
{'loss': 0.0, 'grad_norm': 3.1622776985168457, 'learning_rate': 0.0, 'epoch': 0.73}
{'loss': 0.0, 'grad_norm': 3.1622776985168457, 'learning_rate': 0.0, 'epoch': 0.73}
{'loss': 0.0, 'grad_norm': 3.1622776985168457, 'learning_rate': 0.0, 'epoch': 0.73}
{'loss': 0.0, 'grad_norm': 3.1622776985168457, 'learning_rate': 0.0, 'epoch': 0.73}
{'loss': 0.0, 'grad_norm': 3.1622776985168457, 'learning_rate': 0.0, 'epoch': 0.73}
{'loss': 0.0, 'grad_norm': 3.1622776985168457, 'learning_rate': 0.0, 'epoch': 0.73}
{'loss': 0.0, 'grad_norm': 3.1622776985168457, 'learning_rate': 0.0, 'epoch': 0.73}
{'loss': 0.0, 'grad_norm': 3.1622776985168457, 'learning_rate': 0.0, 'epoch': 0.73}
{'loss': 0.0, 'grad_norm': 3.1622776985168457, 'learning_rate': 0.0, 'epoch': 0.73}
{'loss': 0.0, 'grad_norm': 3.1622776985168457, 'learning_rate': 0.0, 'epoch': 0.73}
{'loss': 0.0, 'grad_norm': 3.1622776985168457, 'learning_rate': 0.0, 'epoch': 0.73}
{'loss': 0.0, 'grad_norm': 3.1622776985168457, 'learning_rate': 0.0, 'epoch': 0.73}
{'loss': 0.0, 'grad_norm': 3.1622776985168457, 'learning_rate': 0.0, 'epoch': 0.73}
{'loss': 0.0, 'grad_norm': 3.1622776985168457, 'learning_rate': 0.0, 'epoch': 0.73}
{'loss': 0.0, 'grad_norm': 3.1622776985168457, 'learning_rate': 0.0, 'epoch': 0.73}
{'loss': 0.0, 'grad_norm': 3.1622776985168457, 'learning_rate': 0.0, 'epoch': 0.73}
{'loss': 0.0, 'grad_norm': 3.1622776985168457, 'learning_rate': 0.0, 'epoch': 0.73}
{'loss': 0.0, 'grad_norm': 3.1622776985168457, 'learning_rate': 0.0, 'epoch': 0.73}
{'loss': 0.0, 'grad_norm': 3.1622776985168457, 'learning_rate': 0.0, 'epoch': 0.73}
{'loss': 0.0, 'grad_norm': 3.1622776985168457, 'learning_rate': 0.0, 'epoch': 0.73}
{'loss': 0.0, 'grad_norm': 3.1622776985168457, 'learning_rate': 0.0, 'epoch': 0.73}
{'loss': 0.0, 'grad_norm': 3.1622776985168457, 'learning_rate': 0.0, 'epoch': 0.73}
{'loss': 0.0, 'grad_norm': 3.1622776985168457, 'learning_rate': 0.0, 'epoch': 0.73}
{'loss': 0.0, 'grad_norm': 3.1622776985168457, 'learning_rate': 0.0, 'epoch': 0.73}
{'loss': 0.0, 'grad_norm': 3.1622776985168457, 'learning_rate': 0.0, 'epoch': 0.73}
{'loss': 0.0, 'grad_norm': 3.1622776985168457, 'learning_rate': 0.0, 'epoch': 0.73}
{'loss': 0.0, 'grad_norm': 3.1622776985168457, 'learning_rate': 0.0, 'epoch': 0.73}
{'loss': 0.0, 'grad_norm': 3.1622776985168457, 'learning_rate': 0.0, 'epoch': 0.73}
{'loss': 0.0, 'grad_norm': 3.1622776985168457, 'learning_rate': 0.0, 'epoch': 0.73}
{'loss': 0.0, 'grad_norm': 3.1622776985168457, 'learning_rate': 0.0, 'epoch': 0.73}
{'loss': 0.0, 'grad_norm': 3.1622776985168457, 'learning_rate': 0.0, 'epoch': 0.73}
{'loss': 0.0, 'grad_norm': 3.1622776985168457, 'learning_rate': 0.0, 'epoch': 0.73}
{'loss': 0.0, 'grad_norm': 3.1622776985168457, 'learning_rate': 0.0, 'epoch': 0.73}
{'loss': 0.0, 'grad_norm': 3.1622776985168457, 'learning_rate': 0.0, 'epoch': 0.73}
{'loss': 0.0, 'grad_norm': 3.1622776985168457, 'learning_rate': 0.0, 'epoch': 0.73}
{'loss': 0.0, 'grad_norm': 3.1622776985168457, 'learning_rate': 0.0, 'epoch': 0.73}
{'loss': 0.0, 'grad_norm': 3.1622776985168457, 'learning_rate': 0.0, 'epoch': 0.73}
{'loss': 0.0, 'grad_norm': 3.1622776985168457, 'learning_rate': 0.0, 'epoch': 0.73}
{'loss': 0.0, 'grad_norm': 3.1622776985168457, 'learning_rate': 0.0, 'epoch': 0.73}
{'loss': 0.0, 'grad_norm': 3.1622776985168457, 'learning_rate': 0.0, 'epoch': 0.73}
{'loss': 0.0, 'grad_norm': 3.1622776985168457, 'learning_rate': 0.0, 'epoch': 0.73}
{'loss': 0.0, 'grad_norm': 3.1622776985168457, 'learning_rate': 0.0, 'epoch': 0.73}
{'loss': 0.0, 'grad_norm': 3.1622776985168457, 'learning_rate': 0.0, 'epoch': 0.73}
{'loss': 0.0, 'grad_norm': 3.1622776985168457, 'learning_rate': 0.0, 'epoch': 0.73}
{'loss': 0.0, 'grad_norm': 3.1622776985168457, 'learning_rate': 0.0, 'epoch': 0.73}
{'loss': 0.0, 'grad_norm': 3.1622776985168457, 'learning_rate': 0.0, 'epoch': 0.73}
{'loss': 0.0, 'grad_norm': 3.1622776985168457, 'learning_rate': 0.0, 'epoch': 0.73}
{'loss': 0.0, 'grad_norm': 3.1622776985168457, 'learning_rate': 0.0, 'epoch': 0.73}
{'loss': 0.0, 'grad_norm': 3.1622776985168457, 'learning_rate': 0.0, 'epoch': 0.73}
{'loss': 0.0, 'grad_norm': 3.1622776985168457, 'learning_rate': 0.0, 'epoch': 0.74}
{'loss': 0.0, 'grad_norm': 3.1622776985168457, 'learning_rate': 0.0, 'epoch': 0.74}
{'loss': 0.0, 'grad_norm': 3.1622776985168457, 'learning_rate': 0.0, 'epoch': 0.74}
{'loss': 0.0, 'grad_norm': 3.1622776985168457, 'learning_rate': 0.0, 'epoch': 0.74}
{'loss': 0.0, 'grad_norm': 3.1622776985168457, 'learning_rate': 0.0, 'epoch': 0.74}
{'loss': 0.0, 'grad_norm': 3.1622776985168457, 'learning_rate': 0.0, 'epoch': 0.74}
{'loss': 0.0, 'grad_norm': 3.1622776985168457, 'learning_rate': 0.0, 'epoch': 0.74}
{'loss': 0.0, 'grad_norm': 3.1622776985168457, 'learning_rate': 0.0, 'epoch': 0.74}
{'loss': 0.0, 'grad_norm': 3.1622776985168457, 'learning_rate': 0.0, 'epoch': 0.74}
{'loss': 0.0, 'grad_norm': 3.1622776985168457, 'learning_rate': 0.0, 'epoch': 0.74}
{'loss': 0.0, 'grad_norm': 3.1622776985168457, 'learning_rate': 0.0, 'epoch': 0.74}
{'loss': 0.0, 'grad_norm': 3.1622776985168457, 'learning_rate': 0.0, 'epoch': 0.74}
{'loss': 0.0, 'grad_norm': 3.1622776985168457, 'learning_rate': 0.0, 'epoch': 0.74}
{'loss': 0.0, 'grad_norm': 3.1622776985168457, 'learning_rate': 0.0, 'epoch': 0.74}
{'loss': 0.0, 'grad_norm': 3.1622776985168457, 'learning_rate': 0.0, 'epoch': 0.74}
{'loss': 0.0, 'grad_norm': 3.1622776985168457, 'learning_rate': 0.0, 'epoch': 0.74}
{'loss': 0.0, 'grad_norm': 3.1622776985168457, 'learning_rate': 0.0, 'epoch': 0.74}
{'loss': 0.0, 'grad_norm': 3.1622776985168457, 'learning_rate': 0.0, 'epoch': 0.74}
{'loss': 0.0, 'grad_norm': 3.1622776985168457, 'learning_rate': 0.0, 'epoch': 0.74}
{'loss': 0.0, 'grad_norm': 3.1622776985168457, 'learning_rate': 0.0, 'epoch': 0.74}
{'loss': 0.0, 'grad_norm': 3.1622776985168457, 'learning_rate': 0.0, 'epoch': 0.74}
{'loss': 0.0, 'grad_norm': 3.1622776985168457, 'learning_rate': 0.0, 'epoch': 0.74}
{'loss': 0.0, 'grad_norm': 3.1622776985168457, 'learning_rate': 0.0, 'epoch': 0.74}
{'loss': 0.0, 'grad_norm': 3.1622776985168457, 'learning_rate': 0.0, 'epoch': 0.74}
{'loss': 0.0, 'grad_norm': 3.1622776985168457, 'learning_rate': 0.0, 'epoch': 0.74}
{'loss': 0.0, 'grad_norm': 3.1622776985168457, 'learning_rate': 0.0, 'epoch': 0.74}
{'loss': 0.0, 'grad_norm': 3.1622776985168457, 'learning_rate': 0.0, 'epoch': 0.74}
{'loss': 0.0, 'grad_norm': 3.1622776985168457, 'learning_rate': 0.0, 'epoch': 0.74}
{'loss': 0.0, 'grad_norm': 3.1622776985168457, 'learning_rate': 0.0, 'epoch': 0.74}
{'loss': 0.0, 'grad_norm': 3.1622776985168457, 'learning_rate': 0.0, 'epoch': 0.74}
{'loss': 0.0, 'grad_norm': 3.1622776985168457, 'learning_rate': 0.0, 'epoch': 0.74}
{'loss': 0.0, 'grad_norm': 3.1622776985168457, 'learning_rate': 0.0, 'epoch': 0.74}
{'loss': 0.0, 'grad_norm': 3.1622776985168457, 'learning_rate': 0.0, 'epoch': 0.74}
{'loss': 0.0, 'grad_norm': 3.1622776985168457, 'learning_rate': 0.0, 'epoch': 0.74}
{'loss': 0.0, 'grad_norm': 3.1622776985168457, 'learning_rate': 0.0, 'epoch': 0.74}
{'loss': 0.0, 'grad_norm': 3.1622776985168457, 'learning_rate': 0.0, 'epoch': 0.74}
{'loss': 0.0, 'grad_norm': 3.1622776985168457, 'learning_rate': 0.0, 'epoch': 0.74}
{'loss': 0.0, 'grad_norm': 3.1622776985168457, 'learning_rate': 0.0, 'epoch': 0.74}
{'loss': 0.0, 'grad_norm': 3.1622776985168457, 'learning_rate': 0.0, 'epoch': 0.74}
{'loss': 0.0, 'grad_norm': 3.1622776985168457, 'learning_rate': 0.0, 'epoch': 0.74}
{'loss': 0.0, 'grad_norm': 3.1622776985168457, 'learning_rate': 0.0, 'epoch': 0.74}
{'loss': 0.0, 'grad_norm': 3.1622776985168457, 'learning_rate': 0.0, 'epoch': 0.74}
{'loss': 0.0, 'grad_norm': 3.1622776985168457, 'learning_rate': 0.0, 'epoch': 0.74}
{'loss': 0.0, 'grad_norm': 3.1622776985168457, 'learning_rate': 0.0, 'epoch': 0.74}
{'loss': 0.0, 'grad_norm': 3.1622776985168457, 'learning_rate': 0.0, 'epoch': 0.74}
{'loss': 0.0, 'grad_norm': 3.1622776985168457, 'learning_rate': 0.0, 'epoch': 0.74}
{'loss': 0.0, 'grad_norm': 3.1622776985168457, 'learning_rate': 0.0, 'epoch': 0.74}
{'loss': 0.0, 'grad_norm': 3.1622776985168457, 'learning_rate': 0.0, 'epoch': 0.74}
{'loss': 0.0, 'grad_norm': 3.1622776985168457, 'learning_rate': 0.0, 'epoch': 0.74}
{'loss': 0.0, 'grad_norm': 3.1622776985168457, 'learning_rate': 0.0, 'epoch': 0.74}
{'loss': 0.0, 'grad_norm': 3.1622776985168457, 'learning_rate': 0.0, 'epoch': 0.74}
{'loss': 0.0, 'grad_norm': 3.1622776985168457, 'learning_rate': 0.0, 'epoch': 0.74}
{'loss': 0.0, 'grad_norm': 3.1622776985168457, 'learning_rate': 0.0, 'epoch': 0.75}
{'loss': 0.0, 'grad_norm': 3.1622776985168457, 'learning_rate': 0.0, 'epoch': 0.75}
{'loss': 0.0, 'grad_norm': 3.1622776985168457, 'learning_rate': 0.0, 'epoch': 0.75}
{'loss': 0.0, 'grad_norm': 3.1622776985168457, 'learning_rate': 0.0, 'epoch': 0.75}
{'loss': 0.0, 'grad_norm': 3.1622776985168457, 'learning_rate': 0.0, 'epoch': 0.75}
{'loss': 0.0, 'grad_norm': 3.1622776985168457, 'learning_rate': 0.0, 'epoch': 0.75}
{'loss': 0.0, 'grad_norm': 3.1622776985168457, 'learning_rate': 0.0, 'epoch': 0.75}
{'loss': 0.0, 'grad_norm': 3.1622776985168457, 'learning_rate': 0.0, 'epoch': 0.75}
{'loss': 0.0, 'grad_norm': 3.1622776985168457, 'learning_rate': 0.0, 'epoch': 0.75}
{'loss': 0.0, 'grad_norm': 3.1622776985168457, 'learning_rate': 0.0, 'epoch': 0.75}
{'loss': 0.0, 'grad_norm': 3.1622776985168457, 'learning_rate': 0.0, 'epoch': 0.75}
{'loss': 0.0, 'grad_norm': 3.1622776985168457, 'learning_rate': 0.0, 'epoch': 0.75}
{'loss': 0.0, 'grad_norm': 3.1622776985168457, 'learning_rate': 0.0, 'epoch': 0.75}
{'loss': 0.0, 'grad_norm': 3.1622776985168457, 'learning_rate': 0.0, 'epoch': 0.75}
{'loss': 0.0, 'grad_norm': 3.1622776985168457, 'learning_rate': 0.0, 'epoch': 0.75}
{'loss': 0.0, 'grad_norm': 3.1622776985168457, 'learning_rate': 0.0, 'epoch': 0.75}
{'loss': 0.0, 'grad_norm': 3.1622776985168457, 'learning_rate': 0.0, 'epoch': 0.75}
{'loss': 0.0, 'grad_norm': 3.1622776985168457, 'learning_rate': 0.0, 'epoch': 0.75}
{'loss': 0.0, 'grad_norm': 3.1622776985168457, 'learning_rate': 0.0, 'epoch': 0.75}
{'loss': 0.0, 'grad_norm': 3.1622776985168457, 'learning_rate': 0.0, 'epoch': 0.75}
{'loss': 0.0, 'grad_norm': 3.1622776985168457, 'learning_rate': 0.0, 'epoch': 0.75}
{'loss': 0.0, 'grad_norm': 3.1622776985168457, 'learning_rate': 0.0, 'epoch': 0.75}
{'loss': 0.0, 'grad_norm': 3.1622776985168457, 'learning_rate': 0.0, 'epoch': 0.75}
{'loss': 0.0, 'grad_norm': 3.1622776985168457, 'learning_rate': 0.0, 'epoch': 0.75}
{'loss': 0.0, 'grad_norm': 3.1622776985168457, 'learning_rate': 0.0, 'epoch': 0.75}
{'loss': 0.0, 'grad_norm': 3.1622776985168457, 'learning_rate': 0.0, 'epoch': 0.75}
{'loss': 0.0, 'grad_norm': 3.1622776985168457, 'learning_rate': 0.0, 'epoch': 0.75}
{'loss': 0.0, 'grad_norm': 3.1622776985168457, 'learning_rate': 0.0, 'epoch': 0.75}
{'loss': 0.0, 'grad_norm': 3.1622776985168457, 'learning_rate': 0.0, 'epoch': 0.75}
{'loss': 0.0, 'grad_norm': 3.1622776985168457, 'learning_rate': 0.0, 'epoch': 0.75}
{'loss': 0.0, 'grad_norm': 3.1622776985168457, 'learning_rate': 0.0, 'epoch': 0.75}
{'loss': 0.0, 'grad_norm': 3.1622776985168457, 'learning_rate': 0.0, 'epoch': 0.75}
{'loss': 0.0, 'grad_norm': 3.1622776985168457, 'learning_rate': 0.0, 'epoch': 0.75}
{'loss': 0.0, 'grad_norm': 3.1622776985168457, 'learning_rate': 0.0, 'epoch': 0.75}
{'loss': 0.0, 'grad_norm': 3.1622776985168457, 'learning_rate': 0.0, 'epoch': 0.75}
{'loss': 0.0, 'grad_norm': 3.1622776985168457, 'learning_rate': 0.0, 'epoch': 0.75}
{'loss': 0.0, 'grad_norm': 3.1622776985168457, 'learning_rate': 0.0, 'epoch': 0.75}
{'loss': 0.0, 'grad_norm': 3.1622776985168457, 'learning_rate': 0.0, 'epoch': 0.75}
{'loss': 0.0, 'grad_norm': 3.1622776985168457, 'learning_rate': 0.0, 'epoch': 0.75}
{'loss': 0.0, 'grad_norm': 3.1622776985168457, 'learning_rate': 0.0, 'epoch': 0.75}
{'loss': 0.0, 'grad_norm': 3.1622776985168457, 'learning_rate': 0.0, 'epoch': 0.75}
{'loss': 0.0, 'grad_norm': 3.1622776985168457, 'learning_rate': 0.0, 'epoch': 0.75}
{'loss': 0.0, 'grad_norm': 3.1622776985168457, 'learning_rate': 0.0, 'epoch': 0.75}
{'loss': 0.0, 'grad_norm': 3.1622776985168457, 'learning_rate': 0.0, 'epoch': 0.75}
{'loss': 0.0, 'grad_norm': 3.1622776985168457, 'learning_rate': 0.0, 'epoch': 0.75}
{'loss': 0.0, 'grad_norm': 3.1622776985168457, 'learning_rate': 0.0, 'epoch': 0.75}
{'loss': 0.0, 'grad_norm': 3.1622776985168457, 'learning_rate': 0.0, 'epoch': 0.75}
{'loss': 0.0, 'grad_norm': 3.1622776985168457, 'learning_rate': 0.0, 'epoch': 0.75}
{'loss': 0.0, 'grad_norm': 3.1622776985168457, 'learning_rate': 0.0, 'epoch': 0.75}
{'loss': 0.0, 'grad_norm': 3.1622776985168457, 'learning_rate': 0.0, 'epoch': 0.75}
{'loss': 0.0, 'grad_norm': 3.1622776985168457, 'learning_rate': 0.0, 'epoch': 0.75}
{'loss': 0.0, 'grad_norm': 3.1622776985168457, 'learning_rate': 0.0, 'epoch': 0.75}
{'loss': 0.0, 'grad_norm': 3.1622776985168457, 'learning_rate': 0.0, 'epoch': 0.76}
{'loss': 0.0, 'grad_norm': 3.1622776985168457, 'learning_rate': 0.0, 'epoch': 0.76}
{'loss': 0.0, 'grad_norm': 3.1622776985168457, 'learning_rate': 0.0, 'epoch': 0.76}
{'loss': 0.0, 'grad_norm': 3.1622776985168457, 'learning_rate': 0.0, 'epoch': 0.76}
{'loss': 0.0, 'grad_norm': 3.1622776985168457, 'learning_rate': 0.0, 'epoch': 0.76}
{'loss': 0.0, 'grad_norm': 3.1622776985168457, 'learning_rate': 0.0, 'epoch': 0.76}
{'loss': 0.0, 'grad_norm': 3.1622776985168457, 'learning_rate': 0.0, 'epoch': 0.76}
{'loss': 0.0, 'grad_norm': 3.1622776985168457, 'learning_rate': 0.0, 'epoch': 0.76}
{'loss': 0.0, 'grad_norm': 3.1622776985168457, 'learning_rate': 0.0, 'epoch': 0.76}
{'loss': 0.0, 'grad_norm': 3.1622776985168457, 'learning_rate': 0.0, 'epoch': 0.76}
{'loss': 0.0, 'grad_norm': 3.1622776985168457, 'learning_rate': 0.0, 'epoch': 0.76}
{'loss': 0.0, 'grad_norm': 3.1622776985168457, 'learning_rate': 0.0, 'epoch': 0.76}
{'loss': 0.0, 'grad_norm': 3.1622776985168457, 'learning_rate': 0.0, 'epoch': 0.76}
{'loss': 0.0, 'grad_norm': 3.1622776985168457, 'learning_rate': 0.0, 'epoch': 0.76}
{'loss': 0.0, 'grad_norm': 3.1622776985168457, 'learning_rate': 0.0, 'epoch': 0.76}
{'loss': 0.0, 'grad_norm': 3.1622776985168457, 'learning_rate': 0.0, 'epoch': 0.76}
{'loss': 0.0, 'grad_norm': 3.1622776985168457, 'learning_rate': 0.0, 'epoch': 0.76}
{'loss': 0.0, 'grad_norm': 3.1622776985168457, 'learning_rate': 0.0, 'epoch': 0.76}
{'loss': 0.0, 'grad_norm': 3.1622776985168457, 'learning_rate': 0.0, 'epoch': 0.76}
{'loss': 0.0, 'grad_norm': 3.1622776985168457, 'learning_rate': 0.0, 'epoch': 0.76}
{'loss': 0.0, 'grad_norm': 3.1622776985168457, 'learning_rate': 0.0, 'epoch': 0.76}
{'loss': 0.0, 'grad_norm': 3.1622776985168457, 'learning_rate': 0.0, 'epoch': 0.76}
{'loss': 0.0, 'grad_norm': 3.1622776985168457, 'learning_rate': 0.0, 'epoch': 0.76}
{'loss': 0.0, 'grad_norm': 3.1622776985168457, 'learning_rate': 0.0, 'epoch': 0.76}
{'loss': 0.0, 'grad_norm': 3.1622776985168457, 'learning_rate': 0.0, 'epoch': 0.76}
{'loss': 0.0, 'grad_norm': 3.1622776985168457, 'learning_rate': 0.0, 'epoch': 0.76}
{'loss': 0.0, 'grad_norm': 3.1622776985168457, 'learning_rate': 0.0, 'epoch': 0.76}
{'loss': 0.0, 'grad_norm': 3.1622776985168457, 'learning_rate': 0.0, 'epoch': 0.76}
{'loss': 0.0, 'grad_norm': 3.1622776985168457, 'learning_rate': 0.0, 'epoch': 0.76}
{'loss': 0.0, 'grad_norm': 3.1622776985168457, 'learning_rate': 0.0, 'epoch': 0.76}
{'loss': 0.0, 'grad_norm': 3.1622776985168457, 'learning_rate': 0.0, 'epoch': 0.76}
{'loss': 0.0, 'grad_norm': 3.1622776985168457, 'learning_rate': 0.0, 'epoch': 0.76}
{'loss': 0.0, 'grad_norm': 3.1622776985168457, 'learning_rate': 0.0, 'epoch': 0.76}
{'loss': 0.0, 'grad_norm': 3.1622776985168457, 'learning_rate': 0.0, 'epoch': 0.76}
{'loss': 0.0, 'grad_norm': 3.1622776985168457, 'learning_rate': 0.0, 'epoch': 0.76}
{'loss': 0.0, 'grad_norm': 3.1622776985168457, 'learning_rate': 0.0, 'epoch': 0.76}
{'loss': 0.0, 'grad_norm': 3.1622776985168457, 'learning_rate': 0.0, 'epoch': 0.76}
{'loss': 0.0, 'grad_norm': 3.1622776985168457, 'learning_rate': 0.0, 'epoch': 0.76}
{'loss': 0.0, 'grad_norm': 3.1622776985168457, 'learning_rate': 0.0, 'epoch': 0.76}
{'loss': 0.0, 'grad_norm': 3.1622776985168457, 'learning_rate': 0.0, 'epoch': 0.76}
{'loss': 0.0, 'grad_norm': 3.1622776985168457, 'learning_rate': 0.0, 'epoch': 0.76}
{'loss': 0.0, 'grad_norm': 3.1622776985168457, 'learning_rate': 0.0, 'epoch': 0.76}
{'loss': 0.0, 'grad_norm': 3.1622776985168457, 'learning_rate': 0.0, 'epoch': 0.76}
{'loss': 0.0, 'grad_norm': 3.1622776985168457, 'learning_rate': 0.0, 'epoch': 0.76}
WARNING: tokenization mismatch: 0 vs. 62. (ignored)
{'loss': 0.0, 'grad_norm': 3.1622776985168457, 'learning_rate': 0.0, 'epoch': 0.76}
{'loss': 0.0, 'grad_norm': 3.1622776985168457, 'learning_rate': 0.0, 'epoch': 0.76}
{'loss': 0.0, 'grad_norm': 3.1622776985168457, 'learning_rate': 0.0, 'epoch': 0.76}
{'loss': 0.0, 'grad_norm': 3.1622776985168457, 'learning_rate': 0.0, 'epoch': 0.76}
{'loss': 0.0, 'grad_norm': 3.1622776985168457, 'learning_rate': 0.0, 'epoch': 0.76}
{'loss': 0.0, 'grad_norm': 3.1622776985168457, 'learning_rate': 0.0, 'epoch': 0.76}
{'loss': 0.0, 'grad_norm': 3.1622776985168457, 'learning_rate': 0.0, 'epoch': 0.76}
{'loss': 0.0, 'grad_norm': 3.1622776985168457, 'learning_rate': 0.0, 'epoch': 0.76}
{'loss': 0.0, 'grad_norm': 3.1622776985168457, 'learning_rate': 0.0, 'epoch': 0.77}
{'loss': 0.0, 'grad_norm': 3.1622776985168457, 'learning_rate': 0.0, 'epoch': 0.77}
{'loss': 0.0, 'grad_norm': 3.1622776985168457, 'learning_rate': 0.0, 'epoch': 0.77}
{'loss': 0.0, 'grad_norm': 3.1622776985168457, 'learning_rate': 0.0, 'epoch': 0.77}
{'loss': 0.0, 'grad_norm': 3.1622776985168457, 'learning_rate': 0.0, 'epoch': 0.77}
{'loss': 0.0, 'grad_norm': 3.1622776985168457, 'learning_rate': 0.0, 'epoch': 0.77}
{'loss': 0.0, 'grad_norm': 3.1622776985168457, 'learning_rate': 0.0, 'epoch': 0.77}
{'loss': 0.0, 'grad_norm': 3.1622776985168457, 'learning_rate': 0.0, 'epoch': 0.77}
{'loss': 0.0, 'grad_norm': 3.1622776985168457, 'learning_rate': 0.0, 'epoch': 0.77}
{'loss': 0.0, 'grad_norm': 3.1622776985168457, 'learning_rate': 0.0, 'epoch': 0.77}
{'loss': 0.0, 'grad_norm': 3.1622776985168457, 'learning_rate': 0.0, 'epoch': 0.77}
{'loss': 0.0, 'grad_norm': 3.1622776985168457, 'learning_rate': 0.0, 'epoch': 0.77}
{'loss': 0.0, 'grad_norm': 3.1622776985168457, 'learning_rate': 0.0, 'epoch': 0.77}
{'loss': 0.0, 'grad_norm': 3.1622776985168457, 'learning_rate': 0.0, 'epoch': 0.77}
{'loss': 0.0, 'grad_norm': 3.1622776985168457, 'learning_rate': 0.0, 'epoch': 0.77}
{'loss': 0.0, 'grad_norm': 3.1622776985168457, 'learning_rate': 0.0, 'epoch': 0.77}
{'loss': 0.0, 'grad_norm': 3.1622776985168457, 'learning_rate': 0.0, 'epoch': 0.77}
{'loss': 0.0, 'grad_norm': 3.1622776985168457, 'learning_rate': 0.0, 'epoch': 0.77}
{'loss': 0.0, 'grad_norm': 3.1622776985168457, 'learning_rate': 0.0, 'epoch': 0.77}
{'loss': 0.0, 'grad_norm': 3.1622776985168457, 'learning_rate': 0.0, 'epoch': 0.77}
{'loss': 0.0, 'grad_norm': 3.1622776985168457, 'learning_rate': 0.0, 'epoch': 0.77}
{'loss': 0.0, 'grad_norm': 3.1622776985168457, 'learning_rate': 0.0, 'epoch': 0.77}
{'loss': 0.0, 'grad_norm': 3.1622776985168457, 'learning_rate': 0.0, 'epoch': 0.77}
{'loss': 0.0, 'grad_norm': 3.1622776985168457, 'learning_rate': 0.0, 'epoch': 0.77}
{'loss': 0.0, 'grad_norm': 3.1622776985168457, 'learning_rate': 0.0, 'epoch': 0.77}
{'loss': 0.0, 'grad_norm': 3.1622776985168457, 'learning_rate': 0.0, 'epoch': 0.77}
{'loss': 0.0, 'grad_norm': 3.1622776985168457, 'learning_rate': 0.0, 'epoch': 0.77}
{'loss': 0.0, 'grad_norm': 3.1622776985168457, 'learning_rate': 0.0, 'epoch': 0.77}
{'loss': 0.0, 'grad_norm': 3.1622776985168457, 'learning_rate': 0.0, 'epoch': 0.77}
{'loss': 0.0, 'grad_norm': 3.1622776985168457, 'learning_rate': 0.0, 'epoch': 0.77}
{'loss': 0.0, 'grad_norm': 3.1622776985168457, 'learning_rate': 0.0, 'epoch': 0.77}
{'loss': 0.0, 'grad_norm': 3.1622776985168457, 'learning_rate': 0.0, 'epoch': 0.77}
{'loss': 0.0, 'grad_norm': 3.1622776985168457, 'learning_rate': 0.0, 'epoch': 0.77}
{'loss': 0.0, 'grad_norm': 3.1622776985168457, 'learning_rate': 0.0, 'epoch': 0.77}
{'loss': 0.0, 'grad_norm': 3.1622776985168457, 'learning_rate': 0.0, 'epoch': 0.77}
{'loss': 0.0, 'grad_norm': 3.1622776985168457, 'learning_rate': 0.0, 'epoch': 0.77}
{'loss': 0.0, 'grad_norm': 3.1622776985168457, 'learning_rate': 0.0, 'epoch': 0.77}
{'loss': 0.0, 'grad_norm': 3.1622776985168457, 'learning_rate': 0.0, 'epoch': 0.77}
{'loss': 0.0, 'grad_norm': 3.1622776985168457, 'learning_rate': 0.0, 'epoch': 0.77}
{'loss': 0.0, 'grad_norm': 3.1622776985168457, 'learning_rate': 0.0, 'epoch': 0.77}
{'loss': 0.0, 'grad_norm': 3.1622776985168457, 'learning_rate': 0.0, 'epoch': 0.77}
{'loss': 0.0, 'grad_norm': 3.1622776985168457, 'learning_rate': 0.0, 'epoch': 0.77}
{'loss': 0.0, 'grad_norm': 3.1622776985168457, 'learning_rate': 0.0, 'epoch': 0.77}
{'loss': 0.0, 'grad_norm': 3.1622776985168457, 'learning_rate': 0.0, 'epoch': 0.77}
{'loss': 0.0, 'grad_norm': 3.1622776985168457, 'learning_rate': 0.0, 'epoch': 0.77}
{'loss': 0.0, 'grad_norm': 3.1622776985168457, 'learning_rate': 0.0, 'epoch': 0.77}
{'loss': 0.0, 'grad_norm': 3.1622776985168457, 'learning_rate': 0.0, 'epoch': 0.77}
{'loss': 0.0, 'grad_norm': 3.1622776985168457, 'learning_rate': 0.0, 'epoch': 0.77}
{'loss': 0.0, 'grad_norm': 3.1622776985168457, 'learning_rate': 0.0, 'epoch': 0.77}
{'loss': 0.0, 'grad_norm': 3.1622776985168457, 'learning_rate': 0.0, 'epoch': 0.77}
{'loss': 0.0, 'grad_norm': 3.1622776985168457, 'learning_rate': 0.0, 'epoch': 0.77}
{'loss': 0.0, 'grad_norm': 3.1622776985168457, 'learning_rate': 0.0, 'epoch': 0.77}
{'loss': 0.0, 'grad_norm': 3.1622776985168457, 'learning_rate': 0.0, 'epoch': 0.78}
{'loss': 0.0, 'grad_norm': 3.1622776985168457, 'learning_rate': 0.0, 'epoch': 0.78}
{'loss': 0.0, 'grad_norm': 3.1622776985168457, 'learning_rate': 0.0, 'epoch': 0.78}
{'loss': 0.0, 'grad_norm': 3.1622776985168457, 'learning_rate': 0.0, 'epoch': 0.78}
{'loss': 0.0, 'grad_norm': 3.1622776985168457, 'learning_rate': 0.0, 'epoch': 0.78}
{'loss': 0.0, 'grad_norm': 3.1622776985168457, 'learning_rate': 0.0, 'epoch': 0.78}
{'loss': 0.0, 'grad_norm': 3.1622776985168457, 'learning_rate': 0.0, 'epoch': 0.78}
{'loss': 0.0, 'grad_norm': 3.1622776985168457, 'learning_rate': 0.0, 'epoch': 0.78}
{'loss': 0.0, 'grad_norm': 3.1622776985168457, 'learning_rate': 0.0, 'epoch': 0.78}
{'loss': 0.0, 'grad_norm': 3.1622776985168457, 'learning_rate': 0.0, 'epoch': 0.78}
{'loss': 0.0, 'grad_norm': 3.1622776985168457, 'learning_rate': 0.0, 'epoch': 0.78}
{'loss': 0.0, 'grad_norm': 3.1622776985168457, 'learning_rate': 0.0, 'epoch': 0.78}
{'loss': 0.0, 'grad_norm': 3.1622776985168457, 'learning_rate': 0.0, 'epoch': 0.78}
{'loss': 0.0, 'grad_norm': 3.1622776985168457, 'learning_rate': 0.0, 'epoch': 0.78}
{'loss': 0.0, 'grad_norm': 3.1622776985168457, 'learning_rate': 0.0, 'epoch': 0.78}
{'loss': 0.0, 'grad_norm': 3.1622776985168457, 'learning_rate': 0.0, 'epoch': 0.78}
{'loss': 0.0, 'grad_norm': 3.1622776985168457, 'learning_rate': 0.0, 'epoch': 0.78}
{'loss': 0.0, 'grad_norm': 3.1622776985168457, 'learning_rate': 0.0, 'epoch': 0.78}
{'loss': 0.0, 'grad_norm': 3.1622776985168457, 'learning_rate': 0.0, 'epoch': 0.78}
{'loss': 0.0, 'grad_norm': 3.1622776985168457, 'learning_rate': 0.0, 'epoch': 0.78}
{'loss': 0.0, 'grad_norm': 3.1622776985168457, 'learning_rate': 0.0, 'epoch': 0.78}
{'loss': 0.0, 'grad_norm': 3.1622776985168457, 'learning_rate': 0.0, 'epoch': 0.78}
{'loss': 0.0, 'grad_norm': 3.1622776985168457, 'learning_rate': 0.0, 'epoch': 0.78}
{'loss': 0.0, 'grad_norm': 3.1622776985168457, 'learning_rate': 0.0, 'epoch': 0.78}
{'loss': 0.0, 'grad_norm': 3.1622776985168457, 'learning_rate': 0.0, 'epoch': 0.78}
{'loss': 0.0, 'grad_norm': 3.1622776985168457, 'learning_rate': 0.0, 'epoch': 0.78}
{'loss': 0.0, 'grad_norm': 3.1622776985168457, 'learning_rate': 0.0, 'epoch': 0.78}
{'loss': 0.0, 'grad_norm': 3.1622776985168457, 'learning_rate': 0.0, 'epoch': 0.78}
{'loss': 0.0, 'grad_norm': 3.1622776985168457, 'learning_rate': 0.0, 'epoch': 0.78}
{'loss': 0.0, 'grad_norm': 3.1622776985168457, 'learning_rate': 0.0, 'epoch': 0.78}
{'loss': 0.0, 'grad_norm': 3.1622776985168457, 'learning_rate': 0.0, 'epoch': 0.78}
{'loss': 0.0, 'grad_norm': 3.1622776985168457, 'learning_rate': 0.0, 'epoch': 0.78}
{'loss': 0.0, 'grad_norm': 3.1622776985168457, 'learning_rate': 0.0, 'epoch': 0.78}
{'loss': 0.0, 'grad_norm': 3.1622776985168457, 'learning_rate': 0.0, 'epoch': 0.78}
{'loss': 0.0, 'grad_norm': 3.1622776985168457, 'learning_rate': 0.0, 'epoch': 0.78}
{'loss': 0.0, 'grad_norm': 3.1622776985168457, 'learning_rate': 0.0, 'epoch': 0.78}
{'loss': 0.0, 'grad_norm': 3.1622776985168457, 'learning_rate': 0.0, 'epoch': 0.78}
{'loss': 0.0, 'grad_norm': 3.1622776985168457, 'learning_rate': 0.0, 'epoch': 0.78}
{'loss': 0.0, 'grad_norm': 3.1622776985168457, 'learning_rate': 0.0, 'epoch': 0.78}
{'loss': 0.0, 'grad_norm': 3.1622776985168457, 'learning_rate': 0.0, 'epoch': 0.78}
{'loss': 0.0, 'grad_norm': 3.1622776985168457, 'learning_rate': 0.0, 'epoch': 0.78}
{'loss': 0.0, 'grad_norm': 3.1622776985168457, 'learning_rate': 0.0, 'epoch': 0.78}
{'loss': 0.0, 'grad_norm': 3.1622776985168457, 'learning_rate': 0.0, 'epoch': 0.78}
{'loss': 0.0, 'grad_norm': 3.1622776985168457, 'learning_rate': 0.0, 'epoch': 0.78}
{'loss': 0.0, 'grad_norm': 3.1622776985168457, 'learning_rate': 0.0, 'epoch': 0.78}
{'loss': 0.0, 'grad_norm': 3.1622776985168457, 'learning_rate': 0.0, 'epoch': 0.78}
{'loss': 0.0, 'grad_norm': 3.1622776985168457, 'learning_rate': 0.0, 'epoch': 0.78}
{'loss': 0.0, 'grad_norm': 3.1622776985168457, 'learning_rate': 0.0, 'epoch': 0.78}
{'loss': 0.0, 'grad_norm': 3.1622776985168457, 'learning_rate': 0.0, 'epoch': 0.78}
{'loss': 0.0, 'grad_norm': 3.1622776985168457, 'learning_rate': 0.0, 'epoch': 0.78}
{'loss': 0.0, 'grad_norm': 3.1622776985168457, 'learning_rate': 0.0, 'epoch': 0.78}
{'loss': 0.0, 'grad_norm': 3.1622776985168457, 'learning_rate': 0.0, 'epoch': 0.78}
{'loss': 0.0, 'grad_norm': 3.1622776985168457, 'learning_rate': 0.0, 'epoch': 0.79}
{'loss': 0.0, 'grad_norm': 3.1622776985168457, 'learning_rate': 0.0, 'epoch': 0.79}
{'loss': 0.0, 'grad_norm': 3.1622776985168457, 'learning_rate': 0.0, 'epoch': 0.79}
{'loss': 0.0, 'grad_norm': 3.1622776985168457, 'learning_rate': 0.0, 'epoch': 0.79}
{'loss': 0.0, 'grad_norm': 3.1622776985168457, 'learning_rate': 0.0, 'epoch': 0.79}
{'loss': 0.0, 'grad_norm': 3.1622776985168457, 'learning_rate': 0.0, 'epoch': 0.79}
{'loss': 0.0, 'grad_norm': 3.1622776985168457, 'learning_rate': 0.0, 'epoch': 0.79}
{'loss': 0.0, 'grad_norm': 3.1622776985168457, 'learning_rate': 0.0, 'epoch': 0.79}
{'loss': 0.0, 'grad_norm': 3.1622776985168457, 'learning_rate': 0.0, 'epoch': 0.79}
{'loss': 0.0, 'grad_norm': 3.1622776985168457, 'learning_rate': 0.0, 'epoch': 0.79}
{'loss': 0.0, 'grad_norm': 3.1622776985168457, 'learning_rate': 0.0, 'epoch': 0.79}
{'loss': 0.0, 'grad_norm': 3.1622776985168457, 'learning_rate': 0.0, 'epoch': 0.79}
{'loss': 0.0, 'grad_norm': 3.1622776985168457, 'learning_rate': 0.0, 'epoch': 0.79}
{'loss': 0.0, 'grad_norm': 3.1622776985168457, 'learning_rate': 0.0, 'epoch': 0.79}
{'loss': 0.0, 'grad_norm': 3.1622776985168457, 'learning_rate': 0.0, 'epoch': 0.79}
{'loss': 0.0, 'grad_norm': 3.1622776985168457, 'learning_rate': 0.0, 'epoch': 0.79}
{'loss': 0.0, 'grad_norm': 3.1622776985168457, 'learning_rate': 0.0, 'epoch': 0.79}
{'loss': 0.0, 'grad_norm': 3.1622776985168457, 'learning_rate': 0.0, 'epoch': 0.79}
{'loss': 0.0, 'grad_norm': 3.1622776985168457, 'learning_rate': 0.0, 'epoch': 0.79}
{'loss': 0.0, 'grad_norm': 3.1622776985168457, 'learning_rate': 0.0, 'epoch': 0.79}
{'loss': 0.0, 'grad_norm': 3.1622776985168457, 'learning_rate': 0.0, 'epoch': 0.79}
{'loss': 0.0, 'grad_norm': 3.1622776985168457, 'learning_rate': 0.0, 'epoch': 0.79}
{'loss': 0.0, 'grad_norm': 3.1622776985168457, 'learning_rate': 0.0, 'epoch': 0.79}
{'loss': 0.0, 'grad_norm': 3.1622776985168457, 'learning_rate': 0.0, 'epoch': 0.79}
{'loss': 0.0, 'grad_norm': 3.1622776985168457, 'learning_rate': 0.0, 'epoch': 0.79}
{'loss': 0.0, 'grad_norm': 3.1622776985168457, 'learning_rate': 0.0, 'epoch': 0.79}
{'loss': 0.0, 'grad_norm': 3.1622776985168457, 'learning_rate': 0.0, 'epoch': 0.79}
{'loss': 0.0, 'grad_norm': 3.1622776985168457, 'learning_rate': 0.0, 'epoch': 0.79}
{'loss': 0.0, 'grad_norm': 3.1622776985168457, 'learning_rate': 0.0, 'epoch': 0.79}
{'loss': 0.0, 'grad_norm': 3.1622776985168457, 'learning_rate': 0.0, 'epoch': 0.79}
{'loss': 0.0, 'grad_norm': 3.1622776985168457, 'learning_rate': 0.0, 'epoch': 0.79}
{'loss': 0.0, 'grad_norm': 3.1622776985168457, 'learning_rate': 0.0, 'epoch': 0.79}
{'loss': 0.0, 'grad_norm': 3.1622776985168457, 'learning_rate': 0.0, 'epoch': 0.79}
{'loss': 0.0, 'grad_norm': 3.1622776985168457, 'learning_rate': 0.0, 'epoch': 0.79}
{'loss': 0.0, 'grad_norm': 3.1622776985168457, 'learning_rate': 0.0, 'epoch': 0.79}
{'loss': 0.0, 'grad_norm': 3.1622776985168457, 'learning_rate': 0.0, 'epoch': 0.79}
{'loss': 0.0, 'grad_norm': 3.1622776985168457, 'learning_rate': 0.0, 'epoch': 0.79}
{'loss': 0.0, 'grad_norm': 3.1622776985168457, 'learning_rate': 0.0, 'epoch': 0.79}
{'loss': 0.0, 'grad_norm': 3.1622776985168457, 'learning_rate': 0.0, 'epoch': 0.79}
{'loss': 0.0, 'grad_norm': 3.1622776985168457, 'learning_rate': 0.0, 'epoch': 0.79}
{'loss': 0.0, 'grad_norm': 3.1622776985168457, 'learning_rate': 0.0, 'epoch': 0.79}
{'loss': 0.0, 'grad_norm': 3.1622776985168457, 'learning_rate': 0.0, 'epoch': 0.79}
{'loss': 0.0, 'grad_norm': 3.1622776985168457, 'learning_rate': 0.0, 'epoch': 0.79}
{'loss': 0.0, 'grad_norm': 3.1622776985168457, 'learning_rate': 0.0, 'epoch': 0.79}
{'loss': 0.0, 'grad_norm': 3.1622776985168457, 'learning_rate': 0.0, 'epoch': 0.79}
Error with image file is truncated (35 bytes not processed)
{'loss': 0.0, 'grad_norm': 3.1622776985168457, 'learning_rate': 0.0, 'epoch': 0.79}
{'loss': 0.0, 'grad_norm': 3.1622776985168457, 'learning_rate': 0.0, 'epoch': 0.79}
{'loss': 0.0, 'grad_norm': 3.1622776985168457, 'learning_rate': 0.0, 'epoch': 0.79}
{'loss': 0.0, 'grad_norm': 3.1622776985168457, 'learning_rate': 0.0, 'epoch': 0.79}
{'loss': 0.0, 'grad_norm': 3.1622776985168457, 'learning_rate': 0.0, 'epoch': 0.79}
{'loss': 0.0, 'grad_norm': 3.1622776985168457, 'learning_rate': 0.0, 'epoch': 0.79}
{'loss': 0.0, 'grad_norm': 3.1622776985168457, 'learning_rate': 0.0, 'epoch': 0.79}
{'loss': 0.0, 'grad_norm': 3.1622776985168457, 'learning_rate': 0.0, 'epoch': 0.8}
{'loss': 0.0, 'grad_norm': 3.1622776985168457, 'learning_rate': 0.0, 'epoch': 0.8}
{'loss': 0.0, 'grad_norm': 3.1622776985168457, 'learning_rate': 0.0, 'epoch': 0.8}
{'loss': 0.0, 'grad_norm': 3.1622776985168457, 'learning_rate': 0.0, 'epoch': 0.8}
{'loss': 0.0, 'grad_norm': 3.1622776985168457, 'learning_rate': 0.0, 'epoch': 0.8}
{'loss': 0.0, 'grad_norm': 3.1622776985168457, 'learning_rate': 0.0, 'epoch': 0.8}
{'loss': 0.0, 'grad_norm': 3.1622776985168457, 'learning_rate': 0.0, 'epoch': 0.8}
{'loss': 0.0, 'grad_norm': 3.1622776985168457, 'learning_rate': 0.0, 'epoch': 0.8}
{'loss': 0.0, 'grad_norm': 3.1622776985168457, 'learning_rate': 0.0, 'epoch': 0.8}
{'loss': 0.0, 'grad_norm': 3.1622776985168457, 'learning_rate': 0.0, 'epoch': 0.8}
{'loss': 0.0, 'grad_norm': 3.1622776985168457, 'learning_rate': 0.0, 'epoch': 0.8}
{'loss': 0.0, 'grad_norm': 3.1622776985168457, 'learning_rate': 0.0, 'epoch': 0.8}
{'loss': 0.0, 'grad_norm': 3.1622776985168457, 'learning_rate': 0.0, 'epoch': 0.8}
{'loss': 0.0, 'grad_norm': 3.1622776985168457, 'learning_rate': 0.0, 'epoch': 0.8}
{'loss': 0.0, 'grad_norm': 3.1622776985168457, 'learning_rate': 0.0, 'epoch': 0.8}
{'loss': 0.0, 'grad_norm': 3.1622776985168457, 'learning_rate': 0.0, 'epoch': 0.8}
{'loss': 0.0, 'grad_norm': 3.1622776985168457, 'learning_rate': 0.0, 'epoch': 0.8}
{'loss': 0.0, 'grad_norm': 3.1622776985168457, 'learning_rate': 0.0, 'epoch': 0.8}
{'loss': 0.0, 'grad_norm': 3.1622776985168457, 'learning_rate': 0.0, 'epoch': 0.8}
{'loss': 0.0, 'grad_norm': 3.1622776985168457, 'learning_rate': 0.0, 'epoch': 0.8}
{'loss': 0.0, 'grad_norm': 3.1622776985168457, 'learning_rate': 0.0, 'epoch': 0.8}
{'loss': 0.0, 'grad_norm': 3.1622776985168457, 'learning_rate': 0.0, 'epoch': 0.8}
{'loss': 0.0, 'grad_norm': 3.1622776985168457, 'learning_rate': 0.0, 'epoch': 0.8}
{'loss': 0.0, 'grad_norm': 3.1622776985168457, 'learning_rate': 0.0, 'epoch': 0.8}
{'loss': 0.0, 'grad_norm': 3.1622776985168457, 'learning_rate': 0.0, 'epoch': 0.8}
{'loss': 0.0, 'grad_norm': 3.1622776985168457, 'learning_rate': 0.0, 'epoch': 0.8}
{'loss': 0.0, 'grad_norm': 3.1622776985168457, 'learning_rate': 0.0, 'epoch': 0.8}
{'loss': 0.0, 'grad_norm': 3.1622776985168457, 'learning_rate': 0.0, 'epoch': 0.8}
{'loss': 0.0, 'grad_norm': 3.1622776985168457, 'learning_rate': 0.0, 'epoch': 0.8}
{'loss': 0.0, 'grad_norm': 3.1622776985168457, 'learning_rate': 0.0, 'epoch': 0.8}
{'loss': 0.0, 'grad_norm': 3.1622776985168457, 'learning_rate': 0.0, 'epoch': 0.8}
{'loss': 0.0, 'grad_norm': 3.1622776985168457, 'learning_rate': 0.0, 'epoch': 0.8}
{'loss': 0.0, 'grad_norm': 3.1622776985168457, 'learning_rate': 0.0, 'epoch': 0.8}
{'loss': 0.0, 'grad_norm': 3.1622776985168457, 'learning_rate': 0.0, 'epoch': 0.8}
{'loss': 0.0, 'grad_norm': 3.1622776985168457, 'learning_rate': 0.0, 'epoch': 0.8}
{'loss': 0.0, 'grad_norm': 3.1622776985168457, 'learning_rate': 0.0, 'epoch': 0.8}
{'loss': 0.0, 'grad_norm': 3.1622776985168457, 'learning_rate': 0.0, 'epoch': 0.8}
{'loss': 0.0, 'grad_norm': 3.1622776985168457, 'learning_rate': 0.0, 'epoch': 0.8}
{'loss': 0.0, 'grad_norm': 3.1622776985168457, 'learning_rate': 0.0, 'epoch': 0.8}
{'loss': 0.0, 'grad_norm': 3.1622776985168457, 'learning_rate': 0.0, 'epoch': 0.8}
{'loss': 0.0, 'grad_norm': 3.1622776985168457, 'learning_rate': 0.0, 'epoch': 0.8}
{'loss': 0.0, 'grad_norm': 3.1622776985168457, 'learning_rate': 0.0, 'epoch': 0.8}
{'loss': 0.0, 'grad_norm': 3.1622776985168457, 'learning_rate': 0.0, 'epoch': 0.8}
{'loss': 0.0, 'grad_norm': 3.1622776985168457, 'learning_rate': 0.0, 'epoch': 0.8}
{'loss': 0.0, 'grad_norm': 3.1622776985168457, 'learning_rate': 0.0, 'epoch': 0.8}
{'loss': 0.0, 'grad_norm': 3.1622776985168457, 'learning_rate': 0.0, 'epoch': 0.8}
{'loss': 0.0, 'grad_norm': 3.1622776985168457, 'learning_rate': 0.0, 'epoch': 0.8}
{'loss': 0.0, 'grad_norm': 3.1622776985168457, 'learning_rate': 0.0, 'epoch': 0.8}
{'loss': 0.0, 'grad_norm': 3.1622776985168457, 'learning_rate': 0.0, 'epoch': 0.8}
{'loss': 0.0, 'grad_norm': 3.1622776985168457, 'learning_rate': 0.0, 'epoch': 0.8}
{'loss': 0.0, 'grad_norm': 3.1622776985168457, 'learning_rate': 0.0, 'epoch': 0.8}
{'loss': 0.0, 'grad_norm': 3.1622776985168457, 'learning_rate': 0.0, 'epoch': 0.8}
{'loss': 0.0, 'grad_norm': 3.1622776985168457, 'learning_rate': 0.0, 'epoch': 0.81}
{'loss': 0.0, 'grad_norm': 3.1622776985168457, 'learning_rate': 0.0, 'epoch': 0.81}
{'loss': 0.0, 'grad_norm': 3.1622776985168457, 'learning_rate': 0.0, 'epoch': 0.81}
{'loss': 0.0, 'grad_norm': 3.1622776985168457, 'learning_rate': 0.0, 'epoch': 0.81}
{'loss': 0.0, 'grad_norm': 3.1622776985168457, 'learning_rate': 0.0, 'epoch': 0.81}
{'loss': 0.0, 'grad_norm': 3.1622776985168457, 'learning_rate': 0.0, 'epoch': 0.81}
{'loss': 0.0, 'grad_norm': 3.1622776985168457, 'learning_rate': 0.0, 'epoch': 0.81}
{'loss': 0.0, 'grad_norm': 3.1622776985168457, 'learning_rate': 0.0, 'epoch': 0.81}
{'loss': 0.0, 'grad_norm': 3.1622776985168457, 'learning_rate': 0.0, 'epoch': 0.81}
{'loss': 0.0, 'grad_norm': 3.1622776985168457, 'learning_rate': 0.0, 'epoch': 0.81}
{'loss': 0.0, 'grad_norm': 3.1622776985168457, 'learning_rate': 0.0, 'epoch': 0.81}
{'loss': 0.0, 'grad_norm': 3.1622776985168457, 'learning_rate': 0.0, 'epoch': 0.81}
{'loss': 0.0, 'grad_norm': 3.1622776985168457, 'learning_rate': 0.0, 'epoch': 0.81}
{'loss': 0.0, 'grad_norm': 3.1622776985168457, 'learning_rate': 0.0, 'epoch': 0.81}
{'loss': 0.0, 'grad_norm': 3.1622776985168457, 'learning_rate': 0.0, 'epoch': 0.81}
{'loss': 0.0, 'grad_norm': 3.1622776985168457, 'learning_rate': 0.0, 'epoch': 0.81}
{'loss': 0.0, 'grad_norm': 3.1622776985168457, 'learning_rate': 0.0, 'epoch': 0.81}
{'loss': 0.0, 'grad_norm': 3.1622776985168457, 'learning_rate': 0.0, 'epoch': 0.81}
{'loss': 0.0, 'grad_norm': 3.1622776985168457, 'learning_rate': 0.0, 'epoch': 0.81}
{'loss': 0.0, 'grad_norm': 3.1622776985168457, 'learning_rate': 0.0, 'epoch': 0.81}
{'loss': 0.0, 'grad_norm': 3.1622776985168457, 'learning_rate': 0.0, 'epoch': 0.81}
{'loss': 0.0, 'grad_norm': 3.1622776985168457, 'learning_rate': 0.0, 'epoch': 0.81}
{'loss': 0.0, 'grad_norm': 3.1622776985168457, 'learning_rate': 0.0, 'epoch': 0.81}
{'loss': 0.0, 'grad_norm': 3.1622776985168457, 'learning_rate': 0.0, 'epoch': 0.81}
{'loss': 0.0, 'grad_norm': 3.1622776985168457, 'learning_rate': 0.0, 'epoch': 0.81}
{'loss': 0.0, 'grad_norm': 3.1622776985168457, 'learning_rate': 0.0, 'epoch': 0.81}
{'loss': 0.0, 'grad_norm': 3.1622776985168457, 'learning_rate': 0.0, 'epoch': 0.81}
{'loss': 0.0, 'grad_norm': 3.1622776985168457, 'learning_rate': 0.0, 'epoch': 0.81}
{'loss': 0.0, 'grad_norm': 3.1622776985168457, 'learning_rate': 0.0, 'epoch': 0.81}
{'loss': 0.0, 'grad_norm': 3.1622776985168457, 'learning_rate': 0.0, 'epoch': 0.81}
{'loss': 0.0, 'grad_norm': 3.1622776985168457, 'learning_rate': 0.0, 'epoch': 0.81}
{'loss': 0.0, 'grad_norm': 3.1622776985168457, 'learning_rate': 0.0, 'epoch': 0.81}
{'loss': 0.0, 'grad_norm': 3.1622776985168457, 'learning_rate': 0.0, 'epoch': 0.81}
{'loss': 0.0, 'grad_norm': 3.1622776985168457, 'learning_rate': 0.0, 'epoch': 0.81}
{'loss': 0.0, 'grad_norm': 3.1622776985168457, 'learning_rate': 0.0, 'epoch': 0.81}
{'loss': 0.0, 'grad_norm': 3.1622776985168457, 'learning_rate': 0.0, 'epoch': 0.81}
{'loss': 0.0, 'grad_norm': 3.1622776985168457, 'learning_rate': 0.0, 'epoch': 0.81}
{'loss': 0.0, 'grad_norm': 3.1622776985168457, 'learning_rate': 0.0, 'epoch': 0.81}
{'loss': 0.0, 'grad_norm': 3.1622776985168457, 'learning_rate': 0.0, 'epoch': 0.81}
{'loss': 0.0, 'grad_norm': 3.1622776985168457, 'learning_rate': 0.0, 'epoch': 0.81}
{'loss': 0.0, 'grad_norm': 3.1622776985168457, 'learning_rate': 0.0, 'epoch': 0.81}
{'loss': 0.0, 'grad_norm': 3.1622776985168457, 'learning_rate': 0.0, 'epoch': 0.81}
{'loss': 0.0, 'grad_norm': 3.1622776985168457, 'learning_rate': 0.0, 'epoch': 0.81}
{'loss': 0.0, 'grad_norm': 3.1622776985168457, 'learning_rate': 0.0, 'epoch': 0.81}
{'loss': 0.0, 'grad_norm': 3.1622776985168457, 'learning_rate': 0.0, 'epoch': 0.81}
{'loss': 0.0, 'grad_norm': 3.1622776985168457, 'learning_rate': 0.0, 'epoch': 0.81}
{'loss': 0.0, 'grad_norm': 3.1622776985168457, 'learning_rate': 0.0, 'epoch': 0.81}
{'loss': 0.0, 'grad_norm': 3.1622776985168457, 'learning_rate': 0.0, 'epoch': 0.81}
{'loss': 0.0, 'grad_norm': 3.1622776985168457, 'learning_rate': 0.0, 'epoch': 0.81}
{'loss': 0.0, 'grad_norm': 3.1622776985168457, 'learning_rate': 0.0, 'epoch': 0.81}
{'loss': 0.0, 'grad_norm': 3.1622776985168457, 'learning_rate': 0.0, 'epoch': 0.81}
{'loss': 0.0, 'grad_norm': 3.1622776985168457, 'learning_rate': 0.0, 'epoch': 0.81}
{'loss': 0.0, 'grad_norm': 3.1622776985168457, 'learning_rate': 0.0, 'epoch': 0.82}
{'loss': 0.0, 'grad_norm': 3.1622776985168457, 'learning_rate': 0.0, 'epoch': 0.82}
{'loss': 0.0, 'grad_norm': 3.1622776985168457, 'learning_rate': 0.0, 'epoch': 0.82}
{'loss': 0.0, 'grad_norm': 3.1622776985168457, 'learning_rate': 0.0, 'epoch': 0.82}
{'loss': 0.0, 'grad_norm': 3.1622776985168457, 'learning_rate': 0.0, 'epoch': 0.82}
{'loss': 0.0, 'grad_norm': 3.1622776985168457, 'learning_rate': 0.0, 'epoch': 0.82}
{'loss': 0.0, 'grad_norm': 3.1622776985168457, 'learning_rate': 0.0, 'epoch': 0.82}
{'loss': 0.0, 'grad_norm': 3.1622776985168457, 'learning_rate': 0.0, 'epoch': 0.82}
{'loss': 0.0, 'grad_norm': 3.1622776985168457, 'learning_rate': 0.0, 'epoch': 0.82}
{'loss': 0.0, 'grad_norm': 3.1622776985168457, 'learning_rate': 0.0, 'epoch': 0.82}
{'loss': 0.0, 'grad_norm': 3.1622776985168457, 'learning_rate': 0.0, 'epoch': 0.82}
{'loss': 0.0, 'grad_norm': 3.1622776985168457, 'learning_rate': 0.0, 'epoch': 0.82}
{'loss': 0.0, 'grad_norm': 3.1622776985168457, 'learning_rate': 0.0, 'epoch': 0.82}
{'loss': 0.0, 'grad_norm': 3.1622776985168457, 'learning_rate': 0.0, 'epoch': 0.82}
{'loss': 0.0, 'grad_norm': 3.1622776985168457, 'learning_rate': 0.0, 'epoch': 0.82}
{'loss': 0.0, 'grad_norm': 3.1622776985168457, 'learning_rate': 0.0, 'epoch': 0.82}
{'loss': 0.0, 'grad_norm': 3.1622776985168457, 'learning_rate': 0.0, 'epoch': 0.82}
{'loss': 0.0, 'grad_norm': 3.1622776985168457, 'learning_rate': 0.0, 'epoch': 0.82}
{'loss': 0.0, 'grad_norm': 3.1622776985168457, 'learning_rate': 0.0, 'epoch': 0.82}
{'loss': 0.0, 'grad_norm': 3.1622776985168457, 'learning_rate': 0.0, 'epoch': 0.82}
{'loss': 0.0, 'grad_norm': 3.1622776985168457, 'learning_rate': 0.0, 'epoch': 0.82}
{'loss': 0.0, 'grad_norm': 3.1622776985168457, 'learning_rate': 0.0, 'epoch': 0.82}
{'loss': 0.0, 'grad_norm': 3.1622776985168457, 'learning_rate': 0.0, 'epoch': 0.82}
{'loss': 0.0, 'grad_norm': 3.1622776985168457, 'learning_rate': 0.0, 'epoch': 0.82}
{'loss': 0.0, 'grad_norm': 3.1622776985168457, 'learning_rate': 0.0, 'epoch': 0.82}
{'loss': 0.0, 'grad_norm': 3.1622776985168457, 'learning_rate': 0.0, 'epoch': 0.82}
{'loss': 0.0, 'grad_norm': 3.1622776985168457, 'learning_rate': 0.0, 'epoch': 0.82}
{'loss': 0.0, 'grad_norm': 3.1622776985168457, 'learning_rate': 0.0, 'epoch': 0.82}
{'loss': 0.0, 'grad_norm': 3.1622776985168457, 'learning_rate': 0.0, 'epoch': 0.82}
{'loss': 0.0, 'grad_norm': 3.1622776985168457, 'learning_rate': 0.0, 'epoch': 0.82}
{'loss': 0.0, 'grad_norm': 3.1622776985168457, 'learning_rate': 0.0, 'epoch': 0.82}
{'loss': 0.0, 'grad_norm': 3.1622776985168457, 'learning_rate': 0.0, 'epoch': 0.82}
{'loss': 0.0, 'grad_norm': 3.1622776985168457, 'learning_rate': 0.0, 'epoch': 0.82}
{'loss': 0.0, 'grad_norm': 3.1622776985168457, 'learning_rate': 0.0, 'epoch': 0.82}
{'loss': 0.0, 'grad_norm': 3.1622776985168457, 'learning_rate': 0.0, 'epoch': 0.82}
{'loss': 0.0, 'grad_norm': 3.1622776985168457, 'learning_rate': 0.0, 'epoch': 0.82}
{'loss': 0.0, 'grad_norm': 3.1622776985168457, 'learning_rate': 0.0, 'epoch': 0.82}
{'loss': 0.0, 'grad_norm': 3.1622776985168457, 'learning_rate': 0.0, 'epoch': 0.82}
{'loss': 0.0, 'grad_norm': 3.1622776985168457, 'learning_rate': 0.0, 'epoch': 0.82}
{'loss': 0.0, 'grad_norm': 3.1622776985168457, 'learning_rate': 0.0, 'epoch': 0.82}
{'loss': 0.0, 'grad_norm': 3.1622776985168457, 'learning_rate': 0.0, 'epoch': 0.82}
{'loss': 0.0, 'grad_norm': 3.1622776985168457, 'learning_rate': 0.0, 'epoch': 0.82}
{'loss': 0.0, 'grad_norm': 3.1622776985168457, 'learning_rate': 0.0, 'epoch': 0.82}
{'loss': 0.0, 'grad_norm': 3.1622776985168457, 'learning_rate': 0.0, 'epoch': 0.82}
{'loss': 0.0, 'grad_norm': 3.1622776985168457, 'learning_rate': 0.0, 'epoch': 0.82}
{'loss': 0.0, 'grad_norm': 3.1622776985168457, 'learning_rate': 0.0, 'epoch': 0.82}
{'loss': 0.0, 'grad_norm': 3.1622776985168457, 'learning_rate': 0.0, 'epoch': 0.82}
{'loss': 0.0, 'grad_norm': 3.1622776985168457, 'learning_rate': 0.0, 'epoch': 0.82}
{'loss': 0.0, 'grad_norm': 3.1622776985168457, 'learning_rate': 0.0, 'epoch': 0.82}
{'loss': 0.0, 'grad_norm': 3.1622776985168457, 'learning_rate': 0.0, 'epoch': 0.82}
{'loss': 0.0, 'grad_norm': 3.1622776985168457, 'learning_rate': 0.0, 'epoch': 0.82}
{'loss': 0.0, 'grad_norm': 3.1622776985168457, 'learning_rate': 0.0, 'epoch': 0.82}
{'loss': 0.0, 'grad_norm': 3.1622776985168457, 'learning_rate': 0.0, 'epoch': 0.83}
{'loss': 0.0, 'grad_norm': 3.1622776985168457, 'learning_rate': 0.0, 'epoch': 0.83}
{'loss': 0.0, 'grad_norm': 3.1622776985168457, 'learning_rate': 0.0, 'epoch': 0.83}
{'loss': 0.0, 'grad_norm': 3.1622776985168457, 'learning_rate': 0.0, 'epoch': 0.83}
{'loss': 0.0, 'grad_norm': 3.1622776985168457, 'learning_rate': 0.0, 'epoch': 0.83}
{'loss': 0.0, 'grad_norm': 3.1622776985168457, 'learning_rate': 0.0, 'epoch': 0.83}
{'loss': 0.0, 'grad_norm': 3.1622776985168457, 'learning_rate': 0.0, 'epoch': 0.83}
{'loss': 0.0, 'grad_norm': 3.1622776985168457, 'learning_rate': 0.0, 'epoch': 0.83}
{'loss': 0.0, 'grad_norm': 3.1622776985168457, 'learning_rate': 0.0, 'epoch': 0.83}
{'loss': 0.0, 'grad_norm': 3.1622776985168457, 'learning_rate': 0.0, 'epoch': 0.83}
{'loss': 0.0, 'grad_norm': 3.1622776985168457, 'learning_rate': 0.0, 'epoch': 0.83}
{'loss': 0.0, 'grad_norm': 3.1622776985168457, 'learning_rate': 0.0, 'epoch': 0.83}
{'loss': 0.0, 'grad_norm': 3.1622776985168457, 'learning_rate': 0.0, 'epoch': 0.83}
{'loss': 0.0, 'grad_norm': 3.1622776985168457, 'learning_rate': 0.0, 'epoch': 0.83}
{'loss': 0.0, 'grad_norm': 3.1622776985168457, 'learning_rate': 0.0, 'epoch': 0.83}
{'loss': 0.0, 'grad_norm': 3.1622776985168457, 'learning_rate': 0.0, 'epoch': 0.83}
{'loss': 0.0, 'grad_norm': 3.1622776985168457, 'learning_rate': 0.0, 'epoch': 0.83}
{'loss': 0.0, 'grad_norm': 3.1622776985168457, 'learning_rate': 0.0, 'epoch': 0.83}
{'loss': 0.0, 'grad_norm': 3.1622776985168457, 'learning_rate': 0.0, 'epoch': 0.83}
{'loss': 0.0, 'grad_norm': 3.1622776985168457, 'learning_rate': 0.0, 'epoch': 0.83}
{'loss': 0.0, 'grad_norm': 3.1622776985168457, 'learning_rate': 0.0, 'epoch': 0.83}
{'loss': 0.0, 'grad_norm': 3.1622776985168457, 'learning_rate': 0.0, 'epoch': 0.83}
{'loss': 0.0, 'grad_norm': 3.1622776985168457, 'learning_rate': 0.0, 'epoch': 0.83}
{'loss': 0.0, 'grad_norm': 3.1622776985168457, 'learning_rate': 0.0, 'epoch': 0.83}
{'loss': 0.0, 'grad_norm': 3.1622776985168457, 'learning_rate': 0.0, 'epoch': 0.83}
{'loss': 0.0, 'grad_norm': 3.1622776985168457, 'learning_rate': 0.0, 'epoch': 0.83}
{'loss': 0.0, 'grad_norm': 3.1622776985168457, 'learning_rate': 0.0, 'epoch': 0.83}
{'loss': 0.0, 'grad_norm': 3.1622776985168457, 'learning_rate': 0.0, 'epoch': 0.83}
{'loss': 0.0, 'grad_norm': 3.1622776985168457, 'learning_rate': 0.0, 'epoch': 0.83}
{'loss': 0.0, 'grad_norm': 3.1622776985168457, 'learning_rate': 0.0, 'epoch': 0.83}
{'loss': 0.0, 'grad_norm': 3.1622776985168457, 'learning_rate': 0.0, 'epoch': 0.83}
{'loss': 0.0, 'grad_norm': 3.1622776985168457, 'learning_rate': 0.0, 'epoch': 0.83}
{'loss': 0.0, 'grad_norm': 3.1622776985168457, 'learning_rate': 0.0, 'epoch': 0.83}
{'loss': 0.0, 'grad_norm': 3.1622776985168457, 'learning_rate': 0.0, 'epoch': 0.83}
{'loss': 0.0, 'grad_norm': 3.1622776985168457, 'learning_rate': 0.0, 'epoch': 0.83}
{'loss': 0.0, 'grad_norm': 3.1622776985168457, 'learning_rate': 0.0, 'epoch': 0.83}
{'loss': 0.0, 'grad_norm': 3.1622776985168457, 'learning_rate': 0.0, 'epoch': 0.83}
{'loss': 0.0, 'grad_norm': 3.1622776985168457, 'learning_rate': 0.0, 'epoch': 0.83}
{'loss': 0.0, 'grad_norm': 3.1622776985168457, 'learning_rate': 0.0, 'epoch': 0.83}
{'loss': 0.0, 'grad_norm': 3.1622776985168457, 'learning_rate': 0.0, 'epoch': 0.83}
{'loss': 0.0, 'grad_norm': 3.1622776985168457, 'learning_rate': 0.0, 'epoch': 0.83}
{'loss': 0.0, 'grad_norm': 3.1622776985168457, 'learning_rate': 0.0, 'epoch': 0.83}
{'loss': 0.0, 'grad_norm': 3.1622776985168457, 'learning_rate': 0.0, 'epoch': 0.83}
{'loss': 0.0, 'grad_norm': 3.1622776985168457, 'learning_rate': 0.0, 'epoch': 0.83}
{'loss': 0.0, 'grad_norm': 3.1622776985168457, 'learning_rate': 0.0, 'epoch': 0.83}
{'loss': 0.0, 'grad_norm': 3.1622776985168457, 'learning_rate': 0.0, 'epoch': 0.83}
{'loss': 0.0, 'grad_norm': 3.1622776985168457, 'learning_rate': 0.0, 'epoch': 0.83}
{'loss': 0.0, 'grad_norm': 3.1622776985168457, 'learning_rate': 0.0, 'epoch': 0.83}
{'loss': 0.0, 'grad_norm': 3.1622776985168457, 'learning_rate': 0.0, 'epoch': 0.83}
{'loss': 0.0, 'grad_norm': 3.1622776985168457, 'learning_rate': 0.0, 'epoch': 0.83}
{'loss': 0.0, 'grad_norm': 3.1622776985168457, 'learning_rate': 0.0, 'epoch': 0.83}
{'loss': 0.0, 'grad_norm': 3.1622776985168457, 'learning_rate': 0.0, 'epoch': 0.83}
{'loss': 0.0, 'grad_norm': 3.1622776985168457, 'learning_rate': 0.0, 'epoch': 0.84}
{'loss': 0.0, 'grad_norm': 3.1622776985168457, 'learning_rate': 0.0, 'epoch': 0.84}
{'loss': 0.0, 'grad_norm': 3.1622776985168457, 'learning_rate': 0.0, 'epoch': 0.84}
{'loss': 0.0, 'grad_norm': 3.1622776985168457, 'learning_rate': 0.0, 'epoch': 0.84}
{'loss': 0.0, 'grad_norm': 3.1622776985168457, 'learning_rate': 0.0, 'epoch': 0.84}
{'loss': 0.0, 'grad_norm': 3.1622776985168457, 'learning_rate': 0.0, 'epoch': 0.84}
{'loss': 0.0, 'grad_norm': 3.1622776985168457, 'learning_rate': 0.0, 'epoch': 0.84}
{'loss': 0.0, 'grad_norm': 3.1622776985168457, 'learning_rate': 0.0, 'epoch': 0.84}
{'loss': 0.0, 'grad_norm': 3.1622776985168457, 'learning_rate': 0.0, 'epoch': 0.84}
{'loss': 0.0, 'grad_norm': 3.1622776985168457, 'learning_rate': 0.0, 'epoch': 0.84}
{'loss': 0.0, 'grad_norm': 3.1622776985168457, 'learning_rate': 0.0, 'epoch': 0.84}
{'loss': 0.0, 'grad_norm': 3.1622776985168457, 'learning_rate': 0.0, 'epoch': 0.84}
{'loss': 0.0, 'grad_norm': 3.1622776985168457, 'learning_rate': 0.0, 'epoch': 0.84}
{'loss': 0.0, 'grad_norm': 3.1622776985168457, 'learning_rate': 0.0, 'epoch': 0.84}
{'loss': 0.0, 'grad_norm': 3.1622776985168457, 'learning_rate': 0.0, 'epoch': 0.84}
{'loss': 0.0, 'grad_norm': 3.1622776985168457, 'learning_rate': 0.0, 'epoch': 0.84}
{'loss': 0.0, 'grad_norm': 3.1622776985168457, 'learning_rate': 0.0, 'epoch': 0.84}
{'loss': 0.0, 'grad_norm': 3.1622776985168457, 'learning_rate': 0.0, 'epoch': 0.84}
{'loss': 0.0, 'grad_norm': 3.1622776985168457, 'learning_rate': 0.0, 'epoch': 0.84}
{'loss': 0.0, 'grad_norm': 3.1622776985168457, 'learning_rate': 0.0, 'epoch': 0.84}
{'loss': 0.0, 'grad_norm': 3.1622776985168457, 'learning_rate': 0.0, 'epoch': 0.84}
{'loss': 0.0, 'grad_norm': 3.1622776985168457, 'learning_rate': 0.0, 'epoch': 0.84}
{'loss': 0.0, 'grad_norm': 3.1622776985168457, 'learning_rate': 0.0, 'epoch': 0.84}
{'loss': 0.0, 'grad_norm': 3.1622776985168457, 'learning_rate': 0.0, 'epoch': 0.84}
{'loss': 0.0, 'grad_norm': 3.1622776985168457, 'learning_rate': 0.0, 'epoch': 0.84}
{'loss': 0.0, 'grad_norm': 3.1622776985168457, 'learning_rate': 0.0, 'epoch': 0.84}
{'loss': 0.0, 'grad_norm': 3.1622776985168457, 'learning_rate': 0.0, 'epoch': 0.84}
{'loss': 0.0, 'grad_norm': 3.1622776985168457, 'learning_rate': 0.0, 'epoch': 0.84}
{'loss': 0.0, 'grad_norm': 3.1622776985168457, 'learning_rate': 0.0, 'epoch': 0.84}
{'loss': 0.0, 'grad_norm': 3.1622776985168457, 'learning_rate': 0.0, 'epoch': 0.84}
{'loss': 0.0, 'grad_norm': 3.1622776985168457, 'learning_rate': 0.0, 'epoch': 0.84}
{'loss': 0.0, 'grad_norm': 3.1622776985168457, 'learning_rate': 0.0, 'epoch': 0.84}
{'loss': 0.0, 'grad_norm': 3.1622776985168457, 'learning_rate': 0.0, 'epoch': 0.84}
{'loss': 0.0, 'grad_norm': 3.1622776985168457, 'learning_rate': 0.0, 'epoch': 0.84}
{'loss': 0.0, 'grad_norm': 3.1622776985168457, 'learning_rate': 0.0, 'epoch': 0.84}
{'loss': 0.0, 'grad_norm': 3.1622776985168457, 'learning_rate': 0.0, 'epoch': 0.84}
{'loss': 0.0, 'grad_norm': 3.1622776985168457, 'learning_rate': 0.0, 'epoch': 0.84}
{'loss': 0.0, 'grad_norm': 3.1622776985168457, 'learning_rate': 0.0, 'epoch': 0.84}
{'loss': 0.0, 'grad_norm': 3.1622776985168457, 'learning_rate': 0.0, 'epoch': 0.84}
{'loss': 0.0, 'grad_norm': 3.1622776985168457, 'learning_rate': 0.0, 'epoch': 0.84}
{'loss': 0.0, 'grad_norm': 3.1622776985168457, 'learning_rate': 0.0, 'epoch': 0.84}
{'loss': 0.0, 'grad_norm': 3.1622776985168457, 'learning_rate': 0.0, 'epoch': 0.84}
{'loss': 0.0, 'grad_norm': 3.1622776985168457, 'learning_rate': 0.0, 'epoch': 0.84}
{'loss': 0.0, 'grad_norm': 3.1622776985168457, 'learning_rate': 0.0, 'epoch': 0.84}
{'loss': 0.0, 'grad_norm': 3.1622776985168457, 'learning_rate': 0.0, 'epoch': 0.84}
{'loss': 0.0, 'grad_norm': 3.1622776985168457, 'learning_rate': 0.0, 'epoch': 0.84}
{'loss': 0.0, 'grad_norm': 3.1622776985168457, 'learning_rate': 0.0, 'epoch': 0.84}
{'loss': 0.0, 'grad_norm': 3.1622776985168457, 'learning_rate': 0.0, 'epoch': 0.84}
{'loss': 0.0, 'grad_norm': 3.1622776985168457, 'learning_rate': 0.0, 'epoch': 0.84}
{'loss': 0.0, 'grad_norm': 3.1622776985168457, 'learning_rate': 0.0, 'epoch': 0.84}
{'loss': 0.0, 'grad_norm': 3.1622776985168457, 'learning_rate': 0.0, 'epoch': 0.84}
WARNING: tokenization mismatch: 0 vs. 680. (ignored)
{'loss': 0.0, 'grad_norm': 3.1622776985168457, 'learning_rate': 0.0, 'epoch': 0.84}
{'loss': 0.0, 'grad_norm': 3.1622776985168457, 'learning_rate': 0.0, 'epoch': 0.85}
{'loss': 0.0, 'grad_norm': 3.1622776985168457, 'learning_rate': 0.0, 'epoch': 0.85}
{'loss': 0.0, 'grad_norm': 3.1622776985168457, 'learning_rate': 0.0, 'epoch': 0.85}
{'loss': 0.0, 'grad_norm': 3.1622776985168457, 'learning_rate': 0.0, 'epoch': 0.85}
{'loss': 0.0, 'grad_norm': 3.1622776985168457, 'learning_rate': 0.0, 'epoch': 0.85}
{'loss': 0.0, 'grad_norm': 3.1622776985168457, 'learning_rate': 0.0, 'epoch': 0.85}
{'loss': 0.0, 'grad_norm': 3.1622776985168457, 'learning_rate': 0.0, 'epoch': 0.85}
{'loss': 0.0, 'grad_norm': 3.1622776985168457, 'learning_rate': 0.0, 'epoch': 0.85}
{'loss': 0.0, 'grad_norm': 3.1622776985168457, 'learning_rate': 0.0, 'epoch': 0.85}
{'loss': 0.0, 'grad_norm': 3.1622776985168457, 'learning_rate': 0.0, 'epoch': 0.85}
{'loss': 0.0, 'grad_norm': 3.1622776985168457, 'learning_rate': 0.0, 'epoch': 0.85}
{'loss': 0.0, 'grad_norm': 3.1622776985168457, 'learning_rate': 0.0, 'epoch': 0.85}
{'loss': 0.0, 'grad_norm': 3.1622776985168457, 'learning_rate': 0.0, 'epoch': 0.85}
{'loss': 0.0, 'grad_norm': 3.1622776985168457, 'learning_rate': 0.0, 'epoch': 0.85}
{'loss': 0.0, 'grad_norm': 3.1622776985168457, 'learning_rate': 0.0, 'epoch': 0.85}
{'loss': 0.0, 'grad_norm': 3.1622776985168457, 'learning_rate': 0.0, 'epoch': 0.85}
{'loss': 0.0, 'grad_norm': 3.1622776985168457, 'learning_rate': 0.0, 'epoch': 0.85}
{'loss': 0.0, 'grad_norm': 3.1622776985168457, 'learning_rate': 0.0, 'epoch': 0.85}
{'loss': 0.0, 'grad_norm': 3.1622776985168457, 'learning_rate': 0.0, 'epoch': 0.85}
{'loss': 0.0, 'grad_norm': 3.1622776985168457, 'learning_rate': 0.0, 'epoch': 0.85}
{'loss': 0.0, 'grad_norm': 3.1622776985168457, 'learning_rate': 0.0, 'epoch': 0.85}
{'loss': 0.0, 'grad_norm': 3.1622776985168457, 'learning_rate': 0.0, 'epoch': 0.85}
{'loss': 0.0, 'grad_norm': 3.1622776985168457, 'learning_rate': 0.0, 'epoch': 0.85}
{'loss': 0.0, 'grad_norm': 3.1622776985168457, 'learning_rate': 0.0, 'epoch': 0.85}
WARNING: tokenization mismatch: 0 vs. 1286. (ignored)
{'loss': 0.0, 'grad_norm': 3.1622776985168457, 'learning_rate': 0.0, 'epoch': 0.85}
{'loss': 0.0, 'grad_norm': 3.1622776985168457, 'learning_rate': 0.0, 'epoch': 0.85}
{'loss': 0.0, 'grad_norm': 3.1622776985168457, 'learning_rate': 0.0, 'epoch': 0.85}
{'loss': 0.0, 'grad_norm': 3.1622776985168457, 'learning_rate': 0.0, 'epoch': 0.85}
{'loss': 0.0, 'grad_norm': 3.1622776985168457, 'learning_rate': 0.0, 'epoch': 0.85}
{'loss': 0.0, 'grad_norm': 3.1622776985168457, 'learning_rate': 0.0, 'epoch': 0.85}
{'loss': 0.0, 'grad_norm': 3.1622776985168457, 'learning_rate': 0.0, 'epoch': 0.85}
{'loss': 0.0, 'grad_norm': 3.1622776985168457, 'learning_rate': 0.0, 'epoch': 0.85}
{'loss': 0.0, 'grad_norm': 3.1622776985168457, 'learning_rate': 0.0, 'epoch': 0.85}
{'loss': 0.0, 'grad_norm': 3.1622776985168457, 'learning_rate': 0.0, 'epoch': 0.85}
{'loss': 0.0, 'grad_norm': 3.1622776985168457, 'learning_rate': 0.0, 'epoch': 0.85}
{'loss': 0.0, 'grad_norm': 3.1622776985168457, 'learning_rate': 0.0, 'epoch': 0.85}
{'loss': 0.0, 'grad_norm': 3.1622776985168457, 'learning_rate': 0.0, 'epoch': 0.85}
{'loss': 0.0, 'grad_norm': 3.1622776985168457, 'learning_rate': 0.0, 'epoch': 0.85}
{'loss': 0.0, 'grad_norm': 3.1622776985168457, 'learning_rate': 0.0, 'epoch': 0.85}
{'loss': 0.0, 'grad_norm': 3.1622776985168457, 'learning_rate': 0.0, 'epoch': 0.85}
{'loss': 0.0, 'grad_norm': 3.1622776985168457, 'learning_rate': 0.0, 'epoch': 0.85}
{'loss': 0.0, 'grad_norm': 3.1622776985168457, 'learning_rate': 0.0, 'epoch': 0.85}
{'loss': 0.0, 'grad_norm': 3.1622776985168457, 'learning_rate': 0.0, 'epoch': 0.85}
{'loss': 0.0, 'grad_norm': 3.1622776985168457, 'learning_rate': 0.0, 'epoch': 0.85}
{'loss': 0.0, 'grad_norm': 3.1622776985168457, 'learning_rate': 0.0, 'epoch': 0.85}
{'loss': 0.0, 'grad_norm': 3.1622776985168457, 'learning_rate': 0.0, 'epoch': 0.85}
{'loss': 0.0, 'grad_norm': 3.1622776985168457, 'learning_rate': 0.0, 'epoch': 0.85}
{'loss': 0.0, 'grad_norm': 3.1622776985168457, 'learning_rate': 0.0, 'epoch': 0.85}
{'loss': 0.0, 'grad_norm': 3.1622776985168457, 'learning_rate': 0.0, 'epoch': 0.85}
{'loss': 0.0, 'grad_norm': 3.1622776985168457, 'learning_rate': 0.0, 'epoch': 0.85}
{'loss': 0.0, 'grad_norm': 3.1622776985168457, 'learning_rate': 0.0, 'epoch': 0.85}
{'loss': 0.0, 'grad_norm': 3.1622776985168457, 'learning_rate': 0.0, 'epoch': 0.85}
{'loss': 0.0, 'grad_norm': 3.1622776985168457, 'learning_rate': 0.0, 'epoch': 0.86}
{'loss': 0.0, 'grad_norm': 3.1622776985168457, 'learning_rate': 0.0, 'epoch': 0.86}
{'loss': 0.0, 'grad_norm': 3.1622776985168457, 'learning_rate': 0.0, 'epoch': 0.86}
{'loss': 0.0, 'grad_norm': 3.1622776985168457, 'learning_rate': 0.0, 'epoch': 0.86}
{'loss': 0.0, 'grad_norm': 3.1622776985168457, 'learning_rate': 0.0, 'epoch': 0.86}
{'loss': 0.0, 'grad_norm': 3.1622776985168457, 'learning_rate': 0.0, 'epoch': 0.86}
{'loss': 0.0, 'grad_norm': 3.1622776985168457, 'learning_rate': 0.0, 'epoch': 0.86}
{'loss': 0.0, 'grad_norm': 3.1622776985168457, 'learning_rate': 0.0, 'epoch': 0.86}
{'loss': 0.0, 'grad_norm': 3.1622776985168457, 'learning_rate': 0.0, 'epoch': 0.86}
{'loss': 0.0, 'grad_norm': 3.1622776985168457, 'learning_rate': 0.0, 'epoch': 0.86}
{'loss': 0.0, 'grad_norm': 3.1622776985168457, 'learning_rate': 0.0, 'epoch': 0.86}
{'loss': 0.0, 'grad_norm': 3.1622776985168457, 'learning_rate': 0.0, 'epoch': 0.86}
{'loss': 0.0, 'grad_norm': 3.1622776985168457, 'learning_rate': 0.0, 'epoch': 0.86}
{'loss': 0.0, 'grad_norm': 3.1622776985168457, 'learning_rate': 0.0, 'epoch': 0.86}
{'loss': 0.0, 'grad_norm': 3.1622776985168457, 'learning_rate': 0.0, 'epoch': 0.86}
{'loss': 0.0, 'grad_norm': 3.1622776985168457, 'learning_rate': 0.0, 'epoch': 0.86}
{'loss': 0.0, 'grad_norm': 3.1622776985168457, 'learning_rate': 0.0, 'epoch': 0.86}
{'loss': 0.0, 'grad_norm': 3.1622776985168457, 'learning_rate': 0.0, 'epoch': 0.86}
{'loss': 0.0, 'grad_norm': 3.1622776985168457, 'learning_rate': 0.0, 'epoch': 0.86}
{'loss': 0.0, 'grad_norm': 3.1622776985168457, 'learning_rate': 0.0, 'epoch': 0.86}
{'loss': 0.0, 'grad_norm': 3.1622776985168457, 'learning_rate': 0.0, 'epoch': 0.86}
{'loss': 0.0, 'grad_norm': 3.1622776985168457, 'learning_rate': 0.0, 'epoch': 0.86}
{'loss': 0.0, 'grad_norm': 3.1622776985168457, 'learning_rate': 0.0, 'epoch': 0.86}
{'loss': 0.0, 'grad_norm': 3.1622776985168457, 'learning_rate': 0.0, 'epoch': 0.86}
{'loss': 0.0, 'grad_norm': 3.1622776985168457, 'learning_rate': 0.0, 'epoch': 0.86}
{'loss': 0.0, 'grad_norm': 3.1622776985168457, 'learning_rate': 0.0, 'epoch': 0.86}
{'loss': 0.0, 'grad_norm': 3.1622776985168457, 'learning_rate': 0.0, 'epoch': 0.86}
{'loss': 0.0, 'grad_norm': 3.1622776985168457, 'learning_rate': 0.0, 'epoch': 0.86}
{'loss': 0.0, 'grad_norm': 3.1622776985168457, 'learning_rate': 0.0, 'epoch': 0.86}
{'loss': 0.0, 'grad_norm': 3.1622776985168457, 'learning_rate': 0.0, 'epoch': 0.86}
{'loss': 0.0, 'grad_norm': 3.1622776985168457, 'learning_rate': 0.0, 'epoch': 0.86}
{'loss': 0.0, 'grad_norm': 3.1622776985168457, 'learning_rate': 0.0, 'epoch': 0.86}
{'loss': 0.0, 'grad_norm': 3.1622776985168457, 'learning_rate': 0.0, 'epoch': 0.86}
{'loss': 0.0, 'grad_norm': 3.1622776985168457, 'learning_rate': 0.0, 'epoch': 0.86}
{'loss': 0.0, 'grad_norm': 3.1622776985168457, 'learning_rate': 0.0, 'epoch': 0.86}
{'loss': 0.0, 'grad_norm': 3.1622776985168457, 'learning_rate': 0.0, 'epoch': 0.86}
{'loss': 0.0, 'grad_norm': 3.1622776985168457, 'learning_rate': 0.0, 'epoch': 0.86}
{'loss': 0.0, 'grad_norm': 3.1622776985168457, 'learning_rate': 0.0, 'epoch': 0.86}
{'loss': 0.0, 'grad_norm': 3.1622776985168457, 'learning_rate': 0.0, 'epoch': 0.86}
{'loss': 0.0, 'grad_norm': 3.1622776985168457, 'learning_rate': 0.0, 'epoch': 0.86}
{'loss': 0.0, 'grad_norm': 3.1622776985168457, 'learning_rate': 0.0, 'epoch': 0.86}
{'loss': 0.0, 'grad_norm': 3.1622776985168457, 'learning_rate': 0.0, 'epoch': 0.86}
{'loss': 0.0, 'grad_norm': 3.1622776985168457, 'learning_rate': 0.0, 'epoch': 0.86}
{'loss': 0.0, 'grad_norm': 3.1622776985168457, 'learning_rate': 0.0, 'epoch': 0.86}
{'loss': 0.0, 'grad_norm': 3.1622776985168457, 'learning_rate': 0.0, 'epoch': 0.86}
{'loss': 0.0, 'grad_norm': 3.1622776985168457, 'learning_rate': 0.0, 'epoch': 0.86}
{'loss': 0.0, 'grad_norm': 3.1622776985168457, 'learning_rate': 0.0, 'epoch': 0.86}
{'loss': 0.0, 'grad_norm': 3.1622776985168457, 'learning_rate': 0.0, 'epoch': 0.86}
{'loss': 0.0, 'grad_norm': 3.1622776985168457, 'learning_rate': 0.0, 'epoch': 0.86}
{'loss': 0.0, 'grad_norm': 3.1622776985168457, 'learning_rate': 0.0, 'epoch': 0.86}
{'loss': 0.0, 'grad_norm': 3.1622776985168457, 'learning_rate': 0.0, 'epoch': 0.86}
{'loss': 0.0, 'grad_norm': 3.1622776985168457, 'learning_rate': 0.0, 'epoch': 0.86}
{'loss': 0.0, 'grad_norm': 3.1622776985168457, 'learning_rate': 0.0, 'epoch': 0.87}
{'loss': 0.0, 'grad_norm': 3.1622776985168457, 'learning_rate': 0.0, 'epoch': 0.87}
{'loss': 0.0, 'grad_norm': 3.1622776985168457, 'learning_rate': 0.0, 'epoch': 0.87}
{'loss': 0.0, 'grad_norm': 3.1622776985168457, 'learning_rate': 0.0, 'epoch': 0.87}
{'loss': 0.0, 'grad_norm': 3.1622776985168457, 'learning_rate': 0.0, 'epoch': 0.87}
{'loss': 0.0, 'grad_norm': 3.1622776985168457, 'learning_rate': 0.0, 'epoch': 0.87}
{'loss': 0.0, 'grad_norm': 3.1622776985168457, 'learning_rate': 0.0, 'epoch': 0.87}
{'loss': 0.0, 'grad_norm': 3.1622776985168457, 'learning_rate': 0.0, 'epoch': 0.87}
{'loss': 0.0, 'grad_norm': 3.1622776985168457, 'learning_rate': 0.0, 'epoch': 0.87}
{'loss': 0.0, 'grad_norm': 3.1622776985168457, 'learning_rate': 0.0, 'epoch': 0.87}
{'loss': 0.0, 'grad_norm': 3.1622776985168457, 'learning_rate': 0.0, 'epoch': 0.87}
{'loss': 0.0, 'grad_norm': 3.1622776985168457, 'learning_rate': 0.0, 'epoch': 0.87}
{'loss': 0.0, 'grad_norm': 3.1622776985168457, 'learning_rate': 0.0, 'epoch': 0.87}
{'loss': 0.0, 'grad_norm': 3.1622776985168457, 'learning_rate': 0.0, 'epoch': 0.87}
{'loss': 0.0, 'grad_norm': 3.1622776985168457, 'learning_rate': 0.0, 'epoch': 0.87}
{'loss': 0.0, 'grad_norm': 3.1622776985168457, 'learning_rate': 0.0, 'epoch': 0.87}
{'loss': 0.0, 'grad_norm': 3.1622776985168457, 'learning_rate': 0.0, 'epoch': 0.87}
{'loss': 0.0, 'grad_norm': 3.1622776985168457, 'learning_rate': 0.0, 'epoch': 0.87}
{'loss': 0.0, 'grad_norm': 3.1622776985168457, 'learning_rate': 0.0, 'epoch': 0.87}
{'loss': 0.0, 'grad_norm': 3.1622776985168457, 'learning_rate': 0.0, 'epoch': 0.87}
{'loss': 0.0, 'grad_norm': 3.1622776985168457, 'learning_rate': 0.0, 'epoch': 0.87}
{'loss': 0.0, 'grad_norm': 3.1622776985168457, 'learning_rate': 0.0, 'epoch': 0.87}
{'loss': 0.0, 'grad_norm': 3.1622776985168457, 'learning_rate': 0.0, 'epoch': 0.87}
{'loss': 0.0, 'grad_norm': 3.1622776985168457, 'learning_rate': 0.0, 'epoch': 0.87}
{'loss': 0.0, 'grad_norm': 3.1622776985168457, 'learning_rate': 0.0, 'epoch': 0.87}
{'loss': 0.0, 'grad_norm': 3.1622776985168457, 'learning_rate': 0.0, 'epoch': 0.87}
{'loss': 0.0, 'grad_norm': 3.1622776985168457, 'learning_rate': 0.0, 'epoch': 0.87}
{'loss': 0.0, 'grad_norm': 3.1622776985168457, 'learning_rate': 0.0, 'epoch': 0.87}
{'loss': 0.0, 'grad_norm': 3.1622776985168457, 'learning_rate': 0.0, 'epoch': 0.87}
{'loss': 0.0, 'grad_norm': 3.1622776985168457, 'learning_rate': 0.0, 'epoch': 0.87}
{'loss': 0.0, 'grad_norm': 3.1622776985168457, 'learning_rate': 0.0, 'epoch': 0.87}
{'loss': 0.0, 'grad_norm': 3.1622776985168457, 'learning_rate': 0.0, 'epoch': 0.87}
{'loss': 0.0, 'grad_norm': 3.1622776985168457, 'learning_rate': 0.0, 'epoch': 0.87}
{'loss': 0.0, 'grad_norm': 3.1622776985168457, 'learning_rate': 0.0, 'epoch': 0.87}
{'loss': 0.0, 'grad_norm': 3.1622776985168457, 'learning_rate': 0.0, 'epoch': 0.87}
{'loss': 0.0, 'grad_norm': 3.1622776985168457, 'learning_rate': 0.0, 'epoch': 0.87}
{'loss': 0.0, 'grad_norm': 3.1622776985168457, 'learning_rate': 0.0, 'epoch': 0.87}
{'loss': 0.0, 'grad_norm': 3.1622776985168457, 'learning_rate': 0.0, 'epoch': 0.87}
{'loss': 0.0, 'grad_norm': 3.1622776985168457, 'learning_rate': 0.0, 'epoch': 0.87}
{'loss': 0.0, 'grad_norm': 3.1622776985168457, 'learning_rate': 0.0, 'epoch': 0.87}
{'loss': 0.0, 'grad_norm': 3.1622776985168457, 'learning_rate': 0.0, 'epoch': 0.87}
{'loss': 0.0, 'grad_norm': 3.1622776985168457, 'learning_rate': 0.0, 'epoch': 0.87}
{'loss': 0.0, 'grad_norm': 3.1622776985168457, 'learning_rate': 0.0, 'epoch': 0.87}
{'loss': 0.0, 'grad_norm': 3.1622776985168457, 'learning_rate': 0.0, 'epoch': 0.87}
{'loss': 0.0, 'grad_norm': 3.1622776985168457, 'learning_rate': 0.0, 'epoch': 0.87}
{'loss': 0.0, 'grad_norm': 3.1622776985168457, 'learning_rate': 0.0, 'epoch': 0.87}
{'loss': 0.0, 'grad_norm': 3.1622776985168457, 'learning_rate': 0.0, 'epoch': 0.87}
{'loss': 0.0, 'grad_norm': 3.1622776985168457, 'learning_rate': 0.0, 'epoch': 0.87}
{'loss': 0.0, 'grad_norm': 3.1622776985168457, 'learning_rate': 0.0, 'epoch': 0.87}
{'loss': 0.0, 'grad_norm': 3.1622776985168457, 'learning_rate': 0.0, 'epoch': 0.87}
{'loss': 0.0, 'grad_norm': 3.1622776985168457, 'learning_rate': 0.0, 'epoch': 0.87}
{'loss': 0.0, 'grad_norm': 3.1622776985168457, 'learning_rate': 0.0, 'epoch': 0.87}
{'loss': 0.0, 'grad_norm': 3.1622776985168457, 'learning_rate': 0.0, 'epoch': 0.88}
{'loss': 0.0, 'grad_norm': 3.1622776985168457, 'learning_rate': 0.0, 'epoch': 0.88}
{'loss': 0.0, 'grad_norm': 3.1622776985168457, 'learning_rate': 0.0, 'epoch': 0.88}
{'loss': 0.0, 'grad_norm': 3.1622776985168457, 'learning_rate': 0.0, 'epoch': 0.88}
{'loss': 0.0, 'grad_norm': 3.1622776985168457, 'learning_rate': 0.0, 'epoch': 0.88}
{'loss': 0.0, 'grad_norm': 3.1622776985168457, 'learning_rate': 0.0, 'epoch': 0.88}
{'loss': 0.0, 'grad_norm': 3.1622776985168457, 'learning_rate': 0.0, 'epoch': 0.88}
{'loss': 0.0, 'grad_norm': 3.1622776985168457, 'learning_rate': 0.0, 'epoch': 0.88}
{'loss': 0.0, 'grad_norm': 3.1622776985168457, 'learning_rate': 0.0, 'epoch': 0.88}
{'loss': 0.0, 'grad_norm': 3.1622776985168457, 'learning_rate': 0.0, 'epoch': 0.88}
{'loss': 0.0, 'grad_norm': 3.1622776985168457, 'learning_rate': 0.0, 'epoch': 0.88}
{'loss': 0.0, 'grad_norm': 3.1622776985168457, 'learning_rate': 0.0, 'epoch': 0.88}
{'loss': 0.0, 'grad_norm': 3.1622776985168457, 'learning_rate': 0.0, 'epoch': 0.88}
{'loss': 0.0, 'grad_norm': 3.1622776985168457, 'learning_rate': 0.0, 'epoch': 0.88}
{'loss': 0.0, 'grad_norm': 3.1622776985168457, 'learning_rate': 0.0, 'epoch': 0.88}
{'loss': 0.0, 'grad_norm': 3.1622776985168457, 'learning_rate': 0.0, 'epoch': 0.88}
{'loss': 0.0, 'grad_norm': 3.1622776985168457, 'learning_rate': 0.0, 'epoch': 0.88}
{'loss': 0.0, 'grad_norm': 3.1622776985168457, 'learning_rate': 0.0, 'epoch': 0.88}
{'loss': 0.0, 'grad_norm': 3.1622776985168457, 'learning_rate': 0.0, 'epoch': 0.88}
{'loss': 0.0, 'grad_norm': 3.1622776985168457, 'learning_rate': 0.0, 'epoch': 0.88}
{'loss': 0.0, 'grad_norm': 3.1622776985168457, 'learning_rate': 0.0, 'epoch': 0.88}
{'loss': 0.0, 'grad_norm': 3.1622776985168457, 'learning_rate': 0.0, 'epoch': 0.88}
{'loss': 0.0, 'grad_norm': 3.1622776985168457, 'learning_rate': 0.0, 'epoch': 0.88}
{'loss': 0.0, 'grad_norm': 3.1622776985168457, 'learning_rate': 0.0, 'epoch': 0.88}
{'loss': 0.0, 'grad_norm': 3.1622776985168457, 'learning_rate': 0.0, 'epoch': 0.88}
{'loss': 0.0, 'grad_norm': 3.1622776985168457, 'learning_rate': 0.0, 'epoch': 0.88}
{'loss': 0.0, 'grad_norm': 3.1622776985168457, 'learning_rate': 0.0, 'epoch': 0.88}
{'loss': 0.0, 'grad_norm': 3.1622776985168457, 'learning_rate': 0.0, 'epoch': 0.88}
{'loss': 0.0, 'grad_norm': 3.1622776985168457, 'learning_rate': 0.0, 'epoch': 0.88}
{'loss': 0.0, 'grad_norm': 3.1622776985168457, 'learning_rate': 0.0, 'epoch': 0.88}
{'loss': 0.0, 'grad_norm': 3.1622776985168457, 'learning_rate': 0.0, 'epoch': 0.88}
{'loss': 0.0, 'grad_norm': 3.1622776985168457, 'learning_rate': 0.0, 'epoch': 0.88}
{'loss': 0.0, 'grad_norm': 3.1622776985168457, 'learning_rate': 0.0, 'epoch': 0.88}
{'loss': 0.0, 'grad_norm': 3.1622776985168457, 'learning_rate': 0.0, 'epoch': 0.88}
{'loss': 0.0, 'grad_norm': 3.1622776985168457, 'learning_rate': 0.0, 'epoch': 0.88}
{'loss': 0.0, 'grad_norm': 3.1622776985168457, 'learning_rate': 0.0, 'epoch': 0.88}
{'loss': 0.0, 'grad_norm': 3.1622776985168457, 'learning_rate': 0.0, 'epoch': 0.88}
{'loss': 0.0, 'grad_norm': 3.1622776985168457, 'learning_rate': 0.0, 'epoch': 0.88}
{'loss': 0.0, 'grad_norm': 3.1622776985168457, 'learning_rate': 0.0, 'epoch': 0.88}
{'loss': 0.0, 'grad_norm': 3.1622776985168457, 'learning_rate': 0.0, 'epoch': 0.88}
{'loss': 0.0, 'grad_norm': 3.1622776985168457, 'learning_rate': 0.0, 'epoch': 0.88}
{'loss': 0.0, 'grad_norm': 3.1622776985168457, 'learning_rate': 0.0, 'epoch': 0.88}
{'loss': 0.0, 'grad_norm': 3.1622776985168457, 'learning_rate': 0.0, 'epoch': 0.88}
{'loss': 0.0, 'grad_norm': 3.1622776985168457, 'learning_rate': 0.0, 'epoch': 0.88}
{'loss': 0.0, 'grad_norm': 3.1622776985168457, 'learning_rate': 0.0, 'epoch': 0.88}
{'loss': 0.0, 'grad_norm': 3.1622776985168457, 'learning_rate': 0.0, 'epoch': 0.88}
{'loss': 0.0, 'grad_norm': 3.1622776985168457, 'learning_rate': 0.0, 'epoch': 0.88}
{'loss': 0.0, 'grad_norm': 3.1622776985168457, 'learning_rate': 0.0, 'epoch': 0.88}
{'loss': 0.0, 'grad_norm': 3.1622776985168457, 'learning_rate': 0.0, 'epoch': 0.88}
{'loss': 0.0, 'grad_norm': 3.1622776985168457, 'learning_rate': 0.0, 'epoch': 0.88}
{'loss': 0.0, 'grad_norm': 3.1622776985168457, 'learning_rate': 0.0, 'epoch': 0.88}
{'loss': 0.0, 'grad_norm': 3.1622776985168457, 'learning_rate': 0.0, 'epoch': 0.88}
{'loss': 0.0, 'grad_norm': 3.1622776985168457, 'learning_rate': 0.0, 'epoch': 0.89}
{'loss': 0.0, 'grad_norm': 3.1622776985168457, 'learning_rate': 0.0, 'epoch': 0.89}
{'loss': 0.0, 'grad_norm': 3.1622776985168457, 'learning_rate': 0.0, 'epoch': 0.89}
{'loss': 0.0, 'grad_norm': 3.1622776985168457, 'learning_rate': 0.0, 'epoch': 0.89}
{'loss': 0.0, 'grad_norm': 3.1622776985168457, 'learning_rate': 0.0, 'epoch': 0.89}
{'loss': 0.0, 'grad_norm': 3.1622776985168457, 'learning_rate': 0.0, 'epoch': 0.89}
{'loss': 0.0, 'grad_norm': 3.1622776985168457, 'learning_rate': 0.0, 'epoch': 0.89}
{'loss': 0.0, 'grad_norm': 3.1622776985168457, 'learning_rate': 0.0, 'epoch': 0.89}
{'loss': 0.0, 'grad_norm': 3.1622776985168457, 'learning_rate': 0.0, 'epoch': 0.89}
{'loss': 0.0, 'grad_norm': 3.1622776985168457, 'learning_rate': 0.0, 'epoch': 0.89}
{'loss': 0.0, 'grad_norm': 3.1622776985168457, 'learning_rate': 0.0, 'epoch': 0.89}
{'loss': 0.0, 'grad_norm': 3.1622776985168457, 'learning_rate': 0.0, 'epoch': 0.89}
Error with cannot identify image file '/scratch3/li309/data/llava_data/train_data/llava_image_tune/ocr_vqa/images/376028076.jpg'
{'loss': 0.0, 'grad_norm': 3.1622776985168457, 'learning_rate': 0.0, 'epoch': 0.89}
{'loss': 0.0, 'grad_norm': 3.1622776985168457, 'learning_rate': 0.0, 'epoch': 0.89}
{'loss': 0.0, 'grad_norm': 3.1622776985168457, 'learning_rate': 0.0, 'epoch': 0.89}
{'loss': 0.0, 'grad_norm': 3.1622776985168457, 'learning_rate': 0.0, 'epoch': 0.89}
{'loss': 0.0, 'grad_norm': 3.1622776985168457, 'learning_rate': 0.0, 'epoch': 0.89}
{'loss': 0.0, 'grad_norm': 3.1622776985168457, 'learning_rate': 0.0, 'epoch': 0.89}
{'loss': 0.0, 'grad_norm': 3.1622776985168457, 'learning_rate': 0.0, 'epoch': 0.89}
{'loss': 0.0, 'grad_norm': 3.1622776985168457, 'learning_rate': 0.0, 'epoch': 0.89}
{'loss': 0.0, 'grad_norm': 3.1622776985168457, 'learning_rate': 0.0, 'epoch': 0.89}
{'loss': 0.0, 'grad_norm': 3.1622776985168457, 'learning_rate': 0.0, 'epoch': 0.89}
{'loss': 0.0, 'grad_norm': 3.1622776985168457, 'learning_rate': 0.0, 'epoch': 0.89}
{'loss': 0.0, 'grad_norm': 3.1622776985168457, 'learning_rate': 0.0, 'epoch': 0.89}
{'loss': 0.0, 'grad_norm': 3.1622776985168457, 'learning_rate': 0.0, 'epoch': 0.89}
{'loss': 0.0, 'grad_norm': 3.1622776985168457, 'learning_rate': 0.0, 'epoch': 0.89}
{'loss': 0.0, 'grad_norm': 3.1622776985168457, 'learning_rate': 0.0, 'epoch': 0.89}
{'loss': 0.0, 'grad_norm': 3.1622776985168457, 'learning_rate': 0.0, 'epoch': 0.89}
{'loss': 0.0, 'grad_norm': 3.1622776985168457, 'learning_rate': 0.0, 'epoch': 0.89}
{'loss': 0.0, 'grad_norm': 3.1622776985168457, 'learning_rate': 0.0, 'epoch': 0.89}
{'loss': 0.0, 'grad_norm': 3.1622776985168457, 'learning_rate': 0.0, 'epoch': 0.89}
{'loss': 0.0, 'grad_norm': 3.1622776985168457, 'learning_rate': 0.0, 'epoch': 0.89}
{'loss': 0.0, 'grad_norm': 3.1622776985168457, 'learning_rate': 0.0, 'epoch': 0.89}
{'loss': 0.0, 'grad_norm': 3.1622776985168457, 'learning_rate': 0.0, 'epoch': 0.89}
{'loss': 0.0, 'grad_norm': 3.1622776985168457, 'learning_rate': 0.0, 'epoch': 0.89}
{'loss': 0.0, 'grad_norm': 3.1622776985168457, 'learning_rate': 0.0, 'epoch': 0.89}
{'loss': 0.0, 'grad_norm': 3.1622776985168457, 'learning_rate': 0.0, 'epoch': 0.89}
{'loss': 0.0, 'grad_norm': 3.1622776985168457, 'learning_rate': 0.0, 'epoch': 0.89}
{'loss': 0.0, 'grad_norm': 3.1622776985168457, 'learning_rate': 0.0, 'epoch': 0.89}
{'loss': 0.0, 'grad_norm': 3.1622776985168457, 'learning_rate': 0.0, 'epoch': 0.89}
{'loss': 0.0, 'grad_norm': 3.1622776985168457, 'learning_rate': 0.0, 'epoch': 0.89}
{'loss': 0.0, 'grad_norm': 3.1622776985168457, 'learning_rate': 0.0, 'epoch': 0.89}
{'loss': 0.0, 'grad_norm': 3.1622776985168457, 'learning_rate': 0.0, 'epoch': 0.89}
{'loss': 0.0, 'grad_norm': 3.1622776985168457, 'learning_rate': 0.0, 'epoch': 0.89}
{'loss': 0.0, 'grad_norm': 3.1622776985168457, 'learning_rate': 0.0, 'epoch': 0.89}
{'loss': 0.0, 'grad_norm': 3.1622776985168457, 'learning_rate': 0.0, 'epoch': 0.89}
{'loss': 0.0, 'grad_norm': 3.1622776985168457, 'learning_rate': 0.0, 'epoch': 0.89}
{'loss': 0.0, 'grad_norm': 3.1622776985168457, 'learning_rate': 0.0, 'epoch': 0.89}
{'loss': 0.0, 'grad_norm': 3.1622776985168457, 'learning_rate': 0.0, 'epoch': 0.89}
{'loss': 0.0, 'grad_norm': 3.1622776985168457, 'learning_rate': 0.0, 'epoch': 0.89}
{'loss': 0.0, 'grad_norm': 3.1622776985168457, 'learning_rate': 0.0, 'epoch': 0.89}
{'loss': 0.0, 'grad_norm': 3.1622776985168457, 'learning_rate': 0.0, 'epoch': 0.89}
{'loss': 0.0, 'grad_norm': 3.1622776985168457, 'learning_rate': 0.0, 'epoch': 0.9}
{'loss': 0.0, 'grad_norm': 3.1622776985168457, 'learning_rate': 0.0, 'epoch': 0.9}
{'loss': 0.0, 'grad_norm': 3.1622776985168457, 'learning_rate': 0.0, 'epoch': 0.9}
{'loss': 0.0, 'grad_norm': 3.1622776985168457, 'learning_rate': 0.0, 'epoch': 0.9}
{'loss': 0.0, 'grad_norm': 3.1622776985168457, 'learning_rate': 0.0, 'epoch': 0.9}
{'loss': 0.0, 'grad_norm': 3.1622776985168457, 'learning_rate': 0.0, 'epoch': 0.9}
{'loss': 0.0, 'grad_norm': 3.1622776985168457, 'learning_rate': 0.0, 'epoch': 0.9}
{'loss': 0.0, 'grad_norm': 3.1622776985168457, 'learning_rate': 0.0, 'epoch': 0.9}
{'loss': 0.0, 'grad_norm': 3.1622776985168457, 'learning_rate': 0.0, 'epoch': 0.9}
{'loss': 0.0, 'grad_norm': 3.1622776985168457, 'learning_rate': 0.0, 'epoch': 0.9}
{'loss': 0.0, 'grad_norm': 3.1622776985168457, 'learning_rate': 0.0, 'epoch': 0.9}
{'loss': 0.0, 'grad_norm': 3.1622776985168457, 'learning_rate': 0.0, 'epoch': 0.9}
{'loss': 0.0, 'grad_norm': 3.1622776985168457, 'learning_rate': 0.0, 'epoch': 0.9}
{'loss': 0.0, 'grad_norm': 3.1622776985168457, 'learning_rate': 0.0, 'epoch': 0.9}
{'loss': 0.0, 'grad_norm': 3.1622776985168457, 'learning_rate': 0.0, 'epoch': 0.9}
{'loss': 0.0, 'grad_norm': 3.1622776985168457, 'learning_rate': 0.0, 'epoch': 0.9}
{'loss': 0.0, 'grad_norm': 3.1622776985168457, 'learning_rate': 0.0, 'epoch': 0.9}
{'loss': 0.0, 'grad_norm': 3.1622776985168457, 'learning_rate': 0.0, 'epoch': 0.9}
{'loss': 0.0, 'grad_norm': 3.1622776985168457, 'learning_rate': 0.0, 'epoch': 0.9}
{'loss': 0.0, 'grad_norm': 3.1622776985168457, 'learning_rate': 0.0, 'epoch': 0.9}
{'loss': 0.0, 'grad_norm': 3.1622776985168457, 'learning_rate': 0.0, 'epoch': 0.9}
{'loss': 0.0, 'grad_norm': 3.1622776985168457, 'learning_rate': 0.0, 'epoch': 0.9}
Error with image file is truncated (5 bytes not processed)
{'loss': 0.0, 'grad_norm': 3.1622776985168457, 'learning_rate': 0.0, 'epoch': 0.9}
{'loss': 0.0, 'grad_norm': 3.1622776985168457, 'learning_rate': 0.0, 'epoch': 0.9}
{'loss': 0.0, 'grad_norm': 3.1622776985168457, 'learning_rate': 0.0, 'epoch': 0.9}
{'loss': 0.0, 'grad_norm': 3.1622776985168457, 'learning_rate': 0.0, 'epoch': 0.9}
{'loss': 0.0, 'grad_norm': 3.1622776985168457, 'learning_rate': 0.0, 'epoch': 0.9}
{'loss': 0.0, 'grad_norm': 3.1622776985168457, 'learning_rate': 0.0, 'epoch': 0.9}
{'loss': 0.0, 'grad_norm': 3.1622776985168457, 'learning_rate': 0.0, 'epoch': 0.9}
{'loss': 0.0, 'grad_norm': 3.1622776985168457, 'learning_rate': 0.0, 'epoch': 0.9}
{'loss': 0.0, 'grad_norm': 3.1622776985168457, 'learning_rate': 0.0, 'epoch': 0.9}
{'loss': 0.0, 'grad_norm': 3.1622776985168457, 'learning_rate': 0.0, 'epoch': 0.9}
{'loss': 0.0, 'grad_norm': 3.1622776985168457, 'learning_rate': 0.0, 'epoch': 0.9}
{'loss': 0.0, 'grad_norm': 3.1622776985168457, 'learning_rate': 0.0, 'epoch': 0.9}
{'loss': 0.0, 'grad_norm': 3.1622776985168457, 'learning_rate': 0.0, 'epoch': 0.9}
{'loss': 0.0, 'grad_norm': 3.1622776985168457, 'learning_rate': 0.0, 'epoch': 0.9}
{'loss': 0.0, 'grad_norm': 3.1622776985168457, 'learning_rate': 0.0, 'epoch': 0.9}
{'loss': 0.0, 'grad_norm': 3.1622776985168457, 'learning_rate': 0.0, 'epoch': 0.9}
{'loss': 0.0, 'grad_norm': 3.1622776985168457, 'learning_rate': 0.0, 'epoch': 0.9}
{'loss': 0.0, 'grad_norm': 3.1622776985168457, 'learning_rate': 0.0, 'epoch': 0.9}
{'loss': 0.0, 'grad_norm': 3.1622776985168457, 'learning_rate': 0.0, 'epoch': 0.9}
{'loss': 0.0, 'grad_norm': 3.1622776985168457, 'learning_rate': 0.0, 'epoch': 0.9}
{'loss': 0.0, 'grad_norm': 3.1622776985168457, 'learning_rate': 0.0, 'epoch': 0.9}
{'loss': 0.0, 'grad_norm': 3.1622776985168457, 'learning_rate': 0.0, 'epoch': 0.9}
{'loss': 0.0, 'grad_norm': 3.1622776985168457, 'learning_rate': 0.0, 'epoch': 0.9}
{'loss': 0.0, 'grad_norm': 3.1622776985168457, 'learning_rate': 0.0, 'epoch': 0.9}
{'loss': 0.0, 'grad_norm': 3.1622776985168457, 'learning_rate': 0.0, 'epoch': 0.9}
{'loss': 0.0, 'grad_norm': 3.1622776985168457, 'learning_rate': 0.0, 'epoch': 0.9}
{'loss': 0.0, 'grad_norm': 3.1622776985168457, 'learning_rate': 0.0, 'epoch': 0.9}
{'loss': 0.0, 'grad_norm': 3.1622776985168457, 'learning_rate': 0.0, 'epoch': 0.9}
{'loss': 0.0, 'grad_norm': 3.1622776985168457, 'learning_rate': 0.0, 'epoch': 0.9}
{'loss': 0.0, 'grad_norm': 3.1622776985168457, 'learning_rate': 0.0, 'epoch': 0.9}
{'loss': 0.0, 'grad_norm': 3.1622776985168457, 'learning_rate': 0.0, 'epoch': 0.91}
{'loss': 0.0, 'grad_norm': 3.1622776985168457, 'learning_rate': 0.0, 'epoch': 0.91}
{'loss': 0.0, 'grad_norm': 3.1622776985168457, 'learning_rate': 0.0, 'epoch': 0.91}
{'loss': 0.0, 'grad_norm': 3.1622776985168457, 'learning_rate': 0.0, 'epoch': 0.91}
{'loss': 0.0, 'grad_norm': 3.1622776985168457, 'learning_rate': 0.0, 'epoch': 0.91}
{'loss': 0.0, 'grad_norm': 3.1622776985168457, 'learning_rate': 0.0, 'epoch': 0.91}
{'loss': 0.0, 'grad_norm': 3.1622776985168457, 'learning_rate': 0.0, 'epoch': 0.91}
{'loss': 0.0, 'grad_norm': 3.1622776985168457, 'learning_rate': 0.0, 'epoch': 0.91}
{'loss': 0.0, 'grad_norm': 3.1622776985168457, 'learning_rate': 0.0, 'epoch': 0.91}
{'loss': 0.0, 'grad_norm': 3.1622776985168457, 'learning_rate': 0.0, 'epoch': 0.91}
{'loss': 0.0, 'grad_norm': 3.1622776985168457, 'learning_rate': 0.0, 'epoch': 0.91}
{'loss': 0.0, 'grad_norm': 3.1622776985168457, 'learning_rate': 0.0, 'epoch': 0.91}
{'loss': 0.0, 'grad_norm': 3.1622776985168457, 'learning_rate': 0.0, 'epoch': 0.91}
{'loss': 0.0, 'grad_norm': 3.1622776985168457, 'learning_rate': 0.0, 'epoch': 0.91}
{'loss': 0.0, 'grad_norm': 3.1622776985168457, 'learning_rate': 0.0, 'epoch': 0.91}
{'loss': 0.0, 'grad_norm': 3.1622776985168457, 'learning_rate': 0.0, 'epoch': 0.91}
{'loss': 0.0, 'grad_norm': 3.1622776985168457, 'learning_rate': 0.0, 'epoch': 0.91}
{'loss': 0.0, 'grad_norm': 3.1622776985168457, 'learning_rate': 0.0, 'epoch': 0.91}
{'loss': 0.0, 'grad_norm': 3.1622776985168457, 'learning_rate': 0.0, 'epoch': 0.91}
{'loss': 0.0, 'grad_norm': 3.1622776985168457, 'learning_rate': 0.0, 'epoch': 0.91}
{'loss': 0.0, 'grad_norm': 3.1622776985168457, 'learning_rate': 0.0, 'epoch': 0.91}
{'loss': 0.0, 'grad_norm': 3.1622776985168457, 'learning_rate': 0.0, 'epoch': 0.91}
{'loss': 0.0, 'grad_norm': 3.1622776985168457, 'learning_rate': 0.0, 'epoch': 0.91}
{'loss': 0.0, 'grad_norm': 3.1622776985168457, 'learning_rate': 0.0, 'epoch': 0.91}
{'loss': 0.0, 'grad_norm': 3.1622776985168457, 'learning_rate': 0.0, 'epoch': 0.91}
{'loss': 0.0, 'grad_norm': 3.1622776985168457, 'learning_rate': 0.0, 'epoch': 0.91}
{'loss': 0.0, 'grad_norm': 3.1622776985168457, 'learning_rate': 0.0, 'epoch': 0.91}
{'loss': 0.0, 'grad_norm': 3.1622776985168457, 'learning_rate': 0.0, 'epoch': 0.91}
{'loss': 0.0, 'grad_norm': 3.1622776985168457, 'learning_rate': 0.0, 'epoch': 0.91}
{'loss': 0.0, 'grad_norm': 3.1622776985168457, 'learning_rate': 0.0, 'epoch': 0.91}
{'loss': 0.0, 'grad_norm': 3.1622776985168457, 'learning_rate': 0.0, 'epoch': 0.91}
{'loss': 0.0, 'grad_norm': 3.1622776985168457, 'learning_rate': 0.0, 'epoch': 0.91}
{'loss': 0.0, 'grad_norm': 3.1622776985168457, 'learning_rate': 0.0, 'epoch': 0.91}
{'loss': 0.0, 'grad_norm': 3.1622776985168457, 'learning_rate': 0.0, 'epoch': 0.91}
{'loss': 0.0, 'grad_norm': 3.1622776985168457, 'learning_rate': 0.0, 'epoch': 0.91}
{'loss': 0.0, 'grad_norm': 3.1622776985168457, 'learning_rate': 0.0, 'epoch': 0.91}
{'loss': 0.0, 'grad_norm': 3.1622776985168457, 'learning_rate': 0.0, 'epoch': 0.91}
{'loss': 0.0, 'grad_norm': 3.1622776985168457, 'learning_rate': 0.0, 'epoch': 0.91}
{'loss': 0.0, 'grad_norm': 3.1622776985168457, 'learning_rate': 0.0, 'epoch': 0.91}
{'loss': 0.0, 'grad_norm': 3.1622776985168457, 'learning_rate': 0.0, 'epoch': 0.91}
{'loss': 0.0, 'grad_norm': 3.1622776985168457, 'learning_rate': 0.0, 'epoch': 0.91}
{'loss': 0.0, 'grad_norm': 3.1622776985168457, 'learning_rate': 0.0, 'epoch': 0.91}
{'loss': 0.0, 'grad_norm': 3.1622776985168457, 'learning_rate': 0.0, 'epoch': 0.91}
{'loss': 0.0, 'grad_norm': 3.1622776985168457, 'learning_rate': 0.0, 'epoch': 0.91}
{'loss': 0.0, 'grad_norm': 3.1622776985168457, 'learning_rate': 0.0, 'epoch': 0.91}
{'loss': 0.0, 'grad_norm': 3.1622776985168457, 'learning_rate': 0.0, 'epoch': 0.91}
{'loss': 0.0, 'grad_norm': 3.1622776985168457, 'learning_rate': 0.0, 'epoch': 0.91}
{'loss': 0.0, 'grad_norm': 3.1622776985168457, 'learning_rate': 0.0, 'epoch': 0.91}
{'loss': 0.0, 'grad_norm': 3.1622776985168457, 'learning_rate': 0.0, 'epoch': 0.91}
{'loss': 0.0, 'grad_norm': 3.1622776985168457, 'learning_rate': 0.0, 'epoch': 0.91}
{'loss': 0.0, 'grad_norm': 3.1622776985168457, 'learning_rate': 0.0, 'epoch': 0.91}
{'loss': 0.0, 'grad_norm': 3.1622776985168457, 'learning_rate': 0.0, 'epoch': 0.91}
{'loss': 0.0, 'grad_norm': 3.1622776985168457, 'learning_rate': 0.0, 'epoch': 0.92}
{'loss': 0.0, 'grad_norm': 3.1622776985168457, 'learning_rate': 0.0, 'epoch': 0.92}
{'loss': 0.0, 'grad_norm': 3.1622776985168457, 'learning_rate': 0.0, 'epoch': 0.92}
{'loss': 0.0, 'grad_norm': 3.1622776985168457, 'learning_rate': 0.0, 'epoch': 0.92}
{'loss': 0.0, 'grad_norm': 3.1622776985168457, 'learning_rate': 0.0, 'epoch': 0.92}
{'loss': 0.0, 'grad_norm': 3.1622776985168457, 'learning_rate': 0.0, 'epoch': 0.92}
{'loss': 0.0, 'grad_norm': 3.1622776985168457, 'learning_rate': 0.0, 'epoch': 0.92}
{'loss': 0.0, 'grad_norm': 3.1622776985168457, 'learning_rate': 0.0, 'epoch': 0.92}
{'loss': 0.0, 'grad_norm': 3.1622776985168457, 'learning_rate': 0.0, 'epoch': 0.92}
{'loss': 0.0, 'grad_norm': 3.1622776985168457, 'learning_rate': 0.0, 'epoch': 0.92}
{'loss': 0.0, 'grad_norm': 3.1622776985168457, 'learning_rate': 0.0, 'epoch': 0.92}
{'loss': 0.0, 'grad_norm': 3.1622776985168457, 'learning_rate': 0.0, 'epoch': 0.92}
{'loss': 0.0, 'grad_norm': 3.1622776985168457, 'learning_rate': 0.0, 'epoch': 0.92}
{'loss': 0.0, 'grad_norm': 3.1622776985168457, 'learning_rate': 0.0, 'epoch': 0.92}
{'loss': 0.0, 'grad_norm': 3.1622776985168457, 'learning_rate': 0.0, 'epoch': 0.92}
{'loss': 0.0, 'grad_norm': 3.1622776985168457, 'learning_rate': 0.0, 'epoch': 0.92}
{'loss': 0.0, 'grad_norm': 3.1622776985168457, 'learning_rate': 0.0, 'epoch': 0.92}
{'loss': 0.0, 'grad_norm': 3.1622776985168457, 'learning_rate': 0.0, 'epoch': 0.92}
{'loss': 0.0, 'grad_norm': 3.1622776985168457, 'learning_rate': 0.0, 'epoch': 0.92}
{'loss': 0.0, 'grad_norm': 3.1622776985168457, 'learning_rate': 0.0, 'epoch': 0.92}
{'loss': 0.0, 'grad_norm': 3.1622776985168457, 'learning_rate': 0.0, 'epoch': 0.92}
{'loss': 0.0, 'grad_norm': 3.1622776985168457, 'learning_rate': 0.0, 'epoch': 0.92}
{'loss': 0.0, 'grad_norm': 3.1622776985168457, 'learning_rate': 0.0, 'epoch': 0.92}
{'loss': 0.0, 'grad_norm': 3.1622776985168457, 'learning_rate': 0.0, 'epoch': 0.92}
{'loss': 0.0, 'grad_norm': 3.1622776985168457, 'learning_rate': 0.0, 'epoch': 0.92}
{'loss': 0.0, 'grad_norm': 3.1622776985168457, 'learning_rate': 0.0, 'epoch': 0.92}
{'loss': 0.0, 'grad_norm': 3.1622776985168457, 'learning_rate': 0.0, 'epoch': 0.92}
{'loss': 0.0, 'grad_norm': 3.1622776985168457, 'learning_rate': 0.0, 'epoch': 0.92}
{'loss': 0.0, 'grad_norm': 3.1622776985168457, 'learning_rate': 0.0, 'epoch': 0.92}
{'loss': 0.0, 'grad_norm': 3.1622776985168457, 'learning_rate': 0.0, 'epoch': 0.92}
{'loss': 0.0, 'grad_norm': 3.1622776985168457, 'learning_rate': 0.0, 'epoch': 0.92}
{'loss': 0.0, 'grad_norm': 3.1622776985168457, 'learning_rate': 0.0, 'epoch': 0.92}
{'loss': 0.0, 'grad_norm': 3.1622776985168457, 'learning_rate': 0.0, 'epoch': 0.92}
{'loss': 0.0, 'grad_norm': 3.1622776985168457, 'learning_rate': 0.0, 'epoch': 0.92}
{'loss': 0.0, 'grad_norm': 3.1622776985168457, 'learning_rate': 0.0, 'epoch': 0.92}
{'loss': 0.0, 'grad_norm': 3.1622776985168457, 'learning_rate': 0.0, 'epoch': 0.92}
{'loss': 0.0, 'grad_norm': 3.1622776985168457, 'learning_rate': 0.0, 'epoch': 0.92}
{'loss': 0.0, 'grad_norm': 3.1622776985168457, 'learning_rate': 0.0, 'epoch': 0.92}
{'loss': 0.0, 'grad_norm': 3.1622776985168457, 'learning_rate': 0.0, 'epoch': 0.92}
{'loss': 0.0, 'grad_norm': 3.1622776985168457, 'learning_rate': 0.0, 'epoch': 0.92}
{'loss': 0.0, 'grad_norm': 3.1622776985168457, 'learning_rate': 0.0, 'epoch': 0.92}
{'loss': 0.0, 'grad_norm': 3.1622776985168457, 'learning_rate': 0.0, 'epoch': 0.92}
{'loss': 0.0, 'grad_norm': 3.1622776985168457, 'learning_rate': 0.0, 'epoch': 0.92}
{'loss': 0.0, 'grad_norm': 3.1622776985168457, 'learning_rate': 0.0, 'epoch': 0.92}
{'loss': 0.0, 'grad_norm': 3.1622776985168457, 'learning_rate': 0.0, 'epoch': 0.92}
{'loss': 0.0, 'grad_norm': 3.1622776985168457, 'learning_rate': 0.0, 'epoch': 0.92}
{'loss': 0.0, 'grad_norm': 3.1622776985168457, 'learning_rate': 0.0, 'epoch': 0.92}
{'loss': 0.0, 'grad_norm': 3.1622776985168457, 'learning_rate': 0.0, 'epoch': 0.92}
{'loss': 0.0, 'grad_norm': 3.1622776985168457, 'learning_rate': 0.0, 'epoch': 0.92}
{'loss': 0.0, 'grad_norm': 3.1622776985168457, 'learning_rate': 0.0, 'epoch': 0.92}
{'loss': 0.0, 'grad_norm': 3.1622776985168457, 'learning_rate': 0.0, 'epoch': 0.92}
{'loss': 0.0, 'grad_norm': 3.1622776985168457, 'learning_rate': 0.0, 'epoch': 0.92}
{'loss': 0.0, 'grad_norm': 3.1622776985168457, 'learning_rate': 0.0, 'epoch': 0.93}
{'loss': 0.0, 'grad_norm': 3.1622776985168457, 'learning_rate': 0.0, 'epoch': 0.93}
{'loss': 0.0, 'grad_norm': 3.1622776985168457, 'learning_rate': 0.0, 'epoch': 0.93}
{'loss': 0.0, 'grad_norm': 3.1622776985168457, 'learning_rate': 0.0, 'epoch': 0.93}
{'loss': 0.0, 'grad_norm': 3.1622776985168457, 'learning_rate': 0.0, 'epoch': 0.93}
{'loss': 0.0, 'grad_norm': 3.1622776985168457, 'learning_rate': 0.0, 'epoch': 0.93}
{'loss': 0.0, 'grad_norm': 3.1622776985168457, 'learning_rate': 0.0, 'epoch': 0.93}
{'loss': 0.0, 'grad_norm': 3.1622776985168457, 'learning_rate': 0.0, 'epoch': 0.93}
{'loss': 0.0, 'grad_norm': 3.1622776985168457, 'learning_rate': 0.0, 'epoch': 0.93}
{'loss': 0.0, 'grad_norm': 3.1622776985168457, 'learning_rate': 0.0, 'epoch': 0.93}
{'loss': 0.0, 'grad_norm': 3.1622776985168457, 'learning_rate': 0.0, 'epoch': 0.93}
{'loss': 0.0, 'grad_norm': 3.1622776985168457, 'learning_rate': 0.0, 'epoch': 0.93}
Error with image file is truncated (57 bytes not processed)
{'loss': 0.0, 'grad_norm': 3.1622776985168457, 'learning_rate': 0.0, 'epoch': 0.93}
{'loss': 0.0, 'grad_norm': 3.1622776985168457, 'learning_rate': 0.0, 'epoch': 0.93}
{'loss': 0.0, 'grad_norm': 3.1622776985168457, 'learning_rate': 0.0, 'epoch': 0.93}
{'loss': 0.0, 'grad_norm': 3.1622776985168457, 'learning_rate': 0.0, 'epoch': 0.93}
{'loss': 0.0, 'grad_norm': 3.1622776985168457, 'learning_rate': 0.0, 'epoch': 0.93}
{'loss': 0.0, 'grad_norm': 3.1622776985168457, 'learning_rate': 0.0, 'epoch': 0.93}
{'loss': 0.0, 'grad_norm': 3.1622776985168457, 'learning_rate': 0.0, 'epoch': 0.93}
{'loss': 0.0, 'grad_norm': 3.1622776985168457, 'learning_rate': 0.0, 'epoch': 0.93}
{'loss': 0.0, 'grad_norm': 3.1622776985168457, 'learning_rate': 0.0, 'epoch': 0.93}
{'loss': 0.0, 'grad_norm': 3.1622776985168457, 'learning_rate': 0.0, 'epoch': 0.93}
{'loss': 0.0, 'grad_norm': 3.1622776985168457, 'learning_rate': 0.0, 'epoch': 0.93}
{'loss': 0.0, 'grad_norm': 3.1622776985168457, 'learning_rate': 0.0, 'epoch': 0.93}
{'loss': 0.0, 'grad_norm': 3.1622776985168457, 'learning_rate': 0.0, 'epoch': 0.93}
{'loss': 0.0, 'grad_norm': 3.1622776985168457, 'learning_rate': 0.0, 'epoch': 0.93}
{'loss': 0.0, 'grad_norm': 3.1622776985168457, 'learning_rate': 0.0, 'epoch': 0.93}
{'loss': 0.0, 'grad_norm': 3.1622776985168457, 'learning_rate': 0.0, 'epoch': 0.93}
{'loss': 0.0, 'grad_norm': 3.1622776985168457, 'learning_rate': 0.0, 'epoch': 0.93}
{'loss': 0.0, 'grad_norm': 3.1622776985168457, 'learning_rate': 0.0, 'epoch': 0.93}
{'loss': 0.0, 'grad_norm': 3.1622776985168457, 'learning_rate': 0.0, 'epoch': 0.93}
{'loss': 0.0, 'grad_norm': 3.1622776985168457, 'learning_rate': 0.0, 'epoch': 0.93}
{'loss': 0.0, 'grad_norm': 3.1622776985168457, 'learning_rate': 0.0, 'epoch': 0.93}
{'loss': 0.0, 'grad_norm': 3.1622776985168457, 'learning_rate': 0.0, 'epoch': 0.93}
{'loss': 0.0, 'grad_norm': 3.1622776985168457, 'learning_rate': 0.0, 'epoch': 0.93}
{'loss': 0.0, 'grad_norm': 3.1622776985168457, 'learning_rate': 0.0, 'epoch': 0.93}
{'loss': 0.0, 'grad_norm': 3.1622776985168457, 'learning_rate': 0.0, 'epoch': 0.93}
{'loss': 0.0, 'grad_norm': 3.1622776985168457, 'learning_rate': 0.0, 'epoch': 0.93}
{'loss': 0.0, 'grad_norm': 3.1622776985168457, 'learning_rate': 0.0, 'epoch': 0.93}
{'loss': 0.0, 'grad_norm': 3.1622776985168457, 'learning_rate': 0.0, 'epoch': 0.93}
{'loss': 0.0, 'grad_norm': 3.1622776985168457, 'learning_rate': 0.0, 'epoch': 0.93}
{'loss': 0.0, 'grad_norm': 3.1622776985168457, 'learning_rate': 0.0, 'epoch': 0.93}
{'loss': 0.0, 'grad_norm': 3.1622776985168457, 'learning_rate': 0.0, 'epoch': 0.93}
{'loss': 0.0, 'grad_norm': 3.1622776985168457, 'learning_rate': 0.0, 'epoch': 0.93}
{'loss': 0.0, 'grad_norm': 3.1622776985168457, 'learning_rate': 0.0, 'epoch': 0.93}
{'loss': 0.0, 'grad_norm': 3.1622776985168457, 'learning_rate': 0.0, 'epoch': 0.93}
{'loss': 0.0, 'grad_norm': 3.1622776985168457, 'learning_rate': 0.0, 'epoch': 0.93}
{'loss': 0.0, 'grad_norm': 3.1622776985168457, 'learning_rate': 0.0, 'epoch': 0.93}
{'loss': 0.0, 'grad_norm': 3.1622776985168457, 'learning_rate': 0.0, 'epoch': 0.93}
{'loss': 0.0, 'grad_norm': 3.1622776985168457, 'learning_rate': 0.0, 'epoch': 0.93}
{'loss': 0.0, 'grad_norm': 3.1622776985168457, 'learning_rate': 0.0, 'epoch': 0.93}
{'loss': 0.0, 'grad_norm': 3.1622776985168457, 'learning_rate': 0.0, 'epoch': 0.93}
{'loss': 0.0, 'grad_norm': 3.1622776985168457, 'learning_rate': 0.0, 'epoch': 0.94}
{'loss': 0.0, 'grad_norm': 3.1622776985168457, 'learning_rate': 0.0, 'epoch': 0.94}
{'loss': 0.0, 'grad_norm': 3.1622776985168457, 'learning_rate': 0.0, 'epoch': 0.94}
{'loss': 0.0, 'grad_norm': 3.1622776985168457, 'learning_rate': 0.0, 'epoch': 0.94}
{'loss': 0.0, 'grad_norm': 3.1622776985168457, 'learning_rate': 0.0, 'epoch': 0.94}
{'loss': 0.0, 'grad_norm': 3.1622776985168457, 'learning_rate': 0.0, 'epoch': 0.94}
{'loss': 0.0, 'grad_norm': 3.1622776985168457, 'learning_rate': 0.0, 'epoch': 0.94}
{'loss': 0.0, 'grad_norm': 3.1622776985168457, 'learning_rate': 0.0, 'epoch': 0.94}
{'loss': 0.0, 'grad_norm': 3.1622776985168457, 'learning_rate': 0.0, 'epoch': 0.94}
{'loss': 0.0, 'grad_norm': 3.1622776985168457, 'learning_rate': 0.0, 'epoch': 0.94}
{'loss': 0.0, 'grad_norm': 3.1622776985168457, 'learning_rate': 0.0, 'epoch': 0.94}
{'loss': 0.0, 'grad_norm': 3.1622776985168457, 'learning_rate': 0.0, 'epoch': 0.94}
{'loss': 0.0, 'grad_norm': 3.1622776985168457, 'learning_rate': 0.0, 'epoch': 0.94}
{'loss': 0.0, 'grad_norm': 3.1622776985168457, 'learning_rate': 0.0, 'epoch': 0.94}
{'loss': 0.0, 'grad_norm': 3.1622776985168457, 'learning_rate': 0.0, 'epoch': 0.94}
{'loss': 0.0, 'grad_norm': 3.1622776985168457, 'learning_rate': 0.0, 'epoch': 0.94}
{'loss': 0.0, 'grad_norm': 3.1622776985168457, 'learning_rate': 0.0, 'epoch': 0.94}
{'loss': 0.0, 'grad_norm': 3.1622776985168457, 'learning_rate': 0.0, 'epoch': 0.94}
{'loss': 0.0, 'grad_norm': 3.1622776985168457, 'learning_rate': 0.0, 'epoch': 0.94}
{'loss': 0.0, 'grad_norm': 3.1622776985168457, 'learning_rate': 0.0, 'epoch': 0.94}
{'loss': 0.0, 'grad_norm': 3.1622776985168457, 'learning_rate': 0.0, 'epoch': 0.94}
{'loss': 0.0, 'grad_norm': 3.1622776985168457, 'learning_rate': 0.0, 'epoch': 0.94}
{'loss': 0.0, 'grad_norm': 3.1622776985168457, 'learning_rate': 0.0, 'epoch': 0.94}
{'loss': 0.0, 'grad_norm': 3.1622776985168457, 'learning_rate': 0.0, 'epoch': 0.94}
{'loss': 0.0, 'grad_norm': 3.1622776985168457, 'learning_rate': 0.0, 'epoch': 0.94}
{'loss': 0.0, 'grad_norm': 3.1622776985168457, 'learning_rate': 0.0, 'epoch': 0.94}
{'loss': 0.0, 'grad_norm': 3.1622776985168457, 'learning_rate': 0.0, 'epoch': 0.94}
{'loss': 0.0, 'grad_norm': 3.1622776985168457, 'learning_rate': 0.0, 'epoch': 0.94}
{'loss': 0.0, 'grad_norm': 3.1622776985168457, 'learning_rate': 0.0, 'epoch': 0.94}
{'loss': 0.0, 'grad_norm': 3.1622776985168457, 'learning_rate': 0.0, 'epoch': 0.94}
{'loss': 0.0, 'grad_norm': 3.1622776985168457, 'learning_rate': 0.0, 'epoch': 0.94}
{'loss': 0.0, 'grad_norm': 3.1622776985168457, 'learning_rate': 0.0, 'epoch': 0.94}
{'loss': 0.0, 'grad_norm': 3.1622776985168457, 'learning_rate': 0.0, 'epoch': 0.94}
{'loss': 0.0, 'grad_norm': 3.1622776985168457, 'learning_rate': 0.0, 'epoch': 0.94}
{'loss': 0.0, 'grad_norm': 3.1622776985168457, 'learning_rate': 0.0, 'epoch': 0.94}
{'loss': 0.0, 'grad_norm': 3.1622776985168457, 'learning_rate': 0.0, 'epoch': 0.94}
{'loss': 0.0, 'grad_norm': 3.1622776985168457, 'learning_rate': 0.0, 'epoch': 0.94}
{'loss': 0.0, 'grad_norm': 3.1622776985168457, 'learning_rate': 0.0, 'epoch': 0.94}
{'loss': 0.0, 'grad_norm': 3.1622776985168457, 'learning_rate': 0.0, 'epoch': 0.94}
{'loss': 0.0, 'grad_norm': 3.1622776985168457, 'learning_rate': 0.0, 'epoch': 0.94}
{'loss': 0.0, 'grad_norm': 3.1622776985168457, 'learning_rate': 0.0, 'epoch': 0.94}
{'loss': 0.0, 'grad_norm': 3.1622776985168457, 'learning_rate': 0.0, 'epoch': 0.94}
{'loss': 0.0, 'grad_norm': 3.1622776985168457, 'learning_rate': 0.0, 'epoch': 0.94}
{'loss': 0.0, 'grad_norm': 3.1622776985168457, 'learning_rate': 0.0, 'epoch': 0.94}
{'loss': 0.0, 'grad_norm': 3.1622776985168457, 'learning_rate': 0.0, 'epoch': 0.94}
{'loss': 0.0, 'grad_norm': 3.1622776985168457, 'learning_rate': 0.0, 'epoch': 0.94}
{'loss': 0.0, 'grad_norm': 3.1622776985168457, 'learning_rate': 0.0, 'epoch': 0.94}
{'loss': 0.0, 'grad_norm': 3.1622776985168457, 'learning_rate': 0.0, 'epoch': 0.94}
{'loss': 0.0, 'grad_norm': 3.1622776985168457, 'learning_rate': 0.0, 'epoch': 0.94}
{'loss': 0.0, 'grad_norm': 3.1622776985168457, 'learning_rate': 0.0, 'epoch': 0.94}
{'loss': 0.0, 'grad_norm': 3.1622776985168457, 'learning_rate': 0.0, 'epoch': 0.94}
{'loss': 0.0, 'grad_norm': 3.1622776985168457, 'learning_rate': 0.0, 'epoch': 0.94}
{'loss': 0.0, 'grad_norm': 3.1622776985168457, 'learning_rate': 0.0, 'epoch': 0.95}
{'loss': 0.0, 'grad_norm': 3.1622776985168457, 'learning_rate': 0.0, 'epoch': 0.95}
{'loss': 0.0, 'grad_norm': 3.1622776985168457, 'learning_rate': 0.0, 'epoch': 0.95}
{'loss': 0.0, 'grad_norm': 3.1622776985168457, 'learning_rate': 0.0, 'epoch': 0.95}
{'loss': 0.0, 'grad_norm': 3.1622776985168457, 'learning_rate': 0.0, 'epoch': 0.95}
{'loss': 0.0, 'grad_norm': 3.1622776985168457, 'learning_rate': 0.0, 'epoch': 0.95}
{'loss': 0.0, 'grad_norm': 3.1622776985168457, 'learning_rate': 0.0, 'epoch': 0.95}
{'loss': 0.0, 'grad_norm': 3.1622776985168457, 'learning_rate': 0.0, 'epoch': 0.95}
{'loss': 0.0, 'grad_norm': 3.1622776985168457, 'learning_rate': 0.0, 'epoch': 0.95}
{'loss': 0.0, 'grad_norm': 3.1622776985168457, 'learning_rate': 0.0, 'epoch': 0.95}
{'loss': 0.0, 'grad_norm': 3.1622776985168457, 'learning_rate': 0.0, 'epoch': 0.95}
{'loss': 0.0, 'grad_norm': 3.1622776985168457, 'learning_rate': 0.0, 'epoch': 0.95}
{'loss': 0.0, 'grad_norm': 3.1622776985168457, 'learning_rate': 0.0, 'epoch': 0.95}
{'loss': 0.0, 'grad_norm': 3.1622776985168457, 'learning_rate': 0.0, 'epoch': 0.95}
{'loss': 0.0, 'grad_norm': 3.1622776985168457, 'learning_rate': 0.0, 'epoch': 0.95}
{'loss': 0.0, 'grad_norm': 3.1622776985168457, 'learning_rate': 0.0, 'epoch': 0.95}
{'loss': 0.0, 'grad_norm': 3.1622776985168457, 'learning_rate': 0.0, 'epoch': 0.95}
{'loss': 0.0, 'grad_norm': 3.1622776985168457, 'learning_rate': 0.0, 'epoch': 0.95}
{'loss': 0.0, 'grad_norm': 3.1622776985168457, 'learning_rate': 0.0, 'epoch': 0.95}
{'loss': 0.0, 'grad_norm': 3.1622776985168457, 'learning_rate': 0.0, 'epoch': 0.95}
{'loss': 0.0, 'grad_norm': 3.1622776985168457, 'learning_rate': 0.0, 'epoch': 0.95}
{'loss': 0.0, 'grad_norm': 3.1622776985168457, 'learning_rate': 0.0, 'epoch': 0.95}
{'loss': 0.0, 'grad_norm': 3.1622776985168457, 'learning_rate': 0.0, 'epoch': 0.95}
{'loss': 0.0, 'grad_norm': 3.1622776985168457, 'learning_rate': 0.0, 'epoch': 0.95}
{'loss': 0.0, 'grad_norm': 3.1622776985168457, 'learning_rate': 0.0, 'epoch': 0.95}
{'loss': 0.0, 'grad_norm': 3.1622776985168457, 'learning_rate': 0.0, 'epoch': 0.95}
{'loss': 0.0, 'grad_norm': 3.1622776985168457, 'learning_rate': 0.0, 'epoch': 0.95}
{'loss': 0.0, 'grad_norm': 3.1622776985168457, 'learning_rate': 0.0, 'epoch': 0.95}
{'loss': 0.0, 'grad_norm': 3.1622776985168457, 'learning_rate': 0.0, 'epoch': 0.95}
{'loss': 0.0, 'grad_norm': 3.1622776985168457, 'learning_rate': 0.0, 'epoch': 0.95}
{'loss': 0.0, 'grad_norm': 3.1622776985168457, 'learning_rate': 0.0, 'epoch': 0.95}
{'loss': 0.0, 'grad_norm': 3.1622776985168457, 'learning_rate': 0.0, 'epoch': 0.95}
{'loss': 0.0, 'grad_norm': 3.1622776985168457, 'learning_rate': 0.0, 'epoch': 0.95}
{'loss': 0.0, 'grad_norm': 3.1622776985168457, 'learning_rate': 0.0, 'epoch': 0.95}
{'loss': 0.0, 'grad_norm': 3.1622776985168457, 'learning_rate': 0.0, 'epoch': 0.95}
{'loss': 0.0, 'grad_norm': 3.1622776985168457, 'learning_rate': 0.0, 'epoch': 0.95}
{'loss': 0.0, 'grad_norm': 3.1622776985168457, 'learning_rate': 0.0, 'epoch': 0.95}
{'loss': 0.0, 'grad_norm': 3.1622776985168457, 'learning_rate': 0.0, 'epoch': 0.95}
{'loss': 0.0, 'grad_norm': 3.1622776985168457, 'learning_rate': 0.0, 'epoch': 0.95}
{'loss': 0.0, 'grad_norm': 3.1622776985168457, 'learning_rate': 0.0, 'epoch': 0.95}
{'loss': 0.0, 'grad_norm': 3.1622776985168457, 'learning_rate': 0.0, 'epoch': 0.95}
{'loss': 0.0, 'grad_norm': 3.1622776985168457, 'learning_rate': 0.0, 'epoch': 0.95}
{'loss': 0.0, 'grad_norm': 3.1622776985168457, 'learning_rate': 0.0, 'epoch': 0.95}
{'loss': 0.0, 'grad_norm': 3.1622776985168457, 'learning_rate': 0.0, 'epoch': 0.95}
{'loss': 0.0, 'grad_norm': 3.1622776985168457, 'learning_rate': 0.0, 'epoch': 0.95}
{'loss': 0.0, 'grad_norm': 3.1622776985168457, 'learning_rate': 0.0, 'epoch': 0.95}
{'loss': 0.0, 'grad_norm': 3.1622776985168457, 'learning_rate': 0.0, 'epoch': 0.95}
{'loss': 0.0, 'grad_norm': 3.1622776985168457, 'learning_rate': 0.0, 'epoch': 0.95}
{'loss': 0.0, 'grad_norm': 3.1622776985168457, 'learning_rate': 0.0, 'epoch': 0.95}
{'loss': 0.0, 'grad_norm': 3.1622776985168457, 'learning_rate': 0.0, 'epoch': 0.95}
{'loss': 0.0, 'grad_norm': 3.1622776985168457, 'learning_rate': 0.0, 'epoch': 0.95}
{'loss': 0.0, 'grad_norm': 3.1622776985168457, 'learning_rate': 0.0, 'epoch': 0.95}
{'loss': 0.0, 'grad_norm': 3.1622776985168457, 'learning_rate': 0.0, 'epoch': 0.96}
{'loss': 0.0, 'grad_norm': 3.1622776985168457, 'learning_rate': 0.0, 'epoch': 0.96}
{'loss': 0.0, 'grad_norm': 3.1622776985168457, 'learning_rate': 0.0, 'epoch': 0.96}
{'loss': 0.0, 'grad_norm': 3.1622776985168457, 'learning_rate': 0.0, 'epoch': 0.96}
{'loss': 0.0, 'grad_norm': 3.1622776985168457, 'learning_rate': 0.0, 'epoch': 0.96}
{'loss': 0.0, 'grad_norm': 3.1622776985168457, 'learning_rate': 0.0, 'epoch': 0.96}
{'loss': 0.0, 'grad_norm': 3.1622776985168457, 'learning_rate': 0.0, 'epoch': 0.96}
{'loss': 0.0, 'grad_norm': 3.1622776985168457, 'learning_rate': 0.0, 'epoch': 0.96}
{'loss': 0.0, 'grad_norm': 3.1622776985168457, 'learning_rate': 0.0, 'epoch': 0.96}
{'loss': 0.0, 'grad_norm': 3.1622776985168457, 'learning_rate': 0.0, 'epoch': 0.96}
{'loss': 0.0, 'grad_norm': 3.1622776985168457, 'learning_rate': 0.0, 'epoch': 0.96}
{'loss': 0.0, 'grad_norm': 3.1622776985168457, 'learning_rate': 0.0, 'epoch': 0.96}
{'loss': 0.0, 'grad_norm': 3.1622776985168457, 'learning_rate': 0.0, 'epoch': 0.96}
{'loss': 0.0, 'grad_norm': 3.1622776985168457, 'learning_rate': 0.0, 'epoch': 0.96}
{'loss': 0.0, 'grad_norm': 3.1622776985168457, 'learning_rate': 0.0, 'epoch': 0.96}
{'loss': 0.0, 'grad_norm': 3.1622776985168457, 'learning_rate': 0.0, 'epoch': 0.96}
{'loss': 0.0, 'grad_norm': 3.1622776985168457, 'learning_rate': 0.0, 'epoch': 0.96}
{'loss': 0.0, 'grad_norm': 3.1622776985168457, 'learning_rate': 0.0, 'epoch': 0.96}
{'loss': 0.0, 'grad_norm': 3.1622776985168457, 'learning_rate': 0.0, 'epoch': 0.96}
{'loss': 0.0, 'grad_norm': 3.1622776985168457, 'learning_rate': 0.0, 'epoch': 0.96}
{'loss': 0.0, 'grad_norm': 3.1622776985168457, 'learning_rate': 0.0, 'epoch': 0.96}
{'loss': 0.0, 'grad_norm': 3.1622776985168457, 'learning_rate': 0.0, 'epoch': 0.96}
{'loss': 0.0, 'grad_norm': 3.1622776985168457, 'learning_rate': 0.0, 'epoch': 0.96}
{'loss': 0.0, 'grad_norm': 3.1622776985168457, 'learning_rate': 0.0, 'epoch': 0.96}
{'loss': 0.0, 'grad_norm': 3.1622776985168457, 'learning_rate': 0.0, 'epoch': 0.96}
{'loss': 0.0, 'grad_norm': 3.1622776985168457, 'learning_rate': 0.0, 'epoch': 0.96}
{'loss': 0.0, 'grad_norm': 3.1622776985168457, 'learning_rate': 0.0, 'epoch': 0.96}
{'loss': 0.0, 'grad_norm': 3.1622776985168457, 'learning_rate': 0.0, 'epoch': 0.96}
{'loss': 0.0, 'grad_norm': 3.1622776985168457, 'learning_rate': 0.0, 'epoch': 0.96}
{'loss': 0.0, 'grad_norm': 3.1622776985168457, 'learning_rate': 0.0, 'epoch': 0.96}
{'loss': 0.0, 'grad_norm': 3.1622776985168457, 'learning_rate': 0.0, 'epoch': 0.96}
{'loss': 0.0, 'grad_norm': 3.1622776985168457, 'learning_rate': 0.0, 'epoch': 0.96}
{'loss': 0.0, 'grad_norm': 3.1622776985168457, 'learning_rate': 0.0, 'epoch': 0.96}
{'loss': 0.0, 'grad_norm': 3.1622776985168457, 'learning_rate': 0.0, 'epoch': 0.96}
{'loss': 0.0, 'grad_norm': 3.1622776985168457, 'learning_rate': 0.0, 'epoch': 0.96}
{'loss': 0.0, 'grad_norm': 3.1622776985168457, 'learning_rate': 0.0, 'epoch': 0.96}
{'loss': 0.0, 'grad_norm': 3.1622776985168457, 'learning_rate': 0.0, 'epoch': 0.96}
{'loss': 0.0, 'grad_norm': 3.1622776985168457, 'learning_rate': 0.0, 'epoch': 0.96}
{'loss': 0.0, 'grad_norm': 3.1622776985168457, 'learning_rate': 0.0, 'epoch': 0.96}
{'loss': 0.0, 'grad_norm': 3.1622776985168457, 'learning_rate': 0.0, 'epoch': 0.96}
{'loss': 0.0, 'grad_norm': 3.1622776985168457, 'learning_rate': 0.0, 'epoch': 0.96}
{'loss': 0.0, 'grad_norm': 3.1622776985168457, 'learning_rate': 0.0, 'epoch': 0.96}
{'loss': 0.0, 'grad_norm': 3.1622776985168457, 'learning_rate': 0.0, 'epoch': 0.96}
{'loss': 0.0, 'grad_norm': 3.1622776985168457, 'learning_rate': 0.0, 'epoch': 0.96}
Error with image file is truncated (36 bytes not processed)
{'loss': 0.0, 'grad_norm': 3.1622776985168457, 'learning_rate': 0.0, 'epoch': 0.96}
{'loss': 0.0, 'grad_norm': 3.1622776985168457, 'learning_rate': 0.0, 'epoch': 0.96}
{'loss': 0.0, 'grad_norm': 3.1622776985168457, 'learning_rate': 0.0, 'epoch': 0.96}
{'loss': 0.0, 'grad_norm': 3.1622776985168457, 'learning_rate': 0.0, 'epoch': 0.96}
{'loss': 0.0, 'grad_norm': 3.1622776985168457, 'learning_rate': 0.0, 'epoch': 0.96}
{'loss': 0.0, 'grad_norm': 3.1622776985168457, 'learning_rate': 0.0, 'epoch': 0.96}
{'loss': 0.0, 'grad_norm': 3.1622776985168457, 'learning_rate': 0.0, 'epoch': 0.96}
{'loss': 0.0, 'grad_norm': 3.1622776985168457, 'learning_rate': 0.0, 'epoch': 0.96}
{'loss': 0.0, 'grad_norm': 3.1622776985168457, 'learning_rate': 0.0, 'epoch': 0.97}
{'loss': 0.0, 'grad_norm': 3.1622776985168457, 'learning_rate': 0.0, 'epoch': 0.97}
{'loss': 0.0, 'grad_norm': 3.1622776985168457, 'learning_rate': 0.0, 'epoch': 0.97}
{'loss': 0.0, 'grad_norm': 3.1622776985168457, 'learning_rate': 0.0, 'epoch': 0.97}
{'loss': 0.0, 'grad_norm': 3.1622776985168457, 'learning_rate': 0.0, 'epoch': 0.97}
{'loss': 0.0, 'grad_norm': 3.1622776985168457, 'learning_rate': 0.0, 'epoch': 0.97}
{'loss': 0.0, 'grad_norm': 3.1622776985168457, 'learning_rate': 0.0, 'epoch': 0.97}
{'loss': 0.0, 'grad_norm': 3.1622776985168457, 'learning_rate': 0.0, 'epoch': 0.97}
{'loss': 0.0, 'grad_norm': 3.1622776985168457, 'learning_rate': 0.0, 'epoch': 0.97}
{'loss': 0.0, 'grad_norm': 3.1622776985168457, 'learning_rate': 0.0, 'epoch': 0.97}
{'loss': 0.0, 'grad_norm': 3.1622776985168457, 'learning_rate': 0.0, 'epoch': 0.97}
{'loss': 0.0, 'grad_norm': 3.1622776985168457, 'learning_rate': 0.0, 'epoch': 0.97}
{'loss': 0.0, 'grad_norm': 3.1622776985168457, 'learning_rate': 0.0, 'epoch': 0.97}
{'loss': 0.0, 'grad_norm': 3.1622776985168457, 'learning_rate': 0.0, 'epoch': 0.97}
{'loss': 0.0, 'grad_norm': 3.1622776985168457, 'learning_rate': 0.0, 'epoch': 0.97}
{'loss': 0.0, 'grad_norm': 3.1622776985168457, 'learning_rate': 0.0, 'epoch': 0.97}
{'loss': 0.0, 'grad_norm': 3.1622776985168457, 'learning_rate': 0.0, 'epoch': 0.97}
{'loss': 0.0, 'grad_norm': 3.1622776985168457, 'learning_rate': 0.0, 'epoch': 0.97}
{'loss': 0.0, 'grad_norm': 3.1622776985168457, 'learning_rate': 0.0, 'epoch': 0.97}
{'loss': 0.0, 'grad_norm': 3.1622776985168457, 'learning_rate': 0.0, 'epoch': 0.97}
{'loss': 0.0, 'grad_norm': 3.1622776985168457, 'learning_rate': 0.0, 'epoch': 0.97}
{'loss': 0.0, 'grad_norm': 3.1622776985168457, 'learning_rate': 0.0, 'epoch': 0.97}
{'loss': 0.0, 'grad_norm': 3.1622776985168457, 'learning_rate': 0.0, 'epoch': 0.97}
{'loss': 0.0, 'grad_norm': 3.1622776985168457, 'learning_rate': 0.0, 'epoch': 0.97}
{'loss': 0.0, 'grad_norm': 3.1622776985168457, 'learning_rate': 0.0, 'epoch': 0.97}
{'loss': 0.0, 'grad_norm': 3.1622776985168457, 'learning_rate': 0.0, 'epoch': 0.97}
{'loss': 0.0, 'grad_norm': 3.1622776985168457, 'learning_rate': 0.0, 'epoch': 0.97}
{'loss': 0.0, 'grad_norm': 3.1622776985168457, 'learning_rate': 0.0, 'epoch': 0.97}
{'loss': 0.0, 'grad_norm': 3.1622776985168457, 'learning_rate': 0.0, 'epoch': 0.97}
{'loss': 0.0, 'grad_norm': 3.1622776985168457, 'learning_rate': 0.0, 'epoch': 0.97}
{'loss': 0.0, 'grad_norm': 3.1622776985168457, 'learning_rate': 0.0, 'epoch': 0.97}
{'loss': 0.0, 'grad_norm': 3.1622776985168457, 'learning_rate': 0.0, 'epoch': 0.97}
{'loss': 0.0, 'grad_norm': 3.1622776985168457, 'learning_rate': 0.0, 'epoch': 0.97}
{'loss': 0.0, 'grad_norm': 3.1622776985168457, 'learning_rate': 0.0, 'epoch': 0.97}
{'loss': 0.0, 'grad_norm': 3.1622776985168457, 'learning_rate': 0.0, 'epoch': 0.97}
{'loss': 0.0, 'grad_norm': 3.1622776985168457, 'learning_rate': 0.0, 'epoch': 0.97}
{'loss': 0.0, 'grad_norm': 3.1622776985168457, 'learning_rate': 0.0, 'epoch': 0.97}
{'loss': 0.0, 'grad_norm': 3.1622776985168457, 'learning_rate': 0.0, 'epoch': 0.97}
{'loss': 0.0, 'grad_norm': 3.1622776985168457, 'learning_rate': 0.0, 'epoch': 0.97}
{'loss': 0.0, 'grad_norm': 3.1622776985168457, 'learning_rate': 0.0, 'epoch': 0.97}
Error with image file is truncated (33 bytes not processed)
{'loss': 0.0, 'grad_norm': 3.1622776985168457, 'learning_rate': 0.0, 'epoch': 0.97}
{'loss': 0.0, 'grad_norm': 3.1622776985168457, 'learning_rate': 0.0, 'epoch': 0.97}
{'loss': 0.0, 'grad_norm': 3.1622776985168457, 'learning_rate': 0.0, 'epoch': 0.97}
{'loss': 0.0, 'grad_norm': 3.1622776985168457, 'learning_rate': 0.0, 'epoch': 0.97}
{'loss': 0.0, 'grad_norm': 3.1622776985168457, 'learning_rate': 0.0, 'epoch': 0.97}
{'loss': 0.0, 'grad_norm': 3.1622776985168457, 'learning_rate': 0.0, 'epoch': 0.97}
{'loss': 0.0, 'grad_norm': 3.1622776985168457, 'learning_rate': 0.0, 'epoch': 0.97}
{'loss': 0.0, 'grad_norm': 3.1622776985168457, 'learning_rate': 0.0, 'epoch': 0.97}
{'loss': 0.0, 'grad_norm': 3.1622776985168457, 'learning_rate': 0.0, 'epoch': 0.97}
{'loss': 0.0, 'grad_norm': 3.1622776985168457, 'learning_rate': 0.0, 'epoch': 0.97}
{'loss': 0.0, 'grad_norm': 3.1622776985168457, 'learning_rate': 0.0, 'epoch': 0.97}
{'loss': 0.0, 'grad_norm': 3.1622776985168457, 'learning_rate': 0.0, 'epoch': 0.97}
{'loss': 0.0, 'grad_norm': 3.1622776985168457, 'learning_rate': 0.0, 'epoch': 0.98}
{'loss': 0.0, 'grad_norm': 3.1622776985168457, 'learning_rate': 0.0, 'epoch': 0.98}
{'loss': 0.0, 'grad_norm': 3.1622776985168457, 'learning_rate': 0.0, 'epoch': 0.98}
{'loss': 0.0, 'grad_norm': 3.1622776985168457, 'learning_rate': 0.0, 'epoch': 0.98}
{'loss': 0.0, 'grad_norm': 3.1622776985168457, 'learning_rate': 0.0, 'epoch': 0.98}
{'loss': 0.0, 'grad_norm': 3.1622776985168457, 'learning_rate': 0.0, 'epoch': 0.98}
{'loss': 0.0, 'grad_norm': 3.1622776985168457, 'learning_rate': 0.0, 'epoch': 0.98}
{'loss': 0.0, 'grad_norm': 3.1622776985168457, 'learning_rate': 0.0, 'epoch': 0.98}
{'loss': 0.0, 'grad_norm': 3.1622776985168457, 'learning_rate': 0.0, 'epoch': 0.98}
{'loss': 0.0, 'grad_norm': 3.1622776985168457, 'learning_rate': 0.0, 'epoch': 0.98}
{'loss': 0.0, 'grad_norm': 3.1622776985168457, 'learning_rate': 0.0, 'epoch': 0.98}
{'loss': 0.0, 'grad_norm': 3.1622776985168457, 'learning_rate': 0.0, 'epoch': 0.98}
{'loss': 0.0, 'grad_norm': 3.1622776985168457, 'learning_rate': 0.0, 'epoch': 0.98}
{'loss': 0.0, 'grad_norm': 3.1622776985168457, 'learning_rate': 0.0, 'epoch': 0.98}
{'loss': 0.0, 'grad_norm': 3.1622776985168457, 'learning_rate': 0.0, 'epoch': 0.98}
{'loss': 0.0, 'grad_norm': 3.1622776985168457, 'learning_rate': 0.0, 'epoch': 0.98}
{'loss': 0.0, 'grad_norm': 3.1622776985168457, 'learning_rate': 0.0, 'epoch': 0.98}
{'loss': 0.0, 'grad_norm': 3.1622776985168457, 'learning_rate': 0.0, 'epoch': 0.98}
{'loss': 0.0, 'grad_norm': 3.1622776985168457, 'learning_rate': 0.0, 'epoch': 0.98}
{'loss': 0.0, 'grad_norm': 3.1622776985168457, 'learning_rate': 0.0, 'epoch': 0.98}
{'loss': 0.0, 'grad_norm': 3.1622776985168457, 'learning_rate': 0.0, 'epoch': 0.98}
{'loss': 0.0, 'grad_norm': 3.1622776985168457, 'learning_rate': 0.0, 'epoch': 0.98}
{'loss': 0.0, 'grad_norm': 3.1622776985168457, 'learning_rate': 0.0, 'epoch': 0.98}
{'loss': 0.0, 'grad_norm': 3.1622776985168457, 'learning_rate': 0.0, 'epoch': 0.98}
{'loss': 0.0, 'grad_norm': 3.1622776985168457, 'learning_rate': 0.0, 'epoch': 0.98}
{'loss': 0.0, 'grad_norm': 3.1622776985168457, 'learning_rate': 0.0, 'epoch': 0.98}
{'loss': 0.0, 'grad_norm': 3.1622776985168457, 'learning_rate': 0.0, 'epoch': 0.98}
WARNING: tokenization mismatch: 0 vs. 1275. (ignored)
{'loss': 0.0, 'grad_norm': 3.1622776985168457, 'learning_rate': 0.0, 'epoch': 0.98}
{'loss': 0.0, 'grad_norm': 3.1622776985168457, 'learning_rate': 0.0, 'epoch': 0.98}
{'loss': 0.0, 'grad_norm': 3.1622776985168457, 'learning_rate': 0.0, 'epoch': 0.98}
{'loss': 0.0, 'grad_norm': 3.1622776985168457, 'learning_rate': 0.0, 'epoch': 0.98}
{'loss': 0.0, 'grad_norm': 3.1622776985168457, 'learning_rate': 0.0, 'epoch': 0.98}
{'loss': 0.0, 'grad_norm': 3.1622776985168457, 'learning_rate': 0.0, 'epoch': 0.98}
{'loss': 0.0, 'grad_norm': 3.1622776985168457, 'learning_rate': 0.0, 'epoch': 0.98}
{'loss': 0.0, 'grad_norm': 3.1622776985168457, 'learning_rate': 0.0, 'epoch': 0.98}
{'loss': 0.0, 'grad_norm': 3.1622776985168457, 'learning_rate': 0.0, 'epoch': 0.98}
{'loss': 0.0, 'grad_norm': 3.1622776985168457, 'learning_rate': 0.0, 'epoch': 0.98}
{'loss': 0.0, 'grad_norm': 3.1622776985168457, 'learning_rate': 0.0, 'epoch': 0.98}
{'loss': 0.0, 'grad_norm': 3.1622776985168457, 'learning_rate': 0.0, 'epoch': 0.98}
{'loss': 0.0, 'grad_norm': 3.1622776985168457, 'learning_rate': 0.0, 'epoch': 0.98}
{'loss': 0.0, 'grad_norm': 3.1622776985168457, 'learning_rate': 0.0, 'epoch': 0.98}
{'loss': 0.0, 'grad_norm': 3.1622776985168457, 'learning_rate': 0.0, 'epoch': 0.98}
{'loss': 0.0, 'grad_norm': 3.1622776985168457, 'learning_rate': 0.0, 'epoch': 0.98}
{'loss': 0.0, 'grad_norm': 3.1622776985168457, 'learning_rate': 0.0, 'epoch': 0.98}
{'loss': 0.0, 'grad_norm': 3.1622776985168457, 'learning_rate': 0.0, 'epoch': 0.98}
{'loss': 0.0, 'grad_norm': 3.1622776985168457, 'learning_rate': 0.0, 'epoch': 0.98}
{'loss': 0.0, 'grad_norm': 3.1622776985168457, 'learning_rate': 0.0, 'epoch': 0.98}
{'loss': 0.0, 'grad_norm': 3.1622776985168457, 'learning_rate': 0.0, 'epoch': 0.98}
{'loss': 0.0, 'grad_norm': 3.1622776985168457, 'learning_rate': 0.0, 'epoch': 0.98}
{'loss': 0.0, 'grad_norm': 3.1622776985168457, 'learning_rate': 0.0, 'epoch': 0.98}
{'loss': 0.0, 'grad_norm': 3.1622776985168457, 'learning_rate': 0.0, 'epoch': 0.98}
{'loss': 0.0, 'grad_norm': 3.1622776985168457, 'learning_rate': 0.0, 'epoch': 0.98}
{'loss': 0.0, 'grad_norm': 3.1622776985168457, 'learning_rate': 0.0, 'epoch': 0.99}
Error with image file is truncated (44 bytes not processed)
{'loss': 0.0, 'grad_norm': 3.1622776985168457, 'learning_rate': 0.0, 'epoch': 0.99}
{'loss': 0.0, 'grad_norm': 3.1622776985168457, 'learning_rate': 0.0, 'epoch': 0.99}
{'loss': 0.0, 'grad_norm': 3.1622776985168457, 'learning_rate': 0.0, 'epoch': 0.99}
{'loss': 0.0, 'grad_norm': 3.1622776985168457, 'learning_rate': 0.0, 'epoch': 0.99}
{'loss': 0.0, 'grad_norm': 3.1622776985168457, 'learning_rate': 0.0, 'epoch': 0.99}
{'loss': 0.0, 'grad_norm': 3.1622776985168457, 'learning_rate': 0.0, 'epoch': 0.99}
{'loss': 0.0, 'grad_norm': 3.1622776985168457, 'learning_rate': 0.0, 'epoch': 0.99}
{'loss': 0.0, 'grad_norm': 3.1622776985168457, 'learning_rate': 0.0, 'epoch': 0.99}
{'loss': 0.0, 'grad_norm': 3.1622776985168457, 'learning_rate': 0.0, 'epoch': 0.99}
{'loss': 0.0, 'grad_norm': 3.1622776985168457, 'learning_rate': 0.0, 'epoch': 0.99}
{'loss': 0.0, 'grad_norm': 3.1622776985168457, 'learning_rate': 0.0, 'epoch': 0.99}
{'loss': 0.0, 'grad_norm': 3.1622776985168457, 'learning_rate': 0.0, 'epoch': 0.99}
{'loss': 0.0, 'grad_norm': 3.1622776985168457, 'learning_rate': 0.0, 'epoch': 0.99}
{'loss': 0.0, 'grad_norm': 3.1622776985168457, 'learning_rate': 0.0, 'epoch': 0.99}
{'loss': 0.0, 'grad_norm': 3.1622776985168457, 'learning_rate': 0.0, 'epoch': 0.99}
{'loss': 0.0, 'grad_norm': 3.1622776985168457, 'learning_rate': 0.0, 'epoch': 0.99}
{'loss': 0.0, 'grad_norm': 3.1622776985168457, 'learning_rate': 0.0, 'epoch': 0.99}
{'loss': 0.0, 'grad_norm': 3.1622776985168457, 'learning_rate': 0.0, 'epoch': 0.99}
{'loss': 0.0, 'grad_norm': 3.1622776985168457, 'learning_rate': 0.0, 'epoch': 0.99}
{'loss': 0.0, 'grad_norm': 3.1622776985168457, 'learning_rate': 0.0, 'epoch': 0.99}
{'loss': 0.0, 'grad_norm': 3.1622776985168457, 'learning_rate': 0.0, 'epoch': 0.99}
{'loss': 0.0, 'grad_norm': 3.1622776985168457, 'learning_rate': 0.0, 'epoch': 0.99}
{'loss': 0.0, 'grad_norm': 3.1622776985168457, 'learning_rate': 0.0, 'epoch': 0.99}
{'loss': 0.0, 'grad_norm': 3.1622776985168457, 'learning_rate': 0.0, 'epoch': 0.99}
{'loss': 0.0, 'grad_norm': 3.1622776985168457, 'learning_rate': 0.0, 'epoch': 0.99}
{'loss': 0.0, 'grad_norm': 3.1622776985168457, 'learning_rate': 0.0, 'epoch': 0.99}
{'loss': 0.0, 'grad_norm': 3.1622776985168457, 'learning_rate': 0.0, 'epoch': 0.99}
{'loss': 0.0, 'grad_norm': 3.1622776985168457, 'learning_rate': 0.0, 'epoch': 0.99}
{'loss': 0.0, 'grad_norm': 3.1622776985168457, 'learning_rate': 0.0, 'epoch': 0.99}
{'loss': 0.0, 'grad_norm': 3.1622776985168457, 'learning_rate': 0.0, 'epoch': 0.99}
{'loss': 0.0, 'grad_norm': 3.1622776985168457, 'learning_rate': 0.0, 'epoch': 0.99}
{'loss': 0.0, 'grad_norm': 3.1622776985168457, 'learning_rate': 0.0, 'epoch': 0.99}
{'loss': 0.0, 'grad_norm': 3.1622776985168457, 'learning_rate': 0.0, 'epoch': 0.99}
{'loss': 0.0, 'grad_norm': 3.1622776985168457, 'learning_rate': 0.0, 'epoch': 0.99}
{'loss': 0.0, 'grad_norm': 3.1622776985168457, 'learning_rate': 0.0, 'epoch': 0.99}
{'loss': 0.0, 'grad_norm': 3.1622776985168457, 'learning_rate': 0.0, 'epoch': 0.99}
{'loss': 0.0, 'grad_norm': 3.1622776985168457, 'learning_rate': 0.0, 'epoch': 0.99}
{'loss': 0.0, 'grad_norm': 3.1622776985168457, 'learning_rate': 0.0, 'epoch': 0.99}
{'loss': 0.0, 'grad_norm': 3.1622776985168457, 'learning_rate': 0.0, 'epoch': 0.99}
{'loss': 0.0, 'grad_norm': 3.1622776985168457, 'learning_rate': 0.0, 'epoch': 0.99}
{'loss': 0.0, 'grad_norm': 3.1622776985168457, 'learning_rate': 0.0, 'epoch': 0.99}
{'loss': 0.0, 'grad_norm': 3.1622776985168457, 'learning_rate': 0.0, 'epoch': 0.99}
{'loss': 0.0, 'grad_norm': 3.1622776985168457, 'learning_rate': 0.0, 'epoch': 0.99}
{'loss': 0.0, 'grad_norm': 3.1622776985168457, 'learning_rate': 0.0, 'epoch': 0.99}
{'loss': 0.0, 'grad_norm': 3.1622776985168457, 'learning_rate': 0.0, 'epoch': 0.99}
{'loss': 0.0, 'grad_norm': 3.1622776985168457, 'learning_rate': 0.0, 'epoch': 0.99}
{'loss': 0.0, 'grad_norm': 3.1622776985168457, 'learning_rate': 0.0, 'epoch': 0.99}
{'loss': 0.0, 'grad_norm': 3.1622776985168457, 'learning_rate': 0.0, 'epoch': 0.99}
Error with image file is truncated (49 bytes not processed)
{'loss': 0.0, 'grad_norm': 3.1622776985168457, 'learning_rate': 0.0, 'epoch': 0.99}
{'loss': 0.0, 'grad_norm': 3.1622776985168457, 'learning_rate': 0.0, 'epoch': 0.99}
{'loss': 0.0, 'grad_norm': 3.1622776985168457, 'learning_rate': 0.0, 'epoch': 0.99}
{'loss': 0.0, 'grad_norm': 3.1622776985168457, 'learning_rate': 0.0, 'epoch': 1.0}
{'loss': 0.0, 'grad_norm': 3.1622776985168457, 'learning_rate': 0.0, 'epoch': 1.0}
{'loss': 0.0, 'grad_norm': 3.1622776985168457, 'learning_rate': 0.0, 'epoch': 1.0}
{'loss': 0.0, 'grad_norm': 3.1622776985168457, 'learning_rate': 0.0, 'epoch': 1.0}
{'loss': 0.0, 'grad_norm': 3.1622776985168457, 'learning_rate': 0.0, 'epoch': 1.0}
{'loss': 0.0, 'grad_norm': 3.1622776985168457, 'learning_rate': 0.0, 'epoch': 1.0}
{'loss': 0.0, 'grad_norm': 3.1622776985168457, 'learning_rate': 0.0, 'epoch': 1.0}
{'loss': 0.0, 'grad_norm': 3.1622776985168457, 'learning_rate': 0.0, 'epoch': 1.0}
{'loss': 0.0, 'grad_norm': 3.1622776985168457, 'learning_rate': 0.0, 'epoch': 1.0}
{'loss': 0.0, 'grad_norm': 3.1622776985168457, 'learning_rate': 0.0, 'epoch': 1.0}
{'loss': 0.0, 'grad_norm': 3.1622776985168457, 'learning_rate': 0.0, 'epoch': 1.0}
{'loss': 0.0, 'grad_norm': 3.1622776985168457, 'learning_rate': 0.0, 'epoch': 1.0}
{'loss': 0.0, 'grad_norm': 3.1622776985168457, 'learning_rate': 0.0, 'epoch': 1.0}
{'loss': 0.0, 'grad_norm': 3.1622776985168457, 'learning_rate': 0.0, 'epoch': 1.0}
{'loss': 0.0, 'grad_norm': 3.1622776985168457, 'learning_rate': 0.0, 'epoch': 1.0}
{'loss': 0.0, 'grad_norm': 3.1622776985168457, 'learning_rate': 0.0, 'epoch': 1.0}
{'loss': 0.0, 'grad_norm': 3.1622776985168457, 'learning_rate': 0.0, 'epoch': 1.0}
{'loss': 0.0, 'grad_norm': 3.1622776985168457, 'learning_rate': 0.0, 'epoch': 1.0}
{'loss': 0.0, 'grad_norm': 3.1622776985168457, 'learning_rate': 0.0, 'epoch': 1.0}
{'loss': 0.0, 'grad_norm': 3.1622776985168457, 'learning_rate': 0.0, 'epoch': 1.0}
{'loss': 0.0, 'grad_norm': 3.1622776985168457, 'learning_rate': 0.0, 'epoch': 1.0}
{'loss': 0.0, 'grad_norm': 3.1622776985168457, 'learning_rate': 0.0, 'epoch': 1.0}
{'loss': 0.0, 'grad_norm': 3.1622776985168457, 'learning_rate': 0.0, 'epoch': 1.0}
{'loss': 0.0, 'grad_norm': 3.1622776985168457, 'learning_rate': 0.0, 'epoch': 1.0}
{'loss': 0.0, 'grad_norm': 3.1622776985168457, 'learning_rate': 0.0, 'epoch': 1.0}
{'loss': 0.0, 'grad_norm': 3.1622776985168457, 'learning_rate': 0.0, 'epoch': 1.0}
Step 5198: Transitioning to Stage 2
Step 5198: Transitioning to Stage 2
Step 5198: Transitioning to Stage 2
Step 5198: Transitioning to Stage 2
Step 5198: Transitioning to Stage 2
Step 5198: Transitioning to Stage 2
Step 5198: Transitioning to Stage 2
Step 5198: Transitioning to Stage 2
Step 5198: Transitioning to Stage 2
Step 5198: Transitioning to Stage 2
Step 5198: Transitioning to Stage 2
Step 5198: Transitioning to Stage 2
Step 5198: Transitioning to Stage 2
Step 5198: Transitioning to Stage 2
Step 5198: Transitioning to Stage 2
  Set gated ratio to target: 0.5
  Set gated ratio to target: 0.5
  Set gated ratio to target: 0.5
  Set gated ratio to target: 0.5
  Set gated ratio to target: 0.5
  Set gated ratio to target: 0.5
  Set gated ratio to target: 0.5
  Alpha starts at 1.0, will decay to 0.0 via cosine
  Learning rate will be enabled (cosine decay from base to 0)
Step 5198: Stage 2 begins (training with alpha decay)
  Set gated ratio to target: 0.5
  Alpha starts at 1.0, will decay to 0.0 via cosine
  Set gated ratio to target: 0.5
  Set gated ratio to target: 0.5
  Alpha starts at 1.0, will decay to 0.0 via cosine
  Learning rate will be enabled (cosine decay from base to 0)
Step 5198: Stage 2 begins (training with alpha decay)
  Alpha starts at 1.0, will decay to 0.0 via cosine
  Learning rate will be enabled (cosine decay from base to 0)
Step 5198: Stage 2 begins (training with alpha decay)
  Alpha starts at 1.0, will decay to 0.0 via cosine
  Learning rate will be enabled (cosine decay from base to 0)
  Alpha starts at 1.0, will decay to 0.0 via cosine
  Learning rate will be enabled (cosine decay from base to 0)
  Set gated ratio to target: 0.5
  Alpha starts at 1.0, will decay to 0.0 via cosine
  Learning rate will be enabled (cosine decay from base to 0)
Step 5198: Stage 2 begins (training with alpha decay)
  Learning rate will be enabled (cosine decay from base to 0)
Step 5198: Stage 2 begins (training with alpha decay)
  Alpha starts at 1.0, will decay to 0.0 via cosine
Step 5198: Stage 2 begins (training with alpha decay)
  Learning rate will be enabled (cosine decay from base to 0)
Step 5198: Stage 2 begins (training with alpha decay)
Step 5198: Stage 2 begins (training with alpha decay)
  Set gated ratio to target: 0.5
  Alpha starts at 1.0, will decay to 0.0 via cosine
  Learning rate will be enabled (cosine decay from base to 0)
Step 5198: Stage 2 begins (training with alpha decay)
  Alpha starts at 1.0, will decay to 0.0 via cosine
  Learning rate will be enabled (cosine decay from base to 0)
Step 5198: Stage 2 begins (training with alpha decay)
  Alpha starts at 1.0, will decay to 0.0 via cosine
  Alpha starts at 1.0, will decay to 0.0 via cosine
  Learning rate will be enabled (cosine decay from base to 0)
Step 5198: Stage 2 begins (training with alpha decay)
  Learning rate will be enabled (cosine decay from base to 0)
Step 5198: Stage 2 begins (training with alpha decay)
  Set gated ratio to target: 0.5
  Alpha starts at 1.0, will decay to 0.0 via cosine
  Learning rate will be enabled (cosine decay from base to 0)
Step 5198: Stage 2 begins (training with alpha decay)
  Set gated ratio to target: 0.5
  Alpha starts at 1.0, will decay to 0.0 via cosine
  Learning rate will be enabled (cosine decay from base to 0)
Step 5198: Stage 2 begins (training with alpha decay)
  Set gated ratio to target: 0.5
  Alpha starts at 1.0, will decay to 0.0 via cosine
  Learning rate will be enabled (cosine decay from base to 0)
Step 5198: Stage 2 begins (training with alpha decay)
Step 5198: Transitioning to Stage 2
  Set gated ratio to target: 0.5
  Alpha starts at 1.0, will decay to 0.0 via cosine
  Learning rate will be enabled (cosine decay from base to 0)
Step 5198: Stage 2 begins (training with alpha decay)
{'loss': 0.0, 'grad_norm': 3.1622776985168457, 'learning_rate': 1.999999817289165e-05, 'epoch': 1.0}
{'loss': 0.0, 'grad_norm': 3.1622776985168457, 'learning_rate': 1.9999992691567263e-05, 'epoch': 1.0}
{'loss': 0.0, 'grad_norm': 3.1622776985168457, 'learning_rate': 1.999998355602884e-05, 'epoch': 1.0}
{'loss': 0.0, 'grad_norm': 3.1622776985168457, 'learning_rate': 1.9999970766279722e-05, 'epoch': 1.0}
{'loss': 0.0, 'grad_norm': 3.1622776985168457, 'learning_rate': 1.9999954322324584e-05, 'epoch': 1.0}
{'loss': 0.0, 'grad_norm': 3.1622776985168457, 'learning_rate': 1.9999934224169432e-05, 'epoch': 1.0}
{'loss': 0.0, 'grad_norm': 3.1622776985168457, 'learning_rate': 1.9999910471821616e-05, 'epoch': 1.0}
{'loss': 0.0, 'grad_norm': 3.1622776985168457, 'learning_rate': 1.9999883065289806e-05, 'epoch': 1.0}
{'loss': 0.0, 'grad_norm': 3.1622776985168457, 'learning_rate': 1.9999852004584027e-05, 'epoch': 1.0}
{'loss': 0.0, 'grad_norm': 3.1622776985168457, 'learning_rate': 1.999981728971562e-05, 'epoch': 1.0}
{'loss': 0.0, 'grad_norm': 3.1622776985168457, 'learning_rate': 1.999977892069728e-05, 'epoch': 1.0}
{'loss': 0.0, 'grad_norm': 3.1622776985168457, 'learning_rate': 1.999973689754302e-05, 'epoch': 1.0}
{'loss': 0.0, 'grad_norm': 3.1622776985168457, 'learning_rate': 1.9999691220268197e-05, 'epoch': 1.0}
{'loss': 0.0, 'grad_norm': 3.1622776985168457, 'learning_rate': 1.9999641888889507e-05, 'epoch': 1.0}
{'loss': 0.0, 'grad_norm': 3.1622776985168457, 'learning_rate': 1.9999588903424977e-05, 'epoch': 1.0}
{'loss': 0.0, 'grad_norm': 3.1622776985168457, 'learning_rate': 1.9999532263893963e-05, 'epoch': 1.0}
{'loss': 0.0, 'grad_norm': 3.1622776985168457, 'learning_rate': 1.999947197031717e-05, 'epoch': 1.0}
{'loss': 0.0, 'grad_norm': 3.1622776985168457, 'learning_rate': 1.9999408022716623e-05, 'epoch': 1.0}
{'loss': 0.0, 'grad_norm': 3.1622776985168457, 'learning_rate': 1.9999340421115694e-05, 'epoch': 1.0}
{'loss': 0.0, 'grad_norm': 3.1622776985168457, 'learning_rate': 1.9999269165539083e-05, 'epoch': 1.0}
{'loss': 0.0, 'grad_norm': 3.1622776985168457, 'learning_rate': 1.9999194256012835e-05, 'epoch': 1.0}
{'loss': 0.0, 'grad_norm': 3.1622776985168457, 'learning_rate': 1.9999115692564316e-05, 'epoch': 1.0}
{'loss': 0.0, 'grad_norm': 3.1622776985168457, 'learning_rate': 1.999903347522224e-05, 'epoch': 1.0}
{'loss': 0.0, 'grad_norm': 3.1622776985168457, 'learning_rate': 1.9998947604016648e-05, 'epoch': 1.0}
{'loss': 0.0, 'grad_norm': 3.1622776985168457, 'learning_rate': 1.9998858078978922e-05, 'epoch': 1.0}
{'loss': 0.0, 'grad_norm': 3.1622776985168457, 'learning_rate': 1.999876490014177e-05, 'epoch': 1.01}
{'loss': 0.0, 'grad_norm': 3.1622776985168457, 'learning_rate': 1.999866806753925e-05, 'epoch': 1.01}
{'loss': 0.0, 'grad_norm': 3.1622776985168457, 'learning_rate': 1.9998567581206742e-05, 'epoch': 1.01}
{'loss': 0.0, 'grad_norm': 3.1622776985168457, 'learning_rate': 1.999846344118097e-05, 'epoch': 1.01}
{'loss': 0.0, 'grad_norm': 3.1622776985168457, 'learning_rate': 1.999835564749998e-05, 'epoch': 1.01}
{'loss': 0.0, 'grad_norm': 3.1622776985168457, 'learning_rate': 1.999824420020317e-05, 'epoch': 1.01}
{'loss': 0.0, 'grad_norm': 3.1622776985168457, 'learning_rate': 1.9998129099331266e-05, 'epoch': 1.01}
{'loss': 0.0, 'grad_norm': 3.1622776985168457, 'learning_rate': 1.9998010344926322e-05, 'epoch': 1.01}
{'loss': 0.0, 'grad_norm': 3.1622776985168457, 'learning_rate': 1.9997887937031738e-05, 'epoch': 1.01}
{'loss': 0.0, 'grad_norm': 3.1622776985168457, 'learning_rate': 1.9997761875692246e-05, 'epoch': 1.01}
{'loss': 0.0, 'grad_norm': 3.1622776985168457, 'learning_rate': 1.9997632160953906e-05, 'epoch': 1.01}
{'loss': 0.0, 'grad_norm': 3.1622776985168457, 'learning_rate': 1.9997498792864124e-05, 'epoch': 1.01}
{'loss': 0.0, 'grad_norm': 3.1622776985168457, 'learning_rate': 1.9997361771471628e-05, 'epoch': 1.01}
{'loss': 0.0, 'grad_norm': 3.1622776985168457, 'learning_rate': 1.99972210968265e-05, 'epoch': 1.01}
{'loss': 0.0, 'grad_norm': 3.1622776985168457, 'learning_rate': 1.9997076768980138e-05, 'epoch': 1.01}
{'loss': 0.0, 'grad_norm': 3.1622776985168457, 'learning_rate': 1.999692878798528e-05, 'epoch': 1.01}
{'loss': 0.0, 'grad_norm': 3.1622776985168457, 'learning_rate': 1.999677715389601e-05, 'epoch': 1.01}
{'loss': 0.0, 'grad_norm': 3.1622776985168457, 'learning_rate': 1.9996621866767732e-05, 'epoch': 1.01}
{'loss': 0.0, 'grad_norm': 3.1622776985168457, 'learning_rate': 1.9996462926657192e-05, 'epoch': 1.01}
{'loss': 0.0, 'grad_norm': 3.1622776985168457, 'learning_rate': 1.999630033362247e-05, 'epoch': 1.01}
{'loss': 0.0, 'grad_norm': 3.1622776985168457, 'learning_rate': 1.9996134087722984e-05, 'epoch': 1.01}
{'loss': 0.0, 'grad_norm': 3.1622776985168457, 'learning_rate': 1.9995964189019483e-05, 'epoch': 1.01}
{'loss': 0.0, 'grad_norm': 3.1622776985168457, 'learning_rate': 1.999579063757405e-05, 'epoch': 1.01}
{'loss': 0.0, 'grad_norm': 3.1622776985168457, 'learning_rate': 1.9995613433450104e-05, 'epoch': 1.01}
{'loss': 0.0, 'grad_norm': 3.1622776985168457, 'learning_rate': 1.99954325767124e-05, 'epoch': 1.01}
{'loss': 0.0, 'grad_norm': 3.1622776985168457, 'learning_rate': 1.999524806742703e-05, 'epoch': 1.01}
{'loss': 0.0, 'grad_norm': 3.1622776985168457, 'learning_rate': 1.9995059905661412e-05, 'epoch': 1.01}
{'loss': 0.0, 'grad_norm': 3.1622776985168457, 'learning_rate': 1.999486809148431e-05, 'epoch': 1.01}
{'loss': 0.0, 'grad_norm': 3.1622776985168457, 'learning_rate': 1.9994672624965815e-05, 'epoch': 1.01}
{'loss': 0.0, 'grad_norm': 3.1622776985168457, 'learning_rate': 1.9994473506177354e-05, 'epoch': 1.01}
{'loss': 0.0, 'grad_norm': 3.1622776985168457, 'learning_rate': 1.9994270735191686e-05, 'epoch': 1.01}
{'loss': 0.0, 'grad_norm': 3.1622776985168457, 'learning_rate': 1.9994064312082913e-05, 'epoch': 1.01}
{'loss': 0.0, 'grad_norm': 3.1622776985168457, 'learning_rate': 1.9993854236926468e-05, 'epoch': 1.01}
{'loss': 0.0, 'grad_norm': 3.1622776985168457, 'learning_rate': 1.999364050979911e-05, 'epoch': 1.01}
{'loss': 0.0, 'grad_norm': 3.1622776985168457, 'learning_rate': 1.999342313077895e-05, 'epoch': 1.01}
{'loss': 0.0, 'grad_norm': 3.1622776985168457, 'learning_rate': 1.999320209994541e-05, 'epoch': 1.01}
{'loss': 0.0, 'grad_norm': 3.1622776985168457, 'learning_rate': 1.9992977417379266e-05, 'epoch': 1.01}
{'loss': 0.0, 'grad_norm': 3.1622776985168457, 'learning_rate': 1.9992749083162623e-05, 'epoch': 1.01}
{'loss': 0.0, 'grad_norm': 3.1622776985168457, 'learning_rate': 1.9992517097378918e-05, 'epoch': 1.01}
{'loss': 0.0, 'grad_norm': 3.1622776985168457, 'learning_rate': 1.9992281460112925e-05, 'epoch': 1.01}
{'loss': 0.0, 'grad_norm': 3.1622776985168457, 'learning_rate': 1.9992042171450747e-05, 'epoch': 1.01}
{'loss': 0.0, 'grad_norm': 3.1622776985168457, 'learning_rate': 1.9991799231479828e-05, 'epoch': 1.01}
{'loss': 0.0, 'grad_norm': 3.1622776985168457, 'learning_rate': 1.9991552640288948e-05, 'epoch': 1.01}
{'loss': 0.0, 'grad_norm': 3.1622776985168457, 'learning_rate': 1.999130239796821e-05, 'epoch': 1.01}
{'loss': 0.0, 'grad_norm': 3.1622776985168457, 'learning_rate': 1.999104850460906e-05, 'epoch': 1.01}
{'loss': 0.0, 'grad_norm': 3.1622776985168457, 'learning_rate': 1.9990790960304272e-05, 'epoch': 1.01}
{'loss': 0.0, 'grad_norm': 3.1622776985168457, 'learning_rate': 1.9990529765147965e-05, 'epoch': 1.01}
{'loss': 0.0, 'grad_norm': 3.1622776985168457, 'learning_rate': 1.9990264919235586e-05, 'epoch': 1.01}
{'loss': 0.0, 'grad_norm': 3.1622776985168457, 'learning_rate': 1.998999642266391e-05, 'epoch': 1.01}
{'loss': 0.0, 'grad_norm': 3.1622776985168457, 'learning_rate': 1.9989724275531054e-05, 'epoch': 1.01}
{'loss': 0.0, 'grad_norm': 3.1622776985168457, 'learning_rate': 1.9989448477936467e-05, 'epoch': 1.01}
{'loss': 0.0, 'grad_norm': 3.1622776985168457, 'learning_rate': 1.998916902998093e-05, 'epoch': 1.01}
{'loss': 0.0, 'grad_norm': 3.1622776985168457, 'learning_rate': 1.9988885931766562e-05, 'epoch': 1.02}
{'loss': 0.0, 'grad_norm': 3.1622776985168457, 'learning_rate': 1.998859918339681e-05, 'epoch': 1.02}
{'loss': 0.0, 'grad_norm': 3.1622776985168457, 'learning_rate': 1.998830878497646e-05, 'epoch': 1.02}
{'loss': 0.0, 'grad_norm': 3.1622776985168457, 'learning_rate': 1.998801473661163e-05, 'epoch': 1.02}
{'loss': 0.0, 'grad_norm': 3.1622776985168457, 'learning_rate': 1.9987717038409768e-05, 'epoch': 1.02}
{'loss': 0.0, 'grad_norm': 3.1622776985168457, 'learning_rate': 1.998741569047966e-05, 'epoch': 1.02}
{'loss': 0.0, 'grad_norm': 3.1622776985168457, 'learning_rate': 1.998711069293143e-05, 'epoch': 1.02}
{'loss': 0.0, 'grad_norm': 3.1622776985168457, 'learning_rate': 1.998680204587653e-05, 'epoch': 1.02}
{'loss': 0.0, 'grad_norm': 3.1622776985168457, 'learning_rate': 1.9986489749427744e-05, 'epoch': 1.02}
{'loss': 0.0, 'grad_norm': 3.1622776985168457, 'learning_rate': 1.998617380369919e-05, 'epoch': 1.02}
{'loss': 0.0, 'grad_norm': 3.1622776985168457, 'learning_rate': 1.9985854208806326e-05, 'epoch': 1.02}
{'loss': 0.0, 'grad_norm': 3.1622776985168457, 'learning_rate': 1.9985530964865936e-05, 'epoch': 1.02}
{'loss': 0.0, 'grad_norm': 3.1622776985168457, 'learning_rate': 1.998520407199614e-05, 'epoch': 1.02}
{'loss': 0.0, 'grad_norm': 3.1622776985168457, 'learning_rate': 1.9984873530316397e-05, 'epoch': 1.02}
{'loss': 0.0, 'grad_norm': 3.1622776985168457, 'learning_rate': 1.9984539339947483e-05, 'epoch': 1.02}
{'loss': 0.0, 'grad_norm': 3.1622776985168457, 'learning_rate': 1.998420150101153e-05, 'epoch': 1.02}
{'loss': 0.0, 'grad_norm': 3.1622776985168457, 'learning_rate': 1.9983860013631983e-05, 'epoch': 1.02}
{'loss': 0.0, 'grad_norm': 3.1622776985168457, 'learning_rate': 1.9983514877933635e-05, 'epoch': 1.02}
{'loss': 0.0, 'grad_norm': 3.1622776985168457, 'learning_rate': 1.99831660940426e-05, 'epoch': 1.02}
{'loss': 0.0, 'grad_norm': 3.1622776985168457, 'learning_rate': 1.998281366208634e-05, 'epoch': 1.02}
{'loss': 0.0, 'grad_norm': 3.1622776985168457, 'learning_rate': 1.9982457582193635e-05, 'epoch': 1.02}
{'loss': 0.0, 'grad_norm': 3.1622776985168457, 'learning_rate': 1.9982097854494604e-05, 'epoch': 1.02}
{'loss': 0.0, 'grad_norm': 3.1622776985168457, 'learning_rate': 1.9981734479120702e-05, 'epoch': 1.02}
{'loss': 0.0, 'grad_norm': 3.1622776985168457, 'learning_rate': 1.9981367456204713e-05, 'epoch': 1.02}
{'loss': 0.0, 'grad_norm': 3.1622776985168457, 'learning_rate': 1.9980996785880756e-05, 'epoch': 1.02}
{'loss': 0.0, 'grad_norm': 3.1622776985168457, 'learning_rate': 1.998062246828428e-05, 'epoch': 1.02}
{'loss': 0.0, 'grad_norm': 3.1622776985168457, 'learning_rate': 1.9980244503552067e-05, 'epoch': 1.02}
{'loss': 0.0, 'grad_norm': 3.1622776985168457, 'learning_rate': 1.997986289182224e-05, 'epoch': 1.02}
{'loss': 0.0, 'grad_norm': 3.1622776985168457, 'learning_rate': 1.9979477633234246e-05, 'epoch': 1.02}
{'loss': 0.0, 'grad_norm': 3.1622776985168457, 'learning_rate': 1.9979088727928863e-05, 'epoch': 1.02}
{'loss': 0.0, 'grad_norm': 3.1622776985168457, 'learning_rate': 1.997869617604821e-05, 'epoch': 1.02}
{'loss': 0.0, 'grad_norm': 3.1622776985168457, 'learning_rate': 1.997829997773573e-05, 'epoch': 1.02}
{'loss': 0.0, 'grad_norm': 3.1622776985168457, 'learning_rate': 1.9977900133136202e-05, 'epoch': 1.02}
{'loss': 0.0, 'grad_norm': 3.1622776985168457, 'learning_rate': 1.9977496642395742e-05, 'epoch': 1.02}
{'loss': 0.0, 'grad_norm': 3.1622776985168457, 'learning_rate': 1.9977089505661795e-05, 'epoch': 1.02}
{'loss': 0.0, 'grad_norm': 3.1622776985168457, 'learning_rate': 1.9976678723083134e-05, 'epoch': 1.02}
{'loss': 0.0, 'grad_norm': 3.1622776985168457, 'learning_rate': 1.9976264294809867e-05, 'epoch': 1.02}
{'loss': 0.0, 'grad_norm': 3.1622776985168457, 'learning_rate': 1.997584622099344e-05, 'epoch': 1.02}
{'loss': 0.0, 'grad_norm': 3.1622776985168457, 'learning_rate': 1.997542450178662e-05, 'epoch': 1.02}
{'loss': 0.0, 'grad_norm': 3.1622776985168457, 'learning_rate': 1.9974999137343518e-05, 'epoch': 1.02}
{'loss': 0.0, 'grad_norm': 3.1622776985168457, 'learning_rate': 1.9974570127819567e-05, 'epoch': 1.02}
{'loss': 0.0, 'grad_norm': 3.1622776985168457, 'learning_rate': 1.997413747337154e-05, 'epoch': 1.02}
{'loss': 0.0, 'grad_norm': 3.1622776985168457, 'learning_rate': 1.9973701174157534e-05, 'epoch': 1.02}
{'loss': 0.0, 'grad_norm': 3.1622776985168457, 'learning_rate': 1.9973261230336987e-05, 'epoch': 1.02}
{'loss': 0.0, 'grad_norm': 3.1622776985168457, 'learning_rate': 1.997281764207066e-05, 'epoch': 1.02}
{'loss': 0.0, 'grad_norm': 3.1622776985168457, 'learning_rate': 1.997237040952065e-05, 'epoch': 1.02}
{'loss': 0.0, 'grad_norm': 3.1622776985168457, 'learning_rate': 1.9971919532850392e-05, 'epoch': 1.02}
{'loss': 0.0, 'grad_norm': 3.1622776985168457, 'learning_rate': 1.997146501222464e-05, 'epoch': 1.02}
{'loss': 0.0, 'grad_norm': 3.1622776985168457, 'learning_rate': 1.9971006847809486e-05, 'epoch': 1.02}
{'loss': 0.0, 'grad_norm': 3.1622776985168457, 'learning_rate': 1.9970545039772352e-05, 'epoch': 1.02}
{'loss': 0.0, 'grad_norm': 3.1622776985168457, 'learning_rate': 1.9970079588281996e-05, 'epoch': 1.02}
{'loss': 0.0, 'grad_norm': 3.1622776985168457, 'learning_rate': 1.9969610493508504e-05, 'epoch': 1.02}
{'loss': 0.0, 'grad_norm': 3.1622776985168457, 'learning_rate': 1.996913775562329e-05, 'epoch': 1.03}
{'loss': 0.0, 'grad_norm': 3.1622776985168457, 'learning_rate': 1.9968661374799107e-05, 'epoch': 1.03}
{'loss': 0.0, 'grad_norm': 3.1622776985168457, 'learning_rate': 1.996818135121003e-05, 'epoch': 1.03}
{'loss': 0.0, 'grad_norm': 3.1622776985168457, 'learning_rate': 1.9967697685031476e-05, 'epoch': 1.03}
{'loss': 0.0, 'grad_norm': 3.1622776985168457, 'learning_rate': 1.996721037644018e-05, 'epoch': 1.03}
{'loss': 0.0, 'grad_norm': 3.1622776985168457, 'learning_rate': 1.996671942561422e-05, 'epoch': 1.03}
{'loss': 0.0, 'grad_norm': 3.1622776985168457, 'learning_rate': 1.9966224832733003e-05, 'epoch': 1.03}
{'loss': 0.0, 'grad_norm': 3.1622776985168457, 'learning_rate': 1.9965726597977257e-05, 'epoch': 1.03}
{'loss': 0.0, 'grad_norm': 3.1622776985168457, 'learning_rate': 1.996522472152905e-05, 'epoch': 1.03}
{'loss': 0.0, 'grad_norm': 3.1622776985168457, 'learning_rate': 1.996471920357178e-05, 'epoch': 1.03}
{'loss': 0.0, 'grad_norm': 3.1622776985168457, 'learning_rate': 1.9964210044290172e-05, 'epoch': 1.03}
{'loss': 0.0, 'grad_norm': 3.1622776985168457, 'learning_rate': 1.9963697243870288e-05, 'epoch': 1.03}
{'loss': 0.0, 'grad_norm': 3.1622776985168457, 'learning_rate': 1.996318080249951e-05, 'epoch': 1.03}
{'loss': 0.0, 'grad_norm': 3.1622776985168457, 'learning_rate': 1.9962660720366565e-05, 'epoch': 1.03}
{'loss': 0.0, 'grad_norm': 3.1622776985168457, 'learning_rate': 1.9962136997661496e-05, 'epoch': 1.03}
{'loss': 0.0, 'grad_norm': 3.1622776985168457, 'learning_rate': 1.996160963457568e-05, 'epoch': 1.03}
{'loss': 0.0, 'grad_norm': 3.1622776985168457, 'learning_rate': 1.996107863130184e-05, 'epoch': 1.03}
{'loss': 0.0, 'grad_norm': 3.1622776985168457, 'learning_rate': 1.9960543988034003e-05, 'epoch': 1.03}
{'loss': 0.0, 'grad_norm': 3.1622776985168457, 'learning_rate': 1.9960005704967544e-05, 'epoch': 1.03}
{'loss': 0.0, 'grad_norm': 3.1622776985168457, 'learning_rate': 1.995946378229916e-05, 'epoch': 1.03}
{'loss': 0.0, 'grad_norm': 3.1622776985168457, 'learning_rate': 1.9958918220226888e-05, 'epoch': 1.03}
{'loss': 0.0, 'grad_norm': 3.1622776985168457, 'learning_rate': 1.9958369018950082e-05, 'epoch': 1.03}
{'loss': 0.0, 'grad_norm': 3.1622776985168457, 'learning_rate': 1.9957816178669438e-05, 'epoch': 1.03}
{'loss': 0.0, 'grad_norm': 3.1622776985168457, 'learning_rate': 1.9957259699586972e-05, 'epoch': 1.03}
{'loss': 0.0, 'grad_norm': 3.1622776985168457, 'learning_rate': 1.9956699581906033e-05, 'epoch': 1.03}
{'loss': 0.0, 'grad_norm': 3.1622776985168457, 'learning_rate': 1.99561358258313e-05, 'epoch': 1.03}
{'loss': 0.0, 'grad_norm': 3.1622776985168457, 'learning_rate': 1.995556843156878e-05, 'epoch': 1.03}
{'loss': 0.0, 'grad_norm': 3.1622776985168457, 'learning_rate': 1.995499739932582e-05, 'epoch': 1.03}
{'loss': 0.0, 'grad_norm': 3.1622776985168457, 'learning_rate': 1.995442272931108e-05, 'epoch': 1.03}
{'loss': 0.0, 'grad_norm': 3.1622776985168457, 'learning_rate': 1.9953844421734552e-05, 'epoch': 1.03}
{'loss': 0.0, 'grad_norm': 3.1622776985168457, 'learning_rate': 1.9953262476807572e-05, 'epoch': 1.03}
{'loss': 0.0, 'grad_norm': 3.1622776985168457, 'learning_rate': 1.9952676894742794e-05, 'epoch': 1.03}
{'loss': 0.0, 'grad_norm': 3.1622776985168457, 'learning_rate': 1.99520876757542e-05, 'epoch': 1.03}
{'loss': 0.0, 'grad_norm': 3.1622776985168457, 'learning_rate': 1.9951494820057103e-05, 'epoch': 1.03}
{'loss': 0.0, 'grad_norm': 3.1622776985168457, 'learning_rate': 1.9950898327868145e-05, 'epoch': 1.03}
{'loss': 0.0, 'grad_norm': 3.1622776985168457, 'learning_rate': 1.9950298199405297e-05, 'epoch': 1.03}
{'loss': 0.0, 'grad_norm': 3.1622776985168457, 'learning_rate': 1.994969443488786e-05, 'epoch': 1.03}
{'loss': 0.0, 'grad_norm': 3.1622776985168457, 'learning_rate': 1.9949087034536464e-05, 'epoch': 1.03}
{'loss': 0.0, 'grad_norm': 3.1622776985168457, 'learning_rate': 1.9948475998573066e-05, 'epoch': 1.03}
{'loss': 0.0, 'grad_norm': 3.1622776985168457, 'learning_rate': 1.9947861327220946e-05, 'epoch': 1.03}
{'loss': 0.0, 'grad_norm': 3.1622776985168457, 'learning_rate': 1.994724302070473e-05, 'epoch': 1.03}
{'loss': 0.0, 'grad_norm': 3.1622776985168457, 'learning_rate': 1.9946621079250348e-05, 'epoch': 1.03}
{'loss': 0.0, 'grad_norm': 3.1622776985168457, 'learning_rate': 1.994599550308508e-05, 'epoch': 1.03}
{'loss': 0.0, 'grad_norm': 3.1622776985168457, 'learning_rate': 1.9945366292437516e-05, 'epoch': 1.03}
{'loss': 0.0, 'grad_norm': 3.1622776985168457, 'learning_rate': 1.9944733447537592e-05, 'epoch': 1.03}
{'loss': 0.0, 'grad_norm': 3.1622776985168457, 'learning_rate': 1.9944096968616558e-05, 'epoch': 1.03}
{'loss': 0.0, 'grad_norm': 3.1622776985168457, 'learning_rate': 1.9943456855907e-05, 'epoch': 1.03}
{'loss': 0.0, 'grad_norm': 3.1622776985168457, 'learning_rate': 1.994281310964283e-05, 'epoch': 1.03}
{'loss': 0.0, 'grad_norm': 3.1622776985168457, 'learning_rate': 1.994216573005928e-05, 'epoch': 1.03}
{'loss': 0.0, 'grad_norm': 3.1622776985168457, 'learning_rate': 1.9941514717392925e-05, 'epoch': 1.03}
{'loss': 0.0, 'grad_norm': 3.1622776985168457, 'learning_rate': 1.9940860071881657e-05, 'epoch': 1.03}
{'loss': 0.0, 'grad_norm': 3.1622776985168457, 'learning_rate': 1.9940201793764694e-05, 'epoch': 1.03}
{'loss': 0.0, 'grad_norm': 3.1622776985168457, 'learning_rate': 1.9939539883282587e-05, 'epoch': 1.04}
{'loss': 0.0, 'grad_norm': 3.1622776985168457, 'learning_rate': 1.9938874340677216e-05, 'epoch': 1.04}
{'loss': 0.0, 'grad_norm': 3.1622776985168457, 'learning_rate': 1.9938205166191776e-05, 'epoch': 1.04}
{'loss': 0.0, 'grad_norm': 3.1622776985168457, 'learning_rate': 1.9937532360070807e-05, 'epoch': 1.04}
{'loss': 0.0, 'grad_norm': 3.1622776985168457, 'learning_rate': 1.9936855922560164e-05, 'epoch': 1.04}
{'loss': 0.0, 'grad_norm': 3.1622776985168457, 'learning_rate': 1.993617585390703e-05, 'epoch': 1.04}
{'loss': 0.0, 'grad_norm': 3.1622776985168457, 'learning_rate': 1.9935492154359917e-05, 'epoch': 1.04}
{'loss': 0.0, 'grad_norm': 3.1622776985168457, 'learning_rate': 1.9934804824168667e-05, 'epoch': 1.04}
{'loss': 0.0, 'grad_norm': 3.1622776985168457, 'learning_rate': 1.993411386358444e-05, 'epoch': 1.04}
{'loss': 0.0, 'grad_norm': 3.1622776985168457, 'learning_rate': 1.993341927285973e-05, 'epoch': 1.04}
{'loss': 0.0, 'grad_norm': 3.1622776985168457, 'learning_rate': 1.993272105224836e-05, 'epoch': 1.04}
{'loss': 0.0, 'grad_norm': 3.1622776985168457, 'learning_rate': 1.993201920200547e-05, 'epoch': 1.04}
{'loss': 0.0, 'grad_norm': 3.1622776985168457, 'learning_rate': 1.993131372238753e-05, 'epoch': 1.04}
{'loss': 0.0, 'grad_norm': 3.1622776985168457, 'learning_rate': 1.9930604613652344e-05, 'epoch': 1.04}
{'loss': 0.0, 'grad_norm': 3.1622776985168457, 'learning_rate': 1.992989187605903e-05, 'epoch': 1.04}
{'loss': 0.0, 'grad_norm': 3.1622776985168457, 'learning_rate': 1.992917550986804e-05, 'epoch': 1.04}
{'loss': 0.0, 'grad_norm': 3.1622776985168457, 'learning_rate': 1.9928455515341155e-05, 'epoch': 1.04}
{'loss': 0.0, 'grad_norm': 3.1622776985168457, 'learning_rate': 1.9927731892741465e-05, 'epoch': 1.04}
{'loss': 0.0, 'grad_norm': 3.1622776985168457, 'learning_rate': 1.9927004642333404e-05, 'epoch': 1.04}
{'loss': 0.0, 'grad_norm': 3.1622776985168457, 'learning_rate': 1.9926273764382724e-05, 'epoch': 1.04}
{'loss': 0.0, 'grad_norm': 3.1622776985168457, 'learning_rate': 1.9925539259156504e-05, 'epoch': 1.04}
{'loss': 0.0, 'grad_norm': 3.1622776985168457, 'learning_rate': 1.992480112692315e-05, 'epoch': 1.04}
{'loss': 0.0, 'grad_norm': 3.1622776985168457, 'learning_rate': 1.9924059367952385e-05, 'epoch': 1.04}
{'loss': 0.0, 'grad_norm': 3.1622776985168457, 'learning_rate': 1.9923313982515276e-05, 'epoch': 1.04}
{'loss': 0.0, 'grad_norm': 3.1622776985168457, 'learning_rate': 1.992256497088419e-05, 'epoch': 1.04}
{'loss': 0.0, 'grad_norm': 3.1622776985168457, 'learning_rate': 1.992181233333284e-05, 'epoch': 1.04}
{'loss': 0.0, 'grad_norm': 3.1622776985168457, 'learning_rate': 1.9921056070136254e-05, 'epoch': 1.04}
{'loss': 0.0, 'grad_norm': 3.1622776985168457, 'learning_rate': 1.9920296181570784e-05, 'epoch': 1.04}
{'loss': 0.0, 'grad_norm': 3.1622776985168457, 'learning_rate': 1.9919532667914114e-05, 'epoch': 1.04}
{'loss': 0.0, 'grad_norm': 3.1622776985168457, 'learning_rate': 1.991876552944525e-05, 'epoch': 1.04}
{'loss': 0.0, 'grad_norm': 3.1622776985168457, 'learning_rate': 1.991799476644451e-05, 'epoch': 1.04}
{'loss': 0.0, 'grad_norm': 3.1622776985168457, 'learning_rate': 1.991722037919356e-05, 'epoch': 1.04}
{'loss': 0.0, 'grad_norm': 3.1622776985168457, 'learning_rate': 1.9916442367975374e-05, 'epoch': 1.04}
{'loss': 0.0, 'grad_norm': 3.1622776985168457, 'learning_rate': 1.9915660733074253e-05, 'epoch': 1.04}
{'loss': 0.0, 'grad_norm': 3.1622776985168457, 'learning_rate': 1.9914875474775824e-05, 'epoch': 1.04}
{'loss': 0.0, 'grad_norm': 3.1622776985168457, 'learning_rate': 1.9914086593367035e-05, 'epoch': 1.04}
{'loss': 0.0, 'grad_norm': 3.1622776985168457, 'learning_rate': 1.9913294089136165e-05, 'epoch': 1.04}
{'loss': 0.0, 'grad_norm': 3.1622776985168457, 'learning_rate': 1.991249796237281e-05, 'epoch': 1.04}
{'loss': 0.0, 'grad_norm': 3.1622776985168457, 'learning_rate': 1.9911698213367886e-05, 'epoch': 1.04}
{'loss': 0.0, 'grad_norm': 3.1622776985168457, 'learning_rate': 1.991089484241365e-05, 'epoch': 1.04}
{'loss': 0.0, 'grad_norm': 3.1622776985168457, 'learning_rate': 1.9910087849803665e-05, 'epoch': 1.04}
{'loss': 0.0, 'grad_norm': 3.1622776985168457, 'learning_rate': 1.9909277235832824e-05, 'epoch': 1.04}
{'loss': 0.0, 'grad_norm': 3.1622776985168457, 'learning_rate': 1.990846300079734e-05, 'epoch': 1.04}
{'loss': 0.0, 'grad_norm': 3.1622776985168457, 'learning_rate': 1.9907645144994756e-05, 'epoch': 1.04}
{'loss': 0.0, 'grad_norm': 3.1622776985168457, 'learning_rate': 1.9906823668723937e-05, 'epoch': 1.04}
{'loss': 0.0, 'grad_norm': 3.1622776985168457, 'learning_rate': 1.990599857228506e-05, 'epoch': 1.04}
{'loss': 0.0, 'grad_norm': 3.1622776985168457, 'learning_rate': 1.990516985597964e-05, 'epoch': 1.04}
{'loss': 0.0, 'grad_norm': 3.1622776985168457, 'learning_rate': 1.9904337520110505e-05, 'epoch': 1.04}
{'loss': 0.0, 'grad_norm': 3.1622776985168457, 'learning_rate': 1.9903501564981807e-05, 'epoch': 1.04}
{'loss': 0.0, 'grad_norm': 3.1622776985168457, 'learning_rate': 1.990266199089903e-05, 'epoch': 1.04}
{'loss': 0.0, 'grad_norm': 3.1622776985168457, 'learning_rate': 1.990181879816896e-05, 'epoch': 1.04}
{'loss': 0.0, 'grad_norm': 3.1622776985168457, 'learning_rate': 1.990097198709973e-05, 'epoch': 1.04}
{'loss': 0.0, 'grad_norm': 3.1622776985168457, 'learning_rate': 1.9900121558000776e-05, 'epoch': 1.05}
{'loss': 0.0, 'grad_norm': 3.1622776985168457, 'learning_rate': 1.9899267511182863e-05, 'epoch': 1.05}
{'loss': 0.0, 'grad_norm': 3.1622776985168457, 'learning_rate': 1.9898409846958083e-05, 'epoch': 1.05}
{'loss': 0.0, 'grad_norm': 3.1622776985168457, 'learning_rate': 1.989754856563984e-05, 'epoch': 1.05}
{'loss': 0.0, 'grad_norm': 3.1622776985168457, 'learning_rate': 1.989668366754287e-05, 'epoch': 1.05}
{'loss': 0.0, 'grad_norm': 3.1622776985168457, 'learning_rate': 1.9895815152983218e-05, 'epoch': 1.05}
{'loss': 0.0, 'grad_norm': 3.1622776985168457, 'learning_rate': 1.9894943022278267e-05, 'epoch': 1.05}
{'loss': 0.0, 'grad_norm': 3.1622776985168457, 'learning_rate': 1.9894067275746707e-05, 'epoch': 1.05}
{'loss': 0.0, 'grad_norm': 3.1622776985168457, 'learning_rate': 1.9893187913708558e-05, 'epoch': 1.05}
{'loss': 0.0, 'grad_norm': 3.1622776985168457, 'learning_rate': 1.9892304936485153e-05, 'epoch': 1.05}
{'loss': 0.0, 'grad_norm': 3.1622776985168457, 'learning_rate': 1.9891418344399154e-05, 'epoch': 1.05}
{'loss': 0.0, 'grad_norm': 3.1622776985168457, 'learning_rate': 1.989052813777454e-05, 'epoch': 1.05}
{'loss': 0.0, 'grad_norm': 3.1622776985168457, 'learning_rate': 1.9889634316936615e-05, 'epoch': 1.05}
{'loss': 0.0, 'grad_norm': 3.1622776985168457, 'learning_rate': 1.9888736882211998e-05, 'epoch': 1.05}
{'loss': 0.0, 'grad_norm': 3.1622776985168457, 'learning_rate': 1.988783583392863e-05, 'epoch': 1.05}
{'loss': 0.0, 'grad_norm': 3.1622776985168457, 'learning_rate': 1.9886931172415775e-05, 'epoch': 1.05}
{'loss': 0.0, 'grad_norm': 3.1622776985168457, 'learning_rate': 1.9886022898004018e-05, 'epoch': 1.05}
{'loss': 0.0, 'grad_norm': 3.1622776985168457, 'learning_rate': 1.988511101102526e-05, 'epoch': 1.05}
{'loss': 0.0, 'grad_norm': 3.1622776985168457, 'learning_rate': 1.9884195511812718e-05, 'epoch': 1.05}
{'loss': 0.0, 'grad_norm': 3.1622776985168457, 'learning_rate': 1.9883276400700948e-05, 'epoch': 1.05}
{'loss': 0.0, 'grad_norm': 3.1622776985168457, 'learning_rate': 1.9882353678025804e-05, 'epoch': 1.05}
{'loss': 0.0, 'grad_norm': 3.1622776985168457, 'learning_rate': 1.988142734412447e-05, 'epoch': 1.05}
{'loss': 0.0, 'grad_norm': 3.1622776985168457, 'learning_rate': 1.9880497399335454e-05, 'epoch': 1.05}
{'loss': 0.0, 'grad_norm': 3.1622776985168457, 'learning_rate': 1.987956384399857e-05, 'epoch': 1.05}
{'loss': 0.0, 'grad_norm': 3.1622776985168457, 'learning_rate': 1.9878626678454967e-05, 'epoch': 1.05}
{'loss': 0.0, 'grad_norm': 3.1622776985168457, 'learning_rate': 1.9877685903047097e-05, 'epoch': 1.05}
{'loss': 0.0, 'grad_norm': 3.1622776985168457, 'learning_rate': 1.987674151811875e-05, 'epoch': 1.05}
{'loss': 0.0, 'grad_norm': 3.1622776985168457, 'learning_rate': 1.9875793524015013e-05, 'epoch': 1.05}
{'loss': 0.0, 'grad_norm': 3.1622776985168457, 'learning_rate': 1.9874841921082316e-05, 'epoch': 1.05}
{'loss': 0.0, 'grad_norm': 3.1622776985168457, 'learning_rate': 1.9873886709668386e-05, 'epoch': 1.05}
{'loss': 0.0, 'grad_norm': 3.1622776985168457, 'learning_rate': 1.987292789012228e-05, 'epoch': 1.05}
{'loss': 0.0, 'grad_norm': 3.1622776985168457, 'learning_rate': 1.9871965462794374e-05, 'epoch': 1.05}
{'loss': 0.0, 'grad_norm': 3.1622776985168457, 'learning_rate': 1.9870999428036357e-05, 'epoch': 1.05}
{'loss': 0.0, 'grad_norm': 3.1622776985168457, 'learning_rate': 1.987002978620124e-05, 'epoch': 1.05}
{'loss': 0.0, 'grad_norm': 3.1622776985168457, 'learning_rate': 1.9869056537643354e-05, 'epoch': 1.05}
{'loss': 0.0, 'grad_norm': 3.1622776985168457, 'learning_rate': 1.9868079682718343e-05, 'epoch': 1.05}
{'loss': 0.0, 'grad_norm': 3.1622776985168457, 'learning_rate': 1.986709922178317e-05, 'epoch': 1.05}
{'loss': 0.0, 'grad_norm': 3.1622776985168457, 'learning_rate': 1.9866115155196118e-05, 'epoch': 1.05}
{'loss': 0.0, 'grad_norm': 3.1622776985168457, 'learning_rate': 1.9865127483316784e-05, 'epoch': 1.05}
{'loss': 0.0, 'grad_norm': 3.1622776985168457, 'learning_rate': 1.9864136206506087e-05, 'epoch': 1.05}
{'loss': 0.0, 'grad_norm': 3.1622776985168457, 'learning_rate': 1.986314132512626e-05, 'epoch': 1.05}
{'loss': 0.0, 'grad_norm': 3.1622776985168457, 'learning_rate': 1.9862142839540852e-05, 'epoch': 1.05}
{'loss': 0.0, 'grad_norm': 3.1622776985168457, 'learning_rate': 1.9861140750114737e-05, 'epoch': 1.05}
{'loss': 0.0, 'grad_norm': 3.1622776985168457, 'learning_rate': 1.9860135057214096e-05, 'epoch': 1.05}
{'loss': 0.0, 'grad_norm': 3.1622776985168457, 'learning_rate': 1.9859125761206432e-05, 'epoch': 1.05}
{'loss': 0.0, 'grad_norm': 3.1622776985168457, 'learning_rate': 1.9858112862460563e-05, 'epoch': 1.05}
{'loss': 0.0, 'grad_norm': 3.1622776985168457, 'learning_rate': 1.9857096361346626e-05, 'epoch': 1.05}
{'loss': 0.0, 'grad_norm': 3.1622776985168457, 'learning_rate': 1.985607625823607e-05, 'epoch': 1.05}
{'loss': 0.0, 'grad_norm': 3.1622776985168457, 'learning_rate': 1.9855052553501663e-05, 'epoch': 1.05}
{'loss': 0.0, 'grad_norm': 3.1622776985168457, 'learning_rate': 1.9854025247517493e-05, 'epoch': 1.05}
{'loss': 0.0, 'grad_norm': 3.1622776985168457, 'learning_rate': 1.9852994340658957e-05, 'epoch': 1.05}
{'loss': 0.0, 'grad_norm': 3.1622776985168457, 'learning_rate': 1.9851959833302767e-05, 'epoch': 1.05}
{'loss': 0.0, 'grad_norm': 3.1622776985168457, 'learning_rate': 1.985092172582696e-05, 'epoch': 1.06}
{'loss': 0.0, 'grad_norm': 3.1622776985168457, 'learning_rate': 1.9849880018610882e-05, 'epoch': 1.06}
{'loss': 0.0, 'grad_norm': 3.1622776985168457, 'learning_rate': 1.9848834712035193e-05, 'epoch': 1.06}
{'loss': 0.0, 'grad_norm': 3.1622776985168457, 'learning_rate': 1.984778580648187e-05, 'epoch': 1.06}
{'loss': 0.0, 'grad_norm': 3.1622776985168457, 'learning_rate': 1.9846733302334212e-05, 'epoch': 1.06}
{'loss': 0.0, 'grad_norm': 3.1622776985168457, 'learning_rate': 1.9845677199976817e-05, 'epoch': 1.06}
{'loss': 0.0, 'grad_norm': 3.1622776985168457, 'learning_rate': 1.984461749979562e-05, 'epoch': 1.06}
{'loss': 0.0, 'grad_norm': 3.1622776985168457, 'learning_rate': 1.9843554202177845e-05, 'epoch': 1.06}
{'loss': 0.0, 'grad_norm': 3.1622776985168457, 'learning_rate': 1.9842487307512055e-05, 'epoch': 1.06}
{'loss': 0.0, 'grad_norm': 3.1622776985168457, 'learning_rate': 1.984141681618811e-05, 'epoch': 1.06}
{'loss': 0.0, 'grad_norm': 3.1622776985168457, 'learning_rate': 1.9840342728597194e-05, 'epoch': 1.06}
{'loss': 0.0, 'grad_norm': 3.1622776985168457, 'learning_rate': 1.9839265045131802e-05, 'epoch': 1.06}
{'loss': 0.0, 'grad_norm': 3.1622776985168457, 'learning_rate': 1.983818376618574e-05, 'epoch': 1.06}
{'loss': 0.0, 'grad_norm': 3.1622776985168457, 'learning_rate': 1.9837098892154133e-05, 'epoch': 1.06}
{'loss': 0.0, 'grad_norm': 3.1622776985168457, 'learning_rate': 1.9836010423433415e-05, 'epoch': 1.06}
{'loss': 0.0, 'grad_norm': 3.1622776985168457, 'learning_rate': 1.9834918360421336e-05, 'epoch': 1.06}
{'loss': 0.0, 'grad_norm': 3.1622776985168457, 'learning_rate': 1.9833822703516967e-05, 'epoch': 1.06}
{'loss': 0.0, 'grad_norm': 3.1622776985168457, 'learning_rate': 1.983272345312068e-05, 'epoch': 1.06}
{'loss': 0.0, 'grad_norm': 3.1622776985168457, 'learning_rate': 1.983162060963416e-05, 'epoch': 1.06}
{'loss': 0.0, 'grad_norm': 3.1622776985168457, 'learning_rate': 1.9830514173460412e-05, 'epoch': 1.06}
{'loss': 0.0, 'grad_norm': 3.1622776985168457, 'learning_rate': 1.9829404145003758e-05, 'epoch': 1.06}
{'loss': 0.0, 'grad_norm': 3.1622776985168457, 'learning_rate': 1.982829052466982e-05, 'epoch': 1.06}
{'loss': 0.0, 'grad_norm': 3.1622776985168457, 'learning_rate': 1.9827173312865543e-05, 'epoch': 1.06}
{'loss': 0.0, 'grad_norm': 3.1622776985168457, 'learning_rate': 1.9826052509999176e-05, 'epoch': 1.06}
{'loss': 0.0, 'grad_norm': 3.1622776985168457, 'learning_rate': 1.9824928116480292e-05, 'epoch': 1.06}
{'loss': 0.0, 'grad_norm': 3.1622776985168457, 'learning_rate': 1.9823800132719758e-05, 'epoch': 1.06}
{'loss': 0.0, 'grad_norm': 3.1622776985168457, 'learning_rate': 1.982266855912977e-05, 'epoch': 1.06}
{'loss': 0.0, 'grad_norm': 3.1622776985168457, 'learning_rate': 1.9821533396123835e-05, 'epoch': 1.06}
{'loss': 0.0, 'grad_norm': 3.1622776985168457, 'learning_rate': 1.982039464411676e-05, 'epoch': 1.06}
{'loss': 0.0, 'grad_norm': 3.1622776985168457, 'learning_rate': 1.9819252303524665e-05, 'epoch': 1.06}
{'loss': 0.0, 'grad_norm': 3.1622776985168457, 'learning_rate': 1.9818106374764993e-05, 'epoch': 1.06}
{'loss': 0.0, 'grad_norm': 3.1622776985168457, 'learning_rate': 1.981695685825649e-05, 'epoch': 1.06}
{'loss': 0.0, 'grad_norm': 3.1622776985168457, 'learning_rate': 1.9815803754419214e-05, 'epoch': 1.06}
{'loss': 0.0, 'grad_norm': 3.1622776985168457, 'learning_rate': 1.9814647063674533e-05, 'epoch': 1.06}
{'loss': 0.0, 'grad_norm': 3.1622776985168457, 'learning_rate': 1.9813486786445125e-05, 'epoch': 1.06}
{'loss': 0.0, 'grad_norm': 3.1622776985168457, 'learning_rate': 1.981232292315499e-05, 'epoch': 1.06}
{'loss': 0.0, 'grad_norm': 3.1622776985168457, 'learning_rate': 1.9811155474229415e-05, 'epoch': 1.06}
{'loss': 0.0, 'grad_norm': 3.1622776985168457, 'learning_rate': 1.9809984440095017e-05, 'epoch': 1.06}
{'loss': 0.0, 'grad_norm': 3.1622776985168457, 'learning_rate': 1.9808809821179723e-05, 'epoch': 1.06}
{'loss': 0.0, 'grad_norm': 3.1622776985168457, 'learning_rate': 1.9807631617912756e-05, 'epoch': 1.06}
{'loss': 0.0, 'grad_norm': 3.1622776985168457, 'learning_rate': 1.9806449830724664e-05, 'epoch': 1.06}
{'loss': 0.0, 'grad_norm': 3.1622776985168457, 'learning_rate': 1.9805264460047293e-05, 'epoch': 1.06}
{'loss': 0.0, 'grad_norm': 3.1622776985168457, 'learning_rate': 1.9804075506313803e-05, 'epoch': 1.06}
{'loss': 0.0, 'grad_norm': 3.1622776985168457, 'learning_rate': 1.9802882969958665e-05, 'epoch': 1.06}
{'loss': 0.0, 'grad_norm': 3.1622776985168457, 'learning_rate': 1.980168685141766e-05, 'epoch': 1.06}
{'loss': 0.0, 'grad_norm': 3.1622776985168457, 'learning_rate': 1.9800487151127868e-05, 'epoch': 1.06}
{'loss': 0.0, 'grad_norm': 3.1622776985168457, 'learning_rate': 1.979928386952769e-05, 'epoch': 1.06}
{'loss': 0.0, 'grad_norm': 3.1622776985168457, 'learning_rate': 1.9798077007056838e-05, 'epoch': 1.06}
{'loss': 0.0, 'grad_norm': 3.1622776985168457, 'learning_rate': 1.9796866564156314e-05, 'epoch': 1.06}
{'loss': 0.0, 'grad_norm': 3.1622776985168457, 'learning_rate': 1.979565254126845e-05, 'epoch': 1.06}
{'loss': 0.0, 'grad_norm': 3.1622776985168457, 'learning_rate': 1.979443493883687e-05, 'epoch': 1.06}
{'loss': 0.0, 'grad_norm': 3.1622776985168457, 'learning_rate': 1.9793213757306508e-05, 'epoch': 1.06}
{'loss': 0.0, 'grad_norm': 3.1622776985168457, 'learning_rate': 1.9791988997123625e-05, 'epoch': 1.07}
{'loss': 0.0, 'grad_norm': 3.1622776985168457, 'learning_rate': 1.979076065873576e-05, 'epoch': 1.07}
{'loss': 0.0, 'grad_norm': 3.1622776985168457, 'learning_rate': 1.978952874259178e-05, 'epoch': 1.07}
{'loss': 0.0, 'grad_norm': 3.1622776985168457, 'learning_rate': 1.9788293249141855e-05, 'epoch': 1.07}
{'loss': 0.0, 'grad_norm': 3.1622776985168457, 'learning_rate': 1.9787054178837464e-05, 'epoch': 1.07}
{'loss': 0.0, 'grad_norm': 3.1622776985168457, 'learning_rate': 1.9785811532131386e-05, 'epoch': 1.07}
{'loss': 0.0, 'grad_norm': 3.1622776985168457, 'learning_rate': 1.978456530947771e-05, 'epoch': 1.07}
{'loss': 0.0, 'grad_norm': 3.1622776985168457, 'learning_rate': 1.9783315511331837e-05, 'epoch': 1.07}
{'loss': 0.0, 'grad_norm': 3.1622776985168457, 'learning_rate': 1.9782062138150465e-05, 'epoch': 1.07}
{'loss': 0.0, 'grad_norm': 3.1622776985168457, 'learning_rate': 1.9780805190391606e-05, 'epoch': 1.07}
{'loss': 0.0, 'grad_norm': 3.1622776985168457, 'learning_rate': 1.9779544668514577e-05, 'epoch': 1.07}
{'loss': 0.0, 'grad_norm': 3.1622776985168457, 'learning_rate': 1.977828057298e-05, 'epoch': 1.07}
{'loss': 0.0, 'grad_norm': 3.1622776985168457, 'learning_rate': 1.97770129042498e-05, 'epoch': 1.07}
{'loss': 0.0, 'grad_norm': 3.1622776985168457, 'learning_rate': 1.9775741662787215e-05, 'epoch': 1.07}
{'loss': 0.0, 'grad_norm': 3.1622776985168457, 'learning_rate': 1.9774466849056782e-05, 'epoch': 1.07}
{'loss': 0.0, 'grad_norm': 3.1622776985168457, 'learning_rate': 1.9773188463524343e-05, 'epoch': 1.07}
{'loss': 0.0, 'grad_norm': 3.1622776985168457, 'learning_rate': 1.9771906506657056e-05, 'epoch': 1.07}
{'loss': 0.0, 'grad_norm': 3.1622776985168457, 'learning_rate': 1.9770620978923368e-05, 'epoch': 1.07}
{'loss': 0.0, 'grad_norm': 3.1622776985168457, 'learning_rate': 1.976933188079304e-05, 'epoch': 1.07}
{'loss': 0.0, 'grad_norm': 3.1622776985168457, 'learning_rate': 1.9768039212737137e-05, 'epoch': 1.07}
{'loss': 0.0, 'grad_norm': 3.1622776985168457, 'learning_rate': 1.976674297522803e-05, 'epoch': 1.07}
{'loss': 0.0, 'grad_norm': 3.1622776985168457, 'learning_rate': 1.9765443168739388e-05, 'epoch': 1.07}
{'loss': 0.0, 'grad_norm': 3.1622776985168457, 'learning_rate': 1.9764139793746192e-05, 'epoch': 1.07}
{'loss': 0.0, 'grad_norm': 3.1622776985168457, 'learning_rate': 1.976283285072472e-05, 'epoch': 1.07}
{'loss': 0.0, 'grad_norm': 3.1622776985168457, 'learning_rate': 1.9761522340152566e-05, 'epoch': 1.07}
{'loss': 0.0, 'grad_norm': 3.1622776985168457, 'learning_rate': 1.976020826250861e-05, 'epoch': 1.07}
{'loss': 0.0, 'grad_norm': 3.1622776985168457, 'learning_rate': 1.9758890618273042e-05, 'epoch': 1.07}
{'loss': 0.0, 'grad_norm': 3.1622776985168457, 'learning_rate': 1.975756940792737e-05, 'epoch': 1.07}
{'loss': 0.0, 'grad_norm': 3.1622776985168457, 'learning_rate': 1.9756244631954385e-05, 'epoch': 1.07}
{'loss': 0.0, 'grad_norm': 3.1622776985168457, 'learning_rate': 1.9754916290838185e-05, 'epoch': 1.07}
{'loss': 0.0, 'grad_norm': 3.1622776985168457, 'learning_rate': 1.9753584385064183e-05, 'epoch': 1.07}
{'loss': 0.0, 'grad_norm': 3.1622776985168457, 'learning_rate': 1.9752248915119084e-05, 'epoch': 1.07}
{'loss': 0.0, 'grad_norm': 3.1622776985168457, 'learning_rate': 1.975090988149089e-05, 'epoch': 1.07}
{'loss': 0.0, 'grad_norm': 3.1622776985168457, 'learning_rate': 1.9749567284668923e-05, 'epoch': 1.07}
{'loss': 0.0, 'grad_norm': 3.1622776985168457, 'learning_rate': 1.9748221125143794e-05, 'epoch': 1.07}
{'loss': 0.0, 'grad_norm': 3.1622776985168457, 'learning_rate': 1.9746871403407416e-05, 'epoch': 1.07}
{'loss': 0.0, 'grad_norm': 3.1622776985168457, 'learning_rate': 1.974551811995301e-05, 'epoch': 1.07}
{'loss': 0.0, 'grad_norm': 3.1622776985168457, 'learning_rate': 1.9744161275275093e-05, 'epoch': 1.07}
{'loss': 0.0, 'grad_norm': 3.1622776985168457, 'learning_rate': 1.9742800869869488e-05, 'epoch': 1.07}
{'loss': 0.0, 'grad_norm': 3.1622776985168457, 'learning_rate': 1.9741436904233315e-05, 'epoch': 1.07}
{'loss': 0.0, 'grad_norm': 3.1622776985168457, 'learning_rate': 1.974006937886499e-05, 'epoch': 1.07}
{'loss': 0.0, 'grad_norm': 3.1622776985168457, 'learning_rate': 1.9738698294264246e-05, 'epoch': 1.07}
{'loss': 0.0, 'grad_norm': 3.1622776985168457, 'learning_rate': 1.9737323650932105e-05, 'epoch': 1.07}
{'loss': 0.0, 'grad_norm': 3.1622776985168457, 'learning_rate': 1.9735945449370892e-05, 'epoch': 1.07}
{'loss': 0.0, 'grad_norm': 3.1622776985168457, 'learning_rate': 1.9734563690084228e-05, 'epoch': 1.07}
{'loss': 0.0, 'grad_norm': 3.1622776985168457, 'learning_rate': 1.9733178373577037e-05, 'epoch': 1.07}
{'loss': 0.0, 'grad_norm': 3.1622776985168457, 'learning_rate': 1.9731789500355548e-05, 'epoch': 1.07}
{'loss': 0.0, 'grad_norm': 3.1622776985168457, 'learning_rate': 1.9730397070927285e-05, 'epoch': 1.07}
{'loss': 0.0, 'grad_norm': 3.1622776985168457, 'learning_rate': 1.972900108580107e-05, 'epoch': 1.07}
{'loss': 0.0, 'grad_norm': 3.1622776985168457, 'learning_rate': 1.9727601545487026e-05, 'epoch': 1.07}
{'loss': 0.0, 'grad_norm': 3.1622776985168457, 'learning_rate': 1.972619845049658e-05, 'epoch': 1.07}
{'loss': 0.0, 'grad_norm': 3.1622776985168457, 'learning_rate': 1.9724791801342445e-05, 'epoch': 1.07}
{'loss': 0.0, 'grad_norm': 3.1622776985168457, 'learning_rate': 1.9723381598538647e-05, 'epoch': 1.08}
{'loss': 0.0, 'grad_norm': 3.1622776985168457, 'learning_rate': 1.9721967842600503e-05, 'epoch': 1.08}
{'loss': 0.0, 'grad_norm': 3.1622776985168457, 'learning_rate': 1.972055053404463e-05, 'epoch': 1.08}
{'loss': 0.0, 'grad_norm': 3.1622776985168457, 'learning_rate': 1.971912967338894e-05, 'epoch': 1.08}
{'loss': 0.0, 'grad_norm': 3.1622776985168457, 'learning_rate': 1.9717705261152654e-05, 'epoch': 1.08}
{'loss': 0.0, 'grad_norm': 3.1622776985168457, 'learning_rate': 1.971627729785628e-05, 'epoch': 1.08}
{'loss': 0.0, 'grad_norm': 3.1622776985168457, 'learning_rate': 1.9714845784021627e-05, 'epoch': 1.08}
{'loss': 0.0, 'grad_norm': 3.1622776985168457, 'learning_rate': 1.9713410720171797e-05, 'epoch': 1.08}
{'loss': 0.0, 'grad_norm': 3.1622776985168457, 'learning_rate': 1.9711972106831197e-05, 'epoch': 1.08}
{'loss': 0.0, 'grad_norm': 3.1622776985168457, 'learning_rate': 1.9710529944525524e-05, 'epoch': 1.08}
{'loss': 0.0, 'grad_norm': 3.1622776985168457, 'learning_rate': 1.970908423378178e-05, 'epoch': 1.08}
{'loss': 0.0, 'grad_norm': 3.1622776985168457, 'learning_rate': 1.970763497512826e-05, 'epoch': 1.08}
Error with image file is truncated (32 bytes not processed)
{'loss': 0.0, 'grad_norm': 3.1622776985168457, 'learning_rate': 1.9706182169094548e-05, 'epoch': 1.08}
{'loss': 0.0, 'grad_norm': 3.1622776985168457, 'learning_rate': 1.9704725816211536e-05, 'epoch': 1.08}
{'loss': 0.0, 'grad_norm': 3.1622776985168457, 'learning_rate': 1.9703265917011403e-05, 'epoch': 1.08}
{'loss': 0.0, 'grad_norm': 3.1622776985168457, 'learning_rate': 1.9701802472027633e-05, 'epoch': 1.08}
{'loss': 0.0, 'grad_norm': 3.1622776985168457, 'learning_rate': 1.9700335481794998e-05, 'epoch': 1.08}
{'loss': 0.0, 'grad_norm': 3.1622776985168457, 'learning_rate': 1.9698864946849567e-05, 'epoch': 1.08}
{'loss': 0.0, 'grad_norm': 3.1622776985168457, 'learning_rate': 1.9697390867728705e-05, 'epoch': 1.08}
{'loss': 0.0, 'grad_norm': 3.1622776985168457, 'learning_rate': 1.9695913244971074e-05, 'epoch': 1.08}
{'loss': 0.0, 'grad_norm': 3.1622776985168457, 'learning_rate': 1.9694432079116628e-05, 'epoch': 1.08}
{'loss': 0.0, 'grad_norm': 3.1622776985168457, 'learning_rate': 1.969294737070662e-05, 'epoch': 1.08}
{'loss': 0.0, 'grad_norm': 3.1622776985168457, 'learning_rate': 1.969145912028359e-05, 'epoch': 1.08}
{'loss': 0.0, 'grad_norm': 3.1622776985168457, 'learning_rate': 1.9689967328391383e-05, 'epoch': 1.08}
{'loss': 0.0, 'grad_norm': 3.1622776985168457, 'learning_rate': 1.9688471995575127e-05, 'epoch': 1.08}
{'loss': 0.0, 'grad_norm': 3.1622776985168457, 'learning_rate': 1.968697312238125e-05, 'epoch': 1.08}
{'loss': 0.0, 'grad_norm': 3.1622776985168457, 'learning_rate': 1.9685470709357474e-05, 'epoch': 1.08}
{'loss': 0.0, 'grad_norm': 3.1622776985168457, 'learning_rate': 1.968396475705281e-05, 'epoch': 1.08}
{'loss': 0.0, 'grad_norm': 3.1622776985168457, 'learning_rate': 1.9682455266017572e-05, 'epoch': 1.08}
{'loss': 0.0, 'grad_norm': 3.1622776985168457, 'learning_rate': 1.9680942236803356e-05, 'epoch': 1.08}
{'loss': 0.0, 'grad_norm': 3.1622776985168457, 'learning_rate': 1.9679425669963056e-05, 'epoch': 1.08}
{'loss': 0.0, 'grad_norm': 3.1622776985168457, 'learning_rate': 1.9677905566050862e-05, 'epoch': 1.08}
{'loss': 0.0, 'grad_norm': 3.1622776985168457, 'learning_rate': 1.9676381925622245e-05, 'epoch': 1.08}
{'loss': 0.0, 'grad_norm': 3.1622776985168457, 'learning_rate': 1.9674854749233986e-05, 'epoch': 1.08}
{'loss': 0.0, 'grad_norm': 3.1622776985168457, 'learning_rate': 1.967332403744414e-05, 'epoch': 1.08}
{'loss': 0.0, 'grad_norm': 3.1622776985168457, 'learning_rate': 1.9671789790812067e-05, 'epoch': 1.08}
{'loss': 0.0, 'grad_norm': 3.1622776985168457, 'learning_rate': 1.9670252009898413e-05, 'epoch': 1.08}
{'loss': 0.0, 'grad_norm': 3.1622776985168457, 'learning_rate': 1.9668710695265115e-05, 'epoch': 1.08}
{'loss': 0.0, 'grad_norm': 3.1622776985168457, 'learning_rate': 1.9667165847475408e-05, 'epoch': 1.08}
{'loss': 0.0, 'grad_norm': 3.1622776985168457, 'learning_rate': 1.9665617467093805e-05, 'epoch': 1.08}
{'loss': 0.0, 'grad_norm': 3.1622776985168457, 'learning_rate': 1.9664065554686123e-05, 'epoch': 1.08}
{'loss': 0.0, 'grad_norm': 3.1622776985168457, 'learning_rate': 1.9662510110819463e-05, 'epoch': 1.08}
{'loss': 0.0, 'grad_norm': 3.1622776985168457, 'learning_rate': 1.966095113606222e-05, 'epoch': 1.08}
{'loss': 0.0, 'grad_norm': 3.1622776985168457, 'learning_rate': 1.9659388630984073e-05, 'epoch': 1.08}
{'loss': 0.0, 'grad_norm': 3.1622776985168457, 'learning_rate': 1.9657822596155995e-05, 'epoch': 1.08}
{'loss': 0.0, 'grad_norm': 3.1622776985168457, 'learning_rate': 1.9656253032150255e-05, 'epoch': 1.08}
{'loss': 0.0, 'grad_norm': 3.1622776985168457, 'learning_rate': 1.96546799395404e-05, 'epoch': 1.08}
{'loss': 0.0, 'grad_norm': 3.1622776985168457, 'learning_rate': 1.9653103318901276e-05, 'epoch': 1.08}
{'loss': 0.0, 'grad_norm': 3.1622776985168457, 'learning_rate': 1.965152317080901e-05, 'epoch': 1.08}
{'loss': 0.0, 'grad_norm': 3.1622776985168457, 'learning_rate': 1.964993949584103e-05, 'epoch': 1.08}
{'loss': 0.0, 'grad_norm': 3.1622776985168457, 'learning_rate': 1.9648352294576035e-05, 'epoch': 1.08}
{'loss': 0.0, 'grad_norm': 3.1622776985168457, 'learning_rate': 1.964676156759403e-05, 'epoch': 1.08}
{'loss': 0.0, 'grad_norm': 3.1622776985168457, 'learning_rate': 1.9645167315476296e-05, 'epoch': 1.09}
{'loss': 0.0, 'grad_norm': 3.1622776985168457, 'learning_rate': 1.9643569538805415e-05, 'epoch': 1.09}
{'loss': 0.0, 'grad_norm': 3.1622776985168457, 'learning_rate': 1.964196823816524e-05, 'epoch': 1.09}
{'loss': 0.0, 'grad_norm': 3.1622776985168457, 'learning_rate': 1.9640363414140928e-05, 'epoch': 1.09}
{'loss': 0.0, 'grad_norm': 3.1622776985168457, 'learning_rate': 1.9638755067318912e-05, 'epoch': 1.09}
{'loss': 0.0, 'grad_norm': 3.1622776985168457, 'learning_rate': 1.963714319828692e-05, 'epoch': 1.09}
{'loss': 0.0, 'grad_norm': 3.1622776985168457, 'learning_rate': 1.9635527807633964e-05, 'epoch': 1.09}
{'loss': 0.0, 'grad_norm': 3.1622776985168457, 'learning_rate': 1.9633908895950337e-05, 'epoch': 1.09}
{'loss': 0.0, 'grad_norm': 3.1622776985168457, 'learning_rate': 1.9632286463827636e-05, 'epoch': 1.09}
{'loss': 0.0, 'grad_norm': 3.1622776985168457, 'learning_rate': 1.9630660511858716e-05, 'epoch': 1.09}
{'loss': 0.0, 'grad_norm': 3.1622776985168457, 'learning_rate': 1.962903104063775e-05, 'epoch': 1.09}
{'loss': 0.0, 'grad_norm': 3.1622776985168457, 'learning_rate': 1.962739805076018e-05, 'epoch': 1.09}
{'loss': 0.0, 'grad_norm': 3.1622776985168457, 'learning_rate': 1.962576154282273e-05, 'epoch': 1.09}
{'loss': 0.0, 'grad_norm': 3.1622776985168457, 'learning_rate': 1.9624121517423413e-05, 'epoch': 1.09}
{'loss': 0.0, 'grad_norm': 3.1622776985168457, 'learning_rate': 1.962247797516154e-05, 'epoch': 1.09}
{'loss': 0.0, 'grad_norm': 3.1622776985168457, 'learning_rate': 1.962083091663769e-05, 'epoch': 1.09}
{'loss': 0.0, 'grad_norm': 3.1622776985168457, 'learning_rate': 1.9619180342453735e-05, 'epoch': 1.09}
{'loss': 0.0, 'grad_norm': 3.1622776985168457, 'learning_rate': 1.9617526253212837e-05, 'epoch': 1.09}
{'loss': 0.0, 'grad_norm': 3.1622776985168457, 'learning_rate': 1.961586864951942e-05, 'epoch': 1.09}
{'loss': 0.0, 'grad_norm': 3.1622776985168457, 'learning_rate': 1.9614207531979227e-05, 'epoch': 1.09}
{'loss': 0.0, 'grad_norm': 3.1622776985168457, 'learning_rate': 1.9612542901199255e-05, 'epoch': 1.09}
{'loss': 0.0, 'grad_norm': 3.1622776985168457, 'learning_rate': 1.9610874757787802e-05, 'epoch': 1.09}
{'loss': 0.0, 'grad_norm': 3.1622776985168457, 'learning_rate': 1.9609203102354438e-05, 'epoch': 1.09}
{'loss': 0.0, 'grad_norm': 3.1622776985168457, 'learning_rate': 1.9607527935510027e-05, 'epoch': 1.09}
{'loss': 0.0, 'grad_norm': 3.1622776985168457, 'learning_rate': 1.9605849257866704e-05, 'epoch': 1.09}
{'loss': 0.0, 'grad_norm': 3.1622776985168457, 'learning_rate': 1.9604167070037906e-05, 'epoch': 1.09}
{'loss': 0.0, 'grad_norm': 3.1622776985168457, 'learning_rate': 1.960248137263833e-05, 'epoch': 1.09}
{'loss': 0.0, 'grad_norm': 3.1622776985168457, 'learning_rate': 1.9600792166283974e-05, 'epoch': 1.09}
{'loss': 0.0, 'grad_norm': 3.1622776985168457, 'learning_rate': 1.9599099451592106e-05, 'epoch': 1.09}
{'loss': 0.0, 'grad_norm': 3.1622776985168457, 'learning_rate': 1.9597403229181282e-05, 'epoch': 1.09}
{'loss': 0.0, 'grad_norm': 3.1622776985168457, 'learning_rate': 1.959570349967134e-05, 'epoch': 1.09}
{'loss': 0.0, 'grad_norm': 3.1622776985168457, 'learning_rate': 1.9594000263683392e-05, 'epoch': 1.09}
{'loss': 0.0, 'grad_norm': 3.1622776985168457, 'learning_rate': 1.9592293521839844e-05, 'epoch': 1.09}
{'loss': 0.0, 'grad_norm': 3.1622776985168457, 'learning_rate': 1.9590583274764378e-05, 'epoch': 1.09}
{'loss': 0.0, 'grad_norm': 3.1622776985168457, 'learning_rate': 1.9588869523081947e-05, 'epoch': 1.09}
{'loss': 0.0, 'grad_norm': 3.1622776985168457, 'learning_rate': 1.9587152267418798e-05, 'epoch': 1.09}
{'loss': 0.0, 'grad_norm': 3.1622776985168457, 'learning_rate': 1.9585431508402455e-05, 'epoch': 1.09}
{'loss': 0.0, 'grad_norm': 3.1622776985168457, 'learning_rate': 1.9583707246661716e-05, 'epoch': 1.09}
{'loss': 0.0, 'grad_norm': 3.1622776985168457, 'learning_rate': 1.958197948282667e-05, 'epoch': 1.09}
{'loss': 0.0, 'grad_norm': 3.1622776985168457, 'learning_rate': 1.9580248217528673e-05, 'epoch': 1.09}
{'loss': 0.0, 'grad_norm': 3.1622776985168457, 'learning_rate': 1.9578513451400366e-05, 'epoch': 1.09}
{'loss': 0.0, 'grad_norm': 3.1622776985168457, 'learning_rate': 1.957677518507568e-05, 'epoch': 1.09}
{'loss': 0.0, 'grad_norm': 3.1622776985168457, 'learning_rate': 1.9575033419189804e-05, 'epoch': 1.09}
{'loss': 0.0, 'grad_norm': 3.1622776985168457, 'learning_rate': 1.9573288154379224e-05, 'epoch': 1.09}
{'loss': 0.0, 'grad_norm': 3.1622776985168457, 'learning_rate': 1.9571539391281697e-05, 'epoch': 1.09}
{'loss': 0.0, 'grad_norm': 3.1622776985168457, 'learning_rate': 1.9569787130536252e-05, 'epoch': 1.09}
{'loss': 0.0, 'grad_norm': 3.1622776985168457, 'learning_rate': 1.9568031372783213e-05, 'epoch': 1.09}
{'loss': 0.0, 'grad_norm': 3.1622776985168457, 'learning_rate': 1.9566272118664165e-05, 'epoch': 1.09}
{'loss': 0.0, 'grad_norm': 3.1622776985168457, 'learning_rate': 1.956450936882198e-05, 'epoch': 1.09}
{'loss': 0.0, 'grad_norm': 3.1622776985168457, 'learning_rate': 1.9562743123900807e-05, 'epoch': 1.09}
{'loss': 0.0, 'grad_norm': 3.1622776985168457, 'learning_rate': 1.9560973384546064e-05, 'epoch': 1.09}
{'loss': 0.0, 'grad_norm': 3.1622776985168457, 'learning_rate': 1.9559200151404457e-05, 'epoch': 1.09}
{'loss': 0.0, 'grad_norm': 3.1622776985168457, 'learning_rate': 1.9557423425123966e-05, 'epoch': 1.1}
{'loss': 0.0, 'grad_norm': 3.1622776985168457, 'learning_rate': 1.9555643206353842e-05, 'epoch': 1.1}
{'loss': 0.0, 'grad_norm': 3.1622776985168457, 'learning_rate': 1.955385949574461e-05, 'epoch': 1.1}
{'loss': 0.0, 'grad_norm': 3.1622776985168457, 'learning_rate': 1.955207229394809e-05, 'epoch': 1.1}
{'loss': 0.0, 'grad_norm': 3.1622776985168457, 'learning_rate': 1.955028160161735e-05, 'epoch': 1.1}
{'loss': 0.0, 'grad_norm': 3.1622776985168457, 'learning_rate': 1.954848741940676e-05, 'epoch': 1.1}
{'loss': 0.0, 'grad_norm': 3.1622776985168457, 'learning_rate': 1.9546689747971943e-05, 'epoch': 1.1}
{'loss': 0.0, 'grad_norm': 3.1622776985168457, 'learning_rate': 1.954488858796981e-05, 'epoch': 1.1}
{'loss': 0.0, 'grad_norm': 3.1622776985168457, 'learning_rate': 1.954308394005855e-05, 'epoch': 1.1}
{'loss': 0.0, 'grad_norm': 3.1622776985168457, 'learning_rate': 1.9541275804897616e-05, 'epoch': 1.1}
{'loss': 0.0, 'grad_norm': 3.1622776985168457, 'learning_rate': 1.9539464183147737e-05, 'epoch': 1.1}
{'loss': 0.0, 'grad_norm': 3.1622776985168457, 'learning_rate': 1.9537649075470922e-05, 'epoch': 1.1}
{'loss': 0.0, 'grad_norm': 3.1622776985168457, 'learning_rate': 1.953583048253045e-05, 'epoch': 1.1}
{'loss': 0.0, 'grad_norm': 3.1622776985168457, 'learning_rate': 1.9534008404990872e-05, 'epoch': 1.1}
{'loss': 0.0, 'grad_norm': 3.1622776985168457, 'learning_rate': 1.9532182843518018e-05, 'epoch': 1.1}
{'loss': 0.0, 'grad_norm': 3.1622776985168457, 'learning_rate': 1.9530353798778988e-05, 'epoch': 1.1}
{'loss': 0.0, 'grad_norm': 3.1622776985168457, 'learning_rate': 1.9528521271442156e-05, 'epoch': 1.1}
{'loss': 0.0, 'grad_norm': 3.1622776985168457, 'learning_rate': 1.952668526217716e-05, 'epoch': 1.1}
{'loss': 0.0, 'grad_norm': 3.1622776985168457, 'learning_rate': 1.9524845771654926e-05, 'epoch': 1.1}
{'loss': 0.0, 'grad_norm': 3.1622776985168457, 'learning_rate': 1.9523002800547638e-05, 'epoch': 1.1}
{'loss': 0.0, 'grad_norm': 3.1622776985168457, 'learning_rate': 1.9521156349528757e-05, 'epoch': 1.1}
{'loss': 0.0, 'grad_norm': 3.1622776985168457, 'learning_rate': 1.951930641927302e-05, 'epoch': 1.1}
{'loss': 0.0, 'grad_norm': 3.1622776985168457, 'learning_rate': 1.951745301045643e-05, 'epoch': 1.1}
Error with cannot identify image file '/scratch3/li309/data/llava_data/train_data/llava_image_tune/ocr_vqa/images/451232577.jpg'
{'loss': 0.0, 'grad_norm': 3.1622776985168457, 'learning_rate': 1.9515596123756263e-05, 'epoch': 1.1}
{'loss': 0.0, 'grad_norm': 3.1622776985168457, 'learning_rate': 1.9513735759851066e-05, 'epoch': 1.1}
{'loss': 0.0, 'grad_norm': 3.1622776985168457, 'learning_rate': 1.9511871919420657e-05, 'epoch': 1.1}
{'loss': 0.0, 'grad_norm': 3.1622776985168457, 'learning_rate': 1.951000460314612e-05, 'epoch': 1.1}
{'loss': 0.0, 'grad_norm': 3.1622776985168457, 'learning_rate': 1.9508133811709814e-05, 'epoch': 1.1}
{'loss': 0.0, 'grad_norm': 3.1622776985168457, 'learning_rate': 1.950625954579537e-05, 'epoch': 1.1}
{'loss': 0.0, 'grad_norm': 3.1622776985168457, 'learning_rate': 1.9504381806087687e-05, 'epoch': 1.1}
{'loss': 0.0, 'grad_norm': 3.1622776985168457, 'learning_rate': 1.9502500593272923e-05, 'epoch': 1.1}
{'loss': 0.0, 'grad_norm': 3.1622776985168457, 'learning_rate': 1.9500615908038522e-05, 'epoch': 1.1}
{'loss': 0.0, 'grad_norm': 3.1622776985168457, 'learning_rate': 1.9498727751073185e-05, 'epoch': 1.1}
{'loss': 0.0, 'grad_norm': 3.1622776985168457, 'learning_rate': 1.9496836123066885e-05, 'epoch': 1.1}
{'loss': 0.0, 'grad_norm': 3.1622776985168457, 'learning_rate': 1.949494102471087e-05, 'epoch': 1.1}
{'loss': 0.0, 'grad_norm': 3.1622776985168457, 'learning_rate': 1.949304245669764e-05, 'epoch': 1.1}
{'loss': 0.0, 'grad_norm': 3.1622776985168457, 'learning_rate': 1.9491140419720983e-05, 'epoch': 1.1}
{'loss': 0.0, 'grad_norm': 3.1622776985168457, 'learning_rate': 1.9489234914475932e-05, 'epoch': 1.1}
{'loss': 0.0, 'grad_norm': 3.1622776985168457, 'learning_rate': 1.9487325941658817e-05, 'epoch': 1.1}
{'loss': 0.0, 'grad_norm': 3.1622776985168457, 'learning_rate': 1.9485413501967202e-05, 'epoch': 1.1}
{'loss': 0.0, 'grad_norm': 3.1622776985168457, 'learning_rate': 1.9483497596099944e-05, 'epoch': 1.1}
{'loss': 0.0, 'grad_norm': 3.1622776985168457, 'learning_rate': 1.9481578224757153e-05, 'epoch': 1.1}
{'loss': 0.0, 'grad_norm': 3.1622776985168457, 'learning_rate': 1.9479655388640207e-05, 'epoch': 1.1}
{'loss': 0.0, 'grad_norm': 3.1622776985168457, 'learning_rate': 1.9477729088451755e-05, 'epoch': 1.1}
{'loss': 0.0, 'grad_norm': 3.1622776985168457, 'learning_rate': 1.9475799324895707e-05, 'epoch': 1.1}
{'loss': 0.0, 'grad_norm': 3.1622776985168457, 'learning_rate': 1.9473866098677245e-05, 'epoch': 1.1}
{'loss': 0.0, 'grad_norm': 3.1622776985168457, 'learning_rate': 1.9471929410502803e-05, 'epoch': 1.1}
{'loss': 0.0, 'grad_norm': 3.1622776985168457, 'learning_rate': 1.9469989261080096e-05, 'epoch': 1.1}
{'loss': 0.0, 'grad_norm': 3.1622776985168457, 'learning_rate': 1.9468045651118096e-05, 'epoch': 1.1}
{'loss': 0.0, 'grad_norm': 3.1622776985168457, 'learning_rate': 1.9466098581327034e-05, 'epoch': 1.1}
{'loss': 0.0, 'grad_norm': 3.1622776985168457, 'learning_rate': 1.946414805241842e-05, 'epoch': 1.1}
{'loss': 0.0, 'grad_norm': 3.1622776985168457, 'learning_rate': 1.9462194065105014e-05, 'epoch': 1.1}
{'loss': 0.0, 'grad_norm': 3.1622776985168457, 'learning_rate': 1.946023662010085e-05, 'epoch': 1.11}
{'loss': 0.0, 'grad_norm': 3.1622776985168457, 'learning_rate': 1.9458275718121215e-05, 'epoch': 1.11}
{'loss': 0.0, 'grad_norm': 3.1622776985168457, 'learning_rate': 1.9456311359882668e-05, 'epoch': 1.11}
{'loss': 0.0, 'grad_norm': 3.1622776985168457, 'learning_rate': 1.945434354610303e-05, 'epoch': 1.11}
{'loss': 0.0, 'grad_norm': 3.1622776985168457, 'learning_rate': 1.945237227750138e-05, 'epoch': 1.11}
{'loss': 0.0, 'grad_norm': 3.1622776985168457, 'learning_rate': 1.945039755479806e-05, 'epoch': 1.11}
{'loss': 0.0, 'grad_norm': 3.1622776985168457, 'learning_rate': 1.9448419378714686e-05, 'epoch': 1.11}
{'loss': 0.0, 'grad_norm': 3.1622776985168457, 'learning_rate': 1.9446437749974114e-05, 'epoch': 1.11}
{'loss': 0.0, 'grad_norm': 3.1622776985168457, 'learning_rate': 1.944445266930048e-05, 'epoch': 1.11}
{'loss': 0.0, 'grad_norm': 3.1622776985168457, 'learning_rate': 1.944246413741918e-05, 'epoch': 1.11}
{'loss': 0.0, 'grad_norm': 3.1622776985168457, 'learning_rate': 1.9440472155056857e-05, 'epoch': 1.11}
{'loss': 0.0, 'grad_norm': 3.1622776985168457, 'learning_rate': 1.9438476722941433e-05, 'epoch': 1.11}
{'loss': 0.0, 'grad_norm': 3.1622776985168457, 'learning_rate': 1.9436477841802078e-05, 'epoch': 1.11}
{'loss': 0.0, 'grad_norm': 3.1622776985168457, 'learning_rate': 1.9434475512369227e-05, 'epoch': 1.11}
{'loss': 0.0, 'grad_norm': 3.1622776985168457, 'learning_rate': 1.9432469735374573e-05, 'epoch': 1.11}
{'loss': 0.0, 'grad_norm': 3.1622776985168457, 'learning_rate': 1.9430460511551075e-05, 'epoch': 1.11}
{'loss': 0.0, 'grad_norm': 3.1622776985168457, 'learning_rate': 1.9428447841632943e-05, 'epoch': 1.11}
{'loss': 0.0, 'grad_norm': 3.1622776985168457, 'learning_rate': 1.942643172635565e-05, 'epoch': 1.11}
{'loss': 0.0, 'grad_norm': 3.1622776985168457, 'learning_rate': 1.9424412166455933e-05, 'epoch': 1.11}
{'loss': 0.0, 'grad_norm': 3.1622776985168457, 'learning_rate': 1.942238916267178e-05, 'epoch': 1.11}
{'loss': 0.0, 'grad_norm': 3.1622776985168457, 'learning_rate': 1.9420362715742435e-05, 'epoch': 1.11}
{'loss': 0.0, 'grad_norm': 3.1622776985168457, 'learning_rate': 1.9418332826408414e-05, 'epoch': 1.11}
{'loss': 0.0, 'grad_norm': 3.1622776985168457, 'learning_rate': 1.9416299495411478e-05, 'epoch': 1.11}
{'loss': 0.0, 'grad_norm': 3.1622776985168457, 'learning_rate': 1.9414262723494653e-05, 'epoch': 1.11}
{'loss': 0.0, 'grad_norm': 3.1622776985168457, 'learning_rate': 1.9412222511402214e-05, 'epoch': 1.11}
{'loss': 0.0, 'grad_norm': 3.1622776985168457, 'learning_rate': 1.9410178859879705e-05, 'epoch': 1.11}
{'loss': 0.0, 'grad_norm': 3.1622776985168457, 'learning_rate': 1.940813176967392e-05, 'epoch': 1.11}
{'loss': 0.0, 'grad_norm': 3.1622776985168457, 'learning_rate': 1.9406081241532907e-05, 'epoch': 1.11}
{'loss': 0.0, 'grad_norm': 3.1622776985168457, 'learning_rate': 1.9404027276205975e-05, 'epoch': 1.11}
{'loss': 0.0, 'grad_norm': 3.1622776985168457, 'learning_rate': 1.9401969874443686e-05, 'epoch': 1.11}
{'loss': 0.0, 'grad_norm': 3.1622776985168457, 'learning_rate': 1.939990903699786e-05, 'epoch': 1.11}
{'loss': 0.0, 'grad_norm': 3.1622776985168457, 'learning_rate': 1.939784476462157e-05, 'epoch': 1.11}
{'loss': 0.0, 'grad_norm': 3.1622776985168457, 'learning_rate': 1.9395777058069152e-05, 'epoch': 1.11}
{'loss': 0.0, 'grad_norm': 3.1622776985168457, 'learning_rate': 1.9393705918096187e-05, 'epoch': 1.11}
{'loss': 0.0, 'grad_norm': 3.1622776985168457, 'learning_rate': 1.939163134545951e-05, 'epoch': 1.11}
{'loss': 0.0, 'grad_norm': 3.1622776985168457, 'learning_rate': 1.9389553340917225e-05, 'epoch': 1.11}
{'loss': 0.0, 'grad_norm': 3.1622776985168457, 'learning_rate': 1.938747190522867e-05, 'epoch': 1.11}
{'loss': 0.0, 'grad_norm': 3.1622776985168457, 'learning_rate': 1.9385387039154447e-05, 'epoch': 1.11}
{'loss': 0.0, 'grad_norm': 3.1622776985168457, 'learning_rate': 1.938329874345642e-05, 'epoch': 1.11}
{'loss': 0.0, 'grad_norm': 3.1622776985168457, 'learning_rate': 1.938120701889769e-05, 'epoch': 1.11}
{'loss': 0.0, 'grad_norm': 3.1622776985168457, 'learning_rate': 1.937911186624262e-05, 'epoch': 1.11}
{'loss': 0.0, 'grad_norm': 3.1622776985168457, 'learning_rate': 1.9377013286256827e-05, 'epoch': 1.11}
{'loss': 0.0, 'grad_norm': 3.1622776985168457, 'learning_rate': 1.9374911279707172e-05, 'epoch': 1.11}
{'loss': 0.0, 'grad_norm': 3.1622776985168457, 'learning_rate': 1.937280584736178e-05, 'epoch': 1.11}
{'loss': 0.0, 'grad_norm': 3.1622776985168457, 'learning_rate': 1.937069698999002e-05, 'epoch': 1.11}
{'loss': 0.0, 'grad_norm': 3.1622776985168457, 'learning_rate': 1.9368584708362513e-05, 'epoch': 1.11}
{'loss': 0.0, 'grad_norm': 3.1622776985168457, 'learning_rate': 1.936646900325113e-05, 'epoch': 1.11}
{'loss': 0.0, 'grad_norm': 3.1622776985168457, 'learning_rate': 1.9364349875429e-05, 'epoch': 1.11}
{'loss': 0.0, 'grad_norm': 3.1622776985168457, 'learning_rate': 1.9362227325670497e-05, 'epoch': 1.11}
{'loss': 0.0, 'grad_norm': 3.1622776985168457, 'learning_rate': 1.9360101354751243e-05, 'epoch': 1.11}
{'loss': 0.0, 'grad_norm': 3.1622776985168457, 'learning_rate': 1.9357971963448116e-05, 'epoch': 1.11}
{'loss': 0.0, 'grad_norm': 3.1622776985168457, 'learning_rate': 1.9355839152539245e-05, 'epoch': 1.11}
{'loss': 0.0, 'grad_norm': 3.1622776985168457, 'learning_rate': 1.9353702922804005e-05, 'epoch': 1.12}
{'loss': 0.0, 'grad_norm': 3.1622776985168457, 'learning_rate': 1.9351563275023014e-05, 'epoch': 1.12}
{'loss': 0.0, 'grad_norm': 3.1622776985168457, 'learning_rate': 1.9349420209978153e-05, 'epoch': 1.12}
{'loss': 0.0, 'grad_norm': 3.1622776985168457, 'learning_rate': 1.934727372845254e-05, 'epoch': 1.12}
{'loss': 0.0, 'grad_norm': 3.1622776985168457, 'learning_rate': 1.9345123831230547e-05, 'epoch': 1.12}
Step 5800: Updated alpha to 0.9595 (progress: 12.9%)
Step 5800: Updated alpha to 0.9595 (progress: 12.9%)Step 5800: Updated alpha to 0.9595 (progress: 12.9%)
Step 5800: Updated alpha to 0.9595 (progress: 12.9%)Step 5800: Updated alpha to 0.9595 (progress: 12.9%)
Step 5800: Updated alpha to 0.9595 (progress: 12.9%)Step 5800: Updated alpha to 0.9595 (progress: 12.9%)
Step 5800: Updated alpha to 0.9595 (progress: 12.9%)
Step 5800: Updated alpha to 0.9595 (progress: 12.9%)Step 5800: Updated alpha to 0.9595 (progress: 12.9%)
Step 5800: Updated alpha to 0.9595 (progress: 12.9%)

Step 5800: Updated alpha to 0.9595 (progress: 12.9%)Step 5800: Updated alpha to 0.9595 (progress: 12.9%)

Step 5800: Updated alpha to 0.9595 (progress: 12.9%)



Step 5800: Updated alpha to 0.9595 (progress: 12.9%)
Step 5800: Updated alpha to 0.9595 (progress: 12.9%)
{'loss': 0.0, 'grad_norm': 3.1622776985168457, 'learning_rate': 1.934297051909779e-05, 'epoch': 1.12}
{'loss': 0.0, 'grad_norm': 3.1622776985168457, 'learning_rate': 1.9340813792841147e-05, 'epoch': 1.12}
{'loss': 0.0, 'grad_norm': 3.1622776985168457, 'learning_rate': 1.9338653653248722e-05, 'epoch': 1.12}
{'loss': 0.0, 'grad_norm': 3.1622776985168457, 'learning_rate': 1.933649010110988e-05, 'epoch': 1.12}
{'loss': 0.0, 'grad_norm': 3.1622776985168457, 'learning_rate': 1.9334323137215226e-05, 'epoch': 1.12}
{'loss': 0.0, 'grad_norm': 3.1622776985168457, 'learning_rate': 1.9332152762356622e-05, 'epoch': 1.12}
{'loss': 0.0, 'grad_norm': 3.1622776985168457, 'learning_rate': 1.9329978977327166e-05, 'epoch': 1.12}
{'loss': 0.0, 'grad_norm': 3.1622776985168457, 'learning_rate': 1.932780178292121e-05, 'epoch': 1.12}
{'loss': 0.0, 'grad_norm': 3.1622776985168457, 'learning_rate': 1.9325621179934343e-05, 'epoch': 1.12}
{'loss': 0.0, 'grad_norm': 3.1622776985168457, 'learning_rate': 1.9323437169163406e-05, 'epoch': 1.12}
{'loss': 0.0, 'grad_norm': 3.1622776985168457, 'learning_rate': 1.9321249751406483e-05, 'epoch': 1.12}
{'loss': 0.0, 'grad_norm': 3.1622776985168457, 'learning_rate': 1.9319058927462908e-05, 'epoch': 1.12}
{'loss': 0.0, 'grad_norm': 3.1622776985168457, 'learning_rate': 1.9316864698133252e-05, 'epoch': 1.12}
{'loss': 0.0, 'grad_norm': 3.1622776985168457, 'learning_rate': 1.9314667064219337e-05, 'epoch': 1.12}
{'loss': 0.0, 'grad_norm': 3.1622776985168457, 'learning_rate': 1.9312466026524226e-05, 'epoch': 1.12}
{'loss': 0.0, 'grad_norm': 3.1622776985168457, 'learning_rate': 1.9310261585852222e-05, 'epoch': 1.12}
{'loss': 0.0, 'grad_norm': 3.1622776985168457, 'learning_rate': 1.9308053743008875e-05, 'epoch': 1.12}
{'loss': 0.0, 'grad_norm': 3.1622776985168457, 'learning_rate': 1.930584249880098e-05, 'epoch': 1.12}
{'loss': 0.0, 'grad_norm': 3.1622776985168457, 'learning_rate': 1.9303627854036578e-05, 'epoch': 1.12}
{'loss': 0.0, 'grad_norm': 3.1622776985168457, 'learning_rate': 1.9301409809524945e-05, 'epoch': 1.12}
{'loss': 0.0, 'grad_norm': 3.1622776985168457, 'learning_rate': 1.92991883660766e-05, 'epoch': 1.12}
{'loss': 0.0, 'grad_norm': 3.1622776985168457, 'learning_rate': 1.9296963524503313e-05, 'epoch': 1.12}
{'loss': 0.0, 'grad_norm': 3.1622776985168457, 'learning_rate': 1.929473528561808e-05, 'epoch': 1.12}
{'loss': 0.0, 'grad_norm': 3.1622776985168457, 'learning_rate': 1.9292503650235156e-05, 'epoch': 1.12}
{'loss': 0.0, 'grad_norm': 3.1622776985168457, 'learning_rate': 1.9290268619170022e-05, 'epoch': 1.12}
{'loss': 0.0, 'grad_norm': 3.1622776985168457, 'learning_rate': 1.9288030193239414e-05, 'epoch': 1.12}
{'loss': 0.0, 'grad_norm': 3.1622776985168457, 'learning_rate': 1.92857883732613e-05, 'epoch': 1.12}
{'loss': 0.0, 'grad_norm': 3.1622776985168457, 'learning_rate': 1.9283543160054882e-05, 'epoch': 1.12}
{'loss': 0.0, 'grad_norm': 3.1622776985168457, 'learning_rate': 1.928129455444062e-05, 'epoch': 1.12}
{'loss': 0.0, 'grad_norm': 3.1622776985168457, 'learning_rate': 1.9279042557240195e-05, 'epoch': 1.12}
{'loss': 0.0, 'grad_norm': 3.1622776985168457, 'learning_rate': 1.9276787169276542e-05, 'epoch': 1.12}
{'loss': 0.0, 'grad_norm': 3.1622776985168457, 'learning_rate': 1.9274528391373823e-05, 'epoch': 1.12}
{'loss': 0.0, 'grad_norm': 3.1622776985168457, 'learning_rate': 1.9272266224357447e-05, 'epoch': 1.12}
{'loss': 0.0, 'grad_norm': 3.1622776985168457, 'learning_rate': 1.927000066905406e-05, 'epoch': 1.12}
{'loss': 0.0, 'grad_norm': 3.1622776985168457, 'learning_rate': 1.926773172629154e-05, 'epoch': 1.12}
{'loss': 0.0, 'grad_norm': 3.1622776985168457, 'learning_rate': 1.926545939689902e-05, 'epoch': 1.12}
{'loss': 0.0, 'grad_norm': 3.1622776985168457, 'learning_rate': 1.9263183681706847e-05, 'epoch': 1.12}
{'loss': 0.0, 'grad_norm': 3.1622776985168457, 'learning_rate': 1.9260904581546616e-05, 'epoch': 1.12}
{'loss': 0.0, 'grad_norm': 3.1622776985168457, 'learning_rate': 1.9258622097251165e-05, 'epoch': 1.12}
{'loss': 0.0, 'grad_norm': 3.1622776985168457, 'learning_rate': 1.925633622965456e-05, 'epoch': 1.12}
{'loss': 0.0, 'grad_norm': 3.1622776985168457, 'learning_rate': 1.925404697959211e-05, 'epoch': 1.12}
{'loss': 0.0, 'grad_norm': 3.1622776985168457, 'learning_rate': 1.9251754347900357e-05, 'epoch': 1.12}
{'loss': 0.0, 'grad_norm': 3.1622776985168457, 'learning_rate': 1.9249458335417073e-05, 'epoch': 1.12}
{'loss': 0.0, 'grad_norm': 3.1622776985168457, 'learning_rate': 1.924715894298127e-05, 'epoch': 1.12}
{'loss': 0.0, 'grad_norm': 3.1622776985168457, 'learning_rate': 1.924485617143321e-05, 'epoch': 1.12}
{'loss': 0.0, 'grad_norm': 3.1622776985168457, 'learning_rate': 1.9242550021614357e-05, 'epoch': 1.12}
{'loss': 0.0, 'grad_norm': 3.1622776985168457, 'learning_rate': 1.9240240494367438e-05, 'epoch': 1.12}
{'loss': 0.0, 'grad_norm': 3.1622776985168457, 'learning_rate': 1.9237927590536404e-05, 'epoch': 1.13}
{'loss': 0.0, 'grad_norm': 3.1622776985168457, 'learning_rate': 1.9235611310966435e-05, 'epoch': 1.13}
{'loss': 0.0, 'grad_norm': 3.1622776985168457, 'learning_rate': 1.9233291656503958e-05, 'epoch': 1.13}
{'loss': 0.0, 'grad_norm': 3.1622776985168457, 'learning_rate': 1.923096862799662e-05, 'epoch': 1.13}
{'loss': 0.0, 'grad_norm': 3.1622776985168457, 'learning_rate': 1.9228642226293304e-05, 'epoch': 1.13}
{'loss': 0.0, 'grad_norm': 3.1622776985168457, 'learning_rate': 1.922631245224413e-05, 'epoch': 1.13}
{'loss': 0.0, 'grad_norm': 3.1622776985168457, 'learning_rate': 1.922397930670045e-05, 'epoch': 1.13}
{'loss': 0.0, 'grad_norm': 3.1622776985168457, 'learning_rate': 1.9221642790514844e-05, 'epoch': 1.13}
{'loss': 0.0, 'grad_norm': 3.1622776985168457, 'learning_rate': 1.921930290454112e-05, 'epoch': 1.13}
{'loss': 0.0, 'grad_norm': 3.1622776985168457, 'learning_rate': 1.9216959649634335e-05, 'epoch': 1.13}
{'loss': 0.0, 'grad_norm': 3.1622776985168457, 'learning_rate': 1.9214613026650756e-05, 'epoch': 1.13}
{'loss': 0.0, 'grad_norm': 3.1622776985168457, 'learning_rate': 1.9212263036447893e-05, 'epoch': 1.13}
{'loss': 0.0, 'grad_norm': 3.1622776985168457, 'learning_rate': 1.9209909679884485e-05, 'epoch': 1.13}
{'loss': 0.0, 'grad_norm': 3.1622776985168457, 'learning_rate': 1.9207552957820494e-05, 'epoch': 1.13}
{'loss': 0.0, 'grad_norm': 3.1622776985168457, 'learning_rate': 1.9205192871117125e-05, 'epoch': 1.13}
{'loss': 0.0, 'grad_norm': 3.1622776985168457, 'learning_rate': 1.92028294206368e-05, 'epoch': 1.13}
{'loss': 0.0, 'grad_norm': 3.1622776985168457, 'learning_rate': 1.920046260724317e-05, 'epoch': 1.13}
{'loss': 0.0, 'grad_norm': 3.1622776985168457, 'learning_rate': 1.919809243180113e-05, 'epoch': 1.13}
{'loss': 0.0, 'grad_norm': 3.1622776985168457, 'learning_rate': 1.9195718895176788e-05, 'epoch': 1.13}
{'loss': 0.0, 'grad_norm': 3.1622776985168457, 'learning_rate': 1.919334199823749e-05, 'epoch': 1.13}
{'loss': 0.0, 'grad_norm': 3.1622776985168457, 'learning_rate': 1.91909617418518e-05, 'epoch': 1.13}
{'loss': 0.0, 'grad_norm': 3.1622776985168457, 'learning_rate': 1.9188578126889514e-05, 'epoch': 1.13}
{'loss': 0.0, 'grad_norm': 3.1622776985168457, 'learning_rate': 1.9186191154221665e-05, 'epoch': 1.13}
{'loss': 0.0, 'grad_norm': 3.1622776985168457, 'learning_rate': 1.9183800824720498e-05, 'epoch': 1.13}
{'loss': 0.0, 'grad_norm': 3.1622776985168457, 'learning_rate': 1.9181407139259492e-05, 'epoch': 1.13}
{'loss': 0.0, 'grad_norm': 3.1622776985168457, 'learning_rate': 1.9179010098713356e-05, 'epoch': 1.13}
{'loss': 0.0, 'grad_norm': 3.1622776985168457, 'learning_rate': 1.9176609703958013e-05, 'epoch': 1.13}
{'loss': 0.0, 'grad_norm': 3.1622776985168457, 'learning_rate': 1.9174205955870624e-05, 'epoch': 1.13}
{'loss': 0.0, 'grad_norm': 3.1622776985168457, 'learning_rate': 1.917179885532957e-05, 'epoch': 1.13}
{'loss': 0.0, 'grad_norm': 3.1622776985168457, 'learning_rate': 1.916938840321446e-05, 'epoch': 1.13}
{'loss': 0.0, 'grad_norm': 3.1622776985168457, 'learning_rate': 1.916697460040612e-05, 'epoch': 1.13}
{'loss': 0.0, 'grad_norm': 3.1622776985168457, 'learning_rate': 1.9164557447786612e-05, 'epoch': 1.13}
{'loss': 0.0, 'grad_norm': 3.1622776985168457, 'learning_rate': 1.916213694623921e-05, 'epoch': 1.13}
{'loss': 0.0, 'grad_norm': 3.1622776985168457, 'learning_rate': 1.9159713096648422e-05, 'epoch': 1.13}
{'loss': 0.0, 'grad_norm': 3.1622776985168457, 'learning_rate': 1.9157285899899973e-05, 'epoch': 1.13}
{'loss': 0.0, 'grad_norm': 3.1622776985168457, 'learning_rate': 1.9154855356880814e-05, 'epoch': 1.13}
{'loss': 0.0, 'grad_norm': 3.1622776985168457, 'learning_rate': 1.9152421468479118e-05, 'epoch': 1.13}
{'loss': 0.0, 'grad_norm': 3.1622776985168457, 'learning_rate': 1.9149984235584282e-05, 'epoch': 1.13}
{'loss': 0.0, 'grad_norm': 3.1622776985168457, 'learning_rate': 1.914754365908692e-05, 'epoch': 1.13}
{'loss': 0.0, 'grad_norm': 3.1622776985168457, 'learning_rate': 1.914509973987888e-05, 'epoch': 1.13}
{'loss': 0.0, 'grad_norm': 3.1622776985168457, 'learning_rate': 1.914265247885321e-05, 'epoch': 1.13}
{'loss': 0.0, 'grad_norm': 3.1622776985168457, 'learning_rate': 1.9140201876904204e-05, 'epoch': 1.13}
{'loss': 0.0, 'grad_norm': 3.1622776985168457, 'learning_rate': 1.9137747934927357e-05, 'epoch': 1.13}
{'loss': 0.0, 'grad_norm': 3.1622776985168457, 'learning_rate': 1.9135290653819395e-05, 'epoch': 1.13}
{'loss': 0.0, 'grad_norm': 3.1622776985168457, 'learning_rate': 1.9132830034478266e-05, 'epoch': 1.13}
{'loss': 0.0, 'grad_norm': 3.1622776985168457, 'learning_rate': 1.913036607780313e-05, 'epoch': 1.13}
{'loss': 0.0, 'grad_norm': 3.1622776985168457, 'learning_rate': 1.912789878469437e-05, 'epoch': 1.13}
{'loss': 0.0, 'grad_norm': 3.1622776985168457, 'learning_rate': 1.9125428156053587e-05, 'epoch': 1.13}
{'loss': 0.0, 'grad_norm': 3.1622776985168457, 'learning_rate': 1.9122954192783605e-05, 'epoch': 1.13}
{'loss': 0.0, 'grad_norm': 3.1622776985168457, 'learning_rate': 1.9120476895788464e-05, 'epoch': 1.13}
{'loss': 0.0, 'grad_norm': 3.1622776985168457, 'learning_rate': 1.911799626597342e-05, 'epoch': 1.13}
{'loss': 0.0, 'grad_norm': 3.1622776985168457, 'learning_rate': 1.911551230424495e-05, 'epoch': 1.13}
{'loss': 0.0, 'grad_norm': 3.1622776985168457, 'learning_rate': 1.9113025011510747e-05, 'epoch': 1.14}
{'loss': 0.0, 'grad_norm': 3.1622776985168457, 'learning_rate': 1.911053438867972e-05, 'epoch': 1.14}
{'loss': 0.0, 'grad_norm': 3.1622776985168457, 'learning_rate': 1.9108040436661998e-05, 'epoch': 1.14}
{'loss': 0.0, 'grad_norm': 3.1622776985168457, 'learning_rate': 1.910554315636893e-05, 'epoch': 1.14}
{'loss': 0.0, 'grad_norm': 3.1622776985168457, 'learning_rate': 1.9103042548713068e-05, 'epoch': 1.14}
{'loss': 0.0, 'grad_norm': 3.1622776985168457, 'learning_rate': 1.9100538614608193e-05, 'epoch': 1.14}
{'loss': 0.0, 'grad_norm': 3.1622776985168457, 'learning_rate': 1.9098031354969296e-05, 'epoch': 1.14}
{'loss': 0.0, 'grad_norm': 3.1622776985168457, 'learning_rate': 1.9095520770712584e-05, 'epoch': 1.14}
{'loss': 0.0, 'grad_norm': 3.1622776985168457, 'learning_rate': 1.9093006862755476e-05, 'epoch': 1.14}
{'loss': 0.0, 'grad_norm': 3.1622776985168457, 'learning_rate': 1.9090489632016615e-05, 'epoch': 1.14}
{'loss': 0.0, 'grad_norm': 3.1622776985168457, 'learning_rate': 1.9087969079415847e-05, 'epoch': 1.14}
{'loss': 0.0, 'grad_norm': 3.1622776985168457, 'learning_rate': 1.9085445205874236e-05, 'epoch': 1.14}
{'loss': 0.0, 'grad_norm': 3.1622776985168457, 'learning_rate': 1.9082918012314066e-05, 'epoch': 1.14}
{'loss': 0.0, 'grad_norm': 3.1622776985168457, 'learning_rate': 1.9080387499658815e-05, 'epoch': 1.14}
{'loss': 0.0, 'grad_norm': 3.1622776985168457, 'learning_rate': 1.9077853668833204e-05, 'epoch': 1.14}
{'loss': 0.0, 'grad_norm': 3.1622776985168457, 'learning_rate': 1.9075316520763138e-05, 'epoch': 1.14}
{'loss': 0.0, 'grad_norm': 3.1622776985168457, 'learning_rate': 1.907277605637575e-05, 'epoch': 1.14}
{'loss': 0.0, 'grad_norm': 3.1622776985168457, 'learning_rate': 1.9070232276599378e-05, 'epoch': 1.14}
{'loss': 0.0, 'grad_norm': 3.1622776985168457, 'learning_rate': 1.906768518236358e-05, 'epoch': 1.14}
{'loss': 0.0, 'grad_norm': 3.1622776985168457, 'learning_rate': 1.9065134774599116e-05, 'epoch': 1.14}
{'loss': 0.0, 'grad_norm': 3.1622776985168457, 'learning_rate': 1.906258105423796e-05, 'epoch': 1.14}
{'loss': 0.0, 'grad_norm': 3.1622776985168457, 'learning_rate': 1.9060024022213293e-05, 'epoch': 1.14}
{'loss': 0.0, 'grad_norm': 3.1622776985168457, 'learning_rate': 1.9057463679459517e-05, 'epoch': 1.14}
{'loss': 0.0, 'grad_norm': 3.1622776985168457, 'learning_rate': 1.9054900026912232e-05, 'epoch': 1.14}
{'loss': 0.0, 'grad_norm': 3.1622776985168457, 'learning_rate': 1.905233306550826e-05, 'epoch': 1.14}
{'loss': 0.0, 'grad_norm': 3.1622776985168457, 'learning_rate': 1.9049762796185608e-05, 'epoch': 1.14}
{'loss': 0.0, 'grad_norm': 3.1622776985168457, 'learning_rate': 1.9047189219883525e-05, 'epoch': 1.14}
{'loss': 0.0, 'grad_norm': 3.1622776985168457, 'learning_rate': 1.9044612337542447e-05, 'epoch': 1.14}
{'loss': 0.0, 'grad_norm': 3.1622776985168457, 'learning_rate': 1.9042032150104012e-05, 'epoch': 1.14}
{'loss': 0.0, 'grad_norm': 3.1622776985168457, 'learning_rate': 1.903944865851109e-05, 'epoch': 1.14}
{'loss': 0.0, 'grad_norm': 3.1622776985168457, 'learning_rate': 1.903686186370774e-05, 'epoch': 1.14}
{'loss': 0.0, 'grad_norm': 3.1622776985168457, 'learning_rate': 1.903427176663923e-05, 'epoch': 1.14}
{'loss': 0.0, 'grad_norm': 3.1622776985168457, 'learning_rate': 1.9031678368252042e-05, 'epoch': 1.14}
{'loss': 0.0, 'grad_norm': 3.1622776985168457, 'learning_rate': 1.9029081669493857e-05, 'epoch': 1.14}
{'loss': 0.0, 'grad_norm': 3.1622776985168457, 'learning_rate': 1.9026481671313566e-05, 'epoch': 1.14}
{'loss': 0.0, 'grad_norm': 3.1622776985168457, 'learning_rate': 1.902387837466127e-05, 'epoch': 1.14}
{'loss': 0.0, 'grad_norm': 3.1622776985168457, 'learning_rate': 1.9021271780488258e-05, 'epoch': 1.14}
{'loss': 0.0, 'grad_norm': 3.1622776985168457, 'learning_rate': 1.9018661889747045e-05, 'epoch': 1.14}
{'loss': 0.0, 'grad_norm': 3.1622776985168457, 'learning_rate': 1.901604870339134e-05, 'epoch': 1.14}
{'loss': 0.0, 'grad_norm': 3.1622776985168457, 'learning_rate': 1.9013432222376057e-05, 'epoch': 1.14}
{'loss': 0.0, 'grad_norm': 3.1622776985168457, 'learning_rate': 1.9010812447657313e-05, 'epoch': 1.14}
{'loss': 0.0, 'grad_norm': 3.1622776985168457, 'learning_rate': 1.9008189380192434e-05, 'epoch': 1.14}
{'loss': 0.0, 'grad_norm': 3.1622776985168457, 'learning_rate': 1.9005563020939947e-05, 'epoch': 1.14}
{'loss': 0.0, 'grad_norm': 3.1622776985168457, 'learning_rate': 1.9002933370859577e-05, 'epoch': 1.14}
{'loss': 0.0, 'grad_norm': 3.1622776985168457, 'learning_rate': 1.9000300430912252e-05, 'epoch': 1.14}
{'loss': 0.0, 'grad_norm': 3.1622776985168457, 'learning_rate': 1.8997664202060114e-05, 'epoch': 1.14}
{'loss': 0.0, 'grad_norm': 3.1622776985168457, 'learning_rate': 1.8995024685266493e-05, 'epoch': 1.14}
{'loss': 0.0, 'grad_norm': 3.1622776985168457, 'learning_rate': 1.8992381881495922e-05, 'epoch': 1.14}
{'loss': 0.0, 'grad_norm': 3.1622776985168457, 'learning_rate': 1.8989735791714148e-05, 'epoch': 1.14}
{'loss': 0.0, 'grad_norm': 3.1622776985168457, 'learning_rate': 1.89870864168881e-05, 'epoch': 1.14}
{'loss': 0.0, 'grad_norm': 3.1622776985168457, 'learning_rate': 1.8984433757985923e-05, 'epoch': 1.14}
{'loss': 0.0, 'grad_norm': 3.1622776985168457, 'learning_rate': 1.8981777815976957e-05, 'epoch': 1.14}
{'loss': 0.0, 'grad_norm': 3.1622776985168457, 'learning_rate': 1.8979118591831734e-05, 'epoch': 1.15}
{'loss': 0.0, 'grad_norm': 3.1622776985168457, 'learning_rate': 1.8976456086522003e-05, 'epoch': 1.15}
{'loss': 0.0, 'grad_norm': 3.1622776985168457, 'learning_rate': 1.8973790301020687e-05, 'epoch': 1.15}
{'loss': 0.0, 'grad_norm': 3.1622776985168457, 'learning_rate': 1.8971121236301934e-05, 'epoch': 1.15}
{'loss': 0.0, 'grad_norm': 3.1622776985168457, 'learning_rate': 1.8968448893341073e-05, 'epoch': 1.15}
{'loss': 0.0, 'grad_norm': 3.1622776985168457, 'learning_rate': 1.896577327311463e-05, 'epoch': 1.15}
{'loss': 0.0, 'grad_norm': 3.1622776985168457, 'learning_rate': 1.8963094376600347e-05, 'epoch': 1.15}
{'loss': 0.0, 'grad_norm': 3.1622776985168457, 'learning_rate': 1.8960412204777146e-05, 'epoch': 1.15}
{'loss': 0.0, 'grad_norm': 3.1622776985168457, 'learning_rate': 1.8957726758625148e-05, 'epoch': 1.15}
{'loss': 0.0, 'grad_norm': 3.1622776985168457, 'learning_rate': 1.8955038039125676e-05, 'epoch': 1.15}
{'loss': 0.0, 'grad_norm': 3.1622776985168457, 'learning_rate': 1.8952346047261244e-05, 'epoch': 1.15}
{'loss': 0.0, 'grad_norm': 3.1622776985168457, 'learning_rate': 1.8949650784015562e-05, 'epoch': 1.15}
{'loss': 0.0, 'grad_norm': 3.1622776985168457, 'learning_rate': 1.8946952250373546e-05, 'epoch': 1.15}
{'loss': 0.0, 'grad_norm': 3.1622776985168457, 'learning_rate': 1.8944250447321292e-05, 'epoch': 1.15}
{'loss': 0.0, 'grad_norm': 3.1622776985168457, 'learning_rate': 1.8941545375846098e-05, 'epoch': 1.15}
{'loss': 0.0, 'grad_norm': 3.1622776985168457, 'learning_rate': 1.8938837036936454e-05, 'epoch': 1.15}
{'loss': 0.0, 'grad_norm': 3.1622776985168457, 'learning_rate': 1.893612543158205e-05, 'epoch': 1.15}
{'loss': 0.0, 'grad_norm': 3.1622776985168457, 'learning_rate': 1.893341056077377e-05, 'epoch': 1.15}
{'loss': 0.0, 'grad_norm': 3.1622776985168457, 'learning_rate': 1.8930692425503677e-05, 'epoch': 1.15}
{'loss': 0.0, 'grad_norm': 3.1622776985168457, 'learning_rate': 1.8927971026765038e-05, 'epoch': 1.15}
{'loss': 0.0, 'grad_norm': 3.1622776985168457, 'learning_rate': 1.8925246365552314e-05, 'epoch': 1.15}
{'loss': 0.0, 'grad_norm': 3.1622776985168457, 'learning_rate': 1.8922518442861154e-05, 'epoch': 1.15}
{'loss': 0.0, 'grad_norm': 3.1622776985168457, 'learning_rate': 1.89197872596884e-05, 'epoch': 1.15}
