Loading cuda/12.4.0
  Unloading conflict: cuda/12.8.1
VERSION: 1.6 (NCCL-only)
MASTER_PORT: 48601
MASTER_ADDR: g015
[2025-11-21 05:24:13,976] [INFO] [real_accelerator.py:260:get_accelerator] Setting ds_accelerator to cuda (auto detect)
[2025-11-21 05:24:13,976] [INFO] [real_accelerator.py:260:get_accelerator] Setting ds_accelerator to cuda (auto detect)
[2025-11-21 05:24:13,976] [INFO] [real_accelerator.py:260:get_accelerator] Setting ds_accelerator to cuda (auto detect)
[2025-11-21 05:24:13,976] [INFO] [real_accelerator.py:260:get_accelerator] Setting ds_accelerator to cuda (auto detect)
[2025-11-21 05:24:13,978] [INFO] [real_accelerator.py:260:get_accelerator] Setting ds_accelerator to cuda (auto detect)
[2025-11-21 05:24:13,978] [INFO] [real_accelerator.py:260:get_accelerator] Setting ds_accelerator to cuda (auto detect)
[2025-11-21 05:24:13,976] [INFO] [real_accelerator.py:260:get_accelerator] Setting ds_accelerator to cuda (auto detect)
[2025-11-21 05:24:13,976] [INFO] [real_accelerator.py:260:get_accelerator] Setting ds_accelerator to cuda (auto detect)
[2025-11-21 05:24:13,978] [INFO] [real_accelerator.py:260:get_accelerator] Setting ds_accelerator to cuda (auto detect)
[2025-11-21 05:24:13,978] [INFO] [real_accelerator.py:260:get_accelerator] Setting ds_accelerator to cuda (auto detect)
[2025-11-21 05:24:13,976] [INFO] [real_accelerator.py:260:get_accelerator] Setting ds_accelerator to cuda (auto detect)
[2025-11-21 05:24:13,976] [INFO] [real_accelerator.py:260:get_accelerator] Setting ds_accelerator to cuda (auto detect)
[2025-11-21 05:24:13,976] [INFO] [real_accelerator.py:260:get_accelerator] Setting ds_accelerator to cuda (auto detect)
[2025-11-21 05:24:13,976] [INFO] [real_accelerator.py:260:get_accelerator] Setting ds_accelerator to cuda (auto detect)
[2025-11-21 05:24:13,978] [INFO] [real_accelerator.py:260:get_accelerator] Setting ds_accelerator to cuda (auto detect)
[2025-11-21 05:24:13,978] [INFO] [real_accelerator.py:260:get_accelerator] Setting ds_accelerator to cuda (auto detect)
Warning: The cache directory for DeepSpeed Triton autotune, /home/li309/.triton/autotune, appears to be on an NFS system. While this is generally acceptable, if you experience slowdowns or hanging when DeepSpeed exits, it is recommended to set the TRITON_CACHE_DIR environment variable to a non-NFS path.Warning: The cache directory for DeepSpeed Triton autotune, /home/li309/.triton/autotune, appears to be on an NFS system. While this is generally acceptable, if you experience slowdowns or hanging when DeepSpeed exits, it is recommended to set the TRITON_CACHE_DIR environment variable to a non-NFS path.

Warning: The cache directory for DeepSpeed Triton autotune, /home/li309/.triton/autotune, appears to be on an NFS system. While this is generally acceptable, if you experience slowdowns or hanging when DeepSpeed exits, it is recommended to set the TRITON_CACHE_DIR environment variable to a non-NFS path.
Warning: The cache directory for DeepSpeed Triton autotune, /home/li309/.triton/autotune, appears to be on an NFS system. While this is generally acceptable, if you experience slowdowns or hanging when DeepSpeed exits, it is recommended to set the TRITON_CACHE_DIR environment variable to a non-NFS path.
Warning: The cache directory for DeepSpeed Triton autotune, /home/li309/.triton/autotune, appears to be on an NFS system. While this is generally acceptable, if you experience slowdowns or hanging when DeepSpeed exits, it is recommended to set the TRITON_CACHE_DIR environment variable to a non-NFS path.Warning: The cache directory for DeepSpeed Triton autotune, /home/li309/.triton/autotune, appears to be on an NFS system. While this is generally acceptable, if you experience slowdowns or hanging when DeepSpeed exits, it is recommended to set the TRITON_CACHE_DIR environment variable to a non-NFS path.
Warning: The cache directory for DeepSpeed Triton autotune, /home/li309/.triton/autotune, appears to be on an NFS system. While this is generally acceptable, if you experience slowdowns or hanging when DeepSpeed exits, it is recommended to set the TRITON_CACHE_DIR environment variable to a non-NFS path.
Warning: The cache directory for DeepSpeed Triton autotune, /home/li309/.triton/autotune, appears to be on an NFS system. While this is generally acceptable, if you experience slowdowns or hanging when DeepSpeed exits, it is recommended to set the TRITON_CACHE_DIR environment variable to a non-NFS path.

Warning: The cache directory for DeepSpeed Triton autotune, /home/li309/.triton/autotune, appears to be on an NFS system. While this is generally acceptable, if you experience slowdowns or hanging when DeepSpeed exits, it is recommended to set the TRITON_CACHE_DIR environment variable to a non-NFS path.
Warning: The cache directory for DeepSpeed Triton autotune, /home/li309/.triton/autotune, appears to be on an NFS system. While this is generally acceptable, if you experience slowdowns or hanging when DeepSpeed exits, it is recommended to set the TRITON_CACHE_DIR environment variable to a non-NFS path.
Warning: The cache directory for DeepSpeed Triton autotune, /home/li309/.triton/autotune, appears to be on an NFS system. While this is generally acceptable, if you experience slowdowns or hanging when DeepSpeed exits, it is recommended to set the TRITON_CACHE_DIR environment variable to a non-NFS path.
Warning: The cache directory for DeepSpeed Triton autotune, /home/li309/.triton/autotune, appears to be on an NFS system. While this is generally acceptable, if you experience slowdowns or hanging when DeepSpeed exits, it is recommended to set the TRITON_CACHE_DIR environment variable to a non-NFS path.
Warning: The cache directory for DeepSpeed Triton autotune, /home/li309/.triton/autotune, appears to be on an NFS system. While this is generally acceptable, if you experience slowdowns or hanging when DeepSpeed exits, it is recommended to set the TRITON_CACHE_DIR environment variable to a non-NFS path.
Warning: The cache directory for DeepSpeed Triton autotune, /home/li309/.triton/autotune, appears to be on an NFS system. While this is generally acceptable, if you experience slowdowns or hanging when DeepSpeed exits, it is recommended to set the TRITON_CACHE_DIR environment variable to a non-NFS path.
Warning: The cache directory for DeepSpeed Triton autotune, /home/li309/.triton/autotune, appears to be on an NFS system. While this is generally acceptable, if you experience slowdowns or hanging when DeepSpeed exits, it is recommended to set the TRITON_CACHE_DIR environment variable to a non-NFS path.Warning: The cache directory for DeepSpeed Triton autotune, /home/li309/.triton/autotune, appears to be on an NFS system. While this is generally acceptable, if you experience slowdowns or hanging when DeepSpeed exits, it is recommended to set the TRITON_CACHE_DIR environment variable to a non-NFS path.

[2025-11-21 05:24:31,210] [INFO] [logging.py:107:log_dist] [Rank -1] [TorchCheckpointEngine] Initialized with serialization = False
[2025-11-21 05:24:31,210] [INFO] [logging.py:107:log_dist] [Rank -1] [TorchCheckpointEngine] Initialized with serialization = False
[2025-11-21 05:24:31,209] [INFO] [logging.py:107:log_dist] [Rank -1] [TorchCheckpointEngine] Initialized with serialization = False
[2025-11-21 05:24:31,209] [INFO] [logging.py:107:log_dist] [Rank -1] [TorchCheckpointEngine] Initialized with serialization = False
[2025-11-21 05:24:31,208] [INFO] [logging.py:107:log_dist] [Rank -1] [TorchCheckpointEngine] Initialized with serialization = False
[2025-11-21 05:24:31,208] [INFO] [logging.py:107:log_dist] [Rank -1] [TorchCheckpointEngine] Initialized with serialization = False
[2025-11-21 05:24:31,208] [INFO] [logging.py:107:log_dist] [Rank -1] [TorchCheckpointEngine] Initialized with serialization = False
[2025-11-21 05:24:31,208] [INFO] [logging.py:107:log_dist] [Rank -1] [TorchCheckpointEngine] Initialized with serialization = False
[2025-11-21 05:24:31,208] [INFO] [logging.py:107:log_dist] [Rank -1] [TorchCheckpointEngine] Initialized with serialization = False
[2025-11-21 05:24:31,208] [INFO] [logging.py:107:log_dist] [Rank -1] [TorchCheckpointEngine] Initialized with serialization = False
[2025-11-21 05:24:31,208] [INFO] [logging.py:107:log_dist] [Rank -1] [TorchCheckpointEngine] Initialized with serialization = False
[2025-11-21 05:24:31,208] [INFO] [logging.py:107:log_dist] [Rank -1] [TorchCheckpointEngine] Initialized with serialization = False
[2025-11-21 05:24:31,208] [INFO] [logging.py:107:log_dist] [Rank -1] [TorchCheckpointEngine] Initialized with serialization = False
[2025-11-21 05:24:31,208] [INFO] [logging.py:107:log_dist] [Rank -1] [TorchCheckpointEngine] Initialized with serialization = False
[2025-11-21 05:24:31,210] [INFO] [logging.py:107:log_dist] [Rank -1] [TorchCheckpointEngine] Initialized with serialization = False
[2025-11-21 05:24:31,210] [INFO] [logging.py:107:log_dist] [Rank -1] [TorchCheckpointEngine] Initialized with serialization = False
⚙️  Running in WANDB offline mode⚙️  Running in WANDB offline mode
⚙️  Running in WANDB offline mode⚙️  Running in WANDB offline mode

⚙️  Running in WANDB offline mode⚙️  Running in WANDB offline mode


⚙️  Running in WANDB offline mode
⚙️  Running in WANDB offline mode⚙️  Running in WANDB offline mode
⚙️  Running in WANDB offline mode⚙️  Running in WANDB offline mode

⚙️  Running in WANDB offline mode⚙️  Running in WANDB offline mode

⚙️  Running in WANDB offline mode
⚙️  Running in WANDB offline mode
⚙️  Running in WANDB offline mode

[2025-11-21 05:24:36,727] [INFO] [comm.py:821:init_distributed] cdb=None
[2025-11-21 05:24:36,727] [INFO] [comm.py:821:init_distributed] cdb=None
[2025-11-21 05:24:36,727] [INFO] [comm.py:852:init_distributed] Initializing TorchBackend in DeepSpeed with backend nccl
[2025-11-21 05:24:36,725] [INFO] [comm.py:821:init_distributed] cdb=None
[2025-11-21 05:24:36,725] [INFO] [comm.py:821:init_distributed] cdb=None
[2025-11-21 05:24:36,725] [INFO] [comm.py:821:init_distributed] cdb=None
[2025-11-21 05:24:36,727] [INFO] [comm.py:821:init_distributed] cdb=None
[2025-11-21 05:24:36,727] [INFO] [comm.py:821:init_distributed] cdb=None
[2025-11-21 05:24:36,725] [INFO] [comm.py:821:init_distributed] cdb=None
[2025-11-21 05:24:36,725] [INFO] [comm.py:821:init_distributed] cdb=None
[2025-11-21 05:24:36,725] [INFO] [comm.py:821:init_distributed] cdb=None
[2025-11-21 05:24:36,727] [INFO] [comm.py:821:init_distributed] cdb=None
[2025-11-21 05:24:36,727] [INFO] [comm.py:821:init_distributed] cdb=None
[2025-11-21 05:24:36,834] [INFO] [comm.py:821:init_distributed] cdb=None
[2025-11-21 05:24:36,834] [INFO] [comm.py:821:init_distributed] cdb=None
[2025-11-21 05:24:36,851] [INFO] [comm.py:821:init_distributed] cdb=None
[2025-11-21 05:24:36,851] [INFO] [comm.py:821:init_distributed] cdb=None
[2025-11-21 05:24:37,237] [INFO] [logging.py:107:log_dist] [Rank 0] Creating MoE layer with num_experts: 4 | num_local_experts: 4 | expert_parallel_size: 1
[2025-11-21 05:24:37,263] [INFO] [logging.py:107:log_dist] [Rank 0] Creating MoE layer with num_experts: 4 | num_local_experts: 4 | expert_parallel_size: 1
[2025-11-21 05:24:37,265] [INFO] [logging.py:107:log_dist] [Rank 0] Creating MoE layer with num_experts: 4 | num_local_experts: 4 | expert_parallel_size: 1
[2025-11-21 05:24:37,267] [INFO] [logging.py:107:log_dist] [Rank 0] Creating MoE layer with num_experts: 4 | num_local_experts: 4 | expert_parallel_size: 1
[2025-11-21 05:24:37,269] [INFO] [logging.py:107:log_dist] [Rank 0] Creating MoE layer with num_experts: 4 | num_local_experts: 4 | expert_parallel_size: 1
[2025-11-21 05:24:37,271] [INFO] [logging.py:107:log_dist] [Rank 0] Creating MoE layer with num_experts: 4 | num_local_experts: 4 | expert_parallel_size: 1
[2025-11-21 05:24:37,273] [INFO] [logging.py:107:log_dist] [Rank 0] Creating MoE layer with num_experts: 4 | num_local_experts: 4 | expert_parallel_size: 1
[2025-11-21 05:24:37,275] [INFO] [logging.py:107:log_dist] [Rank 0] Creating MoE layer with num_experts: 4 | num_local_experts: 4 | expert_parallel_size: 1
[2025-11-21 05:24:37,277] [INFO] [logging.py:107:log_dist] [Rank 0] Creating MoE layer with num_experts: 4 | num_local_experts: 4 | expert_parallel_size: 1
[2025-11-21 05:24:37,279] [INFO] [logging.py:107:log_dist] [Rank 0] Creating MoE layer with num_experts: 4 | num_local_experts: 4 | expert_parallel_size: 1
[2025-11-21 05:24:37,281] [INFO] [logging.py:107:log_dist] [Rank 0] Creating MoE layer with num_experts: 4 | num_local_experts: 4 | expert_parallel_size: 1
[2025-11-21 05:24:37,283] [INFO] [logging.py:107:log_dist] [Rank 0] Creating MoE layer with num_experts: 4 | num_local_experts: 4 | expert_parallel_size: 1
Vision encoder and proj init.

Vision encoder and proj init.

Vision encoder and proj init.

Vision encoder and proj init.

Vision encoder and proj init.

Vision encoder and proj init.

Vision encoder and proj init.

Vision encoder and proj init.

RePaMoELLaVAStablelmForCausalLM(
  (model): MoELLaVAStablelmModel(
    (embed_tokens): Embedding(100352, 2048, padding_idx=100280)
    (layers): ModuleList(
      (0): DecoderLayer(
        (self_attn): Attention(
          (q_proj): Linear(in_features=2048, out_features=2048, bias=True)
          (k_proj): Linear(in_features=2048, out_features=2048, bias=True)
          (v_proj): Linear(in_features=2048, out_features=2048, bias=True)
          (o_proj): Linear(in_features=2048, out_features=2048, bias=False)
          (rotary_emb): RotaryEmbedding()
        )
        (mlp): RePaMoE(
          (deepspeed_moe): MOELayer(
            (gate): TopKGate(
              (wg): Linear(in_features=2048, out_features=4, bias=False)
            )
            (experts): Experts(
              (deepspeed_experts): ModuleList(
                (0-3): 4 x RePaMLP(
                  (gate_proj): Linear(in_features=2048, out_features=5632, bias=False)
                  (up_proj): Linear(in_features=2048, out_features=5632, bias=False)
                  (down_proj): Linear(in_features=5632, out_features=2048, bias=False)
                  (act_fn): SiLU()
                )
              )
            )
          )
        )
        (input_layernorm): LayerNorm((2048,), eps=1e-05, elementwise_affine=True)
        (post_attention_layernorm): LayerNorm((2048,), eps=1e-05, elementwise_affine=True)
      )
      (1): DecoderLayer(
        (self_attn): Attention(
          (q_proj): Linear(in_features=2048, out_features=2048, bias=True)
          (k_proj): Linear(in_features=2048, out_features=2048, bias=True)
          (v_proj): Linear(in_features=2048, out_features=2048, bias=True)
          (o_proj): Linear(in_features=2048, out_features=2048, bias=False)
          (rotary_emb): RotaryEmbedding()
        )
        (mlp): MLP(
          (gate_proj): Linear(in_features=2048, out_features=5632, bias=False)
          (up_proj): Linear(in_features=2048, out_features=5632, bias=False)
          (down_proj): Linear(in_features=5632, out_features=2048, bias=False)
          (act_fn): SiLU()
        )
        (input_layernorm): LayerNorm((2048,), eps=1e-05, elementwise_affine=True)
        (post_attention_layernorm): LayerNorm((2048,), eps=1e-05, elementwise_affine=True)
      )
      (2): DecoderLayer(
        (self_attn): Attention(
          (q_proj): Linear(in_features=2048, out_features=2048, bias=True)
          (k_proj): Linear(in_features=2048, out_features=2048, bias=True)
          (v_proj): Linear(in_features=2048, out_features=2048, bias=True)
          (o_proj): Linear(in_features=2048, out_features=2048, bias=False)
          (rotary_emb): RotaryEmbedding()
        )
        (mlp): RePaMoE(
          (deepspeed_moe): MOELayer(
            (gate): TopKGate(
              (wg): Linear(in_features=2048, out_features=4, bias=False)
            )
            (experts): Experts(
              (deepspeed_experts): ModuleList(
                (0-3): 4 x RePaMLP(
                  (gate_proj): Linear(in_features=2048, out_features=5632, bias=False)
                  (up_proj): Linear(in_features=2048, out_features=5632, bias=False)
                  (down_proj): Linear(in_features=5632, out_features=2048, bias=False)
                  (act_fn): SiLU()
                )
              )
            )
          )
        )
        (input_layernorm): LayerNorm((2048,), eps=1e-05, elementwise_affine=True)
        (post_attention_layernorm): LayerNorm((2048,), eps=1e-05, elementwise_affine=True)
      )
      (3): DecoderLayer(
        (self_attn): Attention(
          (q_proj): Linear(in_features=2048, out_features=2048, bias=True)
          (k_proj): Linear(in_features=2048, out_features=2048, bias=True)
          (v_proj): Linear(in_features=2048, out_features=2048, bias=True)
          (o_proj): Linear(in_features=2048, out_features=2048, bias=False)
          (rotary_emb): RotaryEmbedding()
        )
        (mlp): MLP(
          (gate_proj): Linear(in_features=2048, out_features=5632, bias=False)
          (up_proj): Linear(in_features=2048, out_features=5632, bias=False)
          (down_proj): Linear(in_features=5632, out_features=2048, bias=False)
          (act_fn): SiLU()
        )
        (input_layernorm): LayerNorm((2048,), eps=1e-05, elementwise_affine=True)
        (post_attention_layernorm): LayerNorm((2048,), eps=1e-05, elementwise_affine=True)
      )
      (4): DecoderLayer(
        (self_attn): Attention(
          (q_proj): Linear(in_features=2048, out_features=2048, bias=True)
          (k_proj): Linear(in_features=2048, out_features=2048, bias=True)
          (v_proj): Linear(in_features=2048, out_features=2048, bias=True)
          (o_proj): Linear(in_features=2048, out_features=2048, bias=False)
          (rotary_emb): RotaryEmbedding()
        )
        (mlp): RePaMoE(
          (deepspeed_moe): MOELayer(
            (gate): TopKGate(
              (wg): Linear(in_features=2048, out_features=4, bias=False)
            )
            (experts): Experts(
              (deepspeed_experts): ModuleList(
                (0-3): 4 x RePaMLP(
                  (gate_proj): Linear(in_features=2048, out_features=5632, bias=False)
                  (up_proj): Linear(in_features=2048, out_features=5632, bias=False)
                  (down_proj): Linear(in_features=5632, out_features=2048, bias=False)
                  (act_fn): SiLU()
                )
              )
            )
          )
        )
        (input_layernorm): LayerNorm((2048,), eps=1e-05, elementwise_affine=True)
        (post_attention_layernorm): LayerNorm((2048,), eps=1e-05, elementwise_affine=True)
      )
      (5): DecoderLayer(
        (self_attn): Attention(
          (q_proj): Linear(in_features=2048, out_features=2048, bias=True)
          (k_proj): Linear(in_features=2048, out_features=2048, bias=True)
          (v_proj): Linear(in_features=2048, out_features=2048, bias=True)
          (o_proj): Linear(in_features=2048, out_features=2048, bias=False)
          (rotary_emb): RotaryEmbedding()
        )
        (mlp): MLP(
          (gate_proj): Linear(in_features=2048, out_features=5632, bias=False)
          (up_proj): Linear(in_features=2048, out_features=5632, bias=False)
          (down_proj): Linear(in_features=5632, out_features=2048, bias=False)
          (act_fn): SiLU()
        )
        (input_layernorm): LayerNorm((2048,), eps=1e-05, elementwise_affine=True)
        (post_attention_layernorm): LayerNorm((2048,), eps=1e-05, elementwise_affine=True)
      )
      (6): DecoderLayer(
        (self_attn): Attention(
          (q_proj): Linear(in_features=2048, out_features=2048, bias=True)
          (k_proj): Linear(in_features=2048, out_features=2048, bias=True)
          (v_proj): Linear(in_features=2048, out_features=2048, bias=True)
          (o_proj): Linear(in_features=2048, out_features=2048, bias=False)
          (rotary_emb): RotaryEmbedding()
        )
        (mlp): RePaMoE(
          (deepspeed_moe): MOELayer(
            (gate): TopKGate(
              (wg): Linear(in_features=2048, out_features=4, bias=False)
            )
            (experts): Experts(
              (deepspeed_experts): ModuleList(
                (0-3): 4 x RePaMLP(
                  (gate_proj): Linear(in_features=2048, out_features=5632, bias=False)
                  (up_proj): Linear(in_features=2048, out_features=5632, bias=False)
                  (down_proj): Linear(in_features=5632, out_features=2048, bias=False)
                  (act_fn): SiLU()
                )
              )
            )
          )
        )
        (input_layernorm): LayerNorm((2048,), eps=1e-05, elementwise_affine=True)
        (post_attention_layernorm): LayerNorm((2048,), eps=1e-05, elementwise_affine=True)
      )
      (7): DecoderLayer(
        (self_attn): Attention(
          (q_proj): Linear(in_features=2048, out_features=2048, bias=True)
          (k_proj): Linear(in_features=2048, out_features=2048, bias=True)
          (v_proj): Linear(in_features=2048, out_features=2048, bias=True)
          (o_proj): Linear(in_features=2048, out_features=2048, bias=False)
          (rotary_emb): RotaryEmbedding()
        )
        (mlp): MLP(
          (gate_proj): Linear(in_features=2048, out_features=5632, bias=False)
          (up_proj): Linear(in_features=2048, out_features=5632, bias=False)
          (down_proj): Linear(in_features=5632, out_features=2048, bias=False)
          (act_fn): SiLU()
        )
        (input_layernorm): LayerNorm((2048,), eps=1e-05, elementwise_affine=True)
        (post_attention_layernorm): LayerNorm((2048,), eps=1e-05, elementwise_affine=True)
      )
      (8): DecoderLayer(
        (self_attn): Attention(
          (q_proj): Linear(in_features=2048, out_features=2048, bias=True)
          (k_proj): Linear(in_features=2048, out_features=2048, bias=True)
          (v_proj): Linear(in_features=2048, out_features=2048, bias=True)
          (o_proj): Linear(in_features=2048, out_features=2048, bias=False)
          (rotary_emb): RotaryEmbedding()
        )
        (mlp): RePaMoE(
          (deepspeed_moe): MOELayer(
            (gate): TopKGate(
              (wg): Linear(in_features=2048, out_features=4, bias=False)
            )
            (experts): Experts(
              (deepspeed_experts): ModuleList(
                (0-3): 4 x RePaMLP(
                  (gate_proj): Linear(in_features=2048, out_features=5632, bias=False)
                  (up_proj): Linear(in_features=2048, out_features=5632, bias=False)
                  (down_proj): Linear(in_features=5632, out_features=2048, bias=False)
                  (act_fn): SiLU()
                )
              )
            )
          )
        )
        (input_layernorm): LayerNorm((2048,), eps=1e-05, elementwise_affine=True)
        (post_attention_layernorm): LayerNorm((2048,), eps=1e-05, elementwise_affine=True)
      )
      (9): DecoderLayer(
        (self_attn): Attention(
          (q_proj): Linear(in_features=2048, out_features=2048, bias=True)
          (k_proj): Linear(in_features=2048, out_features=2048, bias=True)
          (v_proj): Linear(in_features=2048, out_features=2048, bias=True)
          (o_proj): Linear(in_features=2048, out_features=2048, bias=False)
          (rotary_emb): RotaryEmbedding()
        )
        (mlp): MLP(
          (gate_proj): Linear(in_features=2048, out_features=5632, bias=False)
          (up_proj): Linear(in_features=2048, out_features=5632, bias=False)
          (down_proj): Linear(in_features=5632, out_features=2048, bias=False)
          (act_fn): SiLU()
        )
        (input_layernorm): LayerNorm((2048,), eps=1e-05, elementwise_affine=True)
        (post_attention_layernorm): LayerNorm((2048,), eps=1e-05, elementwise_affine=True)
      )
      (10): DecoderLayer(
        (self_attn): Attention(
          (q_proj): Linear(in_features=2048, out_features=2048, bias=True)
          (k_proj): Linear(in_features=2048, out_features=2048, bias=True)
          (v_proj): Linear(in_features=2048, out_features=2048, bias=True)
          (o_proj): Linear(in_features=2048, out_features=2048, bias=False)
          (rotary_emb): RotaryEmbedding()
        )
        (mlp): RePaMoE(
          (deepspeed_moe): MOELayer(
            (gate): TopKGate(
              (wg): Linear(in_features=2048, out_features=4, bias=False)
            )
            (experts): Experts(
              (deepspeed_experts): ModuleList(
                (0-3): 4 x RePaMLP(
                  (gate_proj): Linear(in_features=2048, out_features=5632, bias=False)
                  (up_proj): Linear(in_features=2048, out_features=5632, bias=False)
                  (down_proj): Linear(in_features=5632, out_features=2048, bias=False)
                  (act_fn): SiLU()
                )
              )
            )
          )
        )
        (input_layernorm): LayerNorm((2048,), eps=1e-05, elementwise_affine=True)
        (post_attention_layernorm): LayerNorm((2048,), eps=1e-05, elementwise_affine=True)
      )
      (11): DecoderLayer(
        (self_attn): Attention(
          (q_proj): Linear(in_features=2048, out_features=2048, bias=True)
          (k_proj): Linear(in_features=2048, out_features=2048, bias=True)
          (v_proj): Linear(in_features=2048, out_features=2048, bias=True)
          (o_proj): Linear(in_features=2048, out_features=2048, bias=False)
          (rotary_emb): RotaryEmbedding()
        )
        (mlp): MLP(
          (gate_proj): Linear(in_features=2048, out_features=5632, bias=False)
          (up_proj): Linear(in_features=2048, out_features=5632, bias=False)
          (down_proj): Linear(in_features=5632, out_features=2048, bias=False)
          (act_fn): SiLU()
        )
        (input_layernorm): LayerNorm((2048,), eps=1e-05, elementwise_affine=True)
        (post_attention_layernorm): LayerNorm((2048,), eps=1e-05, elementwise_affine=True)
      )
      (12): DecoderLayer(
        (self_attn): Attention(
          (q_proj): Linear(in_features=2048, out_features=2048, bias=True)
          (k_proj): Linear(in_features=2048, out_features=2048, bias=True)
          (v_proj): Linear(in_features=2048, out_features=2048, bias=True)
          (o_proj): Linear(in_features=2048, out_features=2048, bias=False)
          (rotary_emb): RotaryEmbedding()
        )
        (mlp): RePaMoE(
          (deepspeed_moe): MOELayer(
            (gate): TopKGate(
              (wg): Linear(in_features=2048, out_features=4, bias=False)
            )
            (experts): Experts(
              (deepspeed_experts): ModuleList(
                (0-3): 4 x RePaMLP(
                  (gate_proj): Linear(in_features=2048, out_features=5632, bias=False)
                  (up_proj): Linear(in_features=2048, out_features=5632, bias=False)
                  (down_proj): Linear(in_features=5632, out_features=2048, bias=False)
                  (act_fn): SiLU()
                )
              )
            )
          )
        )
        (input_layernorm): LayerNorm((2048,), eps=1e-05, elementwise_affine=True)
        (post_attention_layernorm): LayerNorm((2048,), eps=1e-05, elementwise_affine=True)
      )
      (13): DecoderLayer(
        (self_attn): Attention(
          (q_proj): Linear(in_features=2048, out_features=2048, bias=True)
          (k_proj): Linear(in_features=2048, out_features=2048, bias=True)
          (v_proj): Linear(in_features=2048, out_features=2048, bias=True)
          (o_proj): Linear(in_features=2048, out_features=2048, bias=False)
          (rotary_emb): RotaryEmbedding()
        )
        (mlp): MLP(
          (gate_proj): Linear(in_features=2048, out_features=5632, bias=False)
          (up_proj): Linear(in_features=2048, out_features=5632, bias=False)
          (down_proj): Linear(in_features=5632, out_features=2048, bias=False)
          (act_fn): SiLU()
        )
        (input_layernorm): LayerNorm((2048,), eps=1e-05, elementwise_affine=True)
        (post_attention_layernorm): LayerNorm((2048,), eps=1e-05, elementwise_affine=True)
      )
      (14): DecoderLayer(
        (self_attn): Attention(
          (q_proj): Linear(in_features=2048, out_features=2048, bias=True)
          (k_proj): Linear(in_features=2048, out_features=2048, bias=True)
          (v_proj): Linear(in_features=2048, out_features=2048, bias=True)
          (o_proj): Linear(in_features=2048, out_features=2048, bias=False)
          (rotary_emb): RotaryEmbedding()
        )
        (mlp): RePaMoE(
          (deepspeed_moe): MOELayer(
            (gate): TopKGate(
              (wg): Linear(in_features=2048, out_features=4, bias=False)
            )
            (experts): Experts(
              (deepspeed_experts): ModuleList(
                (0-3): 4 x RePaMLP(
                  (gate_proj): Linear(in_features=2048, out_features=5632, bias=False)
                  (up_proj): Linear(in_features=2048, out_features=5632, bias=False)
                  (down_proj): Linear(in_features=5632, out_features=2048, bias=False)
                  (act_fn): SiLU()
                )
              )
            )
          )
        )
        (input_layernorm): LayerNorm((2048,), eps=1e-05, elementwise_affine=True)
        (post_attention_layernorm): LayerNorm((2048,), eps=1e-05, elementwise_affine=True)
      )
      (15): DecoderLayer(
        (self_attn): Attention(
          (q_proj): Linear(in_features=2048, out_features=2048, bias=True)
          (k_proj): Linear(in_features=2048, out_features=2048, bias=True)
          (v_proj): Linear(in_features=2048, out_features=2048, bias=True)
          (o_proj): Linear(in_features=2048, out_features=2048, bias=False)
          (rotary_emb): RotaryEmbedding()
        )
        (mlp): MLP(
          (gate_proj): Linear(in_features=2048, out_features=5632, bias=False)
          (up_proj): Linear(in_features=2048, out_features=5632, bias=False)
          (down_proj): Linear(in_features=5632, out_features=2048, bias=False)
          (act_fn): SiLU()
        )
        (input_layernorm): LayerNorm((2048,), eps=1e-05, elementwise_affine=True)
        (post_attention_layernorm): LayerNorm((2048,), eps=1e-05, elementwise_affine=True)
      )
      (16): DecoderLayer(
        (self_attn): Attention(
          (q_proj): Linear(in_features=2048, out_features=2048, bias=True)
          (k_proj): Linear(in_features=2048, out_features=2048, bias=True)
          (v_proj): Linear(in_features=2048, out_features=2048, bias=True)
          (o_proj): Linear(in_features=2048, out_features=2048, bias=False)
          (rotary_emb): RotaryEmbedding()
        )
        (mlp): RePaMoE(
          (deepspeed_moe): MOELayer(
            (gate): TopKGate(
              (wg): Linear(in_features=2048, out_features=4, bias=False)
            )
            (experts): Experts(
              (deepspeed_experts): ModuleList(
                (0-3): 4 x RePaMLP(
                  (gate_proj): Linear(in_features=2048, out_features=5632, bias=False)
                  (up_proj): Linear(in_features=2048, out_features=5632, bias=False)
                  (down_proj): Linear(in_features=5632, out_features=2048, bias=False)
                  (act_fn): SiLU()
                )
              )
            )
          )
        )
        (input_layernorm): LayerNorm((2048,), eps=1e-05, elementwise_affine=True)
        (post_attention_layernorm): LayerNorm((2048,), eps=1e-05, elementwise_affine=True)
      )
      (17): DecoderLayer(
        (self_attn): Attention(
          (q_proj): Linear(in_features=2048, out_features=2048, bias=True)
          (k_proj): Linear(in_features=2048, out_features=2048, bias=True)
          (v_proj): Linear(in_features=2048, out_features=2048, bias=True)
          (o_proj): Linear(in_features=2048, out_features=2048, bias=False)
          (rotary_emb): RotaryEmbedding()
        )
        (mlp): MLP(
          (gate_proj): Linear(in_features=2048, out_features=5632, bias=False)
          (up_proj): Linear(in_features=2048, out_features=5632, bias=False)
          (down_proj): Linear(in_features=5632, out_features=2048, bias=False)
          (act_fn): SiLU()
        )
        (input_layernorm): LayerNorm((2048,), eps=1e-05, elementwise_affine=True)
        (post_attention_layernorm): LayerNorm((2048,), eps=1e-05, elementwise_affine=True)
      )
      (18): DecoderLayer(
        (self_attn): Attention(
          (q_proj): Linear(in_features=2048, out_features=2048, bias=True)
          (k_proj): Linear(in_features=2048, out_features=2048, bias=True)
          (v_proj): Linear(in_features=2048, out_features=2048, bias=True)
          (o_proj): Linear(in_features=2048, out_features=2048, bias=False)
          (rotary_emb): RotaryEmbedding()
        )
        (mlp): RePaMoE(
          (deepspeed_moe): MOELayer(
            (gate): TopKGate(
              (wg): Linear(in_features=2048, out_features=4, bias=False)
            )
            (experts): Experts(
              (deepspeed_experts): ModuleList(
                (0-3): 4 x RePaMLP(
                  (gate_proj): Linear(in_features=2048, out_features=5632, bias=False)
                  (up_proj): Linear(in_features=2048, out_features=5632, bias=False)
                  (down_proj): Linear(in_features=5632, out_features=2048, bias=False)
                  (act_fn): SiLU()
                )
              )
            )
          )
        )
        (input_layernorm): LayerNorm((2048,), eps=1e-05, elementwise_affine=True)
        (post_attention_layernorm): LayerNorm((2048,), eps=1e-05, elementwise_affine=True)
      )
      (19): DecoderLayer(
        (self_attn): Attention(
          (q_proj): Linear(in_features=2048, out_features=2048, bias=True)
          (k_proj): Linear(in_features=2048, out_features=2048, bias=True)
          (v_proj): Linear(in_features=2048, out_features=2048, bias=True)
          (o_proj): Linear(in_features=2048, out_features=2048, bias=False)
          (rotary_emb): RotaryEmbedding()
        )
        (mlp): MLP(
          (gate_proj): Linear(in_features=2048, out_features=5632, bias=False)
          (up_proj): Linear(in_features=2048, out_features=5632, bias=False)
          (down_proj): Linear(in_features=5632, out_features=2048, bias=False)
          (act_fn): SiLU()
        )
        (input_layernorm): LayerNorm((2048,), eps=1e-05, elementwise_affine=True)
        (post_attention_layernorm): LayerNorm((2048,), eps=1e-05, elementwise_affine=True)
      )
      (20): DecoderLayer(
        (self_attn): Attention(
          (q_proj): Linear(in_features=2048, out_features=2048, bias=True)
          (k_proj): Linear(in_features=2048, out_features=2048, bias=True)
          (v_proj): Linear(in_features=2048, out_features=2048, bias=True)
          (o_proj): Linear(in_features=2048, out_features=2048, bias=False)
          (rotary_emb): RotaryEmbedding()
        )
        (mlp): RePaMoE(
          (deepspeed_moe): MOELayer(
            (gate): TopKGate(
              (wg): Linear(in_features=2048, out_features=4, bias=False)
            )
            (experts): Experts(
              (deepspeed_experts): ModuleList(
                (0-3): 4 x RePaMLP(
                  (gate_proj): Linear(in_features=2048, out_features=5632, bias=False)
                  (up_proj): Linear(in_features=2048, out_features=5632, bias=False)
                  (down_proj): Linear(in_features=5632, out_features=2048, bias=False)
                  (act_fn): SiLU()
                )
              )
            )
          )
        )
        (input_layernorm): LayerNorm((2048,), eps=1e-05, elementwise_affine=True)
        (post_attention_layernorm): LayerNorm((2048,), eps=1e-05, elementwise_affine=True)
      )
      (21): DecoderLayer(
        (self_attn): Attention(
          (q_proj): Linear(in_features=2048, out_features=2048, bias=True)
          (k_proj): Linear(in_features=2048, out_features=2048, bias=True)
          (v_proj): Linear(in_features=2048, out_features=2048, bias=True)
          (o_proj): Linear(in_features=2048, out_features=2048, bias=False)
          (rotary_emb): RotaryEmbedding()
        )
        (mlp): MLP(
          (gate_proj): Linear(in_features=2048, out_features=5632, bias=False)
          (up_proj): Linear(in_features=2048, out_features=5632, bias=False)
          (down_proj): Linear(in_features=5632, out_features=2048, bias=False)
          (act_fn): SiLU()
        )
        (input_layernorm): LayerNorm((2048,), eps=1e-05, elementwise_affine=True)
        (post_attention_layernorm): LayerNorm((2048,), eps=1e-05, elementwise_affine=True)
      )
      (22): DecoderLayer(
        (self_attn): Attention(
          (q_proj): Linear(in_features=2048, out_features=2048, bias=True)
          (k_proj): Linear(in_features=2048, out_features=2048, bias=True)
          (v_proj): Linear(in_features=2048, out_features=2048, bias=True)
          (o_proj): Linear(in_features=2048, out_features=2048, bias=False)
          (rotary_emb): RotaryEmbedding()
        )
        (mlp): RePaMoE(
          (deepspeed_moe): MOELayer(
            (gate): TopKGate(
              (wg): Linear(in_features=2048, out_features=4, bias=False)
            )
            (experts): Experts(
              (deepspeed_experts): ModuleList(
                (0-3): 4 x RePaMLP(
                  (gate_proj): Linear(in_features=2048, out_features=5632, bias=False)
                  (up_proj): Linear(in_features=2048, out_features=5632, bias=False)
                  (down_proj): Linear(in_features=5632, out_features=2048, bias=False)
                  (act_fn): SiLU()
                )
              )
            )
          )
        )
        (input_layernorm): LayerNorm((2048,), eps=1e-05, elementwise_affine=True)
        (post_attention_layernorm): LayerNorm((2048,), eps=1e-05, elementwise_affine=True)
      )
      (23): DecoderLayer(
        (self_attn): Attention(
          (q_proj): Linear(in_features=2048, out_features=2048, bias=True)
          (k_proj): Linear(in_features=2048, out_features=2048, bias=True)
          (v_proj): Linear(in_features=2048, out_features=2048, bias=True)
          (o_proj): Linear(in_features=2048, out_features=2048, bias=False)
          (rotary_emb): RotaryEmbedding()
        )
        (mlp): MLP(
          (gate_proj): Linear(in_features=2048, out_features=5632, bias=False)
          (up_proj): Linear(in_features=2048, out_features=5632, bias=False)
          (down_proj): Linear(in_features=5632, out_features=2048, bias=False)
          (act_fn): SiLU()
        )
        (input_layernorm): LayerNorm((2048,), eps=1e-05, elementwise_affine=True)
        (post_attention_layernorm): LayerNorm((2048,), eps=1e-05, elementwise_affine=True)
      )
    )
    (norm): LayerNorm((2048,), eps=1e-05, elementwise_affine=True)
    (image_tower): CLIPVisionTower(
      (image_tower): CLIPVisionModel(
        (vision_model): CLIPVisionTransformer(
          (embeddings): CLIPVisionEmbeddings(
            (patch_embedding): Conv2d(3, 1024, kernel_size=(14, 14), stride=(14, 14), bias=False)
            (position_embedding): Embedding(577, 1024)
          )
          (pre_layrnorm): LayerNorm((1024,), eps=1e-05, elementwise_affine=True)
          (encoder): CLIPEncoder(
            (layers): ModuleList(
              (0-23): 24 x CLIPEncoderLayer(
                (self_attn): CLIPAttention(
                  (k_proj): Linear(in_features=1024, out_features=1024, bias=True)
                  (v_proj): Linear(in_features=1024, out_features=1024, bias=True)
                  (q_proj): Linear(in_features=1024, out_features=1024, bias=True)
                  (out_proj): Linear(in_features=1024, out_features=1024, bias=True)
                )
                (layer_norm1): LayerNorm((1024,), eps=1e-05, elementwise_affine=True)
                (mlp): CLIPMLP(
                  (activation_fn): QuickGELUActivation()
                  (fc1): Linear(in_features=1024, out_features=4096, bias=True)
                  (fc2): Linear(in_features=4096, out_features=1024, bias=True)
                )
                (layer_norm2): LayerNorm((1024,), eps=1e-05, elementwise_affine=True)
              )
            )
          )
          (post_layernorm): LayerNorm((1024,), eps=1e-05, elementwise_affine=True)
        )
      )
    )
    (mm_projector): build_projector(
      (image_spatial_proj): Sequential(
        (0): Linear(in_features=1024, out_features=2048, bias=True)
        (1): GELU(approximate='none')
        (2): Linear(in_features=2048, out_features=2048, bias=True)
      )
      (video_patch_proj): Identity()
      (video_spatial_proj): Identity()
      (video_temproal_proj): Identity()
      (video_global_proj): Identity()
    )
  )
  (lm_head): Linear(in_features=2048, out_features=100352, bias=False)
)
RePaMoELLaVAStablelmForCausalLM(
  (model): MoELLaVAStablelmModel(
    (embed_tokens): Embedding(100352, 2048, padding_idx=100280)
    (layers): ModuleList(
      (0): DecoderLayer(
        (self_attn): Attention(
          (q_proj): Linear(in_features=2048, out_features=2048, bias=True)
          (k_proj): Linear(in_features=2048, out_features=2048, bias=True)
          (v_proj): Linear(in_features=2048, out_features=2048, bias=True)
          (o_proj): Linear(in_features=2048, out_features=2048, bias=False)
          (rotary_emb): RotaryEmbedding()
        )
        (mlp): RePaMoE(
          (deepspeed_moe): MOELayer(
            (gate): TopKGate(
              (wg): Linear(in_features=2048, out_features=4, bias=False)
            )
            (experts): Experts(
              (deepspeed_experts): ModuleList(
                (0-3): 4 x RePaMLP(
                  (gate_proj): Linear(in_features=2048, out_features=5632, bias=False)
                  (up_proj): Linear(in_features=2048, out_features=5632, bias=False)
                  (down_proj): Linear(in_features=5632, out_features=2048, bias=False)
                  (act_fn): SiLU()
                )
              )
            )
          )
        )
        (input_layernorm): LayerNorm((2048,), eps=1e-05, elementwise_affine=True)
        (post_attention_layernorm): LayerNorm((2048,), eps=1e-05, elementwise_affine=True)
      )
      (1): DecoderLayer(
        (self_attn): Attention(
          (q_proj): Linear(in_features=2048, out_features=2048, bias=True)
          (k_proj): Linear(in_features=2048, out_features=2048, bias=True)
          (v_proj): Linear(in_features=2048, out_features=2048, bias=True)
          (o_proj): Linear(in_features=2048, out_features=2048, bias=False)
          (rotary_emb): RotaryEmbedding()
        )
        (mlp): MLP(
          (gate_proj): Linear(in_features=2048, out_features=5632, bias=False)
          (up_proj): Linear(in_features=2048, out_features=5632, bias=False)
          (down_proj): Linear(in_features=5632, out_features=2048, bias=False)
          (act_fn): SiLU()
        )
        (input_layernorm): LayerNorm((2048,), eps=1e-05, elementwise_affine=True)
        (post_attention_layernorm): LayerNorm((2048,), eps=1e-05, elementwise_affine=True)
      )
      (2): DecoderLayer(
        (self_attn): Attention(
          (q_proj): Linear(in_features=2048, out_features=2048, bias=True)
          (k_proj): Linear(in_features=2048, out_features=2048, bias=True)
          (v_proj): Linear(in_features=2048, out_features=2048, bias=True)
          (o_proj): Linear(in_features=2048, out_features=2048, bias=False)
          (rotary_emb): RotaryEmbedding()
        )
        (mlp): RePaMoE(
          (deepspeed_moe): MOELayer(
            (gate): TopKGate(
              (wg): Linear(in_features=2048, out_features=4, bias=False)
            )
            (experts): Experts(
              (deepspeed_experts): ModuleList(
                (0-3): 4 x RePaMLP(
                  (gate_proj): Linear(in_features=2048, out_features=5632, bias=False)
                  (up_proj): Linear(in_features=2048, out_features=5632, bias=False)
                  (down_proj): Linear(in_features=5632, out_features=2048, bias=False)
                  (act_fn): SiLU()
                )
              )
            )
          )
        )
        (input_layernorm): LayerNorm((2048,), eps=1e-05, elementwise_affine=True)
        (post_attention_layernorm): LayerNorm((2048,), eps=1e-05, elementwise_affine=True)
      )
      (3): DecoderLayer(
        (self_attn): Attention(
          (q_proj): Linear(in_features=2048, out_features=2048, bias=True)
          (k_proj): Linear(in_features=2048, out_features=2048, bias=True)
          (v_proj): Linear(in_features=2048, out_features=2048, bias=True)
          (o_proj): Linear(in_features=2048, out_features=2048, bias=False)
          (rotary_emb): RotaryEmbedding()
        )
        (mlp): MLP(
          (gate_proj): Linear(in_features=2048, out_features=5632, bias=False)
          (up_proj): Linear(in_features=2048, out_features=5632, bias=False)
          (down_proj): Linear(in_features=5632, out_features=2048, bias=False)
          (act_fn): SiLU()
        )
        (input_layernorm): LayerNorm((2048,), eps=1e-05, elementwise_affine=True)
        (post_attention_layernorm): LayerNorm((2048,), eps=1e-05, elementwise_affine=True)
      )
      (4): DecoderLayer(
        (self_attn): Attention(
          (q_proj): Linear(in_features=2048, out_features=2048, bias=True)
          (k_proj): Linear(in_features=2048, out_features=2048, bias=True)
          (v_proj): Linear(in_features=2048, out_features=2048, bias=True)
          (o_proj): Linear(in_features=2048, out_features=2048, bias=False)
          (rotary_emb): RotaryEmbedding()
        )
        (mlp): RePaMoE(
          (deepspeed_moe): MOELayer(
            (gate): TopKGate(
              (wg): Linear(in_features=2048, out_features=4, bias=False)
            )
            (experts): Experts(
              (deepspeed_experts): ModuleList(
                (0-3): 4 x RePaMLP(
                  (gate_proj): Linear(in_features=2048, out_features=5632, bias=False)
                  (up_proj): Linear(in_features=2048, out_features=5632, bias=False)
                  (down_proj): Linear(in_features=5632, out_features=2048, bias=False)
                  (act_fn): SiLU()
                )
              )
            )
          )
        )
        (input_layernorm): LayerNorm((2048,), eps=1e-05, elementwise_affine=True)
        (post_attention_layernorm): LayerNorm((2048,), eps=1e-05, elementwise_affine=True)
      )
      (5): DecoderLayer(
        (self_attn): Attention(
          (q_proj): Linear(in_features=2048, out_features=2048, bias=True)
          (k_proj): Linear(in_features=2048, out_features=2048, bias=True)
          (v_proj): Linear(in_features=2048, out_features=2048, bias=True)
          (o_proj): Linear(in_features=2048, out_features=2048, bias=False)
          (rotary_emb): RotaryEmbedding()
        )
        (mlp): MLP(
          (gate_proj): Linear(in_features=2048, out_features=5632, bias=False)
          (up_proj): Linear(in_features=2048, out_features=5632, bias=False)
          (down_proj): Linear(in_features=5632, out_features=2048, bias=False)
          (act_fn): SiLU()
        )
        (input_layernorm): LayerNorm((2048,), eps=1e-05, elementwise_affine=True)
        (post_attention_layernorm): LayerNorm((2048,), eps=1e-05, elementwise_affine=True)
      )
      (6): DecoderLayer(
        (self_attn): Attention(
          (q_proj): Linear(in_features=2048, out_features=2048, bias=True)
          (k_proj): Linear(in_features=2048, out_features=2048, bias=True)
          (v_proj): Linear(in_features=2048, out_features=2048, bias=True)
          (o_proj): Linear(in_features=2048, out_features=2048, bias=False)
          (rotary_emb): RotaryEmbedding()
        )
        (mlp): RePaMoE(
          (deepspeed_moe): MOELayer(
            (gate): TopKGate(
              (wg): Linear(in_features=2048, out_features=4, bias=False)
            )
            (experts): Experts(
              (deepspeed_experts): ModuleList(
                (0-3): 4 x RePaMLP(
                  (gate_proj): Linear(in_features=2048, out_features=5632, bias=False)
                  (up_proj): Linear(in_features=2048, out_features=5632, bias=False)
                  (down_proj): Linear(in_features=5632, out_features=2048, bias=False)
                  (act_fn): SiLU()
                )
              )
            )
          )
        )
        (input_layernorm): LayerNorm((2048,), eps=1e-05, elementwise_affine=True)
        (post_attention_layernorm): LayerNorm((2048,), eps=1e-05, elementwise_affine=True)
      )
      (7): DecoderLayer(
        (self_attn): Attention(
          (q_proj): Linear(in_features=2048, out_features=2048, bias=True)
          (k_proj): Linear(in_features=2048, out_features=2048, bias=True)
          (v_proj): Linear(in_features=2048, out_features=2048, bias=True)
          (o_proj): Linear(in_features=2048, out_features=2048, bias=False)
          (rotary_emb): RotaryEmbedding()
        )
        (mlp): MLP(
          (gate_proj): Linear(in_features=2048, out_features=5632, bias=False)
          (up_proj): Linear(in_features=2048, out_features=5632, bias=False)
          (down_proj): Linear(in_features=5632, out_features=2048, bias=False)
          (act_fn): SiLU()
        )
        (input_layernorm): LayerNorm((2048,), eps=1e-05, elementwise_affine=True)
        (post_attention_layernorm): LayerNorm((2048,), eps=1e-05, elementwise_affine=True)
      )
      (8): DecoderLayer(
        (self_attn): Attention(
          (q_proj): Linear(in_features=2048, out_features=2048, bias=True)
          (k_proj): Linear(in_features=2048, out_features=2048, bias=True)
          (v_proj): Linear(in_features=2048, out_features=2048, bias=True)
          (o_proj): Linear(in_features=2048, out_features=2048, bias=False)
          (rotary_emb): RotaryEmbedding()
        )
        (mlp): RePaMoE(
          (deepspeed_moe): MOELayer(
            (gate): TopKGate(
              (wg): Linear(in_features=2048, out_features=4, bias=False)
            )
            (experts): Experts(
              (deepspeed_experts): ModuleList(
                (0-3): 4 x RePaMLP(
                  (gate_proj): Linear(in_features=2048, out_features=5632, bias=False)
                  (up_proj): Linear(in_features=2048, out_features=5632, bias=False)
                  (down_proj): Linear(in_features=5632, out_features=2048, bias=False)
                  (act_fn): SiLU()
                )
              )
            )
          )
        )
        (input_layernorm): LayerNorm((2048,), eps=1e-05, elementwise_affine=True)
        (post_attention_layernorm): LayerNorm((2048,), eps=1e-05, elementwise_affine=True)
      )
      (9): DecoderLayer(
        (self_attn): Attention(
          (q_proj): Linear(in_features=2048, out_features=2048, bias=True)
          (k_proj): Linear(in_features=2048, out_features=2048, bias=True)
          (v_proj): Linear(in_features=2048, out_features=2048, bias=True)
          (o_proj): Linear(in_features=2048, out_features=2048, bias=False)
          (rotary_emb): RotaryEmbedding()
        )
        (mlp): MLP(
          (gate_proj): Linear(in_features=2048, out_features=5632, bias=False)
          (up_proj): Linear(in_features=2048, out_features=5632, bias=False)
          (down_proj): Linear(in_features=5632, out_features=2048, bias=False)
          (act_fn): SiLU()
        )
        (input_layernorm): LayerNorm((2048,), eps=1e-05, elementwise_affine=True)
        (post_attention_layernorm): LayerNorm((2048,), eps=1e-05, elementwise_affine=True)
      )
      (10): DecoderLayer(
        (self_attn): Attention(
          (q_proj): Linear(in_features=2048, out_features=2048, bias=True)
          (k_proj): Linear(in_features=2048, out_features=2048, bias=True)
          (v_proj): Linear(in_features=2048, out_features=2048, bias=True)
          (o_proj): Linear(in_features=2048, out_features=2048, bias=False)
          (rotary_emb): RotaryEmbedding()
        )
        (mlp): RePaMoE(
          (deepspeed_moe): MOELayer(
            (gate): TopKGate(
              (wg): Linear(in_features=2048, out_features=4, bias=False)
            )
            (experts): Experts(
              (deepspeed_experts): ModuleList(
                (0-3): 4 x RePaMLP(
                  (gate_proj): Linear(in_features=2048, out_features=5632, bias=False)
                  (up_proj): Linear(in_features=2048, out_features=5632, bias=False)
                  (down_proj): Linear(in_features=5632, out_features=2048, bias=False)
                  (act_fn): SiLU()
                )
              )
            )
          )
        )
        (input_layernorm): LayerNorm((2048,), eps=1e-05, elementwise_affine=True)
        (post_attention_layernorm): LayerNorm((2048,), eps=1e-05, elementwise_affine=True)
      )
      (11): DecoderLayer(
        (self_attn): Attention(
          (q_proj): Linear(in_features=2048, out_features=2048, bias=True)
          (k_proj): Linear(in_features=2048, out_features=2048, bias=True)
          (v_proj): Linear(in_features=2048, out_features=2048, bias=True)
          (o_proj): Linear(in_features=2048, out_features=2048, bias=False)
          (rotary_emb): RotaryEmbedding()
        )
        (mlp): MLP(
          (gate_proj): Linear(in_features=2048, out_features=5632, bias=False)
          (up_proj): Linear(in_features=2048, out_features=5632, bias=False)
          (down_proj): Linear(in_features=5632, out_features=2048, bias=False)
          (act_fn): SiLU()
        )
        (input_layernorm): LayerNorm((2048,), eps=1e-05, elementwise_affine=True)
        (post_attention_layernorm): LayerNorm((2048,), eps=1e-05, elementwise_affine=True)
      )
      (12): DecoderLayer(
        (self_attn): Attention(
          (q_proj): Linear(in_features=2048, out_features=2048, bias=True)
          (k_proj): Linear(in_features=2048, out_features=2048, bias=True)
          (v_proj): Linear(in_features=2048, out_features=2048, bias=True)
          (o_proj): Linear(in_features=2048, out_features=2048, bias=False)
          (rotary_emb): RotaryEmbedding()
        )
        (mlp): RePaMoE(
          (deepspeed_moe): MOELayer(
            (gate): TopKGate(
              (wg): Linear(in_features=2048, out_features=4, bias=False)
            )
            (experts): Experts(
              (deepspeed_experts): ModuleList(
                (0-3): 4 x RePaMLP(
                  (gate_proj): Linear(in_features=2048, out_features=5632, bias=False)
                  (up_proj): Linear(in_features=2048, out_features=5632, bias=False)
                  (down_proj): Linear(in_features=5632, out_features=2048, bias=False)
                  (act_fn): SiLU()
                )
              )
            )
          )
        )
        (input_layernorm): LayerNorm((2048,), eps=1e-05, elementwise_affine=True)
        (post_attention_layernorm): LayerNorm((2048,), eps=1e-05, elementwise_affine=True)
      )
      (13): DecoderLayer(
        (self_attn): Attention(
          (q_proj): Linear(in_features=2048, out_features=2048, bias=True)
          (k_proj): Linear(in_features=2048, out_features=2048, bias=True)
          (v_proj): Linear(in_features=2048, out_features=2048, bias=True)
          (o_proj): Linear(in_features=2048, out_features=2048, bias=False)
          (rotary_emb): RotaryEmbedding()
        )
        (mlp): MLP(
          (gate_proj): Linear(in_features=2048, out_features=5632, bias=False)
          (up_proj): Linear(in_features=2048, out_features=5632, bias=False)
          (down_proj): Linear(in_features=5632, out_features=2048, bias=False)
          (act_fn): SiLU()
        )
        (input_layernorm): LayerNorm((2048,), eps=1e-05, elementwise_affine=True)
        (post_attention_layernorm): LayerNorm((2048,), eps=1e-05, elementwise_affine=True)
      )
      (14): DecoderLayer(
        (self_attn): Attention(
          (q_proj): Linear(in_features=2048, out_features=2048, bias=True)
          (k_proj): Linear(in_features=2048, out_features=2048, bias=True)
          (v_proj): Linear(in_features=2048, out_features=2048, bias=True)
          (o_proj): Linear(in_features=2048, out_features=2048, bias=False)
          (rotary_emb): RotaryEmbedding()
        )
        (mlp): RePaMoE(
          (deepspeed_moe): MOELayer(
            (gate): TopKGate(
              (wg): Linear(in_features=2048, out_features=4, bias=False)
            )
            (experts): Experts(
              (deepspeed_experts): ModuleList(
                (0-3): 4 x RePaMLP(
                  (gate_proj): Linear(in_features=2048, out_features=5632, bias=False)
                  (up_proj): Linear(in_features=2048, out_features=5632, bias=False)
                  (down_proj): Linear(in_features=5632, out_features=2048, bias=False)
                  (act_fn): SiLU()
                )
              )
            )
          )
        )
        (input_layernorm): LayerNorm((2048,), eps=1e-05, elementwise_affine=True)
        (post_attention_layernorm): LayerNorm((2048,), eps=1e-05, elementwise_affine=True)
      )
      (15): DecoderLayer(
        (self_attn): Attention(
          (q_proj): Linear(in_features=2048, out_features=2048, bias=True)
          (k_proj): Linear(in_features=2048, out_features=2048, bias=True)
          (v_proj): Linear(in_features=2048, out_features=2048, bias=True)
          (o_proj): Linear(in_features=2048, out_features=2048, bias=False)
          (rotary_emb): RotaryEmbedding()
        )
        (mlp): MLP(
          (gate_proj): Linear(in_features=2048, out_features=5632, bias=False)
          (up_proj): Linear(in_features=2048, out_features=5632, bias=False)
          (down_proj): Linear(in_features=5632, out_features=2048, bias=False)
          (act_fn): SiLU()
        )
        (input_layernorm): LayerNorm((2048,), eps=1e-05, elementwise_affine=True)
        (post_attention_layernorm): LayerNorm((2048,), eps=1e-05, elementwise_affine=True)
      )
      (16): DecoderLayer(
        (self_attn): Attention(
          (q_proj): Linear(in_features=2048, out_features=2048, bias=True)
          (k_proj): Linear(in_features=2048, out_features=2048, bias=True)
          (v_proj): Linear(in_features=2048, out_features=2048, bias=True)
          (o_proj): Linear(in_features=2048, out_features=2048, bias=False)
          (rotary_emb): RotaryEmbedding()
        )
        (mlp): RePaMoE(
          (deepspeed_moe): MOELayer(
            (gate): TopKGate(
              (wg): Linear(in_features=2048, out_features=4, bias=False)
            )
            (experts): Experts(
              (deepspeed_experts): ModuleList(
                (0-3): 4 x RePaMLP(
                  (gate_proj): Linear(in_features=2048, out_features=5632, bias=False)
                  (up_proj): Linear(in_features=2048, out_features=5632, bias=False)
                  (down_proj): Linear(in_features=5632, out_features=2048, bias=False)
                  (act_fn): SiLU()
                )
              )
            )
          )
        )
        (input_layernorm): LayerNorm((2048,), eps=1e-05, elementwise_affine=True)
        (post_attention_layernorm): LayerNorm((2048,), eps=1e-05, elementwise_affine=True)
      )
      (17): DecoderLayer(
        (self_attn): Attention(
          (q_proj): Linear(in_features=2048, out_features=2048, bias=True)
          (k_proj): Linear(in_features=2048, out_features=2048, bias=True)
          (v_proj): Linear(in_features=2048, out_features=2048, bias=True)
          (o_proj): Linear(in_features=2048, out_features=2048, bias=False)
          (rotary_emb): RotaryEmbedding()
        )
        (mlp): MLP(
          (gate_proj): Linear(in_features=2048, out_features=5632, bias=False)
          (up_proj): Linear(in_features=2048, out_features=5632, bias=False)
          (down_proj): Linear(in_features=5632, out_features=2048, bias=False)
          (act_fn): SiLU()
        )
        (input_layernorm): LayerNorm((2048,), eps=1e-05, elementwise_affine=True)
        (post_attention_layernorm): LayerNorm((2048,), eps=1e-05, elementwise_affine=True)
      )
      (18): DecoderLayer(
        (self_attn): Attention(
          (q_proj): Linear(in_features=2048, out_features=2048, bias=True)
          (k_proj): Linear(in_features=2048, out_features=2048, bias=True)
          (v_proj): Linear(in_features=2048, out_features=2048, bias=True)
          (o_proj): Linear(in_features=2048, out_features=2048, bias=False)
          (rotary_emb): RotaryEmbedding()
        )
        (mlp): RePaMoE(
          (deepspeed_moe): MOELayer(
            (gate): TopKGate(
              (wg): Linear(in_features=2048, out_features=4, bias=False)
            )
            (experts): Experts(
              (deepspeed_experts): ModuleList(
                (0-3): 4 x RePaMLP(
                  (gate_proj): Linear(in_features=2048, out_features=5632, bias=False)
                  (up_proj): Linear(in_features=2048, out_features=5632, bias=False)
                  (down_proj): Linear(in_features=5632, out_features=2048, bias=False)
                  (act_fn): SiLU()
                )
              )
            )
          )
        )
        (input_layernorm): LayerNorm((2048,), eps=1e-05, elementwise_affine=True)
        (post_attention_layernorm): LayerNorm((2048,), eps=1e-05, elementwise_affine=True)
      )
      (19): DecoderLayer(
        (self_attn): Attention(
          (q_proj): Linear(in_features=2048, out_features=2048, bias=True)
          (k_proj): Linear(in_features=2048, out_features=2048, bias=True)
          (v_proj): Linear(in_features=2048, out_features=2048, bias=True)
          (o_proj): Linear(in_features=2048, out_features=2048, bias=False)
          (rotary_emb): RotaryEmbedding()
        )
        (mlp): MLP(
          (gate_proj): Linear(in_features=2048, out_features=5632, bias=False)
          (up_proj): Linear(in_features=2048, out_features=5632, bias=False)
          (down_proj): Linear(in_features=5632, out_features=2048, bias=False)
          (act_fn): SiLU()
        )
        (input_layernorm): LayerNorm((2048,), eps=1e-05, elementwise_affine=True)
        (post_attention_layernorm): LayerNorm((2048,), eps=1e-05, elementwise_affine=True)
      )
      (20): DecoderLayer(
        (self_attn): Attention(
          (q_proj): Linear(in_features=2048, out_features=2048, bias=True)
          (k_proj): Linear(in_features=2048, out_features=2048, bias=True)
          (v_proj): Linear(in_features=2048, out_features=2048, bias=True)
          (o_proj): Linear(in_features=2048, out_features=2048, bias=False)
          (rotary_emb): RotaryEmbedding()
        )
        (mlp): RePaMoE(
          (deepspeed_moe): MOELayer(
            (gate): TopKGate(
              (wg): Linear(in_features=2048, out_features=4, bias=False)
            )
            (experts): Experts(
              (deepspeed_experts): ModuleList(
                (0-3): 4 x RePaMLP(
                  (gate_proj): Linear(in_features=2048, out_features=5632, bias=False)
                  (up_proj): Linear(in_features=2048, out_features=5632, bias=False)
                  (down_proj): Linear(in_features=5632, out_features=2048, bias=False)
                  (act_fn): SiLU()
                )
              )
            )
          )
        )
        (input_layernorm): LayerNorm((2048,), eps=1e-05, elementwise_affine=True)
        (post_attention_layernorm): LayerNorm((2048,), eps=1e-05, elementwise_affine=True)
      )
      (21): DecoderLayer(
        (self_attn): Attention(
          (q_proj): Linear(in_features=2048, out_features=2048, bias=True)
          (k_proj): Linear(in_features=2048, out_features=2048, bias=True)
          (v_proj): Linear(in_features=2048, out_features=2048, bias=True)
          (o_proj): Linear(in_features=2048, out_features=2048, bias=False)
          (rotary_emb): RotaryEmbedding()
        )
        (mlp): MLP(
          (gate_proj): Linear(in_features=2048, out_features=5632, bias=False)
          (up_proj): Linear(in_features=2048, out_features=5632, bias=False)
          (down_proj): Linear(in_features=5632, out_features=2048, bias=False)
          (act_fn): SiLU()
        )
        (input_layernorm): LayerNorm((2048,), eps=1e-05, elementwise_affine=True)
        (post_attention_layernorm): LayerNorm((2048,), eps=1e-05, elementwise_affine=True)
      )
      (22): DecoderLayer(
        (self_attn): Attention(
          (q_proj): Linear(in_features=2048, out_features=2048, bias=True)
          (k_proj): Linear(in_features=2048, out_features=2048, bias=True)
          (v_proj): Linear(in_features=2048, out_features=2048, bias=True)
          (o_proj): Linear(in_features=2048, out_features=2048, bias=False)
          (rotary_emb): RotaryEmbedding()
        )
        (mlp): RePaMoE(
          (deepspeed_moe): MOELayer(
            (gate): TopKGate(
              (wg): Linear(in_features=2048, out_features=4, bias=False)
            )
            (experts): Experts(
              (deepspeed_experts): ModuleList(
                (0-3): 4 x RePaMLP(
                  (gate_proj): Linear(in_features=2048, out_features=5632, bias=False)
                  (up_proj): Linear(in_features=2048, out_features=5632, bias=False)
                  (down_proj): Linear(in_features=5632, out_features=2048, bias=False)
                  (act_fn): SiLU()
                )
              )
            )
          )
        )
        (input_layernorm): LayerNorm((2048,), eps=1e-05, elementwise_affine=True)
        (post_attention_layernorm): LayerNorm((2048,), eps=1e-05, elementwise_affine=True)
      )
      (23): DecoderLayer(
        (self_attn): Attention(
          (q_proj): Linear(in_features=2048, out_features=2048, bias=True)
          (k_proj): Linear(in_features=2048, out_features=2048, bias=True)
          (v_proj): Linear(in_features=2048, out_features=2048, bias=True)
          (o_proj): Linear(in_features=2048, out_features=2048, bias=False)
          (rotary_emb): RotaryEmbedding()
        )
        (mlp): MLP(
          (gate_proj): Linear(in_features=2048, out_features=5632, bias=False)
          (up_proj): Linear(in_features=2048, out_features=5632, bias=False)
          (down_proj): Linear(in_features=5632, out_features=2048, bias=False)
          (act_fn): SiLU()
        )
        (input_layernorm): LayerNorm((2048,), eps=1e-05, elementwise_affine=True)
        (post_attention_layernorm): LayerNorm((2048,), eps=1e-05, elementwise_affine=True)
      )
    )
    (norm): LayerNorm((2048,), eps=1e-05, elementwise_affine=True)
    (image_tower): CLIPVisionTower(
      (image_tower): CLIPVisionModel(
        (vision_model): CLIPVisionTransformer(
          (embeddings): CLIPVisionEmbeddings(
            (patch_embedding): Conv2d(3, 1024, kernel_size=(14, 14), stride=(14, 14), bias=False)
            (position_embedding): Embedding(577, 1024)
          )
          (pre_layrnorm): LayerNorm((1024,), eps=1e-05, elementwise_affine=True)
          (encoder): CLIPEncoder(
            (layers): ModuleList(
              (0-23): 24 x CLIPEncoderLayer(
                (self_attn): CLIPAttention(
                  (k_proj): Linear(in_features=1024, out_features=1024, bias=True)
                  (v_proj): Linear(in_features=1024, out_features=1024, bias=True)
                  (q_proj): Linear(in_features=1024, out_features=1024, bias=True)
                  (out_proj): Linear(in_features=1024, out_features=1024, bias=True)
                )
                (layer_norm1): LayerNorm((1024,), eps=1e-05, elementwise_affine=True)
                (mlp): CLIPMLP(
                  (activation_fn): QuickGELUActivation()
                  (fc1): Linear(in_features=1024, out_features=4096, bias=True)
                  (fc2): Linear(in_features=4096, out_features=1024, bias=True)
                )
                (layer_norm2): LayerNorm((1024,), eps=1e-05, elementwise_affine=True)
              )
            )
          )
          (post_layernorm): LayerNorm((1024,), eps=1e-05, elementwise_affine=True)
        )
      )
    )
    (mm_projector): build_projector(
      (image_spatial_proj): Sequential(
        (0): Linear(in_features=1024, out_features=2048, bias=True)
        (1): GELU(approximate='none')
        (2): Linear(in_features=2048, out_features=2048, bias=True)
      )
      (video_patch_proj): Identity()
      (video_spatial_proj): Identity()
      (video_temproal_proj): Identity()
      (video_global_proj): Identity()
    )
  )
  (lm_head): Linear(in_features=2048, out_features=100352, bias=False)
)
RePaMoELLaVAStablelmForCausalLM(
  (model): MoELLaVAStablelmModel(
    (embed_tokens): Embedding(100352, 2048, padding_idx=100280)
    (layers): ModuleList(
      (0): DecoderLayer(
        (self_attn): Attention(
          (q_proj): Linear(in_features=2048, out_features=2048, bias=True)
          (k_proj): Linear(in_features=2048, out_features=2048, bias=True)
          (v_proj): Linear(in_features=2048, out_features=2048, bias=True)
          (o_proj): Linear(in_features=2048, out_features=2048, bias=False)
          (rotary_emb): RotaryEmbedding()
        )
        (mlp): RePaMoE(
          (deepspeed_moe): MOELayer(
            (gate): TopKGate(
              (wg): Linear(in_features=2048, out_features=4, bias=False)
            )
            (experts): Experts(
              (deepspeed_experts): ModuleList(
                (0-3): 4 x RePaMLP(
                  (gate_proj): Linear(in_features=2048, out_features=5632, bias=False)
                  (up_proj): Linear(in_features=2048, out_features=5632, bias=False)
                  (down_proj): Linear(in_features=5632, out_features=2048, bias=False)
                  (act_fn): SiLU()
                )
              )
            )
          )
        )
        (input_layernorm): LayerNorm((2048,), eps=1e-05, elementwise_affine=True)
        (post_attention_layernorm): LayerNorm((2048,), eps=1e-05, elementwise_affine=True)
      )
      (1): DecoderLayer(
        (self_attn): Attention(
          (q_proj): Linear(in_features=2048, out_features=2048, bias=True)
          (k_proj): Linear(in_features=2048, out_features=2048, bias=True)
          (v_proj): Linear(in_features=2048, out_features=2048, bias=True)
          (o_proj): Linear(in_features=2048, out_features=2048, bias=False)
          (rotary_emb): RotaryEmbedding()
        )
        (mlp): MLP(
          (gate_proj): Linear(in_features=2048, out_features=5632, bias=False)
          (up_proj): Linear(in_features=2048, out_features=5632, bias=False)
          (down_proj): Linear(in_features=5632, out_features=2048, bias=False)
          (act_fn): SiLU()
        )
        (input_layernorm): LayerNorm((2048,), eps=1e-05, elementwise_affine=True)
        (post_attention_layernorm): LayerNorm((2048,), eps=1e-05, elementwise_affine=True)
      )
      (2): DecoderLayer(
        (self_attn): Attention(
          (q_proj): Linear(in_features=2048, out_features=2048, bias=True)
          (k_proj): Linear(in_features=2048, out_features=2048, bias=True)
          (v_proj): Linear(in_features=2048, out_features=2048, bias=True)
          (o_proj): Linear(in_features=2048, out_features=2048, bias=False)
          (rotary_emb): RotaryEmbedding()
        )
        (mlp): RePaMoE(
          (deepspeed_moe): MOELayer(
            (gate): TopKGate(
              (wg): Linear(in_features=2048, out_features=4, bias=False)
            )
            (experts): Experts(
              (deepspeed_experts): ModuleList(
                (0-3): 4 x RePaMLP(
                  (gate_proj): Linear(in_features=2048, out_features=5632, bias=False)
                  (up_proj): Linear(in_features=2048, out_features=5632, bias=False)
                  (down_proj): Linear(in_features=5632, out_features=2048, bias=False)
                  (act_fn): SiLU()
                )
              )
            )
          )
        )
        (input_layernorm): LayerNorm((2048,), eps=1e-05, elementwise_affine=True)
        (post_attention_layernorm): LayerNorm((2048,), eps=1e-05, elementwise_affine=True)
      )
      (3): DecoderLayer(
        (self_attn): Attention(
          (q_proj): Linear(in_features=2048, out_features=2048, bias=True)
          (k_proj): Linear(in_features=2048, out_features=2048, bias=True)
          (v_proj): Linear(in_features=2048, out_features=2048, bias=True)
          (o_proj): Linear(in_features=2048, out_features=2048, bias=False)
          (rotary_emb): RotaryEmbedding()
        )
        (mlp): MLP(
          (gate_proj): Linear(in_features=2048, out_features=5632, bias=False)
          (up_proj): Linear(in_features=2048, out_features=5632, bias=False)
          (down_proj): Linear(in_features=5632, out_features=2048, bias=False)
          (act_fn): SiLU()
        )
        (input_layernorm): LayerNorm((2048,), eps=1e-05, elementwise_affine=True)
        (post_attention_layernorm): LayerNorm((2048,), eps=1e-05, elementwise_affine=True)
      )
      (4): DecoderLayer(
        (self_attn): Attention(
          (q_proj): Linear(in_features=2048, out_features=2048, bias=True)
          (k_proj): Linear(in_features=2048, out_features=2048, bias=True)
          (v_proj): Linear(in_features=2048, out_features=2048, bias=True)
          (o_proj): Linear(in_features=2048, out_features=2048, bias=False)
          (rotary_emb): RotaryEmbedding()
        )
        (mlp): RePaMoE(
          (deepspeed_moe): MOELayer(
            (gate): TopKGate(
              (wg): Linear(in_features=2048, out_features=4, bias=False)
            )
            (experts): Experts(
              (deepspeed_experts): ModuleList(
                (0-3): 4 x RePaMLP(
                  (gate_proj): Linear(in_features=2048, out_features=5632, bias=False)
                  (up_proj): Linear(in_features=2048, out_features=5632, bias=False)
                  (down_proj): Linear(in_features=5632, out_features=2048, bias=False)
                  (act_fn): SiLU()
                )
              )
            )
          )
        )
        (input_layernorm): LayerNorm((2048,), eps=1e-05, elementwise_affine=True)
        (post_attention_layernorm): LayerNorm((2048,), eps=1e-05, elementwise_affine=True)
      )
      (5): DecoderLayer(
        (self_attn): Attention(
          (q_proj): Linear(in_features=2048, out_features=2048, bias=True)
          (k_proj): Linear(in_features=2048, out_features=2048, bias=True)
          (v_proj): Linear(in_features=2048, out_features=2048, bias=True)
          (o_proj): Linear(in_features=2048, out_features=2048, bias=False)
          (rotary_emb): RotaryEmbedding()
        )
        (mlp): MLP(
          (gate_proj): Linear(in_features=2048, out_features=5632, bias=False)
          (up_proj): Linear(in_features=2048, out_features=5632, bias=False)
          (down_proj): Linear(in_features=5632, out_features=2048, bias=False)
          (act_fn): SiLU()
        )
        (input_layernorm): LayerNorm((2048,), eps=1e-05, elementwise_affine=True)
        (post_attention_layernorm): LayerNorm((2048,), eps=1e-05, elementwise_affine=True)
      )
      (6): DecoderLayer(
        (self_attn): Attention(
          (q_proj): Linear(in_features=2048, out_features=2048, bias=True)
          (k_proj): Linear(in_features=2048, out_features=2048, bias=True)
          (v_proj): Linear(in_features=2048, out_features=2048, bias=True)
          (o_proj): Linear(in_features=2048, out_features=2048, bias=False)
          (rotary_emb): RotaryEmbedding()
        )
        (mlp): RePaMoE(
          (deepspeed_moe): MOELayer(
            (gate): TopKGate(
              (wg): Linear(in_features=2048, out_features=4, bias=False)
            )
            (experts): Experts(
              (deepspeed_experts): ModuleList(
                (0-3): 4 x RePaMLP(
                  (gate_proj): Linear(in_features=2048, out_features=5632, bias=False)
                  (up_proj): Linear(in_features=2048, out_features=5632, bias=False)
                  (down_proj): Linear(in_features=5632, out_features=2048, bias=False)
                  (act_fn): SiLU()
                )
              )
            )
          )
        )
        (input_layernorm): LayerNorm((2048,), eps=1e-05, elementwise_affine=True)
        (post_attention_layernorm): LayerNorm((2048,), eps=1e-05, elementwise_affine=True)
      )
      (7): DecoderLayer(
        (self_attn): Attention(
          (q_proj): Linear(in_features=2048, out_features=2048, bias=True)
          (k_proj): Linear(in_features=2048, out_features=2048, bias=True)
          (v_proj): Linear(in_features=2048, out_features=2048, bias=True)
          (o_proj): Linear(in_features=2048, out_features=2048, bias=False)
          (rotary_emb): RotaryEmbedding()
        )
        (mlp): MLP(
          (gate_proj): Linear(in_features=2048, out_features=5632, bias=False)
          (up_proj): Linear(in_features=2048, out_features=5632, bias=False)
          (down_proj): Linear(in_features=5632, out_features=2048, bias=False)
          (act_fn): SiLU()
        )
        (input_layernorm): LayerNorm((2048,), eps=1e-05, elementwise_affine=True)
        (post_attention_layernorm): LayerNorm((2048,), eps=1e-05, elementwise_affine=True)
      )
      (8): DecoderLayer(
        (self_attn): Attention(
          (q_proj): Linear(in_features=2048, out_features=2048, bias=True)
          (k_proj): Linear(in_features=2048, out_features=2048, bias=True)
          (v_proj): Linear(in_features=2048, out_features=2048, bias=True)
          (o_proj): Linear(in_features=2048, out_features=2048, bias=False)
          (rotary_emb): RotaryEmbedding()
        )
        (mlp): RePaMoE(
          (deepspeed_moe): MOELayer(
            (gate): TopKGate(
              (wg): Linear(in_features=2048, out_features=4, bias=False)
            )
            (experts): Experts(
              (deepspeed_experts): ModuleList(
                (0-3): 4 x RePaMLP(
                  (gate_proj): Linear(in_features=2048, out_features=5632, bias=False)
                  (up_proj): Linear(in_features=2048, out_features=5632, bias=False)
                  (down_proj): Linear(in_features=5632, out_features=2048, bias=False)
                  (act_fn): SiLU()
                )
              )
            )
          )
        )
        (input_layernorm): LayerNorm((2048,), eps=1e-05, elementwise_affine=True)
        (post_attention_layernorm): LayerNorm((2048,), eps=1e-05, elementwise_affine=True)
      )
      (9): DecoderLayer(
        (self_attn): Attention(
          (q_proj): Linear(in_features=2048, out_features=2048, bias=True)
          (k_proj): Linear(in_features=2048, out_features=2048, bias=True)
          (v_proj): Linear(in_features=2048, out_features=2048, bias=True)
          (o_proj): Linear(in_features=2048, out_features=2048, bias=False)
          (rotary_emb): RotaryEmbedding()
        )
        (mlp): MLP(
          (gate_proj): Linear(in_features=2048, out_features=5632, bias=False)
          (up_proj): Linear(in_features=2048, out_features=5632, bias=False)
          (down_proj): Linear(in_features=5632, out_features=2048, bias=False)
          (act_fn): SiLU()
        )
        (input_layernorm): LayerNorm((2048,), eps=1e-05, elementwise_affine=True)
        (post_attention_layernorm): LayerNorm((2048,), eps=1e-05, elementwise_affine=True)
      )
      (10): DecoderLayer(
        (self_attn): Attention(
          (q_proj): Linear(in_features=2048, out_features=2048, bias=True)
          (k_proj): Linear(in_features=2048, out_features=2048, bias=True)
          (v_proj): Linear(in_features=2048, out_features=2048, bias=True)
          (o_proj): Linear(in_features=2048, out_features=2048, bias=False)
          (rotary_emb): RotaryEmbedding()
        )
        (mlp): RePaMoE(
          (deepspeed_moe): MOELayer(
            (gate): TopKGate(
              (wg): Linear(in_features=2048, out_features=4, bias=False)
            )
            (experts): Experts(
              (deepspeed_experts): ModuleList(
                (0-3): 4 x RePaMLP(
                  (gate_proj): Linear(in_features=2048, out_features=5632, bias=False)
                  (up_proj): Linear(in_features=2048, out_features=5632, bias=False)
                  (down_proj): Linear(in_features=5632, out_features=2048, bias=False)
                  (act_fn): SiLU()
                )
              )
            )
          )
        )
        (input_layernorm): LayerNorm((2048,), eps=1e-05, elementwise_affine=True)
        (post_attention_layernorm): LayerNorm((2048,), eps=1e-05, elementwise_affine=True)
      )
      (11): DecoderLayer(
        (self_attn): Attention(
          (q_proj): Linear(in_features=2048, out_features=2048, bias=True)
          (k_proj): Linear(in_features=2048, out_features=2048, bias=True)
          (v_proj): Linear(in_features=2048, out_features=2048, bias=True)
          (o_proj): Linear(in_features=2048, out_features=2048, bias=False)
          (rotary_emb): RotaryEmbedding()
        )
        (mlp): MLP(
          (gate_proj): Linear(in_features=2048, out_features=5632, bias=False)
          (up_proj): Linear(in_features=2048, out_features=5632, bias=False)
          (down_proj): Linear(in_features=5632, out_features=2048, bias=False)
          (act_fn): SiLU()
        )
        (input_layernorm): LayerNorm((2048,), eps=1e-05, elementwise_affine=True)
        (post_attention_layernorm): LayerNorm((2048,), eps=1e-05, elementwise_affine=True)
      )
      (12): DecoderLayer(
        (self_attn): Attention(
          (q_proj): Linear(in_features=2048, out_features=2048, bias=True)
          (k_proj): Linear(in_features=2048, out_features=2048, bias=True)
          (v_proj): Linear(in_features=2048, out_features=2048, bias=True)
          (o_proj): Linear(in_features=2048, out_features=2048, bias=False)
          (rotary_emb): RotaryEmbedding()
        )
        (mlp): RePaMoE(
          (deepspeed_moe): MOELayer(
            (gate): TopKGate(
              (wg): Linear(in_features=2048, out_features=4, bias=False)
            )
            (experts): Experts(
              (deepspeed_experts): ModuleList(
                (0-3): 4 x RePaMLP(
                  (gate_proj): Linear(in_features=2048, out_features=5632, bias=False)
                  (up_proj): Linear(in_features=2048, out_features=5632, bias=False)
                  (down_proj): Linear(in_features=5632, out_features=2048, bias=False)
                  (act_fn): SiLU()
                )
              )
            )
          )
        )
        (input_layernorm): LayerNorm((2048,), eps=1e-05, elementwise_affine=True)
        (post_attention_layernorm): LayerNorm((2048,), eps=1e-05, elementwise_affine=True)
      )
      (13): DecoderLayer(
        (self_attn): Attention(
          (q_proj): Linear(in_features=2048, out_features=2048, bias=True)
          (k_proj): Linear(in_features=2048, out_features=2048, bias=True)
          (v_proj): Linear(in_features=2048, out_features=2048, bias=True)
          (o_proj): Linear(in_features=2048, out_features=2048, bias=False)
          (rotary_emb): RotaryEmbedding()
        )
        (mlp): MLP(
          (gate_proj): Linear(in_features=2048, out_features=5632, bias=False)
          (up_proj): Linear(in_features=2048, out_features=5632, bias=False)
          (down_proj): Linear(in_features=5632, out_features=2048, bias=False)
          (act_fn): SiLU()
        )
        (input_layernorm): LayerNorm((2048,), eps=1e-05, elementwise_affine=True)
        (post_attention_layernorm): LayerNorm((2048,), eps=1e-05, elementwise_affine=True)
      )
      (14): DecoderLayer(
        (self_attn): Attention(
          (q_proj): Linear(in_features=2048, out_features=2048, bias=True)
          (k_proj): Linear(in_features=2048, out_features=2048, bias=True)
          (v_proj): Linear(in_features=2048, out_features=2048, bias=True)
          (o_proj): Linear(in_features=2048, out_features=2048, bias=False)
          (rotary_emb): RotaryEmbedding()
        )
        (mlp): RePaMoE(
          (deepspeed_moe): MOELayer(
            (gate): TopKGate(
              (wg): Linear(in_features=2048, out_features=4, bias=False)
            )
            (experts): Experts(
              (deepspeed_experts): ModuleList(
                (0-3): 4 x RePaMLP(
                  (gate_proj): Linear(in_features=2048, out_features=5632, bias=False)
                  (up_proj): Linear(in_features=2048, out_features=5632, bias=False)
                  (down_proj): Linear(in_features=5632, out_features=2048, bias=False)
                  (act_fn): SiLU()
                )
              )
            )
          )
        )
        (input_layernorm): LayerNorm((2048,), eps=1e-05, elementwise_affine=True)
        (post_attention_layernorm): LayerNorm((2048,), eps=1e-05, elementwise_affine=True)
      )
      (15): DecoderLayer(
        (self_attn): Attention(
          (q_proj): Linear(in_features=2048, out_features=2048, bias=True)
          (k_proj): Linear(in_features=2048, out_features=2048, bias=True)
          (v_proj): Linear(in_features=2048, out_features=2048, bias=True)
          (o_proj): Linear(in_features=2048, out_features=2048, bias=False)
          (rotary_emb): RotaryEmbedding()
        )
        (mlp): MLP(
          (gate_proj): Linear(in_features=2048, out_features=5632, bias=False)
          (up_proj): Linear(in_features=2048, out_features=5632, bias=False)
          (down_proj): Linear(in_features=5632, out_features=2048, bias=False)
          (act_fn): SiLU()
        )
        (input_layernorm): LayerNorm((2048,), eps=1e-05, elementwise_affine=True)
        (post_attention_layernorm): LayerNorm((2048,), eps=1e-05, elementwise_affine=True)
      )
      (16): DecoderLayer(
        (self_attn): Attention(
          (q_proj): Linear(in_features=2048, out_features=2048, bias=True)
          (k_proj): Linear(in_features=2048, out_features=2048, bias=True)
          (v_proj): Linear(in_features=2048, out_features=2048, bias=True)
          (o_proj): Linear(in_features=2048, out_features=2048, bias=False)
          (rotary_emb): RotaryEmbedding()
        )
        (mlp): RePaMoE(
          (deepspeed_moe): MOELayer(
            (gate): TopKGate(
              (wg): Linear(in_features=2048, out_features=4, bias=False)
            )
            (experts): Experts(
              (deepspeed_experts): ModuleList(
                (0-3): 4 x RePaMLP(
                  (gate_proj): Linear(in_features=2048, out_features=5632, bias=False)
                  (up_proj): Linear(in_features=2048, out_features=5632, bias=False)
                  (down_proj): Linear(in_features=5632, out_features=2048, bias=False)
                  (act_fn): SiLU()
                )
              )
            )
          )
        )
        (input_layernorm): LayerNorm((2048,), eps=1e-05, elementwise_affine=True)
        (post_attention_layernorm): LayerNorm((2048,), eps=1e-05, elementwise_affine=True)
      )
      (17): DecoderLayer(
        (self_attn): Attention(
          (q_proj): Linear(in_features=2048, out_features=2048, bias=True)
          (k_proj): Linear(in_features=2048, out_features=2048, bias=True)
          (v_proj): Linear(in_features=2048, out_features=2048, bias=True)
          (o_proj): Linear(in_features=2048, out_features=2048, bias=False)
          (rotary_emb): RotaryEmbedding()
        )
        (mlp): MLP(
          (gate_proj): Linear(in_features=2048, out_features=5632, bias=False)
          (up_proj): Linear(in_features=2048, out_features=5632, bias=False)
          (down_proj): Linear(in_features=5632, out_features=2048, bias=False)
          (act_fn): SiLU()
        )
        (input_layernorm): LayerNorm((2048,), eps=1e-05, elementwise_affine=True)
        (post_attention_layernorm): LayerNorm((2048,), eps=1e-05, elementwise_affine=True)
      )
      (18): DecoderLayer(
        (self_attn): Attention(
          (q_proj): Linear(in_features=2048, out_features=2048, bias=True)
          (k_proj): Linear(in_features=2048, out_features=2048, bias=True)
          (v_proj): Linear(in_features=2048, out_features=2048, bias=True)
          (o_proj): Linear(in_features=2048, out_features=2048, bias=False)
          (rotary_emb): RotaryEmbedding()
        )
        (mlp): RePaMoE(
          (deepspeed_moe): MOELayer(
            (gate): TopKGate(
              (wg): Linear(in_features=2048, out_features=4, bias=False)
            )
            (experts): Experts(
              (deepspeed_experts): ModuleList(
                (0-3): 4 x RePaMLP(
                  (gate_proj): Linear(in_features=2048, out_features=5632, bias=False)
                  (up_proj): Linear(in_features=2048, out_features=5632, bias=False)
                  (down_proj): Linear(in_features=5632, out_features=2048, bias=False)
                  (act_fn): SiLU()
                )
              )
            )
          )
        )
        (input_layernorm): LayerNorm((2048,), eps=1e-05, elementwise_affine=True)
        (post_attention_layernorm): LayerNorm((2048,), eps=1e-05, elementwise_affine=True)
      )
      (19): DecoderLayer(
        (self_attn): Attention(
          (q_proj): Linear(in_features=2048, out_features=2048, bias=True)
          (k_proj): Linear(in_features=2048, out_features=2048, bias=True)
          (v_proj): Linear(in_features=2048, out_features=2048, bias=True)
          (o_proj): Linear(in_features=2048, out_features=2048, bias=False)
          (rotary_emb): RotaryEmbedding()
        )
        (mlp): MLP(
          (gate_proj): Linear(in_features=2048, out_features=5632, bias=False)
          (up_proj): Linear(in_features=2048, out_features=5632, bias=False)
          (down_proj): Linear(in_features=5632, out_features=2048, bias=False)
          (act_fn): SiLU()
        )
        (input_layernorm): LayerNorm((2048,), eps=1e-05, elementwise_affine=True)
        (post_attention_layernorm): LayerNorm((2048,), eps=1e-05, elementwise_affine=True)
      )
      (20): DecoderLayer(
        (self_attn): Attention(
          (q_proj): Linear(in_features=2048, out_features=2048, bias=True)
          (k_proj): Linear(in_features=2048, out_features=2048, bias=True)
          (v_proj): Linear(in_features=2048, out_features=2048, bias=True)
          (o_proj): Linear(in_features=2048, out_features=2048, bias=False)
          (rotary_emb): RotaryEmbedding()
        )
        (mlp): RePaMoE(
          (deepspeed_moe): MOELayer(
            (gate): TopKGate(
              (wg): Linear(in_features=2048, out_features=4, bias=False)
            )
            (experts): Experts(
              (deepspeed_experts): ModuleList(
                (0-3): 4 x RePaMLP(
                  (gate_proj): Linear(in_features=2048, out_features=5632, bias=False)
                  (up_proj): Linear(in_features=2048, out_features=5632, bias=False)
                  (down_proj): Linear(in_features=5632, out_features=2048, bias=False)
                  (act_fn): SiLU()
                )
              )
            )
          )
        )
        (input_layernorm): LayerNorm((2048,), eps=1e-05, elementwise_affine=True)
        (post_attention_layernorm): LayerNorm((2048,), eps=1e-05, elementwise_affine=True)
      )
      (21): DecoderLayer(
        (self_attn): Attention(
          (q_proj): Linear(in_features=2048, out_features=2048, bias=True)
          (k_proj): Linear(in_features=2048, out_features=2048, bias=True)
          (v_proj): Linear(in_features=2048, out_features=2048, bias=True)
          (o_proj): Linear(in_features=2048, out_features=2048, bias=False)
          (rotary_emb): RotaryEmbedding()
        )
        (mlp): MLP(
          (gate_proj): Linear(in_features=2048, out_features=5632, bias=False)
          (up_proj): Linear(in_features=2048, out_features=5632, bias=False)
          (down_proj): Linear(in_features=5632, out_features=2048, bias=False)
          (act_fn): SiLU()
        )
        (input_layernorm): LayerNorm((2048,), eps=1e-05, elementwise_affine=True)
        (post_attention_layernorm): LayerNorm((2048,), eps=1e-05, elementwise_affine=True)
      )
      (22): DecoderLayer(
        (self_attn): Attention(
          (q_proj): Linear(in_features=2048, out_features=2048, bias=True)
          (k_proj): Linear(in_features=2048, out_features=2048, bias=True)
          (v_proj): Linear(in_features=2048, out_features=2048, bias=True)
          (o_proj): Linear(in_features=2048, out_features=2048, bias=False)
          (rotary_emb): RotaryEmbedding()
        )
        (mlp): RePaMoE(
          (deepspeed_moe): MOELayer(
            (gate): TopKGate(
              (wg): Linear(in_features=2048, out_features=4, bias=False)
            )
            (experts): Experts(
              (deepspeed_experts): ModuleList(
                (0-3): 4 x RePaMLP(
                  (gate_proj): Linear(in_features=2048, out_features=5632, bias=False)
                  (up_proj): Linear(in_features=2048, out_features=5632, bias=False)
                  (down_proj): Linear(in_features=5632, out_features=2048, bias=False)
                  (act_fn): SiLU()
                )
              )
            )
          )
        )
        (input_layernorm): LayerNorm((2048,), eps=1e-05, elementwise_affine=True)
        (post_attention_layernorm): LayerNorm((2048,), eps=1e-05, elementwise_affine=True)
      )
      (23): DecoderLayer(
        (self_attn): Attention(
          (q_proj): Linear(in_features=2048, out_features=2048, bias=True)
          (k_proj): Linear(in_features=2048, out_features=2048, bias=True)
          (v_proj): Linear(in_features=2048, out_features=2048, bias=True)
          (o_proj): Linear(in_features=2048, out_features=2048, bias=False)
          (rotary_emb): RotaryEmbedding()
        )
        (mlp): MLP(
          (gate_proj): Linear(in_features=2048, out_features=5632, bias=False)
          (up_proj): Linear(in_features=2048, out_features=5632, bias=False)
          (down_proj): Linear(in_features=5632, out_features=2048, bias=False)
          (act_fn): SiLU()
        )
        (input_layernorm): LayerNorm((2048,), eps=1e-05, elementwise_affine=True)
        (post_attention_layernorm): LayerNorm((2048,), eps=1e-05, elementwise_affine=True)
      )
    )
    (norm): LayerNorm((2048,), eps=1e-05, elementwise_affine=True)
    (image_tower): CLIPVisionTower(
      (image_tower): CLIPVisionModel(
        (vision_model): CLIPVisionTransformer(
          (embeddings): CLIPVisionEmbeddings(
            (patch_embedding): Conv2d(3, 1024, kernel_size=(14, 14), stride=(14, 14), bias=False)
            (position_embedding): Embedding(577, 1024)
          )
          (pre_layrnorm): LayerNorm((1024,), eps=1e-05, elementwise_affine=True)
          (encoder): CLIPEncoder(
            (layers): ModuleList(
              (0-23): 24 x CLIPEncoderLayer(
                (self_attn): CLIPAttention(
                  (k_proj): Linear(in_features=1024, out_features=1024, bias=True)
                  (v_proj): Linear(in_features=1024, out_features=1024, bias=True)
                  (q_proj): Linear(in_features=1024, out_features=1024, bias=True)
                  (out_proj): Linear(in_features=1024, out_features=1024, bias=True)
                )
                (layer_norm1): LayerNorm((1024,), eps=1e-05, elementwise_affine=True)
                (mlp): CLIPMLP(
                  (activation_fn): QuickGELUActivation()
                  (fc1): Linear(in_features=1024, out_features=4096, bias=True)
                  (fc2): Linear(in_features=4096, out_features=1024, bias=True)
                )
                (layer_norm2): LayerNorm((1024,), eps=1e-05, elementwise_affine=True)
              )
            )
          )
          (post_layernorm): LayerNorm((1024,), eps=1e-05, elementwise_affine=True)
        )
      )
    )
    (mm_projector): build_projector(
      (image_spatial_proj): Sequential(
        (0): Linear(in_features=1024, out_features=2048, bias=True)
        (1): GELU(approximate='none')
        (2): Linear(in_features=2048, out_features=2048, bias=True)
      )
      (video_patch_proj): Identity()
      (video_spatial_proj): Identity()
      (video_temproal_proj): Identity()
      (video_global_proj): Identity()
    )
  )
  (lm_head): Linear(in_features=2048, out_features=100352, bias=False)
)
RePaMoELLaVAStablelmForCausalLM(
  (model): MoELLaVAStablelmModel(
    (embed_tokens): Embedding(100352, 2048, padding_idx=100280)
    (layers): ModuleList(
      (0): DecoderLayer(
        (self_attn): Attention(
          (q_proj): Linear(in_features=2048, out_features=2048, bias=True)
          (k_proj): Linear(in_features=2048, out_features=2048, bias=True)
          (v_proj): Linear(in_features=2048, out_features=2048, bias=True)
          (o_proj): Linear(in_features=2048, out_features=2048, bias=False)
          (rotary_emb): RotaryEmbedding()
        )
        (mlp): RePaMoE(
          (deepspeed_moe): MOELayer(
            (gate): TopKGate(
              (wg): Linear(in_features=2048, out_features=4, bias=False)
            )
            (experts): Experts(
              (deepspeed_experts): ModuleList(
                (0-3): 4 x RePaMLP(
                  (gate_proj): Linear(in_features=2048, out_features=5632, bias=False)
                  (up_proj): Linear(in_features=2048, out_features=5632, bias=False)
                  (down_proj): Linear(in_features=5632, out_features=2048, bias=False)
                  (act_fn): SiLU()
                )
              )
            )
          )
        )
        (input_layernorm): LayerNorm((2048,), eps=1e-05, elementwise_affine=True)
        (post_attention_layernorm): LayerNorm((2048,), eps=1e-05, elementwise_affine=True)
      )
      (1): DecoderLayer(
        (self_attn): Attention(
          (q_proj): Linear(in_features=2048, out_features=2048, bias=True)
          (k_proj): Linear(in_features=2048, out_features=2048, bias=True)
          (v_proj): Linear(in_features=2048, out_features=2048, bias=True)
          (o_proj): Linear(in_features=2048, out_features=2048, bias=False)
          (rotary_emb): RotaryEmbedding()
        )
        (mlp): MLP(
          (gate_proj): Linear(in_features=2048, out_features=5632, bias=False)
          (up_proj): Linear(in_features=2048, out_features=5632, bias=False)
          (down_proj): Linear(in_features=5632, out_features=2048, bias=False)
          (act_fn): SiLU()
        )
        (input_layernorm): LayerNorm((2048,), eps=1e-05, elementwise_affine=True)
        (post_attention_layernorm): LayerNorm((2048,), eps=1e-05, elementwise_affine=True)
      )
      (2): DecoderLayer(
        (self_attn): Attention(
          (q_proj): Linear(in_features=2048, out_features=2048, bias=True)
          (k_proj): Linear(in_features=2048, out_features=2048, bias=True)
          (v_proj): Linear(in_features=2048, out_features=2048, bias=True)
          (o_proj): Linear(in_features=2048, out_features=2048, bias=False)
          (rotary_emb): RotaryEmbedding()
        )
        (mlp): RePaMoE(
          (deepspeed_moe): MOELayer(
            (gate): TopKGate(
              (wg): Linear(in_features=2048, out_features=4, bias=False)
            )
            (experts): Experts(
              (deepspeed_experts): ModuleList(
                (0-3): 4 x RePaMLP(
                  (gate_proj): Linear(in_features=2048, out_features=5632, bias=False)
                  (up_proj): Linear(in_features=2048, out_features=5632, bias=False)
                  (down_proj): Linear(in_features=5632, out_features=2048, bias=False)
                  (act_fn): SiLU()
                )
              )
            )
          )
        )
        (input_layernorm): LayerNorm((2048,), eps=1e-05, elementwise_affine=True)
        (post_attention_layernorm): LayerNorm((2048,), eps=1e-05, elementwise_affine=True)
      )
      (3): DecoderLayer(
        (self_attn): Attention(
          (q_proj): Linear(in_features=2048, out_features=2048, bias=True)
          (k_proj): Linear(in_features=2048, out_features=2048, bias=True)
          (v_proj): Linear(in_features=2048, out_features=2048, bias=True)
          (o_proj): Linear(in_features=2048, out_features=2048, bias=False)
          (rotary_emb): RotaryEmbedding()
        )
        (mlp): MLP(
          (gate_proj): Linear(in_features=2048, out_features=5632, bias=False)
          (up_proj): Linear(in_features=2048, out_features=5632, bias=False)
          (down_proj): Linear(in_features=5632, out_features=2048, bias=False)
          (act_fn): SiLU()
        )
        (input_layernorm): LayerNorm((2048,), eps=1e-05, elementwise_affine=True)
        (post_attention_layernorm): LayerNorm((2048,), eps=1e-05, elementwise_affine=True)
      )
      (4): DecoderLayer(
        (self_attn): Attention(
          (q_proj): Linear(in_features=2048, out_features=2048, bias=True)
          (k_proj): Linear(in_features=2048, out_features=2048, bias=True)
          (v_proj): Linear(in_features=2048, out_features=2048, bias=True)
          (o_proj): Linear(in_features=2048, out_features=2048, bias=False)
          (rotary_emb): RotaryEmbedding()
        )
        (mlp): RePaMoE(
          (deepspeed_moe): MOELayer(
            (gate): TopKGate(
              (wg): Linear(in_features=2048, out_features=4, bias=False)
            )
            (experts): Experts(
              (deepspeed_experts): ModuleList(
                (0-3): 4 x RePaMLP(
                  (gate_proj): Linear(in_features=2048, out_features=5632, bias=False)
                  (up_proj): Linear(in_features=2048, out_features=5632, bias=False)
                  (down_proj): Linear(in_features=5632, out_features=2048, bias=False)
                  (act_fn): SiLU()
                )
              )
            )
          )
        )
        (input_layernorm): LayerNorm((2048,), eps=1e-05, elementwise_affine=True)
        (post_attention_layernorm): LayerNorm((2048,), eps=1e-05, elementwise_affine=True)
      )
      (5): DecoderLayer(
        (self_attn): Attention(
          (q_proj): Linear(in_features=2048, out_features=2048, bias=True)
          (k_proj): Linear(in_features=2048, out_features=2048, bias=True)
          (v_proj): Linear(in_features=2048, out_features=2048, bias=True)
          (o_proj): Linear(in_features=2048, out_features=2048, bias=False)
          (rotary_emb): RotaryEmbedding()
        )
        (mlp): MLP(
          (gate_proj): Linear(in_features=2048, out_features=5632, bias=False)
          (up_proj): Linear(in_features=2048, out_features=5632, bias=False)
          (down_proj): Linear(in_features=5632, out_features=2048, bias=False)
          (act_fn): SiLU()
        )
        (input_layernorm): LayerNorm((2048,), eps=1e-05, elementwise_affine=True)
        (post_attention_layernorm): LayerNorm((2048,), eps=1e-05, elementwise_affine=True)
      )
      (6): DecoderLayer(
        (self_attn): Attention(
          (q_proj): Linear(in_features=2048, out_features=2048, bias=True)
          (k_proj): Linear(in_features=2048, out_features=2048, bias=True)
          (v_proj): Linear(in_features=2048, out_features=2048, bias=True)
          (o_proj): Linear(in_features=2048, out_features=2048, bias=False)
          (rotary_emb): RotaryEmbedding()
        )
        (mlp): RePaMoE(
          (deepspeed_moe): MOELayer(
            (gate): TopKGate(
              (wg): Linear(in_features=2048, out_features=4, bias=False)
            )
            (experts): Experts(
              (deepspeed_experts): ModuleList(
                (0-3): 4 x RePaMLP(
                  (gate_proj): Linear(in_features=2048, out_features=5632, bias=False)
                  (up_proj): Linear(in_features=2048, out_features=5632, bias=False)
                  (down_proj): Linear(in_features=5632, out_features=2048, bias=False)
                  (act_fn): SiLU()
                )
              )
            )
          )
        )
        (input_layernorm): LayerNorm((2048,), eps=1e-05, elementwise_affine=True)
        (post_attention_layernorm): LayerNorm((2048,), eps=1e-05, elementwise_affine=True)
      )
      (7): DecoderLayer(
        (self_attn): Attention(
          (q_proj): Linear(in_features=2048, out_features=2048, bias=True)
          (k_proj): Linear(in_features=2048, out_features=2048, bias=True)
          (v_proj): Linear(in_features=2048, out_features=2048, bias=True)
          (o_proj): Linear(in_features=2048, out_features=2048, bias=False)
          (rotary_emb): RotaryEmbedding()
        )
        (mlp): MLP(
          (gate_proj): Linear(in_features=2048, out_features=5632, bias=False)
          (up_proj): Linear(in_features=2048, out_features=5632, bias=False)
          (down_proj): Linear(in_features=5632, out_features=2048, bias=False)
          (act_fn): SiLU()
        )
        (input_layernorm): LayerNorm((2048,), eps=1e-05, elementwise_affine=True)
        (post_attention_layernorm): LayerNorm((2048,), eps=1e-05, elementwise_affine=True)
      )
      (8): DecoderLayer(
        (self_attn): Attention(
          (q_proj): Linear(in_features=2048, out_features=2048, bias=True)
          (k_proj): Linear(in_features=2048, out_features=2048, bias=True)
          (v_proj): Linear(in_features=2048, out_features=2048, bias=True)
          (o_proj): Linear(in_features=2048, out_features=2048, bias=False)
          (rotary_emb): RotaryEmbedding()
        )
        (mlp): RePaMoE(
          (deepspeed_moe): MOELayer(
            (gate): TopKGate(
              (wg): Linear(in_features=2048, out_features=4, bias=False)
            )
            (experts): Experts(
              (deepspeed_experts): ModuleList(
                (0-3): 4 x RePaMLP(
                  (gate_proj): Linear(in_features=2048, out_features=5632, bias=False)
                  (up_proj): Linear(in_features=2048, out_features=5632, bias=False)
                  (down_proj): Linear(in_features=5632, out_features=2048, bias=False)
                  (act_fn): SiLU()
                )
              )
            )
          )
        )
        (input_layernorm): LayerNorm((2048,), eps=1e-05, elementwise_affine=True)
        (post_attention_layernorm): LayerNorm((2048,), eps=1e-05, elementwise_affine=True)
      )
      (9): DecoderLayer(
        (self_attn): Attention(
          (q_proj): Linear(in_features=2048, out_features=2048, bias=True)
          (k_proj): Linear(in_features=2048, out_features=2048, bias=True)
          (v_proj): Linear(in_features=2048, out_features=2048, bias=True)
          (o_proj): Linear(in_features=2048, out_features=2048, bias=False)
          (rotary_emb): RotaryEmbedding()
        )
        (mlp): MLP(
          (gate_proj): Linear(in_features=2048, out_features=5632, bias=False)
          (up_proj): Linear(in_features=2048, out_features=5632, bias=False)
          (down_proj): Linear(in_features=5632, out_features=2048, bias=False)
          (act_fn): SiLU()
        )
        (input_layernorm): LayerNorm((2048,), eps=1e-05, elementwise_affine=True)
        (post_attention_layernorm): LayerNorm((2048,), eps=1e-05, elementwise_affine=True)
      )
      (10): DecoderLayer(
        (self_attn): Attention(
          (q_proj): Linear(in_features=2048, out_features=2048, bias=True)
          (k_proj): Linear(in_features=2048, out_features=2048, bias=True)
          (v_proj): Linear(in_features=2048, out_features=2048, bias=True)
          (o_proj): Linear(in_features=2048, out_features=2048, bias=False)
          (rotary_emb): RotaryEmbedding()
        )
        (mlp): RePaMoE(
          (deepspeed_moe): MOELayer(
            (gate): TopKGate(
              (wg): Linear(in_features=2048, out_features=4, bias=False)
            )
            (experts): Experts(
              (deepspeed_experts): ModuleList(
                (0-3): 4 x RePaMLP(
                  (gate_proj): Linear(in_features=2048, out_features=5632, bias=False)
                  (up_proj): Linear(in_features=2048, out_features=5632, bias=False)
                  (down_proj): Linear(in_features=5632, out_features=2048, bias=False)
                  (act_fn): SiLU()
                )
              )
            )
          )
        )
        (input_layernorm): LayerNorm((2048,), eps=1e-05, elementwise_affine=True)
        (post_attention_layernorm): LayerNorm((2048,), eps=1e-05, elementwise_affine=True)
      )
      (11): DecoderLayer(
        (self_attn): Attention(
          (q_proj): Linear(in_features=2048, out_features=2048, bias=True)
          (k_proj): Linear(in_features=2048, out_features=2048, bias=True)
          (v_proj): Linear(in_features=2048, out_features=2048, bias=True)
          (o_proj): Linear(in_features=2048, out_features=2048, bias=False)
          (rotary_emb): RotaryEmbedding()
        )
        (mlp): MLP(
          (gate_proj): Linear(in_features=2048, out_features=5632, bias=False)
          (up_proj): Linear(in_features=2048, out_features=5632, bias=False)
          (down_proj): Linear(in_features=5632, out_features=2048, bias=False)
          (act_fn): SiLU()
        )
        (input_layernorm): LayerNorm((2048,), eps=1e-05, elementwise_affine=True)
        (post_attention_layernorm): LayerNorm((2048,), eps=1e-05, elementwise_affine=True)
      )
      (12): DecoderLayer(
        (self_attn): Attention(
          (q_proj): Linear(in_features=2048, out_features=2048, bias=True)
          (k_proj): Linear(in_features=2048, out_features=2048, bias=True)
          (v_proj): Linear(in_features=2048, out_features=2048, bias=True)
          (o_proj): Linear(in_features=2048, out_features=2048, bias=False)
          (rotary_emb): RotaryEmbedding()
        )
        (mlp): RePaMoE(
          (deepspeed_moe): MOELayer(
            (gate): TopKGate(
              (wg): Linear(in_features=2048, out_features=4, bias=False)
            )
            (experts): Experts(
              (deepspeed_experts): ModuleList(
                (0-3): 4 x RePaMLP(
                  (gate_proj): Linear(in_features=2048, out_features=5632, bias=False)
                  (up_proj): Linear(in_features=2048, out_features=5632, bias=False)
                  (down_proj): Linear(in_features=5632, out_features=2048, bias=False)
                  (act_fn): SiLU()
                )
              )
            )
          )
        )
        (input_layernorm): LayerNorm((2048,), eps=1e-05, elementwise_affine=True)
        (post_attention_layernorm): LayerNorm((2048,), eps=1e-05, elementwise_affine=True)
      )
      (13): DecoderLayer(
        (self_attn): Attention(
          (q_proj): Linear(in_features=2048, out_features=2048, bias=True)
          (k_proj): Linear(in_features=2048, out_features=2048, bias=True)
          (v_proj): Linear(in_features=2048, out_features=2048, bias=True)
          (o_proj): Linear(in_features=2048, out_features=2048, bias=False)
          (rotary_emb): RotaryEmbedding()
        )
        (mlp): MLP(
          (gate_proj): Linear(in_features=2048, out_features=5632, bias=False)
          (up_proj): Linear(in_features=2048, out_features=5632, bias=False)
          (down_proj): Linear(in_features=5632, out_features=2048, bias=False)
          (act_fn): SiLU()
        )
        (input_layernorm): LayerNorm((2048,), eps=1e-05, elementwise_affine=True)
        (post_attention_layernorm): LayerNorm((2048,), eps=1e-05, elementwise_affine=True)
      )
      (14): DecoderLayer(
        (self_attn): Attention(
          (q_proj): Linear(in_features=2048, out_features=2048, bias=True)
          (k_proj): Linear(in_features=2048, out_features=2048, bias=True)
          (v_proj): Linear(in_features=2048, out_features=2048, bias=True)
          (o_proj): Linear(in_features=2048, out_features=2048, bias=False)
          (rotary_emb): RotaryEmbedding()
        )
        (mlp): RePaMoE(
          (deepspeed_moe): MOELayer(
            (gate): TopKGate(
              (wg): Linear(in_features=2048, out_features=4, bias=False)
            )
            (experts): Experts(
              (deepspeed_experts): ModuleList(
                (0-3): 4 x RePaMLP(
                  (gate_proj): Linear(in_features=2048, out_features=5632, bias=False)
                  (up_proj): Linear(in_features=2048, out_features=5632, bias=False)
                  (down_proj): Linear(in_features=5632, out_features=2048, bias=False)
                  (act_fn): SiLU()
                )
              )
            )
          )
        )
        (input_layernorm): LayerNorm((2048,), eps=1e-05, elementwise_affine=True)
        (post_attention_layernorm): LayerNorm((2048,), eps=1e-05, elementwise_affine=True)
      )
      (15): DecoderLayer(
        (self_attn): Attention(
          (q_proj): Linear(in_features=2048, out_features=2048, bias=True)
          (k_proj): Linear(in_features=2048, out_features=2048, bias=True)
          (v_proj): Linear(in_features=2048, out_features=2048, bias=True)
          (o_proj): Linear(in_features=2048, out_features=2048, bias=False)
          (rotary_emb): RotaryEmbedding()
        )
        (mlp): MLP(
          (gate_proj): Linear(in_features=2048, out_features=5632, bias=False)
          (up_proj): Linear(in_features=2048, out_features=5632, bias=False)
          (down_proj): Linear(in_features=5632, out_features=2048, bias=False)
          (act_fn): SiLU()
        )
        (input_layernorm): LayerNorm((2048,), eps=1e-05, elementwise_affine=True)
        (post_attention_layernorm): LayerNorm((2048,), eps=1e-05, elementwise_affine=True)
      )
      (16): DecoderLayer(
        (self_attn): Attention(
          (q_proj): Linear(in_features=2048, out_features=2048, bias=True)
          (k_proj): Linear(in_features=2048, out_features=2048, bias=True)
          (v_proj): Linear(in_features=2048, out_features=2048, bias=True)
          (o_proj): Linear(in_features=2048, out_features=2048, bias=False)
          (rotary_emb): RotaryEmbedding()
        )
        (mlp): RePaMoE(
          (deepspeed_moe): MOELayer(
            (gate): TopKGate(
              (wg): Linear(in_features=2048, out_features=4, bias=False)
            )
            (experts): Experts(
              (deepspeed_experts): ModuleList(
                (0-3): 4 x RePaMLP(
                  (gate_proj): Linear(in_features=2048, out_features=5632, bias=False)
                  (up_proj): Linear(in_features=2048, out_features=5632, bias=False)
                  (down_proj): Linear(in_features=5632, out_features=2048, bias=False)
                  (act_fn): SiLU()
                )
              )
            )
          )
        )
        (input_layernorm): LayerNorm((2048,), eps=1e-05, elementwise_affine=True)
        (post_attention_layernorm): LayerNorm((2048,), eps=1e-05, elementwise_affine=True)
      )
      (17): DecoderLayer(
        (self_attn): Attention(
          (q_proj): Linear(in_features=2048, out_features=2048, bias=True)
          (k_proj): Linear(in_features=2048, out_features=2048, bias=True)
          (v_proj): Linear(in_features=2048, out_features=2048, bias=True)
          (o_proj): Linear(in_features=2048, out_features=2048, bias=False)
          (rotary_emb): RotaryEmbedding()
        )
        (mlp): MLP(
          (gate_proj): Linear(in_features=2048, out_features=5632, bias=False)
          (up_proj): Linear(in_features=2048, out_features=5632, bias=False)
          (down_proj): Linear(in_features=5632, out_features=2048, bias=False)
          (act_fn): SiLU()
        )
        (input_layernorm): LayerNorm((2048,), eps=1e-05, elementwise_affine=True)
        (post_attention_layernorm): LayerNorm((2048,), eps=1e-05, elementwise_affine=True)
      )
      (18): DecoderLayer(
        (self_attn): Attention(
          (q_proj): Linear(in_features=2048, out_features=2048, bias=True)
          (k_proj): Linear(in_features=2048, out_features=2048, bias=True)
          (v_proj): Linear(in_features=2048, out_features=2048, bias=True)
          (o_proj): Linear(in_features=2048, out_features=2048, bias=False)
          (rotary_emb): RotaryEmbedding()
        )
        (mlp): RePaMoE(
          (deepspeed_moe): MOELayer(
            (gate): TopKGate(
              (wg): Linear(in_features=2048, out_features=4, bias=False)
            )
            (experts): Experts(
              (deepspeed_experts): ModuleList(
                (0-3): 4 x RePaMLP(
                  (gate_proj): Linear(in_features=2048, out_features=5632, bias=False)
                  (up_proj): Linear(in_features=2048, out_features=5632, bias=False)
                  (down_proj): Linear(in_features=5632, out_features=2048, bias=False)
                  (act_fn): SiLU()
                )
              )
            )
          )
        )
        (input_layernorm): LayerNorm((2048,), eps=1e-05, elementwise_affine=True)
        (post_attention_layernorm): LayerNorm((2048,), eps=1e-05, elementwise_affine=True)
      )
      (19): DecoderLayer(
        (self_attn): Attention(
          (q_proj): Linear(in_features=2048, out_features=2048, bias=True)
          (k_proj): Linear(in_features=2048, out_features=2048, bias=True)
          (v_proj): Linear(in_features=2048, out_features=2048, bias=True)
          (o_proj): Linear(in_features=2048, out_features=2048, bias=False)
          (rotary_emb): RotaryEmbedding()
        )
        (mlp): MLP(
          (gate_proj): Linear(in_features=2048, out_features=5632, bias=False)
          (up_proj): Linear(in_features=2048, out_features=5632, bias=False)
          (down_proj): Linear(in_features=5632, out_features=2048, bias=False)
          (act_fn): SiLU()
        )
        (input_layernorm): LayerNorm((2048,), eps=1e-05, elementwise_affine=True)
        (post_attention_layernorm): LayerNorm((2048,), eps=1e-05, elementwise_affine=True)
      )
      (20): DecoderLayer(
        (self_attn): Attention(
          (q_proj): Linear(in_features=2048, out_features=2048, bias=True)
          (k_proj): Linear(in_features=2048, out_features=2048, bias=True)
          (v_proj): Linear(in_features=2048, out_features=2048, bias=True)
          (o_proj): Linear(in_features=2048, out_features=2048, bias=False)
          (rotary_emb): RotaryEmbedding()
        )
        (mlp): RePaMoE(
          (deepspeed_moe): MOELayer(
            (gate): TopKGate(
              (wg): Linear(in_features=2048, out_features=4, bias=False)
            )
            (experts): Experts(
              (deepspeed_experts): ModuleList(
                (0-3): 4 x RePaMLP(
                  (gate_proj): Linear(in_features=2048, out_features=5632, bias=False)
                  (up_proj): Linear(in_features=2048, out_features=5632, bias=False)
                  (down_proj): Linear(in_features=5632, out_features=2048, bias=False)
                  (act_fn): SiLU()
                )
              )
            )
          )
        )
        (input_layernorm): LayerNorm((2048,), eps=1e-05, elementwise_affine=True)
        (post_attention_layernorm): LayerNorm((2048,), eps=1e-05, elementwise_affine=True)
      )
      (21): DecoderLayer(
        (self_attn): Attention(
          (q_proj): Linear(in_features=2048, out_features=2048, bias=True)
          (k_proj): Linear(in_features=2048, out_features=2048, bias=True)
          (v_proj): Linear(in_features=2048, out_features=2048, bias=True)
          (o_proj): Linear(in_features=2048, out_features=2048, bias=False)
          (rotary_emb): RotaryEmbedding()
        )
        (mlp): MLP(
          (gate_proj): Linear(in_features=2048, out_features=5632, bias=False)
          (up_proj): Linear(in_features=2048, out_features=5632, bias=False)
          (down_proj): Linear(in_features=5632, out_features=2048, bias=False)
          (act_fn): SiLU()
        )
        (input_layernorm): LayerNorm((2048,), eps=1e-05, elementwise_affine=True)
        (post_attention_layernorm): LayerNorm((2048,), eps=1e-05, elementwise_affine=True)
      )
      (22): DecoderLayer(
        (self_attn): Attention(
          (q_proj): Linear(in_features=2048, out_features=2048, bias=True)
          (k_proj): Linear(in_features=2048, out_features=2048, bias=True)
          (v_proj): Linear(in_features=2048, out_features=2048, bias=True)
          (o_proj): Linear(in_features=2048, out_features=2048, bias=False)
          (rotary_emb): RotaryEmbedding()
        )
        (mlp): RePaMoE(
          (deepspeed_moe): MOELayer(
            (gate): TopKGate(
              (wg): Linear(in_features=2048, out_features=4, bias=False)
            )
            (experts): Experts(
              (deepspeed_experts): ModuleList(
                (0-3): 4 x RePaMLP(
                  (gate_proj): Linear(in_features=2048, out_features=5632, bias=False)
                  (up_proj): Linear(in_features=2048, out_features=5632, bias=False)
                  (down_proj): Linear(in_features=5632, out_features=2048, bias=False)
                  (act_fn): SiLU()
                )
              )
            )
          )
        )
        (input_layernorm): LayerNorm((2048,), eps=1e-05, elementwise_affine=True)
        (post_attention_layernorm): LayerNorm((2048,), eps=1e-05, elementwise_affine=True)
      )
      (23): DecoderLayer(
        (self_attn): Attention(
          (q_proj): Linear(in_features=2048, out_features=2048, bias=True)
          (k_proj): Linear(in_features=2048, out_features=2048, bias=True)
          (v_proj): Linear(in_features=2048, out_features=2048, bias=True)
          (o_proj): Linear(in_features=2048, out_features=2048, bias=False)
          (rotary_emb): RotaryEmbedding()
        )
        (mlp): MLP(
          (gate_proj): Linear(in_features=2048, out_features=5632, bias=False)
          (up_proj): Linear(in_features=2048, out_features=5632, bias=False)
          (down_proj): Linear(in_features=5632, out_features=2048, bias=False)
          (act_fn): SiLU()
        )
        (input_layernorm): LayerNorm((2048,), eps=1e-05, elementwise_affine=True)
        (post_attention_layernorm): LayerNorm((2048,), eps=1e-05, elementwise_affine=True)
      )
    )
    (norm): LayerNorm((2048,), eps=1e-05, elementwise_affine=True)
    (image_tower): CLIPVisionTower(
      (image_tower): CLIPVisionModel(
        (vision_model): CLIPVisionTransformer(
          (embeddings): CLIPVisionEmbeddings(
            (patch_embedding): Conv2d(3, 1024, kernel_size=(14, 14), stride=(14, 14), bias=False)
            (position_embedding): Embedding(577, 1024)
          )
          (pre_layrnorm): LayerNorm((1024,), eps=1e-05, elementwise_affine=True)
          (encoder): CLIPEncoder(
            (layers): ModuleList(
              (0-23): 24 x CLIPEncoderLayer(
                (self_attn): CLIPAttention(
                  (k_proj): Linear(in_features=1024, out_features=1024, bias=True)
                  (v_proj): Linear(in_features=1024, out_features=1024, bias=True)
                  (q_proj): Linear(in_features=1024, out_features=1024, bias=True)
                  (out_proj): Linear(in_features=1024, out_features=1024, bias=True)
                )
                (layer_norm1): LayerNorm((1024,), eps=1e-05, elementwise_affine=True)
                (mlp): CLIPMLP(
                  (activation_fn): QuickGELUActivation()
                  (fc1): Linear(in_features=1024, out_features=4096, bias=True)
                  (fc2): Linear(in_features=4096, out_features=1024, bias=True)
                )
                (layer_norm2): LayerNorm((1024,), eps=1e-05, elementwise_affine=True)
              )
            )
          )
          (post_layernorm): LayerNorm((1024,), eps=1e-05, elementwise_affine=True)
        )
      )
    )
    (mm_projector): build_projector(
      (image_spatial_proj): Sequential(
        (0): Linear(in_features=1024, out_features=2048, bias=True)
        (1): GELU(approximate='none')
        (2): Linear(in_features=2048, out_features=2048, bias=True)
      )
      (video_patch_proj): Identity()
      (video_spatial_proj): Identity()
      (video_temproal_proj): Identity()
      (video_global_proj): Identity()
    )
  )
  (lm_head): Linear(in_features=2048, out_features=100352, bias=False)
)
RePaMoELLaVAStablelmForCausalLM(
  (model): MoELLaVAStablelmModel(
    (embed_tokens): Embedding(100352, 2048, padding_idx=100280)
    (layers): ModuleList(
      (0): DecoderLayer(
        (self_attn): Attention(
          (q_proj): Linear(in_features=2048, out_features=2048, bias=True)
          (k_proj): Linear(in_features=2048, out_features=2048, bias=True)
          (v_proj): Linear(in_features=2048, out_features=2048, bias=True)
          (o_proj): Linear(in_features=2048, out_features=2048, bias=False)
          (rotary_emb): RotaryEmbedding()
        )
        (mlp): RePaMoE(
          (deepspeed_moe): MOELayer(
            (gate): TopKGate(
              (wg): Linear(in_features=2048, out_features=4, bias=False)
            )
            (experts): Experts(
              (deepspeed_experts): ModuleList(
                (0-3): 4 x RePaMLP(
                  (gate_proj): Linear(in_features=2048, out_features=5632, bias=False)
                  (up_proj): Linear(in_features=2048, out_features=5632, bias=False)
                  (down_proj): Linear(in_features=5632, out_features=2048, bias=False)
                  (act_fn): SiLU()
                )
              )
            )
          )
        )
        (input_layernorm): LayerNorm((2048,), eps=1e-05, elementwise_affine=True)
        (post_attention_layernorm): LayerNorm((2048,), eps=1e-05, elementwise_affine=True)
      )
      (1): DecoderLayer(
        (self_attn): Attention(
          (q_proj): Linear(in_features=2048, out_features=2048, bias=True)
          (k_proj): Linear(in_features=2048, out_features=2048, bias=True)
          (v_proj): Linear(in_features=2048, out_features=2048, bias=True)
          (o_proj): Linear(in_features=2048, out_features=2048, bias=False)
          (rotary_emb): RotaryEmbedding()
        )
        (mlp): MLP(
          (gate_proj): Linear(in_features=2048, out_features=5632, bias=False)
          (up_proj): Linear(in_features=2048, out_features=5632, bias=False)
          (down_proj): Linear(in_features=5632, out_features=2048, bias=False)
          (act_fn): SiLU()
        )
        (input_layernorm): LayerNorm((2048,), eps=1e-05, elementwise_affine=True)
        (post_attention_layernorm): LayerNorm((2048,), eps=1e-05, elementwise_affine=True)
      )
      (2): DecoderLayer(
        (self_attn): Attention(
          (q_proj): Linear(in_features=2048, out_features=2048, bias=True)
          (k_proj): Linear(in_features=2048, out_features=2048, bias=True)
          (v_proj): Linear(in_features=2048, out_features=2048, bias=True)
          (o_proj): Linear(in_features=2048, out_features=2048, bias=False)
          (rotary_emb): RotaryEmbedding()
        )
        (mlp): RePaMoE(
          (deepspeed_moe): MOELayer(
            (gate): TopKGate(
              (wg): Linear(in_features=2048, out_features=4, bias=False)
            )
            (experts): Experts(
              (deepspeed_experts): ModuleList(
                (0-3): 4 x RePaMLP(
                  (gate_proj): Linear(in_features=2048, out_features=5632, bias=False)
                  (up_proj): Linear(in_features=2048, out_features=5632, bias=False)
                  (down_proj): Linear(in_features=5632, out_features=2048, bias=False)
                  (act_fn): SiLU()
                )
              )
            )
          )
        )
        (input_layernorm): LayerNorm((2048,), eps=1e-05, elementwise_affine=True)
        (post_attention_layernorm): LayerNorm((2048,), eps=1e-05, elementwise_affine=True)
      )
      (3): DecoderLayer(
        (self_attn): Attention(
          (q_proj): Linear(in_features=2048, out_features=2048, bias=True)
          (k_proj): Linear(in_features=2048, out_features=2048, bias=True)
          (v_proj): Linear(in_features=2048, out_features=2048, bias=True)
          (o_proj): Linear(in_features=2048, out_features=2048, bias=False)
          (rotary_emb): RotaryEmbedding()
        )
        (mlp): MLP(
          (gate_proj): Linear(in_features=2048, out_features=5632, bias=False)
          (up_proj): Linear(in_features=2048, out_features=5632, bias=False)
          (down_proj): Linear(in_features=5632, out_features=2048, bias=False)
          (act_fn): SiLU()
        )
        (input_layernorm): LayerNorm((2048,), eps=1e-05, elementwise_affine=True)
        (post_attention_layernorm): LayerNorm((2048,), eps=1e-05, elementwise_affine=True)
      )
      (4): DecoderLayer(
        (self_attn): Attention(
          (q_proj): Linear(in_features=2048, out_features=2048, bias=True)
          (k_proj): Linear(in_features=2048, out_features=2048, bias=True)
          (v_proj): Linear(in_features=2048, out_features=2048, bias=True)
          (o_proj): Linear(in_features=2048, out_features=2048, bias=False)
          (rotary_emb): RotaryEmbedding()
        )
        (mlp): RePaMoE(
          (deepspeed_moe): MOELayer(
            (gate): TopKGate(
              (wg): Linear(in_features=2048, out_features=4, bias=False)
            )
            (experts): Experts(
              (deepspeed_experts): ModuleList(
                (0-3): 4 x RePaMLP(
                  (gate_proj): Linear(in_features=2048, out_features=5632, bias=False)
                  (up_proj): Linear(in_features=2048, out_features=5632, bias=False)
                  (down_proj): Linear(in_features=5632, out_features=2048, bias=False)
                  (act_fn): SiLU()
                )
              )
            )
          )
        )
        (input_layernorm): LayerNorm((2048,), eps=1e-05, elementwise_affine=True)
        (post_attention_layernorm): LayerNorm((2048,), eps=1e-05, elementwise_affine=True)
      )
      (5): DecoderLayer(
        (self_attn): Attention(
          (q_proj): Linear(in_features=2048, out_features=2048, bias=True)
          (k_proj): Linear(in_features=2048, out_features=2048, bias=True)
          (v_proj): Linear(in_features=2048, out_features=2048, bias=True)
          (o_proj): Linear(in_features=2048, out_features=2048, bias=False)
          (rotary_emb): RotaryEmbedding()
        )
        (mlp): MLP(
          (gate_proj): Linear(in_features=2048, out_features=5632, bias=False)
          (up_proj): Linear(in_features=2048, out_features=5632, bias=False)
          (down_proj): Linear(in_features=5632, out_features=2048, bias=False)
          (act_fn): SiLU()
        )
        (input_layernorm): LayerNorm((2048,), eps=1e-05, elementwise_affine=True)
        (post_attention_layernorm): LayerNorm((2048,), eps=1e-05, elementwise_affine=True)
      )
      (6): DecoderLayer(
        (self_attn): Attention(
          (q_proj): Linear(in_features=2048, out_features=2048, bias=True)
          (k_proj): Linear(in_features=2048, out_features=2048, bias=True)
          (v_proj): Linear(in_features=2048, out_features=2048, bias=True)
          (o_proj): Linear(in_features=2048, out_features=2048, bias=False)
          (rotary_emb): RotaryEmbedding()
        )
        (mlp): RePaMoE(
          (deepspeed_moe): MOELayer(
            (gate): TopKGate(
              (wg): Linear(in_features=2048, out_features=4, bias=False)
            )
            (experts): Experts(
              (deepspeed_experts): ModuleList(
                (0-3): 4 x RePaMLP(
                  (gate_proj): Linear(in_features=2048, out_features=5632, bias=False)
                  (up_proj): Linear(in_features=2048, out_features=5632, bias=False)
                  (down_proj): Linear(in_features=5632, out_features=2048, bias=False)
                  (act_fn): SiLU()
                )
              )
            )
          )
        )
        (input_layernorm): LayerNorm((2048,), eps=1e-05, elementwise_affine=True)
        (post_attention_layernorm): LayerNorm((2048,), eps=1e-05, elementwise_affine=True)
      )
      (7): DecoderLayer(
        (self_attn): Attention(
          (q_proj): Linear(in_features=2048, out_features=2048, bias=True)
          (k_proj): Linear(in_features=2048, out_features=2048, bias=True)
          (v_proj): Linear(in_features=2048, out_features=2048, bias=True)
          (o_proj): Linear(in_features=2048, out_features=2048, bias=False)
          (rotary_emb): RotaryEmbedding()
        )
        (mlp): MLP(
          (gate_proj): Linear(in_features=2048, out_features=5632, bias=False)
          (up_proj): Linear(in_features=2048, out_features=5632, bias=False)
          (down_proj): Linear(in_features=5632, out_features=2048, bias=False)
          (act_fn): SiLU()
        )
        (input_layernorm): LayerNorm((2048,), eps=1e-05, elementwise_affine=True)
        (post_attention_layernorm): LayerNorm((2048,), eps=1e-05, elementwise_affine=True)
      )
      (8): DecoderLayer(
        (self_attn): Attention(
          (q_proj): Linear(in_features=2048, out_features=2048, bias=True)
          (k_proj): Linear(in_features=2048, out_features=2048, bias=True)
          (v_proj): Linear(in_features=2048, out_features=2048, bias=True)
          (o_proj): Linear(in_features=2048, out_features=2048, bias=False)
          (rotary_emb): RotaryEmbedding()
        )
        (mlp): RePaMoE(
          (deepspeed_moe): MOELayer(
            (gate): TopKGate(
              (wg): Linear(in_features=2048, out_features=4, bias=False)
            )
            (experts): Experts(
              (deepspeed_experts): ModuleList(
                (0-3): 4 x RePaMLP(
                  (gate_proj): Linear(in_features=2048, out_features=5632, bias=False)
                  (up_proj): Linear(in_features=2048, out_features=5632, bias=False)
                  (down_proj): Linear(in_features=5632, out_features=2048, bias=False)
                  (act_fn): SiLU()
                )
              )
            )
          )
        )
        (input_layernorm): LayerNorm((2048,), eps=1e-05, elementwise_affine=True)
        (post_attention_layernorm): LayerNorm((2048,), eps=1e-05, elementwise_affine=True)
      )
      (9): DecoderLayer(
        (self_attn): Attention(
          (q_proj): Linear(in_features=2048, out_features=2048, bias=True)
          (k_proj): Linear(in_features=2048, out_features=2048, bias=True)
          (v_proj): Linear(in_features=2048, out_features=2048, bias=True)
          (o_proj): Linear(in_features=2048, out_features=2048, bias=False)
          (rotary_emb): RotaryEmbedding()
        )
        (mlp): MLP(
          (gate_proj): Linear(in_features=2048, out_features=5632, bias=False)
          (up_proj): Linear(in_features=2048, out_features=5632, bias=False)
          (down_proj): Linear(in_features=5632, out_features=2048, bias=False)
          (act_fn): SiLU()
        )
        (input_layernorm): LayerNorm((2048,), eps=1e-05, elementwise_affine=True)
        (post_attention_layernorm): LayerNorm((2048,), eps=1e-05, elementwise_affine=True)
      )
      (10): DecoderLayer(
        (self_attn): Attention(
          (q_proj): Linear(in_features=2048, out_features=2048, bias=True)
          (k_proj): Linear(in_features=2048, out_features=2048, bias=True)
          (v_proj): Linear(in_features=2048, out_features=2048, bias=True)
          (o_proj): Linear(in_features=2048, out_features=2048, bias=False)
          (rotary_emb): RotaryEmbedding()
        )
        (mlp): RePaMoE(
          (deepspeed_moe): MOELayer(
            (gate): TopKGate(
              (wg): Linear(in_features=2048, out_features=4, bias=False)
            )
            (experts): Experts(
              (deepspeed_experts): ModuleList(
                (0-3): 4 x RePaMLP(
                  (gate_proj): Linear(in_features=2048, out_features=5632, bias=False)
                  (up_proj): Linear(in_features=2048, out_features=5632, bias=False)
                  (down_proj): Linear(in_features=5632, out_features=2048, bias=False)
                  (act_fn): SiLU()
                )
              )
            )
          )
        )
        (input_layernorm): LayerNorm((2048,), eps=1e-05, elementwise_affine=True)
        (post_attention_layernorm): LayerNorm((2048,), eps=1e-05, elementwise_affine=True)
      )
      (11): DecoderLayer(
        (self_attn): Attention(
          (q_proj): Linear(in_features=2048, out_features=2048, bias=True)
          (k_proj): Linear(in_features=2048, out_features=2048, bias=True)
          (v_proj): Linear(in_features=2048, out_features=2048, bias=True)
          (o_proj): Linear(in_features=2048, out_features=2048, bias=False)
          (rotary_emb): RotaryEmbedding()
        )
        (mlp): MLP(
          (gate_proj): Linear(in_features=2048, out_features=5632, bias=False)
          (up_proj): Linear(in_features=2048, out_features=5632, bias=False)
          (down_proj): Linear(in_features=5632, out_features=2048, bias=False)
          (act_fn): SiLU()
        )
        (input_layernorm): LayerNorm((2048,), eps=1e-05, elementwise_affine=True)
        (post_attention_layernorm): LayerNorm((2048,), eps=1e-05, elementwise_affine=True)
      )
      (12): DecoderLayer(
        (self_attn): Attention(
          (q_proj): Linear(in_features=2048, out_features=2048, bias=True)
          (k_proj): Linear(in_features=2048, out_features=2048, bias=True)
          (v_proj): Linear(in_features=2048, out_features=2048, bias=True)
          (o_proj): Linear(in_features=2048, out_features=2048, bias=False)
          (rotary_emb): RotaryEmbedding()
        )
        (mlp): RePaMoE(
          (deepspeed_moe): MOELayer(
            (gate): TopKGate(
              (wg): Linear(in_features=2048, out_features=4, bias=False)
            )
            (experts): Experts(
              (deepspeed_experts): ModuleList(
                (0-3): 4 x RePaMLP(
                  (gate_proj): Linear(in_features=2048, out_features=5632, bias=False)
                  (up_proj): Linear(in_features=2048, out_features=5632, bias=False)
                  (down_proj): Linear(in_features=5632, out_features=2048, bias=False)
                  (act_fn): SiLU()
                )
              )
            )
          )
        )
        (input_layernorm): LayerNorm((2048,), eps=1e-05, elementwise_affine=True)
        (post_attention_layernorm): LayerNorm((2048,), eps=1e-05, elementwise_affine=True)
      )
      (13): DecoderLayer(
        (self_attn): Attention(
          (q_proj): Linear(in_features=2048, out_features=2048, bias=True)
          (k_proj): Linear(in_features=2048, out_features=2048, bias=True)
          (v_proj): Linear(in_features=2048, out_features=2048, bias=True)
          (o_proj): Linear(in_features=2048, out_features=2048, bias=False)
          (rotary_emb): RotaryEmbedding()
        )
        (mlp): MLP(
          (gate_proj): Linear(in_features=2048, out_features=5632, bias=False)
          (up_proj): Linear(in_features=2048, out_features=5632, bias=False)
          (down_proj): Linear(in_features=5632, out_features=2048, bias=False)
          (act_fn): SiLU()
        )
        (input_layernorm): LayerNorm((2048,), eps=1e-05, elementwise_affine=True)
        (post_attention_layernorm): LayerNorm((2048,), eps=1e-05, elementwise_affine=True)
      )
      (14): DecoderLayer(
        (self_attn): Attention(
          (q_proj): Linear(in_features=2048, out_features=2048, bias=True)
          (k_proj): Linear(in_features=2048, out_features=2048, bias=True)
          (v_proj): Linear(in_features=2048, out_features=2048, bias=True)
          (o_proj): Linear(in_features=2048, out_features=2048, bias=False)
          (rotary_emb): RotaryEmbedding()
        )
        (mlp): RePaMoE(
          (deepspeed_moe): MOELayer(
            (gate): TopKGate(
              (wg): Linear(in_features=2048, out_features=4, bias=False)
            )
            (experts): Experts(
              (deepspeed_experts): ModuleList(
                (0-3): 4 x RePaMLP(
                  (gate_proj): Linear(in_features=2048, out_features=5632, bias=False)
                  (up_proj): Linear(in_features=2048, out_features=5632, bias=False)
                  (down_proj): Linear(in_features=5632, out_features=2048, bias=False)
                  (act_fn): SiLU()
                )
              )
            )
          )
        )
        (input_layernorm): LayerNorm((2048,), eps=1e-05, elementwise_affine=True)
        (post_attention_layernorm): LayerNorm((2048,), eps=1e-05, elementwise_affine=True)
      )
      (15): DecoderLayer(
        (self_attn): Attention(
          (q_proj): Linear(in_features=2048, out_features=2048, bias=True)
          (k_proj): Linear(in_features=2048, out_features=2048, bias=True)
          (v_proj): Linear(in_features=2048, out_features=2048, bias=True)
          (o_proj): Linear(in_features=2048, out_features=2048, bias=False)
          (rotary_emb): RotaryEmbedding()
        )
        (mlp): MLP(
          (gate_proj): Linear(in_features=2048, out_features=5632, bias=False)
          (up_proj): Linear(in_features=2048, out_features=5632, bias=False)
          (down_proj): Linear(in_features=5632, out_features=2048, bias=False)
          (act_fn): SiLU()
        )
        (input_layernorm): LayerNorm((2048,), eps=1e-05, elementwise_affine=True)
        (post_attention_layernorm): LayerNorm((2048,), eps=1e-05, elementwise_affine=True)
      )
      (16): DecoderLayer(
        (self_attn): Attention(
          (q_proj): Linear(in_features=2048, out_features=2048, bias=True)
          (k_proj): Linear(in_features=2048, out_features=2048, bias=True)
          (v_proj): Linear(in_features=2048, out_features=2048, bias=True)
          (o_proj): Linear(in_features=2048, out_features=2048, bias=False)
          (rotary_emb): RotaryEmbedding()
        )
        (mlp): RePaMoE(
          (deepspeed_moe): MOELayer(
            (gate): TopKGate(
              (wg): Linear(in_features=2048, out_features=4, bias=False)
            )
            (experts): Experts(
              (deepspeed_experts): ModuleList(
                (0-3): 4 x RePaMLP(
                  (gate_proj): Linear(in_features=2048, out_features=5632, bias=False)
                  (up_proj): Linear(in_features=2048, out_features=5632, bias=False)
                  (down_proj): Linear(in_features=5632, out_features=2048, bias=False)
                  (act_fn): SiLU()
                )
              )
            )
          )
        )
        (input_layernorm): LayerNorm((2048,), eps=1e-05, elementwise_affine=True)
        (post_attention_layernorm): LayerNorm((2048,), eps=1e-05, elementwise_affine=True)
      )
      (17): DecoderLayer(
        (self_attn): Attention(
          (q_proj): Linear(in_features=2048, out_features=2048, bias=True)
          (k_proj): Linear(in_features=2048, out_features=2048, bias=True)
          (v_proj): Linear(in_features=2048, out_features=2048, bias=True)
          (o_proj): Linear(in_features=2048, out_features=2048, bias=False)
          (rotary_emb): RotaryEmbedding()
        )
        (mlp): MLP(
          (gate_proj): Linear(in_features=2048, out_features=5632, bias=False)
          (up_proj): Linear(in_features=2048, out_features=5632, bias=False)
          (down_proj): Linear(in_features=5632, out_features=2048, bias=False)
          (act_fn): SiLU()
        )
        (input_layernorm): LayerNorm((2048,), eps=1e-05, elementwise_affine=True)
        (post_attention_layernorm): LayerNorm((2048,), eps=1e-05, elementwise_affine=True)
      )
      (18): DecoderLayer(
        (self_attn): Attention(
          (q_proj): Linear(in_features=2048, out_features=2048, bias=True)
          (k_proj): Linear(in_features=2048, out_features=2048, bias=True)
          (v_proj): Linear(in_features=2048, out_features=2048, bias=True)
          (o_proj): Linear(in_features=2048, out_features=2048, bias=False)
          (rotary_emb): RotaryEmbedding()
        )
        (mlp): RePaMoE(
          (deepspeed_moe): MOELayer(
            (gate): TopKGate(
              (wg): Linear(in_features=2048, out_features=4, bias=False)
            )
            (experts): Experts(
              (deepspeed_experts): ModuleList(
                (0-3): 4 x RePaMLP(
                  (gate_proj): Linear(in_features=2048, out_features=5632, bias=False)
                  (up_proj): Linear(in_features=2048, out_features=5632, bias=False)
                  (down_proj): Linear(in_features=5632, out_features=2048, bias=False)
                  (act_fn): SiLU()
                )
              )
            )
          )
        )
        (input_layernorm): LayerNorm((2048,), eps=1e-05, elementwise_affine=True)
        (post_attention_layernorm): LayerNorm((2048,), eps=1e-05, elementwise_affine=True)
      )
      (19): DecoderLayer(
        (self_attn): Attention(
          (q_proj): Linear(in_features=2048, out_features=2048, bias=True)
          (k_proj): Linear(in_features=2048, out_features=2048, bias=True)
          (v_proj): Linear(in_features=2048, out_features=2048, bias=True)
          (o_proj): Linear(in_features=2048, out_features=2048, bias=False)
          (rotary_emb): RotaryEmbedding()
        )
        (mlp): MLP(
          (gate_proj): Linear(in_features=2048, out_features=5632, bias=False)
          (up_proj): Linear(in_features=2048, out_features=5632, bias=False)
          (down_proj): Linear(in_features=5632, out_features=2048, bias=False)
          (act_fn): SiLU()
        )
        (input_layernorm): LayerNorm((2048,), eps=1e-05, elementwise_affine=True)
        (post_attention_layernorm): LayerNorm((2048,), eps=1e-05, elementwise_affine=True)
      )
      (20): DecoderLayer(
        (self_attn): Attention(
          (q_proj): Linear(in_features=2048, out_features=2048, bias=True)
          (k_proj): Linear(in_features=2048, out_features=2048, bias=True)
          (v_proj): Linear(in_features=2048, out_features=2048, bias=True)
          (o_proj): Linear(in_features=2048, out_features=2048, bias=False)
          (rotary_emb): RotaryEmbedding()
        )
        (mlp): RePaMoE(
          (deepspeed_moe): MOELayer(
            (gate): TopKGate(
              (wg): Linear(in_features=2048, out_features=4, bias=False)
            )
            (experts): Experts(
              (deepspeed_experts): ModuleList(
                (0-3): 4 x RePaMLP(
                  (gate_proj): Linear(in_features=2048, out_features=5632, bias=False)
                  (up_proj): Linear(in_features=2048, out_features=5632, bias=False)
                  (down_proj): Linear(in_features=5632, out_features=2048, bias=False)
                  (act_fn): SiLU()
                )
              )
            )
          )
        )
        (input_layernorm): LayerNorm((2048,), eps=1e-05, elementwise_affine=True)
        (post_attention_layernorm): LayerNorm((2048,), eps=1e-05, elementwise_affine=True)
      )
      (21): DecoderLayer(
        (self_attn): Attention(
          (q_proj): Linear(in_features=2048, out_features=2048, bias=True)
          (k_proj): Linear(in_features=2048, out_features=2048, bias=True)
          (v_proj): Linear(in_features=2048, out_features=2048, bias=True)
          (o_proj): Linear(in_features=2048, out_features=2048, bias=False)
          (rotary_emb): RotaryEmbedding()
        )
        (mlp): MLP(
          (gate_proj): Linear(in_features=2048, out_features=5632, bias=False)
          (up_proj): Linear(in_features=2048, out_features=5632, bias=False)
          (down_proj): Linear(in_features=5632, out_features=2048, bias=False)
          (act_fn): SiLU()
        )
        (input_layernorm): LayerNorm((2048,), eps=1e-05, elementwise_affine=True)
        (post_attention_layernorm): LayerNorm((2048,), eps=1e-05, elementwise_affine=True)
      )
      (22): DecoderLayer(
        (self_attn): Attention(
          (q_proj): Linear(in_features=2048, out_features=2048, bias=True)
          (k_proj): Linear(in_features=2048, out_features=2048, bias=True)
          (v_proj): Linear(in_features=2048, out_features=2048, bias=True)
          (o_proj): Linear(in_features=2048, out_features=2048, bias=False)
          (rotary_emb): RotaryEmbedding()
        )
        (mlp): RePaMoE(
          (deepspeed_moe): MOELayer(
            (gate): TopKGate(
              (wg): Linear(in_features=2048, out_features=4, bias=False)
            )
            (experts): Experts(
              (deepspeed_experts): ModuleList(
                (0-3): 4 x RePaMLP(
                  (gate_proj): Linear(in_features=2048, out_features=5632, bias=False)
                  (up_proj): Linear(in_features=2048, out_features=5632, bias=False)
                  (down_proj): Linear(in_features=5632, out_features=2048, bias=False)
                  (act_fn): SiLU()
                )
              )
            )
          )
        )
        (input_layernorm): LayerNorm((2048,), eps=1e-05, elementwise_affine=True)
        (post_attention_layernorm): LayerNorm((2048,), eps=1e-05, elementwise_affine=True)
      )
      (23): DecoderLayer(
        (self_attn): Attention(
          (q_proj): Linear(in_features=2048, out_features=2048, bias=True)
          (k_proj): Linear(in_features=2048, out_features=2048, bias=True)
          (v_proj): Linear(in_features=2048, out_features=2048, bias=True)
          (o_proj): Linear(in_features=2048, out_features=2048, bias=False)
          (rotary_emb): RotaryEmbedding()
        )
        (mlp): MLP(
          (gate_proj): Linear(in_features=2048, out_features=5632, bias=False)
          (up_proj): Linear(in_features=2048, out_features=5632, bias=False)
          (down_proj): Linear(in_features=5632, out_features=2048, bias=False)
          (act_fn): SiLU()
        )
        (input_layernorm): LayerNorm((2048,), eps=1e-05, elementwise_affine=True)
        (post_attention_layernorm): LayerNorm((2048,), eps=1e-05, elementwise_affine=True)
      )
    )
    (norm): LayerNorm((2048,), eps=1e-05, elementwise_affine=True)
    (image_tower): CLIPVisionTower(
      (image_tower): CLIPVisionModel(
        (vision_model): CLIPVisionTransformer(
          (embeddings): CLIPVisionEmbeddings(
            (patch_embedding): Conv2d(3, 1024, kernel_size=(14, 14), stride=(14, 14), bias=False)
            (position_embedding): Embedding(577, 1024)
          )
          (pre_layrnorm): LayerNorm((1024,), eps=1e-05, elementwise_affine=True)
          (encoder): CLIPEncoder(
            (layers): ModuleList(
              (0-23): 24 x CLIPEncoderLayer(
                (self_attn): CLIPAttention(
                  (k_proj): Linear(in_features=1024, out_features=1024, bias=True)
                  (v_proj): Linear(in_features=1024, out_features=1024, bias=True)
                  (q_proj): Linear(in_features=1024, out_features=1024, bias=True)
                  (out_proj): Linear(in_features=1024, out_features=1024, bias=True)
                )
                (layer_norm1): LayerNorm((1024,), eps=1e-05, elementwise_affine=True)
                (mlp): CLIPMLP(
                  (activation_fn): QuickGELUActivation()
                  (fc1): Linear(in_features=1024, out_features=4096, bias=True)
                  (fc2): Linear(in_features=4096, out_features=1024, bias=True)
                )
                (layer_norm2): LayerNorm((1024,), eps=1e-05, elementwise_affine=True)
              )
            )
          )
          (post_layernorm): LayerNorm((1024,), eps=1e-05, elementwise_affine=True)
        )
      )
    )
    (mm_projector): build_projector(
      (image_spatial_proj): Sequential(
        (0): Linear(in_features=1024, out_features=2048, bias=True)
        (1): GELU(approximate='none')
        (2): Linear(in_features=2048, out_features=2048, bias=True)
      )
      (video_patch_proj): Identity()
      (video_spatial_proj): Identity()
      (video_temproal_proj): Identity()
      (video_global_proj): Identity()
    )
  )
  (lm_head): Linear(in_features=2048, out_features=100352, bias=False)
)
RePaMoELLaVAStablelmForCausalLM(
  (model): MoELLaVAStablelmModel(
    (embed_tokens): Embedding(100352, 2048, padding_idx=100280)
    (layers): ModuleList(
      (0): DecoderLayer(
        (self_attn): Attention(
          (q_proj): Linear(in_features=2048, out_features=2048, bias=True)
          (k_proj): Linear(in_features=2048, out_features=2048, bias=True)
          (v_proj): Linear(in_features=2048, out_features=2048, bias=True)
          (o_proj): Linear(in_features=2048, out_features=2048, bias=False)
          (rotary_emb): RotaryEmbedding()
        )
        (mlp): RePaMoE(
          (deepspeed_moe): MOELayer(
            (gate): TopKGate(
              (wg): Linear(in_features=2048, out_features=4, bias=False)
            )
            (experts): Experts(
              (deepspeed_experts): ModuleList(
                (0-3): 4 x RePaMLP(
                  (gate_proj): Linear(in_features=2048, out_features=5632, bias=False)
                  (up_proj): Linear(in_features=2048, out_features=5632, bias=False)
                  (down_proj): Linear(in_features=5632, out_features=2048, bias=False)
                  (act_fn): SiLU()
                )
              )
            )
          )
        )
        (input_layernorm): LayerNorm((2048,), eps=1e-05, elementwise_affine=True)
        (post_attention_layernorm): LayerNorm((2048,), eps=1e-05, elementwise_affine=True)
      )
      (1): DecoderLayer(
        (self_attn): Attention(
          (q_proj): Linear(in_features=2048, out_features=2048, bias=True)
          (k_proj): Linear(in_features=2048, out_features=2048, bias=True)
          (v_proj): Linear(in_features=2048, out_features=2048, bias=True)
          (o_proj): Linear(in_features=2048, out_features=2048, bias=False)
          (rotary_emb): RotaryEmbedding()
        )
        (mlp): MLP(
          (gate_proj): Linear(in_features=2048, out_features=5632, bias=False)
          (up_proj): Linear(in_features=2048, out_features=5632, bias=False)
          (down_proj): Linear(in_features=5632, out_features=2048, bias=False)
          (act_fn): SiLU()
        )
        (input_layernorm): LayerNorm((2048,), eps=1e-05, elementwise_affine=True)
        (post_attention_layernorm): LayerNorm((2048,), eps=1e-05, elementwise_affine=True)
      )
      (2): DecoderLayer(
        (self_attn): Attention(
          (q_proj): Linear(in_features=2048, out_features=2048, bias=True)
          (k_proj): Linear(in_features=2048, out_features=2048, bias=True)
          (v_proj): Linear(in_features=2048, out_features=2048, bias=True)
          (o_proj): Linear(in_features=2048, out_features=2048, bias=False)
          (rotary_emb): RotaryEmbedding()
        )
        (mlp): RePaMoE(
          (deepspeed_moe): MOELayer(
            (gate): TopKGate(
              (wg): Linear(in_features=2048, out_features=4, bias=False)
            )
            (experts): Experts(
              (deepspeed_experts): ModuleList(
                (0-3): 4 x RePaMLP(
                  (gate_proj): Linear(in_features=2048, out_features=5632, bias=False)
                  (up_proj): Linear(in_features=2048, out_features=5632, bias=False)
                  (down_proj): Linear(in_features=5632, out_features=2048, bias=False)
                  (act_fn): SiLU()
                )
              )
            )
          )
        )
        (input_layernorm): LayerNorm((2048,), eps=1e-05, elementwise_affine=True)
        (post_attention_layernorm): LayerNorm((2048,), eps=1e-05, elementwise_affine=True)
      )
      (3): DecoderLayer(
        (self_attn): Attention(
          (q_proj): Linear(in_features=2048, out_features=2048, bias=True)
          (k_proj): Linear(in_features=2048, out_features=2048, bias=True)
          (v_proj): Linear(in_features=2048, out_features=2048, bias=True)
          (o_proj): Linear(in_features=2048, out_features=2048, bias=False)
          (rotary_emb): RotaryEmbedding()
        )
        (mlp): MLP(
          (gate_proj): Linear(in_features=2048, out_features=5632, bias=False)
          (up_proj): Linear(in_features=2048, out_features=5632, bias=False)
          (down_proj): Linear(in_features=5632, out_features=2048, bias=False)
          (act_fn): SiLU()
        )
        (input_layernorm): LayerNorm((2048,), eps=1e-05, elementwise_affine=True)
        (post_attention_layernorm): LayerNorm((2048,), eps=1e-05, elementwise_affine=True)
      )
      (4): DecoderLayer(
        (self_attn): Attention(
          (q_proj): Linear(in_features=2048, out_features=2048, bias=True)
          (k_proj): Linear(in_features=2048, out_features=2048, bias=True)
          (v_proj): Linear(in_features=2048, out_features=2048, bias=True)
          (o_proj): Linear(in_features=2048, out_features=2048, bias=False)
          (rotary_emb): RotaryEmbedding()
        )
        (mlp): RePaMoE(
          (deepspeed_moe): MOELayer(
            (gate): TopKGate(
              (wg): Linear(in_features=2048, out_features=4, bias=False)
            )
            (experts): Experts(
              (deepspeed_experts): ModuleList(
                (0-3): 4 x RePaMLP(
                  (gate_proj): Linear(in_features=2048, out_features=5632, bias=False)
                  (up_proj): Linear(in_features=2048, out_features=5632, bias=False)
                  (down_proj): Linear(in_features=5632, out_features=2048, bias=False)
                  (act_fn): SiLU()
                )
              )
            )
          )
        )
        (input_layernorm): LayerNorm((2048,), eps=1e-05, elementwise_affine=True)
        (post_attention_layernorm): LayerNorm((2048,), eps=1e-05, elementwise_affine=True)
      )
      (5): DecoderLayer(
        (self_attn): Attention(
          (q_proj): Linear(in_features=2048, out_features=2048, bias=True)
          (k_proj): Linear(in_features=2048, out_features=2048, bias=True)
          (v_proj): Linear(in_features=2048, out_features=2048, bias=True)
          (o_proj): Linear(in_features=2048, out_features=2048, bias=False)
          (rotary_emb): RotaryEmbedding()
        )
        (mlp): MLP(
          (gate_proj): Linear(in_features=2048, out_features=5632, bias=False)
          (up_proj): Linear(in_features=2048, out_features=5632, bias=False)
          (down_proj): Linear(in_features=5632, out_features=2048, bias=False)
          (act_fn): SiLU()
        )
        (input_layernorm): LayerNorm((2048,), eps=1e-05, elementwise_affine=True)
        (post_attention_layernorm): LayerNorm((2048,), eps=1e-05, elementwise_affine=True)
      )
      (6): DecoderLayer(
        (self_attn): Attention(
          (q_proj): Linear(in_features=2048, out_features=2048, bias=True)
          (k_proj): Linear(in_features=2048, out_features=2048, bias=True)
          (v_proj): Linear(in_features=2048, out_features=2048, bias=True)
          (o_proj): Linear(in_features=2048, out_features=2048, bias=False)
          (rotary_emb): RotaryEmbedding()
        )
        (mlp): RePaMoE(
          (deepspeed_moe): MOELayer(
            (gate): TopKGate(
              (wg): Linear(in_features=2048, out_features=4, bias=False)
            )
            (experts): Experts(
              (deepspeed_experts): ModuleList(
                (0-3): 4 x RePaMLP(
                  (gate_proj): Linear(in_features=2048, out_features=5632, bias=False)
                  (up_proj): Linear(in_features=2048, out_features=5632, bias=False)
                  (down_proj): Linear(in_features=5632, out_features=2048, bias=False)
                  (act_fn): SiLU()
                )
              )
            )
          )
        )
        (input_layernorm): LayerNorm((2048,), eps=1e-05, elementwise_affine=True)
        (post_attention_layernorm): LayerNorm((2048,), eps=1e-05, elementwise_affine=True)
      )
      (7): DecoderLayer(
        (self_attn): Attention(
          (q_proj): Linear(in_features=2048, out_features=2048, bias=True)
          (k_proj): Linear(in_features=2048, out_features=2048, bias=True)
          (v_proj): Linear(in_features=2048, out_features=2048, bias=True)
          (o_proj): Linear(in_features=2048, out_features=2048, bias=False)
          (rotary_emb): RotaryEmbedding()
        )
        (mlp): MLP(
          (gate_proj): Linear(in_features=2048, out_features=5632, bias=False)
          (up_proj): Linear(in_features=2048, out_features=5632, bias=False)
          (down_proj): Linear(in_features=5632, out_features=2048, bias=False)
          (act_fn): SiLU()
        )
        (input_layernorm): LayerNorm((2048,), eps=1e-05, elementwise_affine=True)
        (post_attention_layernorm): LayerNorm((2048,), eps=1e-05, elementwise_affine=True)
      )
      (8): DecoderLayer(
        (self_attn): Attention(
          (q_proj): Linear(in_features=2048, out_features=2048, bias=True)
          (k_proj): Linear(in_features=2048, out_features=2048, bias=True)
          (v_proj): Linear(in_features=2048, out_features=2048, bias=True)
          (o_proj): Linear(in_features=2048, out_features=2048, bias=False)
          (rotary_emb): RotaryEmbedding()
        )
        (mlp): RePaMoE(
          (deepspeed_moe): MOELayer(
            (gate): TopKGate(
              (wg): Linear(in_features=2048, out_features=4, bias=False)
            )
            (experts): Experts(
              (deepspeed_experts): ModuleList(
                (0-3): 4 x RePaMLP(
                  (gate_proj): Linear(in_features=2048, out_features=5632, bias=False)
                  (up_proj): Linear(in_features=2048, out_features=5632, bias=False)
                  (down_proj): Linear(in_features=5632, out_features=2048, bias=False)
                  (act_fn): SiLU()
                )
              )
            )
          )
        )
        (input_layernorm): LayerNorm((2048,), eps=1e-05, elementwise_affine=True)
        (post_attention_layernorm): LayerNorm((2048,), eps=1e-05, elementwise_affine=True)
      )
      (9): DecoderLayer(
        (self_attn): Attention(
          (q_proj): Linear(in_features=2048, out_features=2048, bias=True)
          (k_proj): Linear(in_features=2048, out_features=2048, bias=True)
          (v_proj): Linear(in_features=2048, out_features=2048, bias=True)
          (o_proj): Linear(in_features=2048, out_features=2048, bias=False)
          (rotary_emb): RotaryEmbedding()
        )
        (mlp): MLP(
          (gate_proj): Linear(in_features=2048, out_features=5632, bias=False)
          (up_proj): Linear(in_features=2048, out_features=5632, bias=False)
          (down_proj): Linear(in_features=5632, out_features=2048, bias=False)
          (act_fn): SiLU()
        )
        (input_layernorm): LayerNorm((2048,), eps=1e-05, elementwise_affine=True)
        (post_attention_layernorm): LayerNorm((2048,), eps=1e-05, elementwise_affine=True)
      )
      (10): DecoderLayer(
        (self_attn): Attention(
          (q_proj): Linear(in_features=2048, out_features=2048, bias=True)
          (k_proj): Linear(in_features=2048, out_features=2048, bias=True)
          (v_proj): Linear(in_features=2048, out_features=2048, bias=True)
          (o_proj): Linear(in_features=2048, out_features=2048, bias=False)
          (rotary_emb): RotaryEmbedding()
        )
        (mlp): RePaMoE(
          (deepspeed_moe): MOELayer(
            (gate): TopKGate(
              (wg): Linear(in_features=2048, out_features=4, bias=False)
            )
            (experts): Experts(
              (deepspeed_experts): ModuleList(
                (0-3): 4 x RePaMLP(
                  (gate_proj): Linear(in_features=2048, out_features=5632, bias=False)
                  (up_proj): Linear(in_features=2048, out_features=5632, bias=False)
                  (down_proj): Linear(in_features=5632, out_features=2048, bias=False)
                  (act_fn): SiLU()
                )
              )
            )
          )
        )
        (input_layernorm): LayerNorm((2048,), eps=1e-05, elementwise_affine=True)
        (post_attention_layernorm): LayerNorm((2048,), eps=1e-05, elementwise_affine=True)
      )
      (11): DecoderLayer(
        (self_attn): Attention(
          (q_proj): Linear(in_features=2048, out_features=2048, bias=True)
          (k_proj): Linear(in_features=2048, out_features=2048, bias=True)
          (v_proj): Linear(in_features=2048, out_features=2048, bias=True)
          (o_proj): Linear(in_features=2048, out_features=2048, bias=False)
          (rotary_emb): RotaryEmbedding()
        )
        (mlp): MLP(
          (gate_proj): Linear(in_features=2048, out_features=5632, bias=False)
          (up_proj): Linear(in_features=2048, out_features=5632, bias=False)
          (down_proj): Linear(in_features=5632, out_features=2048, bias=False)
          (act_fn): SiLU()
        )
        (input_layernorm): LayerNorm((2048,), eps=1e-05, elementwise_affine=True)
        (post_attention_layernorm): LayerNorm((2048,), eps=1e-05, elementwise_affine=True)
      )
      (12): DecoderLayer(
        (self_attn): Attention(
          (q_proj): Linear(in_features=2048, out_features=2048, bias=True)
          (k_proj): Linear(in_features=2048, out_features=2048, bias=True)
          (v_proj): Linear(in_features=2048, out_features=2048, bias=True)
          (o_proj): Linear(in_features=2048, out_features=2048, bias=False)
          (rotary_emb): RotaryEmbedding()
        )
        (mlp): RePaMoE(
          (deepspeed_moe): MOELayer(
            (gate): TopKGate(
              (wg): Linear(in_features=2048, out_features=4, bias=False)
            )
            (experts): Experts(
              (deepspeed_experts): ModuleList(
                (0-3): 4 x RePaMLP(
                  (gate_proj): Linear(in_features=2048, out_features=5632, bias=False)
                  (up_proj): Linear(in_features=2048, out_features=5632, bias=False)
                  (down_proj): Linear(in_features=5632, out_features=2048, bias=False)
                  (act_fn): SiLU()
                )
              )
            )
          )
        )
        (input_layernorm): LayerNorm((2048,), eps=1e-05, elementwise_affine=True)
        (post_attention_layernorm): LayerNorm((2048,), eps=1e-05, elementwise_affine=True)
      )
      (13): DecoderLayer(
        (self_attn): Attention(
          (q_proj): Linear(in_features=2048, out_features=2048, bias=True)
          (k_proj): Linear(in_features=2048, out_features=2048, bias=True)
          (v_proj): Linear(in_features=2048, out_features=2048, bias=True)
          (o_proj): Linear(in_features=2048, out_features=2048, bias=False)
          (rotary_emb): RotaryEmbedding()
        )
        (mlp): MLP(
          (gate_proj): Linear(in_features=2048, out_features=5632, bias=False)
          (up_proj): Linear(in_features=2048, out_features=5632, bias=False)
          (down_proj): Linear(in_features=5632, out_features=2048, bias=False)
          (act_fn): SiLU()
        )
        (input_layernorm): LayerNorm((2048,), eps=1e-05, elementwise_affine=True)
        (post_attention_layernorm): LayerNorm((2048,), eps=1e-05, elementwise_affine=True)
      )
      (14): DecoderLayer(
        (self_attn): Attention(
          (q_proj): Linear(in_features=2048, out_features=2048, bias=True)
          (k_proj): Linear(in_features=2048, out_features=2048, bias=True)
          (v_proj): Linear(in_features=2048, out_features=2048, bias=True)
          (o_proj): Linear(in_features=2048, out_features=2048, bias=False)
          (rotary_emb): RotaryEmbedding()
        )
        (mlp): RePaMoE(
          (deepspeed_moe): MOELayer(
            (gate): TopKGate(
              (wg): Linear(in_features=2048, out_features=4, bias=False)
            )
            (experts): Experts(
              (deepspeed_experts): ModuleList(
                (0-3): 4 x RePaMLP(
                  (gate_proj): Linear(in_features=2048, out_features=5632, bias=False)
                  (up_proj): Linear(in_features=2048, out_features=5632, bias=False)
                  (down_proj): Linear(in_features=5632, out_features=2048, bias=False)
                  (act_fn): SiLU()
                )
              )
            )
          )
        )
        (input_layernorm): LayerNorm((2048,), eps=1e-05, elementwise_affine=True)
        (post_attention_layernorm): LayerNorm((2048,), eps=1e-05, elementwise_affine=True)
      )
      (15): DecoderLayer(
        (self_attn): Attention(
          (q_proj): Linear(in_features=2048, out_features=2048, bias=True)
          (k_proj): Linear(in_features=2048, out_features=2048, bias=True)
          (v_proj): Linear(in_features=2048, out_features=2048, bias=True)
          (o_proj): Linear(in_features=2048, out_features=2048, bias=False)
          (rotary_emb): RotaryEmbedding()
        )
        (mlp): MLP(
          (gate_proj): Linear(in_features=2048, out_features=5632, bias=False)
          (up_proj): Linear(in_features=2048, out_features=5632, bias=False)
          (down_proj): Linear(in_features=5632, out_features=2048, bias=False)
          (act_fn): SiLU()
        )
        (input_layernorm): LayerNorm((2048,), eps=1e-05, elementwise_affine=True)
        (post_attention_layernorm): LayerNorm((2048,), eps=1e-05, elementwise_affine=True)
      )
      (16): DecoderLayer(
        (self_attn): Attention(
          (q_proj): Linear(in_features=2048, out_features=2048, bias=True)
          (k_proj): Linear(in_features=2048, out_features=2048, bias=True)
          (v_proj): Linear(in_features=2048, out_features=2048, bias=True)
          (o_proj): Linear(in_features=2048, out_features=2048, bias=False)
          (rotary_emb): RotaryEmbedding()
        )
        (mlp): RePaMoE(
          (deepspeed_moe): MOELayer(
            (gate): TopKGate(
              (wg): Linear(in_features=2048, out_features=4, bias=False)
            )
            (experts): Experts(
              (deepspeed_experts): ModuleList(
                (0-3): 4 x RePaMLP(
                  (gate_proj): Linear(in_features=2048, out_features=5632, bias=False)
                  (up_proj): Linear(in_features=2048, out_features=5632, bias=False)
                  (down_proj): Linear(in_features=5632, out_features=2048, bias=False)
                  (act_fn): SiLU()
                )
              )
            )
          )
        )
        (input_layernorm): LayerNorm((2048,), eps=1e-05, elementwise_affine=True)
        (post_attention_layernorm): LayerNorm((2048,), eps=1e-05, elementwise_affine=True)
      )
      (17): DecoderLayer(
        (self_attn): Attention(
          (q_proj): Linear(in_features=2048, out_features=2048, bias=True)
          (k_proj): Linear(in_features=2048, out_features=2048, bias=True)
          (v_proj): Linear(in_features=2048, out_features=2048, bias=True)
          (o_proj): Linear(in_features=2048, out_features=2048, bias=False)
          (rotary_emb): RotaryEmbedding()
        )
        (mlp): MLP(
          (gate_proj): Linear(in_features=2048, out_features=5632, bias=False)
          (up_proj): Linear(in_features=2048, out_features=5632, bias=False)
          (down_proj): Linear(in_features=5632, out_features=2048, bias=False)
          (act_fn): SiLU()
        )
        (input_layernorm): LayerNorm((2048,), eps=1e-05, elementwise_affine=True)
        (post_attention_layernorm): LayerNorm((2048,), eps=1e-05, elementwise_affine=True)
      )
      (18): DecoderLayer(
        (self_attn): Attention(
          (q_proj): Linear(in_features=2048, out_features=2048, bias=True)
          (k_proj): Linear(in_features=2048, out_features=2048, bias=True)
          (v_proj): Linear(in_features=2048, out_features=2048, bias=True)
          (o_proj): Linear(in_features=2048, out_features=2048, bias=False)
          (rotary_emb): RotaryEmbedding()
        )
        (mlp): RePaMoE(
          (deepspeed_moe): MOELayer(
            (gate): TopKGate(
              (wg): Linear(in_features=2048, out_features=4, bias=False)
            )
            (experts): Experts(
              (deepspeed_experts): ModuleList(
                (0-3): 4 x RePaMLP(
                  (gate_proj): Linear(in_features=2048, out_features=5632, bias=False)
                  (up_proj): Linear(in_features=2048, out_features=5632, bias=False)
                  (down_proj): Linear(in_features=5632, out_features=2048, bias=False)
                  (act_fn): SiLU()
                )
              )
            )
          )
        )
        (input_layernorm): LayerNorm((2048,), eps=1e-05, elementwise_affine=True)
        (post_attention_layernorm): LayerNorm((2048,), eps=1e-05, elementwise_affine=True)
      )
      (19): DecoderLayer(
        (self_attn): Attention(
          (q_proj): Linear(in_features=2048, out_features=2048, bias=True)
          (k_proj): Linear(in_features=2048, out_features=2048, bias=True)
          (v_proj): Linear(in_features=2048, out_features=2048, bias=True)
          (o_proj): Linear(in_features=2048, out_features=2048, bias=False)
          (rotary_emb): RotaryEmbedding()
        )
        (mlp): MLP(
          (gate_proj): Linear(in_features=2048, out_features=5632, bias=False)
          (up_proj): Linear(in_features=2048, out_features=5632, bias=False)
          (down_proj): Linear(in_features=5632, out_features=2048, bias=False)
          (act_fn): SiLU()
        )
        (input_layernorm): LayerNorm((2048,), eps=1e-05, elementwise_affine=True)
        (post_attention_layernorm): LayerNorm((2048,), eps=1e-05, elementwise_affine=True)
      )
      (20): DecoderLayer(
        (self_attn): Attention(
          (q_proj): Linear(in_features=2048, out_features=2048, bias=True)
          (k_proj): Linear(in_features=2048, out_features=2048, bias=True)
          (v_proj): Linear(in_features=2048, out_features=2048, bias=True)
          (o_proj): Linear(in_features=2048, out_features=2048, bias=False)
          (rotary_emb): RotaryEmbedding()
        )
        (mlp): RePaMoE(
          (deepspeed_moe): MOELayer(
            (gate): TopKGate(
              (wg): Linear(in_features=2048, out_features=4, bias=False)
            )
            (experts): Experts(
              (deepspeed_experts): ModuleList(
                (0-3): 4 x RePaMLP(
                  (gate_proj): Linear(in_features=2048, out_features=5632, bias=False)
                  (up_proj): Linear(in_features=2048, out_features=5632, bias=False)
                  (down_proj): Linear(in_features=5632, out_features=2048, bias=False)
                  (act_fn): SiLU()
                )
              )
            )
          )
        )
        (input_layernorm): LayerNorm((2048,), eps=1e-05, elementwise_affine=True)
        (post_attention_layernorm): LayerNorm((2048,), eps=1e-05, elementwise_affine=True)
      )
      (21): DecoderLayer(
        (self_attn): Attention(
          (q_proj): Linear(in_features=2048, out_features=2048, bias=True)
          (k_proj): Linear(in_features=2048, out_features=2048, bias=True)
          (v_proj): Linear(in_features=2048, out_features=2048, bias=True)
          (o_proj): Linear(in_features=2048, out_features=2048, bias=False)
          (rotary_emb): RotaryEmbedding()
        )
        (mlp): MLP(
          (gate_proj): Linear(in_features=2048, out_features=5632, bias=False)
          (up_proj): Linear(in_features=2048, out_features=5632, bias=False)
          (down_proj): Linear(in_features=5632, out_features=2048, bias=False)
          (act_fn): SiLU()
        )
        (input_layernorm): LayerNorm((2048,), eps=1e-05, elementwise_affine=True)
        (post_attention_layernorm): LayerNorm((2048,), eps=1e-05, elementwise_affine=True)
      )
      (22): DecoderLayer(
        (self_attn): Attention(
          (q_proj): Linear(in_features=2048, out_features=2048, bias=True)
          (k_proj): Linear(in_features=2048, out_features=2048, bias=True)
          (v_proj): Linear(in_features=2048, out_features=2048, bias=True)
          (o_proj): Linear(in_features=2048, out_features=2048, bias=False)
          (rotary_emb): RotaryEmbedding()
        )
        (mlp): RePaMoE(
          (deepspeed_moe): MOELayer(
            (gate): TopKGate(
              (wg): Linear(in_features=2048, out_features=4, bias=False)
            )
            (experts): Experts(
              (deepspeed_experts): ModuleList(
                (0-3): 4 x RePaMLP(
                  (gate_proj): Linear(in_features=2048, out_features=5632, bias=False)
                  (up_proj): Linear(in_features=2048, out_features=5632, bias=False)
                  (down_proj): Linear(in_features=5632, out_features=2048, bias=False)
                  (act_fn): SiLU()
                )
              )
            )
          )
        )
        (input_layernorm): LayerNorm((2048,), eps=1e-05, elementwise_affine=True)
        (post_attention_layernorm): LayerNorm((2048,), eps=1e-05, elementwise_affine=True)
      )
      (23): DecoderLayer(
        (self_attn): Attention(
          (q_proj): Linear(in_features=2048, out_features=2048, bias=True)
          (k_proj): Linear(in_features=2048, out_features=2048, bias=True)
          (v_proj): Linear(in_features=2048, out_features=2048, bias=True)
          (o_proj): Linear(in_features=2048, out_features=2048, bias=False)
          (rotary_emb): RotaryEmbedding()
        )
        (mlp): MLP(
          (gate_proj): Linear(in_features=2048, out_features=5632, bias=False)
          (up_proj): Linear(in_features=2048, out_features=5632, bias=False)
          (down_proj): Linear(in_features=5632, out_features=2048, bias=False)
          (act_fn): SiLU()
        )
        (input_layernorm): LayerNorm((2048,), eps=1e-05, elementwise_affine=True)
        (post_attention_layernorm): LayerNorm((2048,), eps=1e-05, elementwise_affine=True)
      )
    )
    (norm): LayerNorm((2048,), eps=1e-05, elementwise_affine=True)
    (image_tower): CLIPVisionTower(
      (image_tower): CLIPVisionModel(
        (vision_model): CLIPVisionTransformer(
          (embeddings): CLIPVisionEmbeddings(
            (patch_embedding): Conv2d(3, 1024, kernel_size=(14, 14), stride=(14, 14), bias=False)
            (position_embedding): Embedding(577, 1024)
          )
          (pre_layrnorm): LayerNorm((1024,), eps=1e-05, elementwise_affine=True)
          (encoder): CLIPEncoder(
            (layers): ModuleList(
              (0-23): 24 x CLIPEncoderLayer(
                (self_attn): CLIPAttention(
                  (k_proj): Linear(in_features=1024, out_features=1024, bias=True)
                  (v_proj): Linear(in_features=1024, out_features=1024, bias=True)
                  (q_proj): Linear(in_features=1024, out_features=1024, bias=True)
                  (out_proj): Linear(in_features=1024, out_features=1024, bias=True)
                )
                (layer_norm1): LayerNorm((1024,), eps=1e-05, elementwise_affine=True)
                (mlp): CLIPMLP(
                  (activation_fn): QuickGELUActivation()
                  (fc1): Linear(in_features=1024, out_features=4096, bias=True)
                  (fc2): Linear(in_features=4096, out_features=1024, bias=True)
                )
                (layer_norm2): LayerNorm((1024,), eps=1e-05, elementwise_affine=True)
              )
            )
          )
          (post_layernorm): LayerNorm((1024,), eps=1e-05, elementwise_affine=True)
        )
      )
    )
    (mm_projector): build_projector(
      (image_spatial_proj): Sequential(
        (0): Linear(in_features=1024, out_features=2048, bias=True)
        (1): GELU(approximate='none')
        (2): Linear(in_features=2048, out_features=2048, bias=True)
      )
      (video_patch_proj): Identity()
      (video_spatial_proj): Identity()
      (video_temproal_proj): Identity()
      (video_global_proj): Identity()
    )
  )
  (lm_head): Linear(in_features=2048, out_features=100352, bias=False)
)
RePaMoELLaVAStablelmForCausalLM(
  (model): MoELLaVAStablelmModel(
    (embed_tokens): Embedding(100352, 2048, padding_idx=100280)
    (layers): ModuleList(
      (0): DecoderLayer(
        (self_attn): Attention(
          (q_proj): Linear(in_features=2048, out_features=2048, bias=True)
          (k_proj): Linear(in_features=2048, out_features=2048, bias=True)
          (v_proj): Linear(in_features=2048, out_features=2048, bias=True)
          (o_proj): Linear(in_features=2048, out_features=2048, bias=False)
          (rotary_emb): RotaryEmbedding()
        )
        (mlp): RePaMoE(
          (deepspeed_moe): MOELayer(
            (gate): TopKGate(
              (wg): Linear(in_features=2048, out_features=4, bias=False)
            )
            (experts): Experts(
              (deepspeed_experts): ModuleList(
                (0-3): 4 x RePaMLP(
                  (gate_proj): Linear(in_features=2048, out_features=5632, bias=False)
                  (up_proj): Linear(in_features=2048, out_features=5632, bias=False)
                  (down_proj): Linear(in_features=5632, out_features=2048, bias=False)
                  (act_fn): SiLU()
                )
              )
            )
          )
        )
        (input_layernorm): LayerNorm((2048,), eps=1e-05, elementwise_affine=True)
        (post_attention_layernorm): LayerNorm((2048,), eps=1e-05, elementwise_affine=True)
      )
      (1): DecoderLayer(
        (self_attn): Attention(
          (q_proj): Linear(in_features=2048, out_features=2048, bias=True)
          (k_proj): Linear(in_features=2048, out_features=2048, bias=True)
          (v_proj): Linear(in_features=2048, out_features=2048, bias=True)
          (o_proj): Linear(in_features=2048, out_features=2048, bias=False)
          (rotary_emb): RotaryEmbedding()
        )
        (mlp): MLP(
          (gate_proj): Linear(in_features=2048, out_features=5632, bias=False)
          (up_proj): Linear(in_features=2048, out_features=5632, bias=False)
          (down_proj): Linear(in_features=5632, out_features=2048, bias=False)
          (act_fn): SiLU()
        )
        (input_layernorm): LayerNorm((2048,), eps=1e-05, elementwise_affine=True)
        (post_attention_layernorm): LayerNorm((2048,), eps=1e-05, elementwise_affine=True)
      )
      (2): DecoderLayer(
        (self_attn): Attention(
          (q_proj): Linear(in_features=2048, out_features=2048, bias=True)
          (k_proj): Linear(in_features=2048, out_features=2048, bias=True)
          (v_proj): Linear(in_features=2048, out_features=2048, bias=True)
          (o_proj): Linear(in_features=2048, out_features=2048, bias=False)
          (rotary_emb): RotaryEmbedding()
        )
        (mlp): RePaMoE(
          (deepspeed_moe): MOELayer(
            (gate): TopKGate(
              (wg): Linear(in_features=2048, out_features=4, bias=False)
            )
            (experts): Experts(
              (deepspeed_experts): ModuleList(
                (0-3): 4 x RePaMLP(
                  (gate_proj): Linear(in_features=2048, out_features=5632, bias=False)
                  (up_proj): Linear(in_features=2048, out_features=5632, bias=False)
                  (down_proj): Linear(in_features=5632, out_features=2048, bias=False)
                  (act_fn): SiLU()
                )
              )
            )
          )
        )
        (input_layernorm): LayerNorm((2048,), eps=1e-05, elementwise_affine=True)
        (post_attention_layernorm): LayerNorm((2048,), eps=1e-05, elementwise_affine=True)
      )
      (3): DecoderLayer(
        (self_attn): Attention(
          (q_proj): Linear(in_features=2048, out_features=2048, bias=True)
          (k_proj): Linear(in_features=2048, out_features=2048, bias=True)
          (v_proj): Linear(in_features=2048, out_features=2048, bias=True)
          (o_proj): Linear(in_features=2048, out_features=2048, bias=False)
          (rotary_emb): RotaryEmbedding()
        )
        (mlp): MLP(
          (gate_proj): Linear(in_features=2048, out_features=5632, bias=False)
          (up_proj): Linear(in_features=2048, out_features=5632, bias=False)
          (down_proj): Linear(in_features=5632, out_features=2048, bias=False)
          (act_fn): SiLU()
        )
        (input_layernorm): LayerNorm((2048,), eps=1e-05, elementwise_affine=True)
        (post_attention_layernorm): LayerNorm((2048,), eps=1e-05, elementwise_affine=True)
      )
      (4): DecoderLayer(
        (self_attn): Attention(
          (q_proj): Linear(in_features=2048, out_features=2048, bias=True)
          (k_proj): Linear(in_features=2048, out_features=2048, bias=True)
          (v_proj): Linear(in_features=2048, out_features=2048, bias=True)
          (o_proj): Linear(in_features=2048, out_features=2048, bias=False)
          (rotary_emb): RotaryEmbedding()
        )
        (mlp): RePaMoE(
          (deepspeed_moe): MOELayer(
            (gate): TopKGate(
              (wg): Linear(in_features=2048, out_features=4, bias=False)
            )
            (experts): Experts(
              (deepspeed_experts): ModuleList(
                (0-3): 4 x RePaMLP(
                  (gate_proj): Linear(in_features=2048, out_features=5632, bias=False)
                  (up_proj): Linear(in_features=2048, out_features=5632, bias=False)
                  (down_proj): Linear(in_features=5632, out_features=2048, bias=False)
                  (act_fn): SiLU()
                )
              )
            )
          )
        )
        (input_layernorm): LayerNorm((2048,), eps=1e-05, elementwise_affine=True)
        (post_attention_layernorm): LayerNorm((2048,), eps=1e-05, elementwise_affine=True)
      )
      (5): DecoderLayer(
        (self_attn): Attention(
          (q_proj): Linear(in_features=2048, out_features=2048, bias=True)
          (k_proj): Linear(in_features=2048, out_features=2048, bias=True)
          (v_proj): Linear(in_features=2048, out_features=2048, bias=True)
          (o_proj): Linear(in_features=2048, out_features=2048, bias=False)
          (rotary_emb): RotaryEmbedding()
        )
        (mlp): MLP(
          (gate_proj): Linear(in_features=2048, out_features=5632, bias=False)
          (up_proj): Linear(in_features=2048, out_features=5632, bias=False)
          (down_proj): Linear(in_features=5632, out_features=2048, bias=False)
          (act_fn): SiLU()
        )
        (input_layernorm): LayerNorm((2048,), eps=1e-05, elementwise_affine=True)
        (post_attention_layernorm): LayerNorm((2048,), eps=1e-05, elementwise_affine=True)
      )
      (6): DecoderLayer(
        (self_attn): Attention(
          (q_proj): Linear(in_features=2048, out_features=2048, bias=True)
          (k_proj): Linear(in_features=2048, out_features=2048, bias=True)
          (v_proj): Linear(in_features=2048, out_features=2048, bias=True)
          (o_proj): Linear(in_features=2048, out_features=2048, bias=False)
          (rotary_emb): RotaryEmbedding()
        )
        (mlp): RePaMoE(
          (deepspeed_moe): MOELayer(
            (gate): TopKGate(
              (wg): Linear(in_features=2048, out_features=4, bias=False)
            )
            (experts): Experts(
              (deepspeed_experts): ModuleList(
                (0-3): 4 x RePaMLP(
                  (gate_proj): Linear(in_features=2048, out_features=5632, bias=False)
                  (up_proj): Linear(in_features=2048, out_features=5632, bias=False)
                  (down_proj): Linear(in_features=5632, out_features=2048, bias=False)
                  (act_fn): SiLU()
                )
              )
            )
          )
        )
        (input_layernorm): LayerNorm((2048,), eps=1e-05, elementwise_affine=True)
        (post_attention_layernorm): LayerNorm((2048,), eps=1e-05, elementwise_affine=True)
      )
      (7): DecoderLayer(
        (self_attn): Attention(
          (q_proj): Linear(in_features=2048, out_features=2048, bias=True)
          (k_proj): Linear(in_features=2048, out_features=2048, bias=True)
          (v_proj): Linear(in_features=2048, out_features=2048, bias=True)
          (o_proj): Linear(in_features=2048, out_features=2048, bias=False)
          (rotary_emb): RotaryEmbedding()
        )
        (mlp): MLP(
          (gate_proj): Linear(in_features=2048, out_features=5632, bias=False)
          (up_proj): Linear(in_features=2048, out_features=5632, bias=False)
          (down_proj): Linear(in_features=5632, out_features=2048, bias=False)
          (act_fn): SiLU()
        )
        (input_layernorm): LayerNorm((2048,), eps=1e-05, elementwise_affine=True)
        (post_attention_layernorm): LayerNorm((2048,), eps=1e-05, elementwise_affine=True)
      )
      (8): DecoderLayer(
        (self_attn): Attention(
          (q_proj): Linear(in_features=2048, out_features=2048, bias=True)
          (k_proj): Linear(in_features=2048, out_features=2048, bias=True)
          (v_proj): Linear(in_features=2048, out_features=2048, bias=True)
          (o_proj): Linear(in_features=2048, out_features=2048, bias=False)
          (rotary_emb): RotaryEmbedding()
        )
        (mlp): RePaMoE(
          (deepspeed_moe): MOELayer(
            (gate): TopKGate(
              (wg): Linear(in_features=2048, out_features=4, bias=False)
            )
            (experts): Experts(
              (deepspeed_experts): ModuleList(
                (0-3): 4 x RePaMLP(
                  (gate_proj): Linear(in_features=2048, out_features=5632, bias=False)
                  (up_proj): Linear(in_features=2048, out_features=5632, bias=False)
                  (down_proj): Linear(in_features=5632, out_features=2048, bias=False)
                  (act_fn): SiLU()
                )
              )
            )
          )
        )
        (input_layernorm): LayerNorm((2048,), eps=1e-05, elementwise_affine=True)
        (post_attention_layernorm): LayerNorm((2048,), eps=1e-05, elementwise_affine=True)
      )
      (9): DecoderLayer(
        (self_attn): Attention(
          (q_proj): Linear(in_features=2048, out_features=2048, bias=True)
          (k_proj): Linear(in_features=2048, out_features=2048, bias=True)
          (v_proj): Linear(in_features=2048, out_features=2048, bias=True)
          (o_proj): Linear(in_features=2048, out_features=2048, bias=False)
          (rotary_emb): RotaryEmbedding()
        )
        (mlp): MLP(
          (gate_proj): Linear(in_features=2048, out_features=5632, bias=False)
          (up_proj): Linear(in_features=2048, out_features=5632, bias=False)
          (down_proj): Linear(in_features=5632, out_features=2048, bias=False)
          (act_fn): SiLU()
        )
        (input_layernorm): LayerNorm((2048,), eps=1e-05, elementwise_affine=True)
        (post_attention_layernorm): LayerNorm((2048,), eps=1e-05, elementwise_affine=True)
      )
      (10): DecoderLayer(
        (self_attn): Attention(
          (q_proj): Linear(in_features=2048, out_features=2048, bias=True)
          (k_proj): Linear(in_features=2048, out_features=2048, bias=True)
          (v_proj): Linear(in_features=2048, out_features=2048, bias=True)
          (o_proj): Linear(in_features=2048, out_features=2048, bias=False)
          (rotary_emb): RotaryEmbedding()
        )
        (mlp): RePaMoE(
          (deepspeed_moe): MOELayer(
            (gate): TopKGate(
              (wg): Linear(in_features=2048, out_features=4, bias=False)
            )
            (experts): Experts(
              (deepspeed_experts): ModuleList(
                (0-3): 4 x RePaMLP(
                  (gate_proj): Linear(in_features=2048, out_features=5632, bias=False)
                  (up_proj): Linear(in_features=2048, out_features=5632, bias=False)
                  (down_proj): Linear(in_features=5632, out_features=2048, bias=False)
                  (act_fn): SiLU()
                )
              )
            )
          )
        )
        (input_layernorm): LayerNorm((2048,), eps=1e-05, elementwise_affine=True)
        (post_attention_layernorm): LayerNorm((2048,), eps=1e-05, elementwise_affine=True)
      )
      (11): DecoderLayer(
        (self_attn): Attention(
          (q_proj): Linear(in_features=2048, out_features=2048, bias=True)
          (k_proj): Linear(in_features=2048, out_features=2048, bias=True)
          (v_proj): Linear(in_features=2048, out_features=2048, bias=True)
          (o_proj): Linear(in_features=2048, out_features=2048, bias=False)
          (rotary_emb): RotaryEmbedding()
        )
        (mlp): MLP(
          (gate_proj): Linear(in_features=2048, out_features=5632, bias=False)
          (up_proj): Linear(in_features=2048, out_features=5632, bias=False)
          (down_proj): Linear(in_features=5632, out_features=2048, bias=False)
          (act_fn): SiLU()
        )
        (input_layernorm): LayerNorm((2048,), eps=1e-05, elementwise_affine=True)
        (post_attention_layernorm): LayerNorm((2048,), eps=1e-05, elementwise_affine=True)
      )
      (12): DecoderLayer(
        (self_attn): Attention(
          (q_proj): Linear(in_features=2048, out_features=2048, bias=True)
          (k_proj): Linear(in_features=2048, out_features=2048, bias=True)
          (v_proj): Linear(in_features=2048, out_features=2048, bias=True)
          (o_proj): Linear(in_features=2048, out_features=2048, bias=False)
          (rotary_emb): RotaryEmbedding()
        )
        (mlp): RePaMoE(
          (deepspeed_moe): MOELayer(
            (gate): TopKGate(
              (wg): Linear(in_features=2048, out_features=4, bias=False)
            )
            (experts): Experts(
              (deepspeed_experts): ModuleList(
                (0-3): 4 x RePaMLP(
                  (gate_proj): Linear(in_features=2048, out_features=5632, bias=False)
                  (up_proj): Linear(in_features=2048, out_features=5632, bias=False)
                  (down_proj): Linear(in_features=5632, out_features=2048, bias=False)
                  (act_fn): SiLU()
                )
              )
            )
          )
        )
        (input_layernorm): LayerNorm((2048,), eps=1e-05, elementwise_affine=True)
        (post_attention_layernorm): LayerNorm((2048,), eps=1e-05, elementwise_affine=True)
      )
      (13): DecoderLayer(
        (self_attn): Attention(
          (q_proj): Linear(in_features=2048, out_features=2048, bias=True)
          (k_proj): Linear(in_features=2048, out_features=2048, bias=True)
          (v_proj): Linear(in_features=2048, out_features=2048, bias=True)
          (o_proj): Linear(in_features=2048, out_features=2048, bias=False)
          (rotary_emb): RotaryEmbedding()
        )
        (mlp): MLP(
          (gate_proj): Linear(in_features=2048, out_features=5632, bias=False)
          (up_proj): Linear(in_features=2048, out_features=5632, bias=False)
          (down_proj): Linear(in_features=5632, out_features=2048, bias=False)
          (act_fn): SiLU()
        )
        (input_layernorm): LayerNorm((2048,), eps=1e-05, elementwise_affine=True)
        (post_attention_layernorm): LayerNorm((2048,), eps=1e-05, elementwise_affine=True)
      )
      (14): DecoderLayer(
        (self_attn): Attention(
          (q_proj): Linear(in_features=2048, out_features=2048, bias=True)
          (k_proj): Linear(in_features=2048, out_features=2048, bias=True)
          (v_proj): Linear(in_features=2048, out_features=2048, bias=True)
          (o_proj): Linear(in_features=2048, out_features=2048, bias=False)
          (rotary_emb): RotaryEmbedding()
        )
        (mlp): RePaMoE(
          (deepspeed_moe): MOELayer(
            (gate): TopKGate(
              (wg): Linear(in_features=2048, out_features=4, bias=False)
            )
            (experts): Experts(
              (deepspeed_experts): ModuleList(
                (0-3): 4 x RePaMLP(
                  (gate_proj): Linear(in_features=2048, out_features=5632, bias=False)
                  (up_proj): Linear(in_features=2048, out_features=5632, bias=False)
                  (down_proj): Linear(in_features=5632, out_features=2048, bias=False)
                  (act_fn): SiLU()
                )
              )
            )
          )
        )
        (input_layernorm): LayerNorm((2048,), eps=1e-05, elementwise_affine=True)
        (post_attention_layernorm): LayerNorm((2048,), eps=1e-05, elementwise_affine=True)
      )
      (15): DecoderLayer(
        (self_attn): Attention(
          (q_proj): Linear(in_features=2048, out_features=2048, bias=True)
          (k_proj): Linear(in_features=2048, out_features=2048, bias=True)
          (v_proj): Linear(in_features=2048, out_features=2048, bias=True)
          (o_proj): Linear(in_features=2048, out_features=2048, bias=False)
          (rotary_emb): RotaryEmbedding()
        )
        (mlp): MLP(
          (gate_proj): Linear(in_features=2048, out_features=5632, bias=False)
          (up_proj): Linear(in_features=2048, out_features=5632, bias=False)
          (down_proj): Linear(in_features=5632, out_features=2048, bias=False)
          (act_fn): SiLU()
        )
        (input_layernorm): LayerNorm((2048,), eps=1e-05, elementwise_affine=True)
        (post_attention_layernorm): LayerNorm((2048,), eps=1e-05, elementwise_affine=True)
      )
      (16): DecoderLayer(
        (self_attn): Attention(
          (q_proj): Linear(in_features=2048, out_features=2048, bias=True)
          (k_proj): Linear(in_features=2048, out_features=2048, bias=True)
          (v_proj): Linear(in_features=2048, out_features=2048, bias=True)
          (o_proj): Linear(in_features=2048, out_features=2048, bias=False)
          (rotary_emb): RotaryEmbedding()
        )
        (mlp): RePaMoE(
          (deepspeed_moe): MOELayer(
            (gate): TopKGate(
              (wg): Linear(in_features=2048, out_features=4, bias=False)
            )
            (experts): Experts(
              (deepspeed_experts): ModuleList(
                (0-3): 4 x RePaMLP(
                  (gate_proj): Linear(in_features=2048, out_features=5632, bias=False)
                  (up_proj): Linear(in_features=2048, out_features=5632, bias=False)
                  (down_proj): Linear(in_features=5632, out_features=2048, bias=False)
                  (act_fn): SiLU()
                )
              )
            )
          )
        )
        (input_layernorm): LayerNorm((2048,), eps=1e-05, elementwise_affine=True)
        (post_attention_layernorm): LayerNorm((2048,), eps=1e-05, elementwise_affine=True)
      )
      (17): DecoderLayer(
        (self_attn): Attention(
          (q_proj): Linear(in_features=2048, out_features=2048, bias=True)
          (k_proj): Linear(in_features=2048, out_features=2048, bias=True)
          (v_proj): Linear(in_features=2048, out_features=2048, bias=True)
          (o_proj): Linear(in_features=2048, out_features=2048, bias=False)
          (rotary_emb): RotaryEmbedding()
        )
        (mlp): MLP(
          (gate_proj): Linear(in_features=2048, out_features=5632, bias=False)
          (up_proj): Linear(in_features=2048, out_features=5632, bias=False)
          (down_proj): Linear(in_features=5632, out_features=2048, bias=False)
          (act_fn): SiLU()
        )
        (input_layernorm): LayerNorm((2048,), eps=1e-05, elementwise_affine=True)
        (post_attention_layernorm): LayerNorm((2048,), eps=1e-05, elementwise_affine=True)
      )
      (18): DecoderLayer(
        (self_attn): Attention(
          (q_proj): Linear(in_features=2048, out_features=2048, bias=True)
          (k_proj): Linear(in_features=2048, out_features=2048, bias=True)
          (v_proj): Linear(in_features=2048, out_features=2048, bias=True)
          (o_proj): Linear(in_features=2048, out_features=2048, bias=False)
          (rotary_emb): RotaryEmbedding()
        )
        (mlp): RePaMoE(
          (deepspeed_moe): MOELayer(
            (gate): TopKGate(
              (wg): Linear(in_features=2048, out_features=4, bias=False)
            )
            (experts): Experts(
              (deepspeed_experts): ModuleList(
                (0-3): 4 x RePaMLP(
                  (gate_proj): Linear(in_features=2048, out_features=5632, bias=False)
                  (up_proj): Linear(in_features=2048, out_features=5632, bias=False)
                  (down_proj): Linear(in_features=5632, out_features=2048, bias=False)
                  (act_fn): SiLU()
                )
              )
            )
          )
        )
        (input_layernorm): LayerNorm((2048,), eps=1e-05, elementwise_affine=True)
        (post_attention_layernorm): LayerNorm((2048,), eps=1e-05, elementwise_affine=True)
      )
      (19): DecoderLayer(
        (self_attn): Attention(
          (q_proj): Linear(in_features=2048, out_features=2048, bias=True)
          (k_proj): Linear(in_features=2048, out_features=2048, bias=True)
          (v_proj): Linear(in_features=2048, out_features=2048, bias=True)
          (o_proj): Linear(in_features=2048, out_features=2048, bias=False)
          (rotary_emb): RotaryEmbedding()
        )
        (mlp): MLP(
          (gate_proj): Linear(in_features=2048, out_features=5632, bias=False)
          (up_proj): Linear(in_features=2048, out_features=5632, bias=False)
          (down_proj): Linear(in_features=5632, out_features=2048, bias=False)
          (act_fn): SiLU()
        )
        (input_layernorm): LayerNorm((2048,), eps=1e-05, elementwise_affine=True)
        (post_attention_layernorm): LayerNorm((2048,), eps=1e-05, elementwise_affine=True)
      )
      (20): DecoderLayer(
        (self_attn): Attention(
          (q_proj): Linear(in_features=2048, out_features=2048, bias=True)
          (k_proj): Linear(in_features=2048, out_features=2048, bias=True)
          (v_proj): Linear(in_features=2048, out_features=2048, bias=True)
          (o_proj): Linear(in_features=2048, out_features=2048, bias=False)
          (rotary_emb): RotaryEmbedding()
        )
        (mlp): RePaMoE(
          (deepspeed_moe): MOELayer(
            (gate): TopKGate(
              (wg): Linear(in_features=2048, out_features=4, bias=False)
            )
            (experts): Experts(
              (deepspeed_experts): ModuleList(
                (0-3): 4 x RePaMLP(
                  (gate_proj): Linear(in_features=2048, out_features=5632, bias=False)
                  (up_proj): Linear(in_features=2048, out_features=5632, bias=False)
                  (down_proj): Linear(in_features=5632, out_features=2048, bias=False)
                  (act_fn): SiLU()
                )
              )
            )
          )
        )
        (input_layernorm): LayerNorm((2048,), eps=1e-05, elementwise_affine=True)
        (post_attention_layernorm): LayerNorm((2048,), eps=1e-05, elementwise_affine=True)
      )
      (21): DecoderLayer(
        (self_attn): Attention(
          (q_proj): Linear(in_features=2048, out_features=2048, bias=True)
          (k_proj): Linear(in_features=2048, out_features=2048, bias=True)
          (v_proj): Linear(in_features=2048, out_features=2048, bias=True)
          (o_proj): Linear(in_features=2048, out_features=2048, bias=False)
          (rotary_emb): RotaryEmbedding()
        )
        (mlp): MLP(
          (gate_proj): Linear(in_features=2048, out_features=5632, bias=False)
          (up_proj): Linear(in_features=2048, out_features=5632, bias=False)
          (down_proj): Linear(in_features=5632, out_features=2048, bias=False)
          (act_fn): SiLU()
        )
        (input_layernorm): LayerNorm((2048,), eps=1e-05, elementwise_affine=True)
        (post_attention_layernorm): LayerNorm((2048,), eps=1e-05, elementwise_affine=True)
      )
      (22): DecoderLayer(
        (self_attn): Attention(
          (q_proj): Linear(in_features=2048, out_features=2048, bias=True)
          (k_proj): Linear(in_features=2048, out_features=2048, bias=True)
          (v_proj): Linear(in_features=2048, out_features=2048, bias=True)
          (o_proj): Linear(in_features=2048, out_features=2048, bias=False)
          (rotary_emb): RotaryEmbedding()
        )
        (mlp): RePaMoE(
          (deepspeed_moe): MOELayer(
            (gate): TopKGate(
              (wg): Linear(in_features=2048, out_features=4, bias=False)
            )
            (experts): Experts(
              (deepspeed_experts): ModuleList(
                (0-3): 4 x RePaMLP(
                  (gate_proj): Linear(in_features=2048, out_features=5632, bias=False)
                  (up_proj): Linear(in_features=2048, out_features=5632, bias=False)
                  (down_proj): Linear(in_features=5632, out_features=2048, bias=False)
                  (act_fn): SiLU()
                )
              )
            )
          )
        )
        (input_layernorm): LayerNorm((2048,), eps=1e-05, elementwise_affine=True)
        (post_attention_layernorm): LayerNorm((2048,), eps=1e-05, elementwise_affine=True)
      )
      (23): DecoderLayer(
        (self_attn): Attention(
          (q_proj): Linear(in_features=2048, out_features=2048, bias=True)
          (k_proj): Linear(in_features=2048, out_features=2048, bias=True)
          (v_proj): Linear(in_features=2048, out_features=2048, bias=True)
          (o_proj): Linear(in_features=2048, out_features=2048, bias=False)
          (rotary_emb): RotaryEmbedding()
        )
        (mlp): MLP(
          (gate_proj): Linear(in_features=2048, out_features=5632, bias=False)
          (up_proj): Linear(in_features=2048, out_features=5632, bias=False)
          (down_proj): Linear(in_features=5632, out_features=2048, bias=False)
          (act_fn): SiLU()
        )
        (input_layernorm): LayerNorm((2048,), eps=1e-05, elementwise_affine=True)
        (post_attention_layernorm): LayerNorm((2048,), eps=1e-05, elementwise_affine=True)
      )
    )
    (norm): LayerNorm((2048,), eps=1e-05, elementwise_affine=True)
    (image_tower): CLIPVisionTower(
      (image_tower): CLIPVisionModel(
        (vision_model): CLIPVisionTransformer(
          (embeddings): CLIPVisionEmbeddings(
            (patch_embedding): Conv2d(3, 1024, kernel_size=(14, 14), stride=(14, 14), bias=False)
            (position_embedding): Embedding(577, 1024)
          )
          (pre_layrnorm): LayerNorm((1024,), eps=1e-05, elementwise_affine=True)
          (encoder): CLIPEncoder(
            (layers): ModuleList(
              (0-23): 24 x CLIPEncoderLayer(
                (self_attn): CLIPAttention(
                  (k_proj): Linear(in_features=1024, out_features=1024, bias=True)
                  (v_proj): Linear(in_features=1024, out_features=1024, bias=True)
                  (q_proj): Linear(in_features=1024, out_features=1024, bias=True)
                  (out_proj): Linear(in_features=1024, out_features=1024, bias=True)
                )
                (layer_norm1): LayerNorm((1024,), eps=1e-05, elementwise_affine=True)
                (mlp): CLIPMLP(
                  (activation_fn): QuickGELUActivation()
                  (fc1): Linear(in_features=1024, out_features=4096, bias=True)
                  (fc2): Linear(in_features=4096, out_features=1024, bias=True)
                )
                (layer_norm2): LayerNorm((1024,), eps=1e-05, elementwise_affine=True)
              )
            )
          )
          (post_layernorm): LayerNorm((1024,), eps=1e-05, elementwise_affine=True)
        )
      )
    )
    (mm_projector): build_projector(
      (image_spatial_proj): Sequential(
        (0): Linear(in_features=1024, out_features=2048, bias=True)
        (1): GELU(approximate='none')
        (2): Linear(in_features=2048, out_features=2048, bias=True)
      )
      (video_patch_proj): Identity()
      (video_spatial_proj): Identity()
      (video_temproal_proj): Identity()
      (video_global_proj): Identity()
    )
  )
  (lm_head): Linear(in_features=2048, out_features=100352, bias=False)
)
RePaMoELLaVAStablelmForCausalLM(
  (model): MoELLaVAStablelmModel(
    (embed_tokens): Embedding(100352, 2048, padding_idx=100280)
    (layers): ModuleList(
      (0): DecoderLayer(
        (self_attn): Attention(
          (q_proj): Linear(in_features=2048, out_features=2048, bias=True)
          (k_proj): Linear(in_features=2048, out_features=2048, bias=True)
          (v_proj): Linear(in_features=2048, out_features=2048, bias=True)
          (o_proj): Linear(in_features=2048, out_features=2048, bias=False)
          (rotary_emb): RotaryEmbedding()
        )
        (mlp): RePaMoE(
          (deepspeed_moe): MOELayer(
            (gate): TopKGate(
              (wg): Linear(in_features=2048, out_features=4, bias=False)
            )
            (experts): Experts(
              (deepspeed_experts): ModuleList(
                (0-3): 4 x RePaMLP(
                  (gate_proj): Linear(in_features=2048, out_features=5632, bias=False)
                  (up_proj): Linear(in_features=2048, out_features=5632, bias=False)
                  (down_proj): Linear(in_features=5632, out_features=2048, bias=False)
                  (act_fn): SiLU()
                )
              )
            )
          )
        )
        (input_layernorm): LayerNorm((2048,), eps=1e-05, elementwise_affine=True)
        (post_attention_layernorm): LayerNorm((2048,), eps=1e-05, elementwise_affine=True)
      )
      (1): DecoderLayer(
        (self_attn): Attention(
          (q_proj): Linear(in_features=2048, out_features=2048, bias=True)
          (k_proj): Linear(in_features=2048, out_features=2048, bias=True)
          (v_proj): Linear(in_features=2048, out_features=2048, bias=True)
          (o_proj): Linear(in_features=2048, out_features=2048, bias=False)
          (rotary_emb): RotaryEmbedding()
        )
        (mlp): MLP(
          (gate_proj): Linear(in_features=2048, out_features=5632, bias=False)
          (up_proj): Linear(in_features=2048, out_features=5632, bias=False)
          (down_proj): Linear(in_features=5632, out_features=2048, bias=False)
          (act_fn): SiLU()
        )
        (input_layernorm): LayerNorm((2048,), eps=1e-05, elementwise_affine=True)
        (post_attention_layernorm): LayerNorm((2048,), eps=1e-05, elementwise_affine=True)
      )
      (2): DecoderLayer(
        (self_attn): Attention(
          (q_proj): Linear(in_features=2048, out_features=2048, bias=True)
          (k_proj): Linear(in_features=2048, out_features=2048, bias=True)
          (v_proj): Linear(in_features=2048, out_features=2048, bias=True)
          (o_proj): Linear(in_features=2048, out_features=2048, bias=False)
          (rotary_emb): RotaryEmbedding()
        )
        (mlp): RePaMoE(
          (deepspeed_moe): MOELayer(
            (gate): TopKGate(
              (wg): Linear(in_features=2048, out_features=4, bias=False)
            )
            (experts): Experts(
              (deepspeed_experts): ModuleList(
                (0-3): 4 x RePaMLP(
                  (gate_proj): Linear(in_features=2048, out_features=5632, bias=False)
                  (up_proj): Linear(in_features=2048, out_features=5632, bias=False)
                  (down_proj): Linear(in_features=5632, out_features=2048, bias=False)
                  (act_fn): SiLU()
                )
              )
            )
          )
        )
        (input_layernorm): LayerNorm((2048,), eps=1e-05, elementwise_affine=True)
        (post_attention_layernorm): LayerNorm((2048,), eps=1e-05, elementwise_affine=True)
      )
      (3): DecoderLayer(
        (self_attn): Attention(
          (q_proj): Linear(in_features=2048, out_features=2048, bias=True)
          (k_proj): Linear(in_features=2048, out_features=2048, bias=True)
          (v_proj): Linear(in_features=2048, out_features=2048, bias=True)
          (o_proj): Linear(in_features=2048, out_features=2048, bias=False)
          (rotary_emb): RotaryEmbedding()
        )
        (mlp): MLP(
          (gate_proj): Linear(in_features=2048, out_features=5632, bias=False)
          (up_proj): Linear(in_features=2048, out_features=5632, bias=False)
          (down_proj): Linear(in_features=5632, out_features=2048, bias=False)
          (act_fn): SiLU()
        )
        (input_layernorm): LayerNorm((2048,), eps=1e-05, elementwise_affine=True)
        (post_attention_layernorm): LayerNorm((2048,), eps=1e-05, elementwise_affine=True)
      )
      (4): DecoderLayer(
        (self_attn): Attention(
          (q_proj): Linear(in_features=2048, out_features=2048, bias=True)
          (k_proj): Linear(in_features=2048, out_features=2048, bias=True)
          (v_proj): Linear(in_features=2048, out_features=2048, bias=True)
          (o_proj): Linear(in_features=2048, out_features=2048, bias=False)
          (rotary_emb): RotaryEmbedding()
        )
        (mlp): RePaMoE(
          (deepspeed_moe): MOELayer(
            (gate): TopKGate(
              (wg): Linear(in_features=2048, out_features=4, bias=False)
            )
            (experts): Experts(
              (deepspeed_experts): ModuleList(
                (0-3): 4 x RePaMLP(
                  (gate_proj): Linear(in_features=2048, out_features=5632, bias=False)
                  (up_proj): Linear(in_features=2048, out_features=5632, bias=False)
                  (down_proj): Linear(in_features=5632, out_features=2048, bias=False)
                  (act_fn): SiLU()
                )
              )
            )
          )
        )
        (input_layernorm): LayerNorm((2048,), eps=1e-05, elementwise_affine=True)
        (post_attention_layernorm): LayerNorm((2048,), eps=1e-05, elementwise_affine=True)
      )
      (5): DecoderLayer(
        (self_attn): Attention(
          (q_proj): Linear(in_features=2048, out_features=2048, bias=True)
          (k_proj): Linear(in_features=2048, out_features=2048, bias=True)
          (v_proj): Linear(in_features=2048, out_features=2048, bias=True)
          (o_proj): Linear(in_features=2048, out_features=2048, bias=False)
          (rotary_emb): RotaryEmbedding()
        )
        (mlp): MLP(
          (gate_proj): Linear(in_features=2048, out_features=5632, bias=False)
          (up_proj): Linear(in_features=2048, out_features=5632, bias=False)
          (down_proj): Linear(in_features=5632, out_features=2048, bias=False)
          (act_fn): SiLU()
        )
        (input_layernorm): LayerNorm((2048,), eps=1e-05, elementwise_affine=True)
        (post_attention_layernorm): LayerNorm((2048,), eps=1e-05, elementwise_affine=True)
      )
      (6): DecoderLayer(
        (self_attn): Attention(
          (q_proj): Linear(in_features=2048, out_features=2048, bias=True)
          (k_proj): Linear(in_features=2048, out_features=2048, bias=True)
          (v_proj): Linear(in_features=2048, out_features=2048, bias=True)
          (o_proj): Linear(in_features=2048, out_features=2048, bias=False)
          (rotary_emb): RotaryEmbedding()
        )
        (mlp): RePaMoE(
          (deepspeed_moe): MOELayer(
            (gate): TopKGate(
              (wg): Linear(in_features=2048, out_features=4, bias=False)
            )
            (experts): Experts(
              (deepspeed_experts): ModuleList(
                (0-3): 4 x RePaMLP(
                  (gate_proj): Linear(in_features=2048, out_features=5632, bias=False)
                  (up_proj): Linear(in_features=2048, out_features=5632, bias=False)
                  (down_proj): Linear(in_features=5632, out_features=2048, bias=False)
                  (act_fn): SiLU()
                )
              )
            )
          )
        )
        (input_layernorm): LayerNorm((2048,), eps=1e-05, elementwise_affine=True)
        (post_attention_layernorm): LayerNorm((2048,), eps=1e-05, elementwise_affine=True)
      )
      (7): DecoderLayer(
        (self_attn): Attention(
          (q_proj): Linear(in_features=2048, out_features=2048, bias=True)
          (k_proj): Linear(in_features=2048, out_features=2048, bias=True)
          (v_proj): Linear(in_features=2048, out_features=2048, bias=True)
          (o_proj): Linear(in_features=2048, out_features=2048, bias=False)
          (rotary_emb): RotaryEmbedding()
        )
        (mlp): MLP(
          (gate_proj): Linear(in_features=2048, out_features=5632, bias=False)
          (up_proj): Linear(in_features=2048, out_features=5632, bias=False)
          (down_proj): Linear(in_features=5632, out_features=2048, bias=False)
          (act_fn): SiLU()
        )
        (input_layernorm): LayerNorm((2048,), eps=1e-05, elementwise_affine=True)
        (post_attention_layernorm): LayerNorm((2048,), eps=1e-05, elementwise_affine=True)
      )
      (8): DecoderLayer(
        (self_attn): Attention(
          (q_proj): Linear(in_features=2048, out_features=2048, bias=True)
          (k_proj): Linear(in_features=2048, out_features=2048, bias=True)
          (v_proj): Linear(in_features=2048, out_features=2048, bias=True)
          (o_proj): Linear(in_features=2048, out_features=2048, bias=False)
          (rotary_emb): RotaryEmbedding()
        )
        (mlp): RePaMoE(
          (deepspeed_moe): MOELayer(
            (gate): TopKGate(
              (wg): Linear(in_features=2048, out_features=4, bias=False)
            )
            (experts): Experts(
              (deepspeed_experts): ModuleList(
                (0-3): 4 x RePaMLP(
                  (gate_proj): Linear(in_features=2048, out_features=5632, bias=False)
                  (up_proj): Linear(in_features=2048, out_features=5632, bias=False)
                  (down_proj): Linear(in_features=5632, out_features=2048, bias=False)
                  (act_fn): SiLU()
                )
              )
            )
          )
        )
        (input_layernorm): LayerNorm((2048,), eps=1e-05, elementwise_affine=True)
        (post_attention_layernorm): LayerNorm((2048,), eps=1e-05, elementwise_affine=True)
      )
      (9): DecoderLayer(
        (self_attn): Attention(
          (q_proj): Linear(in_features=2048, out_features=2048, bias=True)
          (k_proj): Linear(in_features=2048, out_features=2048, bias=True)
          (v_proj): Linear(in_features=2048, out_features=2048, bias=True)
          (o_proj): Linear(in_features=2048, out_features=2048, bias=False)
          (rotary_emb): RotaryEmbedding()
        )
        (mlp): MLP(
          (gate_proj): Linear(in_features=2048, out_features=5632, bias=False)
          (up_proj): Linear(in_features=2048, out_features=5632, bias=False)
          (down_proj): Linear(in_features=5632, out_features=2048, bias=False)
          (act_fn): SiLU()
        )
        (input_layernorm): LayerNorm((2048,), eps=1e-05, elementwise_affine=True)
        (post_attention_layernorm): LayerNorm((2048,), eps=1e-05, elementwise_affine=True)
      )
      (10): DecoderLayer(
        (self_attn): Attention(
          (q_proj): Linear(in_features=2048, out_features=2048, bias=True)
          (k_proj): Linear(in_features=2048, out_features=2048, bias=True)
          (v_proj): Linear(in_features=2048, out_features=2048, bias=True)
          (o_proj): Linear(in_features=2048, out_features=2048, bias=False)
          (rotary_emb): RotaryEmbedding()
        )
        (mlp): RePaMoE(
          (deepspeed_moe): MOELayer(
            (gate): TopKGate(
              (wg): Linear(in_features=2048, out_features=4, bias=False)
            )
            (experts): Experts(
              (deepspeed_experts): ModuleList(
                (0-3): 4 x RePaMLP(
                  (gate_proj): Linear(in_features=2048, out_features=5632, bias=False)
                  (up_proj): Linear(in_features=2048, out_features=5632, bias=False)
                  (down_proj): Linear(in_features=5632, out_features=2048, bias=False)
                  (act_fn): SiLU()
                )
              )
            )
          )
        )
        (input_layernorm): LayerNorm((2048,), eps=1e-05, elementwise_affine=True)
        (post_attention_layernorm): LayerNorm((2048,), eps=1e-05, elementwise_affine=True)
      )
      (11): DecoderLayer(
        (self_attn): Attention(
          (q_proj): Linear(in_features=2048, out_features=2048, bias=True)
          (k_proj): Linear(in_features=2048, out_features=2048, bias=True)
          (v_proj): Linear(in_features=2048, out_features=2048, bias=True)
          (o_proj): Linear(in_features=2048, out_features=2048, bias=False)
          (rotary_emb): RotaryEmbedding()
        )
        (mlp): MLP(
          (gate_proj): Linear(in_features=2048, out_features=5632, bias=False)
          (up_proj): Linear(in_features=2048, out_features=5632, bias=False)
          (down_proj): Linear(in_features=5632, out_features=2048, bias=False)
          (act_fn): SiLU()
        )
        (input_layernorm): LayerNorm((2048,), eps=1e-05, elementwise_affine=True)
        (post_attention_layernorm): LayerNorm((2048,), eps=1e-05, elementwise_affine=True)
      )
      (12): DecoderLayer(
        (self_attn): Attention(
          (q_proj): Linear(in_features=2048, out_features=2048, bias=True)
          (k_proj): Linear(in_features=2048, out_features=2048, bias=True)
          (v_proj): Linear(in_features=2048, out_features=2048, bias=True)
          (o_proj): Linear(in_features=2048, out_features=2048, bias=False)
          (rotary_emb): RotaryEmbedding()
        )
        (mlp): RePaMoE(
          (deepspeed_moe): MOELayer(
            (gate): TopKGate(
              (wg): Linear(in_features=2048, out_features=4, bias=False)
            )
            (experts): Experts(
              (deepspeed_experts): ModuleList(
                (0-3): 4 x RePaMLP(
                  (gate_proj): Linear(in_features=2048, out_features=5632, bias=False)
                  (up_proj): Linear(in_features=2048, out_features=5632, bias=False)
                  (down_proj): Linear(in_features=5632, out_features=2048, bias=False)
                  (act_fn): SiLU()
                )
              )
            )
          )
        )
        (input_layernorm): LayerNorm((2048,), eps=1e-05, elementwise_affine=True)
        (post_attention_layernorm): LayerNorm((2048,), eps=1e-05, elementwise_affine=True)
      )
      (13): DecoderLayer(
        (self_attn): Attention(
          (q_proj): Linear(in_features=2048, out_features=2048, bias=True)
          (k_proj): Linear(in_features=2048, out_features=2048, bias=True)
          (v_proj): Linear(in_features=2048, out_features=2048, bias=True)
          (o_proj): Linear(in_features=2048, out_features=2048, bias=False)
          (rotary_emb): RotaryEmbedding()
        )
        (mlp): MLP(
          (gate_proj): Linear(in_features=2048, out_features=5632, bias=False)
          (up_proj): Linear(in_features=2048, out_features=5632, bias=False)
          (down_proj): Linear(in_features=5632, out_features=2048, bias=False)
          (act_fn): SiLU()
        )
        (input_layernorm): LayerNorm((2048,), eps=1e-05, elementwise_affine=True)
        (post_attention_layernorm): LayerNorm((2048,), eps=1e-05, elementwise_affine=True)
      )
      (14): DecoderLayer(
        (self_attn): Attention(
          (q_proj): Linear(in_features=2048, out_features=2048, bias=True)
          (k_proj): Linear(in_features=2048, out_features=2048, bias=True)
          (v_proj): Linear(in_features=2048, out_features=2048, bias=True)
          (o_proj): Linear(in_features=2048, out_features=2048, bias=False)
          (rotary_emb): RotaryEmbedding()
        )
        (mlp): RePaMoE(
          (deepspeed_moe): MOELayer(
            (gate): TopKGate(
              (wg): Linear(in_features=2048, out_features=4, bias=False)
            )
            (experts): Experts(
              (deepspeed_experts): ModuleList(
                (0-3): 4 x RePaMLP(
                  (gate_proj): Linear(in_features=2048, out_features=5632, bias=False)
                  (up_proj): Linear(in_features=2048, out_features=5632, bias=False)
                  (down_proj): Linear(in_features=5632, out_features=2048, bias=False)
                  (act_fn): SiLU()
                )
              )
            )
          )
        )
        (input_layernorm): LayerNorm((2048,), eps=1e-05, elementwise_affine=True)
        (post_attention_layernorm): LayerNorm((2048,), eps=1e-05, elementwise_affine=True)
      )
      (15): DecoderLayer(
        (self_attn): Attention(
          (q_proj): Linear(in_features=2048, out_features=2048, bias=True)
          (k_proj): Linear(in_features=2048, out_features=2048, bias=True)
          (v_proj): Linear(in_features=2048, out_features=2048, bias=True)
          (o_proj): Linear(in_features=2048, out_features=2048, bias=False)
          (rotary_emb): RotaryEmbedding()
        )
        (mlp): MLP(
          (gate_proj): Linear(in_features=2048, out_features=5632, bias=False)
          (up_proj): Linear(in_features=2048, out_features=5632, bias=False)
          (down_proj): Linear(in_features=5632, out_features=2048, bias=False)
          (act_fn): SiLU()
        )
        (input_layernorm): LayerNorm((2048,), eps=1e-05, elementwise_affine=True)
        (post_attention_layernorm): LayerNorm((2048,), eps=1e-05, elementwise_affine=True)
      )
      (16): DecoderLayer(
        (self_attn): Attention(
          (q_proj): Linear(in_features=2048, out_features=2048, bias=True)
          (k_proj): Linear(in_features=2048, out_features=2048, bias=True)
          (v_proj): Linear(in_features=2048, out_features=2048, bias=True)
          (o_proj): Linear(in_features=2048, out_features=2048, bias=False)
          (rotary_emb): RotaryEmbedding()
        )
        (mlp): RePaMoE(
          (deepspeed_moe): MOELayer(
            (gate): TopKGate(
              (wg): Linear(in_features=2048, out_features=4, bias=False)
            )
            (experts): Experts(
              (deepspeed_experts): ModuleList(
                (0-3): 4 x RePaMLP(
                  (gate_proj): Linear(in_features=2048, out_features=5632, bias=False)
                  (up_proj): Linear(in_features=2048, out_features=5632, bias=False)
                  (down_proj): Linear(in_features=5632, out_features=2048, bias=False)
                  (act_fn): SiLU()
                )
              )
            )
          )
        )
        (input_layernorm): LayerNorm((2048,), eps=1e-05, elementwise_affine=True)
        (post_attention_layernorm): LayerNorm((2048,), eps=1e-05, elementwise_affine=True)
      )
      (17): DecoderLayer(
        (self_attn): Attention(
          (q_proj): Linear(in_features=2048, out_features=2048, bias=True)
          (k_proj): Linear(in_features=2048, out_features=2048, bias=True)
          (v_proj): Linear(in_features=2048, out_features=2048, bias=True)
          (o_proj): Linear(in_features=2048, out_features=2048, bias=False)
          (rotary_emb): RotaryEmbedding()
        )
        (mlp): MLP(
          (gate_proj): Linear(in_features=2048, out_features=5632, bias=False)
          (up_proj): Linear(in_features=2048, out_features=5632, bias=False)
          (down_proj): Linear(in_features=5632, out_features=2048, bias=False)
          (act_fn): SiLU()
        )
        (input_layernorm): LayerNorm((2048,), eps=1e-05, elementwise_affine=True)
        (post_attention_layernorm): LayerNorm((2048,), eps=1e-05, elementwise_affine=True)
      )
      (18): DecoderLayer(
        (self_attn): Attention(
          (q_proj): Linear(in_features=2048, out_features=2048, bias=True)
          (k_proj): Linear(in_features=2048, out_features=2048, bias=True)
          (v_proj): Linear(in_features=2048, out_features=2048, bias=True)
          (o_proj): Linear(in_features=2048, out_features=2048, bias=False)
          (rotary_emb): RotaryEmbedding()
        )
        (mlp): RePaMoE(
          (deepspeed_moe): MOELayer(
            (gate): TopKGate(
              (wg): Linear(in_features=2048, out_features=4, bias=False)
            )
            (experts): Experts(
              (deepspeed_experts): ModuleList(
                (0-3): 4 x RePaMLP(
                  (gate_proj): Linear(in_features=2048, out_features=5632, bias=False)
                  (up_proj): Linear(in_features=2048, out_features=5632, bias=False)
                  (down_proj): Linear(in_features=5632, out_features=2048, bias=False)
                  (act_fn): SiLU()
                )
              )
            )
          )
        )
        (input_layernorm): LayerNorm((2048,), eps=1e-05, elementwise_affine=True)
        (post_attention_layernorm): LayerNorm((2048,), eps=1e-05, elementwise_affine=True)
      )
      (19): DecoderLayer(
        (self_attn): Attention(
          (q_proj): Linear(in_features=2048, out_features=2048, bias=True)
          (k_proj): Linear(in_features=2048, out_features=2048, bias=True)
          (v_proj): Linear(in_features=2048, out_features=2048, bias=True)
          (o_proj): Linear(in_features=2048, out_features=2048, bias=False)
          (rotary_emb): RotaryEmbedding()
        )
        (mlp): MLP(
          (gate_proj): Linear(in_features=2048, out_features=5632, bias=False)
          (up_proj): Linear(in_features=2048, out_features=5632, bias=False)
          (down_proj): Linear(in_features=5632, out_features=2048, bias=False)
          (act_fn): SiLU()
        )
        (input_layernorm): LayerNorm((2048,), eps=1e-05, elementwise_affine=True)
        (post_attention_layernorm): LayerNorm((2048,), eps=1e-05, elementwise_affine=True)
      )
      (20): DecoderLayer(
        (self_attn): Attention(
          (q_proj): Linear(in_features=2048, out_features=2048, bias=True)
          (k_proj): Linear(in_features=2048, out_features=2048, bias=True)
          (v_proj): Linear(in_features=2048, out_features=2048, bias=True)
          (o_proj): Linear(in_features=2048, out_features=2048, bias=False)
          (rotary_emb): RotaryEmbedding()
        )
        (mlp): RePaMoE(
          (deepspeed_moe): MOELayer(
            (gate): TopKGate(
              (wg): Linear(in_features=2048, out_features=4, bias=False)
            )
            (experts): Experts(
              (deepspeed_experts): ModuleList(
                (0-3): 4 x RePaMLP(
                  (gate_proj): Linear(in_features=2048, out_features=5632, bias=False)
                  (up_proj): Linear(in_features=2048, out_features=5632, bias=False)
                  (down_proj): Linear(in_features=5632, out_features=2048, bias=False)
                  (act_fn): SiLU()
                )
              )
            )
          )
        )
        (input_layernorm): LayerNorm((2048,), eps=1e-05, elementwise_affine=True)
        (post_attention_layernorm): LayerNorm((2048,), eps=1e-05, elementwise_affine=True)
      )
      (21): DecoderLayer(
        (self_attn): Attention(
          (q_proj): Linear(in_features=2048, out_features=2048, bias=True)
          (k_proj): Linear(in_features=2048, out_features=2048, bias=True)
          (v_proj): Linear(in_features=2048, out_features=2048, bias=True)
          (o_proj): Linear(in_features=2048, out_features=2048, bias=False)
          (rotary_emb): RotaryEmbedding()
        )
        (mlp): MLP(
          (gate_proj): Linear(in_features=2048, out_features=5632, bias=False)
          (up_proj): Linear(in_features=2048, out_features=5632, bias=False)
          (down_proj): Linear(in_features=5632, out_features=2048, bias=False)
          (act_fn): SiLU()
        )
        (input_layernorm): LayerNorm((2048,), eps=1e-05, elementwise_affine=True)
        (post_attention_layernorm): LayerNorm((2048,), eps=1e-05, elementwise_affine=True)
      )
      (22): DecoderLayer(
        (self_attn): Attention(
          (q_proj): Linear(in_features=2048, out_features=2048, bias=True)
          (k_proj): Linear(in_features=2048, out_features=2048, bias=True)
          (v_proj): Linear(in_features=2048, out_features=2048, bias=True)
          (o_proj): Linear(in_features=2048, out_features=2048, bias=False)
          (rotary_emb): RotaryEmbedding()
        )
        (mlp): RePaMoE(
          (deepspeed_moe): MOELayer(
            (gate): TopKGate(
              (wg): Linear(in_features=2048, out_features=4, bias=False)
            )
            (experts): Experts(
              (deepspeed_experts): ModuleList(
                (0-3): 4 x RePaMLP(
                  (gate_proj): Linear(in_features=2048, out_features=5632, bias=False)
                  (up_proj): Linear(in_features=2048, out_features=5632, bias=False)
                  (down_proj): Linear(in_features=5632, out_features=2048, bias=False)
                  (act_fn): SiLU()
                )
              )
            )
          )
        )
        (input_layernorm): LayerNorm((2048,), eps=1e-05, elementwise_affine=True)
        (post_attention_layernorm): LayerNorm((2048,), eps=1e-05, elementwise_affine=True)
      )
      (23): DecoderLayer(
        (self_attn): Attention(
          (q_proj): Linear(in_features=2048, out_features=2048, bias=True)
          (k_proj): Linear(in_features=2048, out_features=2048, bias=True)
          (v_proj): Linear(in_features=2048, out_features=2048, bias=True)
          (o_proj): Linear(in_features=2048, out_features=2048, bias=False)
          (rotary_emb): RotaryEmbedding()
        )
        (mlp): MLP(
          (gate_proj): Linear(in_features=2048, out_features=5632, bias=False)
          (up_proj): Linear(in_features=2048, out_features=5632, bias=False)
          (down_proj): Linear(in_features=5632, out_features=2048, bias=False)
          (act_fn): SiLU()
        )
        (input_layernorm): LayerNorm((2048,), eps=1e-05, elementwise_affine=True)
        (post_attention_layernorm): LayerNorm((2048,), eps=1e-05, elementwise_affine=True)
      )
    )
    (norm): LayerNorm((2048,), eps=1e-05, elementwise_affine=True)
    (image_tower): CLIPVisionTower(
      (image_tower): CLIPVisionModel(
        (vision_model): CLIPVisionTransformer(
          (embeddings): CLIPVisionEmbeddings(
            (patch_embedding): Conv2d(3, 1024, kernel_size=(14, 14), stride=(14, 14), bias=False)
            (position_embedding): Embedding(577, 1024)
          )
          (pre_layrnorm): LayerNorm((1024,), eps=1e-05, elementwise_affine=True)
          (encoder): CLIPEncoder(
            (layers): ModuleList(
              (0-23): 24 x CLIPEncoderLayer(
                (self_attn): CLIPAttention(
                  (k_proj): Linear(in_features=1024, out_features=1024, bias=True)
                  (v_proj): Linear(in_features=1024, out_features=1024, bias=True)
                  (q_proj): Linear(in_features=1024, out_features=1024, bias=True)
                  (out_proj): Linear(in_features=1024, out_features=1024, bias=True)
                )
                (layer_norm1): LayerNorm((1024,), eps=1e-05, elementwise_affine=True)
                (mlp): CLIPMLP(
                  (activation_fn): QuickGELUActivation()
                  (fc1): Linear(in_features=1024, out_features=4096, bias=True)
                  (fc2): Linear(in_features=4096, out_features=1024, bias=True)
                )
                (layer_norm2): LayerNorm((1024,), eps=1e-05, elementwise_affine=True)
              )
            )
          )
          (post_layernorm): LayerNorm((1024,), eps=1e-05, elementwise_affine=True)
        )
      )
    )
    (mm_projector): build_projector(
      (image_spatial_proj): Sequential(
        (0): Linear(in_features=1024, out_features=2048, bias=True)
        (1): GELU(approximate='none')
        (2): Linear(in_features=2048, out_features=2048, bias=True)
      )
      (video_patch_proj): Identity()
      (video_spatial_proj): Identity()
      (video_temproal_proj): Identity()
      (video_global_proj): Identity()
    )
  )
  (lm_head): Linear(in_features=2048, out_features=100352, bias=False)
)
Formatting inputs...Skip in lazy mode
Formatting inputs...Skip in lazy mode
Formatting inputs...Skip in lazy mode
Formatting inputs...Skip in lazy mode
Formatting inputs...Skip in lazy mode
Formatting inputs...Skip in lazy mode
Formatting inputs...Skip in lazy mode
Formatting inputs...Skip in lazy mode
Setting up RePaMoE fine-tuning mode...
Setting up RePaMoE fine-tuning mode...
Setting up RePaMoE fine-tuning mode...
  Detected RePaMoE model: RePaMoELLaVAStablelmForCausalLM
  Detected RePaMoE model: RePaMoELLaVAStablelmForCausalLM
  Detected RePaMoE model: RePaMoELLaVAStablelmForCausalLM
Setting up RePaMoE fine-tuning mode...
  Detected RePaMoE model: RePaMoELLaVAStablelmForCausalLM
Setting up RePaMoE fine-tuning mode...
Setting up RePaMoE fine-tuning mode...
Setting up RePaMoE fine-tuning mode...
  Detected RePaMoE model: RePaMoELLaVAStablelmForCausalLM
Setting up RePaMoE fine-tuning mode...
  Detected RePaMoE model: RePaMoELLaVAStablelmForCausalLM
  Detected RePaMoE model: RePaMoELLaVAStablelmForCausalLM
Setting up RePaMoE fine-tuning mode...
  Detected RePaMoE model: RePaMoELLaVAStablelmForCausalLM
Setting up RePaMoE fine-tuning mode...
  Detected RePaMoE model: RePaMoELLaVAStablelmForCausalLM
  Detected RePaMoE model: RePaMoELLaVAStablelmForCausalLM
Setting up RePaMoE fine-tuning mode...
  Detected RePaMoE model: RePaMoELLaVAStablelmForCausalLM
Setting up RePaMoE fine-tuning mode...
  Detected RePaMoE model: RePaMoELLaVAStablelmForCausalLM
Setting up RePaMoE fine-tuning mode...
  Detected RePaMoE model: RePaMoELLaVAStablelmForCausalLM
Setting up RePaMoE fine-tuning mode...
  Detected RePaMoE model: RePaMoELLaVAStablelmForCausalLM
  Frozen 699 non-MoE parameters, kept 204 MoE parameters trainable (but LR=0 in Stage 1)
  Frozen 699 non-MoE parameters, kept 204 MoE parameters trainable (but LR=0 in Stage 1)
  Frozen 699 non-MoE parameters, kept 204 MoE parameters trainable (but LR=0 in Stage 1)
  Frozen 699 non-MoE parameters, kept 204 MoE parameters trainable (but LR=0 in Stage 1)
  Frozen 699 non-MoE parameters, kept 204 MoE parameters trainable (but LR=0 in Stage 1)
  Frozen 699 non-MoE parameters, kept 204 MoE parameters trainable (but LR=0 in Stage 1)
  Frozen 699 non-MoE parameters, kept 204 MoE parameters trainable (but LR=0 in Stage 1)
  Frozen 699 non-MoE parameters, kept 204 MoE parameters trainable (but LR=0 in Stage 1)
  Frozen 699 non-MoE parameters, kept 204 MoE parameters trainable (but LR=0 in Stage 1)
  Frozen 699 non-MoE parameters, kept 204 MoE parameters trainable (but LR=0 in Stage 1)
  Frozen 699 non-MoE parameters, kept 204 MoE parameters trainable (but LR=0 in Stage 1)
  Frozen 699 non-MoE parameters, kept 204 MoE parameters trainable (but LR=0 in Stage 1)
Setting up RePaMoE fine-tuning mode...
  Frozen 699 non-MoE parameters, kept 204 MoE parameters trainable (but LR=0 in Stage 1)
  Detected RePaMoE model: RePaMoELLaVAStablelmForCausalLM
  Frozen 699 non-MoE parameters, kept 204 MoE parameters trainable (but LR=0 in Stage 1)
  Frozen 699 non-MoE parameters, kept 204 MoE parameters trainable (but LR=0 in Stage 1)
Setting up RePaMoE fine-tuning mode...
  Detected RePaMoE model: RePaMoELLaVAStablelmForCausalLM
  Frozen 699 non-MoE parameters, kept 204 MoE parameters trainable (but LR=0 in Stage 1)
  Set initial gated ratio to 1.0
  Set initial gated ratio to 1.0  Set initial alpha to 1.0

  Total training steps: 10394.0
  Stage 1 (statistics collection): 5197.0 steps
  Stage 2 (fine-tuning with alpha decay): 5197.0 steps
  Gated ratio: remains at 1.0 in Stage 1, switches to 0.6 in Stage 2
  Alpha: remains at 1.0 in Stage 1, decays from 1.0 to 0.0 via cosine in Stage 2
  Learning rate: 0.0 in Stage 1 (no training), cosine decay in Stage 2
  MoE layers: [0, 2, 4, 6, 8, 10, 12, 14, 16, 18, 20, 22]
  Stage 1: MoE parameters trainable but LR=0 (only statistics collection)
  Set initial alpha to 1.0
  Total training steps: 10394.0
  Stage 1 (statistics collection): 5197.0 steps
  Stage 2 (fine-tuning with alpha decay): 5197.0 steps
  Gated ratio: remains at 1.0 in Stage 1, switches to 0.6 in Stage 2
  Alpha: remains at 1.0 in Stage 1, decays from 1.0 to 0.0 via cosine in Stage 2
  Learning rate: 0.0 in Stage 1 (no training), cosine decay in Stage 2
  MoE layers: [0, 2, 4, 6, 8, 10, 12, 14, 16, 18, 20, 22]
  Stage 1: MoE parameters trainable but LR=0 (only statistics collection)
  Set initial gated ratio to 1.0
  Set initial gated ratio to 1.0
  Set initial gated ratio to 1.0  Set initial gated ratio to 1.0

  Set initial gated ratio to 1.0
  Set initial gated ratio to 1.0  Set initial gated ratio to 1.0

  Set initial gated ratio to 1.0
  Set initial alpha to 1.0
  Total training steps: 10394.0
  Stage 1 (statistics collection): 5197.0 steps
  Stage 2 (fine-tuning with alpha decay): 5197.0 steps
  Gated ratio: remains at 1.0 in Stage 1, switches to 0.6 in Stage 2
  Alpha: remains at 1.0 in Stage 1, decays from 1.0 to 0.0 via cosine in Stage 2
  Set initial gated ratio to 1.0
  Set initial alpha to 1.0
  Set initial gated ratio to 1.0
  Set initial gated ratio to 1.0
  Learning rate: 0.0 in Stage 1 (no training), cosine decay in Stage 2
  MoE layers: [0, 2, 4, 6, 8, 10, 12, 14, 16, 18, 20, 22]
  Stage 1: MoE parameters trainable but LR=0 (only statistics collection)
  Set initial alpha to 1.0
  Set initial alpha to 1.0
  Total training steps: 10394.0
  Total training steps: 10394.0
  Stage 1 (statistics collection): 5197.0 steps
  Stage 2 (fine-tuning with alpha decay): 5197.0 steps
  Stage 1 (statistics collection): 5197.0 steps
  Gated ratio: remains at 1.0 in Stage 1, switches to 0.6 in Stage 2
  Stage 2 (fine-tuning with alpha decay): 5197.0 steps
  Alpha: remains at 1.0 in Stage 1, decays from 1.0 to 0.0 via cosine in Stage 2
  Gated ratio: remains at 1.0 in Stage 1, switches to 0.6 in Stage 2
  Set initial alpha to 1.0
  Set initial alpha to 1.0  Total training steps: 10394.0

  Total training steps: 10394.0  Stage 1 (statistics collection): 5197.0 steps

  Stage 1 (statistics collection): 5197.0 steps  Stage 2 (fine-tuning with alpha decay): 5197.0 steps

  Stage 2 (fine-tuning with alpha decay): 5197.0 steps
  Gated ratio: remains at 1.0 in Stage 1, switches to 0.6 in Stage 2
  Gated ratio: remains at 1.0 in Stage 1, switches to 0.6 in Stage 2  Alpha: remains at 1.0 in Stage 1, decays from 1.0 to 0.0 via cosine in Stage 2

  Alpha: remains at 1.0 in Stage 1, decays from 1.0 to 0.0 via cosine in Stage 2  Learning rate: 0.0 in Stage 1 (no training), cosine decay in Stage 2

  Learning rate: 0.0 in Stage 1 (no training), cosine decay in Stage 2
  MoE layers: [0, 2, 4, 6, 8, 10, 12, 14, 16, 18, 20, 22]
  MoE layers: [0, 2, 4, 6, 8, 10, 12, 14, 16, 18, 20, 22]  Stage 1: MoE parameters trainable but LR=0 (only statistics collection)

  Learning rate: 0.0 in Stage 1 (no training), cosine decay in Stage 2
  Alpha: remains at 1.0 in Stage 1, decays from 1.0 to 0.0 via cosine in Stage 2
  Stage 1: MoE parameters trainable but LR=0 (only statistics collection)
  Total training steps: 10394.0
  MoE layers: [0, 2, 4, 6, 8, 10, 12, 14, 16, 18, 20, 22]
  Learning rate: 0.0 in Stage 1 (no training), cosine decay in Stage 2
  Set initial alpha to 1.0  Set initial alpha to 1.0

  Set initial alpha to 1.0
  Total training steps: 10394.0
  Stage 1 (statistics collection): 5197.0 steps
  Stage 1: MoE parameters trainable but LR=0 (only statistics collection)
  MoE layers: [0, 2, 4, 6, 8, 10, 12, 14, 16, 18, 20, 22]
  Total training steps: 10394.0  Total training steps: 10394.0

  Stage 1 (statistics collection): 5197.0 steps  Stage 1 (statistics collection): 5197.0 steps

  Stage 1 (statistics collection): 5197.0 steps
  Stage 2 (fine-tuning with alpha decay): 5197.0 steps
  Stage 2 (fine-tuning with alpha decay): 5197.0 steps  Stage 2 (fine-tuning with alpha decay): 5197.0 steps

  Stage 2 (fine-tuning with alpha decay): 5197.0 steps
  Set initial gated ratio to 1.0  Gated ratio: remains at 1.0 in Stage 1, switches to 0.6 in Stage 2
  Gated ratio: remains at 1.0 in Stage 1, switches to 0.6 in Stage 2  Gated ratio: remains at 1.0 in Stage 1, switches to 0.6 in Stage 2

  Gated ratio: remains at 1.0 in Stage 1, switches to 0.6 in Stage 2
  Alpha: remains at 1.0 in Stage 1, decays from 1.0 to 0.0 via cosine in Stage 2

  Alpha: remains at 1.0 in Stage 1, decays from 1.0 to 0.0 via cosine in Stage 2  Alpha: remains at 1.0 in Stage 1, decays from 1.0 to 0.0 via cosine in Stage 2

  Alpha: remains at 1.0 in Stage 1, decays from 1.0 to 0.0 via cosine in Stage 2
  Learning rate: 0.0 in Stage 1 (no training), cosine decay in Stage 2
  Learning rate: 0.0 in Stage 1 (no training), cosine decay in Stage 2  Learning rate: 0.0 in Stage 1 (no training), cosine decay in Stage 2

  MoE layers: [0, 2, 4, 6, 8, 10, 12, 14, 16, 18, 20, 22]
  MoE layers: [0, 2, 4, 6, 8, 10, 12, 14, 16, 18, 20, 22]  MoE layers: [0, 2, 4, 6, 8, 10, 12, 14, 16, 18, 20, 22]

  Stage 1: MoE parameters trainable but LR=0 (only statistics collection)
  Stage 1: MoE parameters trainable but LR=0 (only statistics collection)  Stage 1: MoE parameters trainable but LR=0 (only statistics collection)

  Set initial alpha to 1.0  Stage 1: MoE parameters trainable but LR=0 (only statistics collection)

  Total training steps: 10394.0
  Stage 1 (statistics collection): 5197.0 steps
  Stage 2 (fine-tuning with alpha decay): 5197.0 steps
  Gated ratio: remains at 1.0 in Stage 1, switches to 0.6 in Stage 2
  Alpha: remains at 1.0 in Stage 1, decays from 1.0 to 0.0 via cosine in Stage 2
  Learning rate: 0.0 in Stage 1 (no training), cosine decay in Stage 2
  MoE layers: [0, 2, 4, 6, 8, 10, 12, 14, 16, 18, 20, 22]
  Set initial alpha to 1.0
  Stage 1: MoE parameters trainable but LR=0 (only statistics collection)
  Total training steps: 10394.0
  Stage 1 (statistics collection): 5197.0 steps
  Stage 2 (fine-tuning with alpha decay): 5197.0 steps
  Learning rate: 0.0 in Stage 1 (no training), cosine decay in Stage 2
  MoE layers: [0, 2, 4, 6, 8, 10, 12, 14, 16, 18, 20, 22]  Set initial alpha to 1.0

  Stage 1: MoE parameters trainable but LR=0 (only statistics collection)
  Total training steps: 10394.0
  Stage 1 (statistics collection): 5197.0 steps
  Stage 2 (fine-tuning with alpha decay): 5197.0 steps
  Gated ratio: remains at 1.0 in Stage 1, switches to 0.6 in Stage 2
  Alpha: remains at 1.0 in Stage 1, decays from 1.0 to 0.0 via cosine in Stage 2
  Learning rate: 0.0 in Stage 1 (no training), cosine decay in Stage 2
  MoE layers: [0, 2, 4, 6, 8, 10, 12, 14, 16, 18, 20, 22]
  Stage 1: MoE parameters trainable but LR=0 (only statistics collection)
  Gated ratio: remains at 1.0 in Stage 1, switches to 0.6 in Stage 2
  Alpha: remains at 1.0 in Stage 1, decays from 1.0 to 0.0 via cosine in Stage 2
  Learning rate: 0.0 in Stage 1 (no training), cosine decay in Stage 2
  MoE layers: [0, 2, 4, 6, 8, 10, 12, 14, 16, 18, 20, 22]
  Stage 1: MoE parameters trainable but LR=0 (only statistics collection)
  Set initial gated ratio to 1.0
  Set initial gated ratio to 1.0
  Set initial alpha to 1.0
  Total training steps: 10394.0
  Stage 1 (statistics collection): 5197.0 steps
  Stage 2 (fine-tuning with alpha decay): 5197.0 steps
  Gated ratio: remains at 1.0 in Stage 1, switches to 0.6 in Stage 2  Set initial alpha to 1.0

  Alpha: remains at 1.0 in Stage 1, decays from 1.0 to 0.0 via cosine in Stage 2  Total training steps: 10394.0

  Learning rate: 0.0 in Stage 1 (no training), cosine decay in Stage 2
  Stage 1 (statistics collection): 5197.0 steps
  Stage 2 (fine-tuning with alpha decay): 5197.0 steps  MoE layers: [0, 2, 4, 6, 8, 10, 12, 14, 16, 18, 20, 22]

  Stage 1: MoE parameters trainable but LR=0 (only statistics collection)  Gated ratio: remains at 1.0 in Stage 1, switches to 0.6 in Stage 2

  Alpha: remains at 1.0 in Stage 1, decays from 1.0 to 0.0 via cosine in Stage 2
  Learning rate: 0.0 in Stage 1 (no training), cosine decay in Stage 2
  MoE layers: [0, 2, 4, 6, 8, 10, 12, 14, 16, 18, 20, 22]
  Stage 1: MoE parameters trainable but LR=0 (only statistics collection)
Skipping empty parameter group: no_decay_parameters
✓ DeepSpeed MoE requirements satisfied: 10 MoE groups found
Skipping empty parameter group: no_decay_parameters
✓ DeepSpeed MoE requirements satisfied: 10 MoE groups found
Skipping empty parameter group: no_decay_parameters
✓ DeepSpeed MoE requirements satisfied: 10 MoE groups found
Skipping empty parameter group: no_decay_parameters
✓ DeepSpeed MoE requirements satisfied: 10 MoE groups found
Skipping empty parameter group: no_decay_parameters
✓ DeepSpeed MoE requirements satisfied: 10 MoE groups found
No existing process group found, creating a new group named: ep_size_1
No existing process group found, creating a new group named: ep_size_1
No existing process group found, creating a new group named: ep_size_1
No existing process group found, creating a new group named: ep_size_1
Skipping empty parameter group: no_decay_parameters
✓ DeepSpeed MoE requirements satisfied: 10 MoE groups found
Skipping empty parameter group: no_decay_parameters
✓ DeepSpeed MoE requirements satisfied: 10 MoE groups found
No existing process group found, creating a new group named: ep_size_1
No existing process group found, creating a new group named: ep_size_1
Skipping empty parameter group: no_decay_parameters
✓ DeepSpeed MoE requirements satisfied: 10 MoE groups found
No existing process group found, creating a new group named: ep_size_1
Skipping empty parameter group: no_decay_parameters
✓ DeepSpeed MoE requirements satisfied: 10 MoE groups found
No existing process group found, creating a new group named: ep_size_1
No existing process group found, creating a new group named: ep_size_1
Skipping empty parameter group: no_decay_parameters
✓ DeepSpeed MoE requirements satisfied: 10 MoE groups found
Skipping empty parameter group: no_decay_parameters
✓ DeepSpeed MoE requirements satisfied: 10 MoE groups found
Skipping empty parameter group: no_decay_parameters
✓ DeepSpeed MoE requirements satisfied: 10 MoE groups found
Skipping empty parameter group: no_decay_parameters
✓ DeepSpeed MoE requirements satisfied: 10 MoE groups found
No existing process group found, creating a new group named: ep_size_1
No existing process group found, creating a new group named: ep_size_1
No existing process group found, creating a new group named: ep_size_1
No existing process group found, creating a new group named: ep_size_1
Skipping empty parameter group: no_decay_parameters
✓ DeepSpeed MoE requirements satisfied: 10 MoE groups found
Skipping empty parameter group: no_decay_parameters
✓ DeepSpeed MoE requirements satisfied: 10 MoE groups found
No existing process group found, creating a new group named: ep_size_1
Skipping empty parameter group: no_decay_parameters
✓ DeepSpeed MoE requirements satisfied: 10 MoE groups found
No existing process group found, creating a new group named: ep_size_1
No existing process group found, creating a new group named: ep_size_1
NCCL version 2.21.5+cuda12.4
NCCL version 2.21.5+cuda12.4
NCCL version 2.21.5+cuda12.4
NCCL version 2.21.5+cuda12.4
NCCL version 2.21.5+cuda12.4
NCCL version 2.21.5+cuda12.4
NCCL version 2.21.5+cuda12.4
NCCL version 2.21.5+cuda12.4
NCCL version 2.21.5+cuda12.4
NCCL version 2.21.5+cuda12.4
NCCL version 2.21.5+cuda12.4
NCCL version 2.21.5+cuda12.4
NCCL version 2.21.5+cuda12.4
NCCL version 2.21.5+cuda12.4
NCCL version 2.21.5+cuda12.4
NCCL version 2.21.5+cuda12.4
{'loss': 0.0, 'grad_norm': 3.1622776985168457, 'learning_rate': 0.0, 'epoch': 0.0}
{'loss': 0.0, 'grad_norm': 3.1622776985168457, 'learning_rate': 0.0, 'epoch': 0.0}
{'loss': 0.0, 'grad_norm': 3.1622776985168457, 'learning_rate': 0.0, 'epoch': 0.0}
{'loss': 0.0, 'grad_norm': 3.1622776985168457, 'learning_rate': 0.0, 'epoch': 0.0}
{'loss': 0.0, 'grad_norm': 3.1622776985168457, 'learning_rate': 0.0, 'epoch': 0.0}
{'loss': 0.0, 'grad_norm': 3.1622776985168457, 'learning_rate': 0.0, 'epoch': 0.0}
{'loss': 0.0, 'grad_norm': 3.1622776985168457, 'learning_rate': 0.0, 'epoch': 0.0}
{'loss': 0.0, 'grad_norm': 3.1622776985168457, 'learning_rate': 0.0, 'epoch': 0.0}
{'loss': 0.0, 'grad_norm': 3.1622776985168457, 'learning_rate': 0.0, 'epoch': 0.0}
{'loss': 0.0, 'grad_norm': 3.1622776985168457, 'learning_rate': 0.0, 'epoch': 0.0}
{'loss': 0.0, 'grad_norm': 3.1622776985168457, 'learning_rate': 0.0, 'epoch': 0.0}
{'loss': 0.0, 'grad_norm': 3.1622776985168457, 'learning_rate': 0.0, 'epoch': 0.0}
{'loss': 0.0, 'grad_norm': 3.1622776985168457, 'learning_rate': 0.0, 'epoch': 0.0}
{'loss': 0.0, 'grad_norm': 3.1622776985168457, 'learning_rate': 0.0, 'epoch': 0.0}
{'loss': 0.0, 'grad_norm': 3.1622776985168457, 'learning_rate': 0.0, 'epoch': 0.0}
{'loss': 0.0, 'grad_norm': 3.1622776985168457, 'learning_rate': 0.0, 'epoch': 0.0}
{'loss': 0.0, 'grad_norm': 3.1622776985168457, 'learning_rate': 0.0, 'epoch': 0.0}
{'loss': 0.0, 'grad_norm': 3.1622776985168457, 'learning_rate': 0.0, 'epoch': 0.0}
{'loss': 0.0, 'grad_norm': 3.1622776985168457, 'learning_rate': 0.0, 'epoch': 0.0}
{'loss': 0.0, 'grad_norm': 3.1622776985168457, 'learning_rate': 0.0, 'epoch': 0.0}
{'loss': 0.0, 'grad_norm': 3.1622776985168457, 'learning_rate': 0.0, 'epoch': 0.0}
{'loss': 0.0, 'grad_norm': 3.1622776985168457, 'learning_rate': 0.0, 'epoch': 0.0}
{'loss': 0.0, 'grad_norm': 3.1622776985168457, 'learning_rate': 0.0, 'epoch': 0.0}
{'loss': 0.0, 'grad_norm': 3.1622776985168457, 'learning_rate': 0.0, 'epoch': 0.0}
{'loss': 0.0, 'grad_norm': 3.1622776985168457, 'learning_rate': 0.0, 'epoch': 0.0}
{'loss': 0.0, 'grad_norm': 3.1622776985168457, 'learning_rate': 0.0, 'epoch': 0.01}
{'loss': 0.0, 'grad_norm': 3.1622776985168457, 'learning_rate': 0.0, 'epoch': 0.01}
{'loss': 0.0, 'grad_norm': 3.1622776985168457, 'learning_rate': 0.0, 'epoch': 0.01}
{'loss': 0.0, 'grad_norm': 3.1622776985168457, 'learning_rate': 0.0, 'epoch': 0.01}
{'loss': 0.0, 'grad_norm': 3.1622776985168457, 'learning_rate': 0.0, 'epoch': 0.01}
{'loss': 0.0, 'grad_norm': 3.1622776985168457, 'learning_rate': 0.0, 'epoch': 0.01}
{'loss': 0.0, 'grad_norm': 3.1622776985168457, 'learning_rate': 0.0, 'epoch': 0.01}
{'loss': 0.0, 'grad_norm': 3.1622776985168457, 'learning_rate': 0.0, 'epoch': 0.01}
{'loss': 0.0, 'grad_norm': 3.1622776985168457, 'learning_rate': 0.0, 'epoch': 0.01}
{'loss': 0.0, 'grad_norm': 3.1622776985168457, 'learning_rate': 0.0, 'epoch': 0.01}
{'loss': 0.0, 'grad_norm': 3.1622776985168457, 'learning_rate': 0.0, 'epoch': 0.01}
{'loss': 0.0, 'grad_norm': 3.1622776985168457, 'learning_rate': 0.0, 'epoch': 0.01}
{'loss': 0.0, 'grad_norm': 3.1622776985168457, 'learning_rate': 0.0, 'epoch': 0.01}
{'loss': 0.0, 'grad_norm': 3.1622776985168457, 'learning_rate': 0.0, 'epoch': 0.01}
{'loss': 0.0, 'grad_norm': 3.1622776985168457, 'learning_rate': 0.0, 'epoch': 0.01}
{'loss': 0.0, 'grad_norm': 3.1622776985168457, 'learning_rate': 0.0, 'epoch': 0.01}
{'loss': 0.0, 'grad_norm': 3.1622776985168457, 'learning_rate': 0.0, 'epoch': 0.01}
{'loss': 0.0, 'grad_norm': 3.1622776985168457, 'learning_rate': 0.0, 'epoch': 0.01}
{'loss': 0.0, 'grad_norm': 3.1622776985168457, 'learning_rate': 0.0, 'epoch': 0.01}
{'loss': 0.0, 'grad_norm': 3.1622776985168457, 'learning_rate': 0.0, 'epoch': 0.01}
{'loss': 0.0, 'grad_norm': 3.1622776985168457, 'learning_rate': 0.0, 'epoch': 0.01}
{'loss': 0.0, 'grad_norm': 3.1622776985168457, 'learning_rate': 0.0, 'epoch': 0.01}
{'loss': 0.0, 'grad_norm': 3.1622776985168457, 'learning_rate': 0.0, 'epoch': 0.01}
{'loss': 0.0, 'grad_norm': 3.1622776985168457, 'learning_rate': 0.0, 'epoch': 0.01}
{'loss': 0.0, 'grad_norm': 3.1622776985168457, 'learning_rate': 0.0, 'epoch': 0.01}
{'loss': 0.0, 'grad_norm': 3.1622776985168457, 'learning_rate': 0.0, 'epoch': 0.01}
{'loss': 0.0, 'grad_norm': 3.1622776985168457, 'learning_rate': 0.0, 'epoch': 0.01}
{'loss': 0.0, 'grad_norm': 3.1622776985168457, 'learning_rate': 0.0, 'epoch': 0.01}
{'loss': 0.0, 'grad_norm': 3.1622776985168457, 'learning_rate': 0.0, 'epoch': 0.01}
{'loss': 0.0, 'grad_norm': 3.1622776985168457, 'learning_rate': 0.0, 'epoch': 0.01}
{'loss': 0.0, 'grad_norm': 3.1622776985168457, 'learning_rate': 0.0, 'epoch': 0.01}
{'loss': 0.0, 'grad_norm': 3.1622776985168457, 'learning_rate': 0.0, 'epoch': 0.01}
{'loss': 0.0, 'grad_norm': 3.1622776985168457, 'learning_rate': 0.0, 'epoch': 0.01}
{'loss': 0.0, 'grad_norm': 3.1622776985168457, 'learning_rate': 0.0, 'epoch': 0.01}
{'loss': 0.0, 'grad_norm': 3.1622776985168457, 'learning_rate': 0.0, 'epoch': 0.01}
{'loss': 0.0, 'grad_norm': 3.1622776985168457, 'learning_rate': 0.0, 'epoch': 0.01}
{'loss': 0.0, 'grad_norm': 3.1622776985168457, 'learning_rate': 0.0, 'epoch': 0.01}
{'loss': 0.0, 'grad_norm': 3.1622776985168457, 'learning_rate': 0.0, 'epoch': 0.01}
{'loss': 0.0, 'grad_norm': 3.1622776985168457, 'learning_rate': 0.0, 'epoch': 0.01}
{'loss': 0.0, 'grad_norm': 3.1622776985168457, 'learning_rate': 0.0, 'epoch': 0.01}
{'loss': 0.0, 'grad_norm': 3.1622776985168457, 'learning_rate': 0.0, 'epoch': 0.01}
{'loss': 0.0, 'grad_norm': 3.1622776985168457, 'learning_rate': 0.0, 'epoch': 0.01}
{'loss': 0.0, 'grad_norm': 3.1622776985168457, 'learning_rate': 0.0, 'epoch': 0.01}
{'loss': 0.0, 'grad_norm': 3.1622776985168457, 'learning_rate': 0.0, 'epoch': 0.01}
{'loss': 0.0, 'grad_norm': 3.1622776985168457, 'learning_rate': 0.0, 'epoch': 0.01}
{'loss': 0.0, 'grad_norm': 3.1622776985168457, 'learning_rate': 0.0, 'epoch': 0.01}
{'loss': 0.0, 'grad_norm': 3.1622776985168457, 'learning_rate': 0.0, 'epoch': 0.01}
{'loss': 0.0, 'grad_norm': 3.1622776985168457, 'learning_rate': 0.0, 'epoch': 0.01}
{'loss': 0.0, 'grad_norm': 3.1622776985168457, 'learning_rate': 0.0, 'epoch': 0.01}
{'loss': 0.0, 'grad_norm': 3.1622776985168457, 'learning_rate': 0.0, 'epoch': 0.01}
{'loss': 0.0, 'grad_norm': 3.1622776985168457, 'learning_rate': 0.0, 'epoch': 0.01}
{'loss': 0.0, 'grad_norm': 3.1622776985168457, 'learning_rate': 0.0, 'epoch': 0.01}
{'loss': 0.0, 'grad_norm': 3.1622776985168457, 'learning_rate': 0.0, 'epoch': 0.02}
{'loss': 0.0, 'grad_norm': 3.1622776985168457, 'learning_rate': 0.0, 'epoch': 0.02}
{'loss': 0.0, 'grad_norm': 3.1622776985168457, 'learning_rate': 0.0, 'epoch': 0.02}
{'loss': 0.0, 'grad_norm': 3.1622776985168457, 'learning_rate': 0.0, 'epoch': 0.02}
{'loss': 0.0, 'grad_norm': 3.1622776985168457, 'learning_rate': 0.0, 'epoch': 0.02}
{'loss': 0.0, 'grad_norm': 3.1622776985168457, 'learning_rate': 0.0, 'epoch': 0.02}
{'loss': 0.0, 'grad_norm': 3.1622776985168457, 'learning_rate': 0.0, 'epoch': 0.02}
{'loss': 0.0, 'grad_norm': 3.1622776985168457, 'learning_rate': 0.0, 'epoch': 0.02}
{'loss': 0.0, 'grad_norm': 3.1622776985168457, 'learning_rate': 0.0, 'epoch': 0.02}
{'loss': 0.0, 'grad_norm': 3.1622776985168457, 'learning_rate': 0.0, 'epoch': 0.02}
{'loss': 0.0, 'grad_norm': 3.1622776985168457, 'learning_rate': 0.0, 'epoch': 0.02}
{'loss': 0.0, 'grad_norm': 3.1622776985168457, 'learning_rate': 0.0, 'epoch': 0.02}
{'loss': 0.0, 'grad_norm': 3.1622776985168457, 'learning_rate': 0.0, 'epoch': 0.02}
{'loss': 0.0, 'grad_norm': 3.1622776985168457, 'learning_rate': 0.0, 'epoch': 0.02}
{'loss': 0.0, 'grad_norm': 3.1622776985168457, 'learning_rate': 0.0, 'epoch': 0.02}
{'loss': 0.0, 'grad_norm': 3.1622776985168457, 'learning_rate': 0.0, 'epoch': 0.02}
{'loss': 0.0, 'grad_norm': 3.1622776985168457, 'learning_rate': 0.0, 'epoch': 0.02}
{'loss': 0.0, 'grad_norm': 3.1622776985168457, 'learning_rate': 0.0, 'epoch': 0.02}
{'loss': 0.0, 'grad_norm': 3.1622776985168457, 'learning_rate': 0.0, 'epoch': 0.02}
{'loss': 0.0, 'grad_norm': 3.1622776985168457, 'learning_rate': 0.0, 'epoch': 0.02}
{'loss': 0.0, 'grad_norm': 3.1622776985168457, 'learning_rate': 0.0, 'epoch': 0.02}
{'loss': 0.0, 'grad_norm': 3.1622776985168457, 'learning_rate': 0.0, 'epoch': 0.02}
{'loss': 0.0, 'grad_norm': 3.1622776985168457, 'learning_rate': 0.0, 'epoch': 0.02}
{'loss': 0.0, 'grad_norm': 3.1622776985168457, 'learning_rate': 0.0, 'epoch': 0.02}
{'loss': 0.0, 'grad_norm': 3.1622776985168457, 'learning_rate': 0.0, 'epoch': 0.02}
{'loss': 0.0, 'grad_norm': 3.1622776985168457, 'learning_rate': 0.0, 'epoch': 0.02}
{'loss': 0.0, 'grad_norm': 3.1622776985168457, 'learning_rate': 0.0, 'epoch': 0.02}
{'loss': 0.0, 'grad_norm': 3.1622776985168457, 'learning_rate': 0.0, 'epoch': 0.02}
{'loss': 0.0, 'grad_norm': 3.1622776985168457, 'learning_rate': 0.0, 'epoch': 0.02}
{'loss': 0.0, 'grad_norm': 3.1622776985168457, 'learning_rate': 0.0, 'epoch': 0.02}
{'loss': 0.0, 'grad_norm': 3.1622776985168457, 'learning_rate': 0.0, 'epoch': 0.02}
{'loss': 0.0, 'grad_norm': 3.1622776985168457, 'learning_rate': 0.0, 'epoch': 0.02}
{'loss': 0.0, 'grad_norm': 3.1622776985168457, 'learning_rate': 0.0, 'epoch': 0.02}
{'loss': 0.0, 'grad_norm': 3.1622776985168457, 'learning_rate': 0.0, 'epoch': 0.02}
{'loss': 0.0, 'grad_norm': 3.1622776985168457, 'learning_rate': 0.0, 'epoch': 0.02}
{'loss': 0.0, 'grad_norm': 3.1622776985168457, 'learning_rate': 0.0, 'epoch': 0.02}
{'loss': 0.0, 'grad_norm': 3.1622776985168457, 'learning_rate': 0.0, 'epoch': 0.02}
{'loss': 0.0, 'grad_norm': 3.1622776985168457, 'learning_rate': 0.0, 'epoch': 0.02}
{'loss': 0.0, 'grad_norm': 3.1622776985168457, 'learning_rate': 0.0, 'epoch': 0.02}
{'loss': 0.0, 'grad_norm': 3.1622776985168457, 'learning_rate': 0.0, 'epoch': 0.02}
{'loss': 0.0, 'grad_norm': 3.1622776985168457, 'learning_rate': 0.0, 'epoch': 0.02}
{'loss': 0.0, 'grad_norm': 3.1622776985168457, 'learning_rate': 0.0, 'epoch': 0.02}
{'loss': 0.0, 'grad_norm': 3.1622776985168457, 'learning_rate': 0.0, 'epoch': 0.02}
{'loss': 0.0, 'grad_norm': 3.1622776985168457, 'learning_rate': 0.0, 'epoch': 0.02}
{'loss': 0.0, 'grad_norm': 3.1622776985168457, 'learning_rate': 0.0, 'epoch': 0.02}
{'loss': 0.0, 'grad_norm': 3.1622776985168457, 'learning_rate': 0.0, 'epoch': 0.02}
{'loss': 0.0, 'grad_norm': 3.1622776985168457, 'learning_rate': 0.0, 'epoch': 0.02}
{'loss': 0.0, 'grad_norm': 3.1622776985168457, 'learning_rate': 0.0, 'epoch': 0.02}
{'loss': 0.0, 'grad_norm': 3.1622776985168457, 'learning_rate': 0.0, 'epoch': 0.02}
{'loss': 0.0, 'grad_norm': 3.1622776985168457, 'learning_rate': 0.0, 'epoch': 0.02}
{'loss': 0.0, 'grad_norm': 3.1622776985168457, 'learning_rate': 0.0, 'epoch': 0.02}
{'loss': 0.0, 'grad_norm': 3.1622776985168457, 'learning_rate': 0.0, 'epoch': 0.02}
{'loss': 0.0, 'grad_norm': 3.1622776985168457, 'learning_rate': 0.0, 'epoch': 0.03}
{'loss': 0.0, 'grad_norm': 3.1622776985168457, 'learning_rate': 0.0, 'epoch': 0.03}
Error with image file is truncated (73 bytes not processed)
{'loss': 0.0, 'grad_norm': 3.1622776985168457, 'learning_rate': 0.0, 'epoch': 0.03}
{'loss': 0.0, 'grad_norm': 3.1622776985168457, 'learning_rate': 0.0, 'epoch': 0.03}
{'loss': 0.0, 'grad_norm': 3.1622776985168457, 'learning_rate': 0.0, 'epoch': 0.03}
{'loss': 0.0, 'grad_norm': 3.1622776985168457, 'learning_rate': 0.0, 'epoch': 0.03}
{'loss': 0.0, 'grad_norm': 3.1622776985168457, 'learning_rate': 0.0, 'epoch': 0.03}
{'loss': 0.0, 'grad_norm': 3.1622776985168457, 'learning_rate': 0.0, 'epoch': 0.03}
{'loss': 0.0, 'grad_norm': 3.1622776985168457, 'learning_rate': 0.0, 'epoch': 0.03}
{'loss': 0.0, 'grad_norm': 3.1622776985168457, 'learning_rate': 0.0, 'epoch': 0.03}
{'loss': 0.0, 'grad_norm': 3.1622776985168457, 'learning_rate': 0.0, 'epoch': 0.03}
{'loss': 0.0, 'grad_norm': 3.1622776985168457, 'learning_rate': 0.0, 'epoch': 0.03}
{'loss': 0.0, 'grad_norm': 3.1622776985168457, 'learning_rate': 0.0, 'epoch': 0.03}
{'loss': 0.0, 'grad_norm': 3.1622776985168457, 'learning_rate': 0.0, 'epoch': 0.03}
{'loss': 0.0, 'grad_norm': 3.1622776985168457, 'learning_rate': 0.0, 'epoch': 0.03}
{'loss': 0.0, 'grad_norm': 3.1622776985168457, 'learning_rate': 0.0, 'epoch': 0.03}
{'loss': 0.0, 'grad_norm': 3.1622776985168457, 'learning_rate': 0.0, 'epoch': 0.03}
{'loss': 0.0, 'grad_norm': 3.1622776985168457, 'learning_rate': 0.0, 'epoch': 0.03}
{'loss': 0.0, 'grad_norm': 3.1622776985168457, 'learning_rate': 0.0, 'epoch': 0.03}
{'loss': 0.0, 'grad_norm': 3.1622776985168457, 'learning_rate': 0.0, 'epoch': 0.03}
{'loss': 0.0, 'grad_norm': 3.1622776985168457, 'learning_rate': 0.0, 'epoch': 0.03}
{'loss': 0.0, 'grad_norm': 3.1622776985168457, 'learning_rate': 0.0, 'epoch': 0.03}
{'loss': 0.0, 'grad_norm': 3.1622776985168457, 'learning_rate': 0.0, 'epoch': 0.03}
{'loss': 0.0, 'grad_norm': 3.1622776985168457, 'learning_rate': 0.0, 'epoch': 0.03}
{'loss': 0.0, 'grad_norm': 3.1622776985168457, 'learning_rate': 0.0, 'epoch': 0.03}
{'loss': 0.0, 'grad_norm': 3.1622776985168457, 'learning_rate': 0.0, 'epoch': 0.03}
{'loss': 0.0, 'grad_norm': 3.1622776985168457, 'learning_rate': 0.0, 'epoch': 0.03}
{'loss': 0.0, 'grad_norm': 3.1622776985168457, 'learning_rate': 0.0, 'epoch': 0.03}
{'loss': 0.0, 'grad_norm': 3.1622776985168457, 'learning_rate': 0.0, 'epoch': 0.03}
{'loss': 0.0, 'grad_norm': 3.1622776985168457, 'learning_rate': 0.0, 'epoch': 0.03}
{'loss': 0.0, 'grad_norm': 3.1622776985168457, 'learning_rate': 0.0, 'epoch': 0.03}
{'loss': 0.0, 'grad_norm': 3.1622776985168457, 'learning_rate': 0.0, 'epoch': 0.03}
{'loss': 0.0, 'grad_norm': 3.1622776985168457, 'learning_rate': 0.0, 'epoch': 0.03}
{'loss': 0.0, 'grad_norm': 3.1622776985168457, 'learning_rate': 0.0, 'epoch': 0.03}
{'loss': 0.0, 'grad_norm': 3.1622776985168457, 'learning_rate': 0.0, 'epoch': 0.03}
{'loss': 0.0, 'grad_norm': 3.1622776985168457, 'learning_rate': 0.0, 'epoch': 0.03}
{'loss': 0.0, 'grad_norm': 3.1622776985168457, 'learning_rate': 0.0, 'epoch': 0.03}
{'loss': 0.0, 'grad_norm': 3.1622776985168457, 'learning_rate': 0.0, 'epoch': 0.03}
{'loss': 0.0, 'grad_norm': 3.1622776985168457, 'learning_rate': 0.0, 'epoch': 0.03}
{'loss': 0.0, 'grad_norm': 3.1622776985168457, 'learning_rate': 0.0, 'epoch': 0.03}
{'loss': 0.0, 'grad_norm': 3.1622776985168457, 'learning_rate': 0.0, 'epoch': 0.03}
{'loss': 0.0, 'grad_norm': 3.1622776985168457, 'learning_rate': 0.0, 'epoch': 0.03}
{'loss': 0.0, 'grad_norm': 3.1622776985168457, 'learning_rate': 0.0, 'epoch': 0.03}
{'loss': 0.0, 'grad_norm': 3.1622776985168457, 'learning_rate': 0.0, 'epoch': 0.03}
{'loss': 0.0, 'grad_norm': 3.1622776985168457, 'learning_rate': 0.0, 'epoch': 0.03}
{'loss': 0.0, 'grad_norm': 3.1622776985168457, 'learning_rate': 0.0, 'epoch': 0.03}
{'loss': 0.0, 'grad_norm': 3.1622776985168457, 'learning_rate': 0.0, 'epoch': 0.03}
{'loss': 0.0, 'grad_norm': 3.1622776985168457, 'learning_rate': 0.0, 'epoch': 0.03}
{'loss': 0.0, 'grad_norm': 3.1622776985168457, 'learning_rate': 0.0, 'epoch': 0.03}
{'loss': 0.0, 'grad_norm': 3.1622776985168457, 'learning_rate': 0.0, 'epoch': 0.03}
{'loss': 0.0, 'grad_norm': 3.1622776985168457, 'learning_rate': 0.0, 'epoch': 0.03}
{'loss': 0.0, 'grad_norm': 3.1622776985168457, 'learning_rate': 0.0, 'epoch': 0.03}
{'loss': 0.0, 'grad_norm': 3.1622776985168457, 'learning_rate': 0.0, 'epoch': 0.04}
{'loss': 0.0, 'grad_norm': 3.1622776985168457, 'learning_rate': 0.0, 'epoch': 0.04}
{'loss': 0.0, 'grad_norm': 3.1622776985168457, 'learning_rate': 0.0, 'epoch': 0.04}
{'loss': 0.0, 'grad_norm': 3.1622776985168457, 'learning_rate': 0.0, 'epoch': 0.04}
{'loss': 0.0, 'grad_norm': 3.1622776985168457, 'learning_rate': 0.0, 'epoch': 0.04}
{'loss': 0.0, 'grad_norm': 3.1622776985168457, 'learning_rate': 0.0, 'epoch': 0.04}
{'loss': 0.0, 'grad_norm': 3.1622776985168457, 'learning_rate': 0.0, 'epoch': 0.04}
{'loss': 0.0, 'grad_norm': 3.1622776985168457, 'learning_rate': 0.0, 'epoch': 0.04}
{'loss': 0.0, 'grad_norm': 3.1622776985168457, 'learning_rate': 0.0, 'epoch': 0.04}
{'loss': 0.0, 'grad_norm': 3.1622776985168457, 'learning_rate': 0.0, 'epoch': 0.04}
Error with image file is truncated (8 bytes not processed)
{'loss': 0.0, 'grad_norm': 3.1622776985168457, 'learning_rate': 0.0, 'epoch': 0.04}
{'loss': 0.0, 'grad_norm': 3.1622776985168457, 'learning_rate': 0.0, 'epoch': 0.04}
{'loss': 0.0, 'grad_norm': 3.1622776985168457, 'learning_rate': 0.0, 'epoch': 0.04}
{'loss': 0.0, 'grad_norm': 3.1622776985168457, 'learning_rate': 0.0, 'epoch': 0.04}
{'loss': 0.0, 'grad_norm': 3.1622776985168457, 'learning_rate': 0.0, 'epoch': 0.04}
{'loss': 0.0, 'grad_norm': 3.1622776985168457, 'learning_rate': 0.0, 'epoch': 0.04}
{'loss': 0.0, 'grad_norm': 3.1622776985168457, 'learning_rate': 0.0, 'epoch': 0.04}
{'loss': 0.0, 'grad_norm': 3.1622776985168457, 'learning_rate': 0.0, 'epoch': 0.04}
{'loss': 0.0, 'grad_norm': 3.1622776985168457, 'learning_rate': 0.0, 'epoch': 0.04}
{'loss': 0.0, 'grad_norm': 3.1622776985168457, 'learning_rate': 0.0, 'epoch': 0.04}
{'loss': 0.0, 'grad_norm': 3.1622776985168457, 'learning_rate': 0.0, 'epoch': 0.04}
{'loss': 0.0, 'grad_norm': 3.1622776985168457, 'learning_rate': 0.0, 'epoch': 0.04}
{'loss': 0.0, 'grad_norm': 3.1622776985168457, 'learning_rate': 0.0, 'epoch': 0.04}
{'loss': 0.0, 'grad_norm': 3.1622776985168457, 'learning_rate': 0.0, 'epoch': 0.04}
{'loss': 0.0, 'grad_norm': 3.1622776985168457, 'learning_rate': 0.0, 'epoch': 0.04}
{'loss': 0.0, 'grad_norm': 3.1622776985168457, 'learning_rate': 0.0, 'epoch': 0.04}
{'loss': 0.0, 'grad_norm': 3.1622776985168457, 'learning_rate': 0.0, 'epoch': 0.04}
{'loss': 0.0, 'grad_norm': 3.1622776985168457, 'learning_rate': 0.0, 'epoch': 0.04}
{'loss': 0.0, 'grad_norm': 3.1622776985168457, 'learning_rate': 0.0, 'epoch': 0.04}
{'loss': 0.0, 'grad_norm': 3.1622776985168457, 'learning_rate': 0.0, 'epoch': 0.04}
{'loss': 0.0, 'grad_norm': 3.1622776985168457, 'learning_rate': 0.0, 'epoch': 0.04}
{'loss': 0.0, 'grad_norm': 3.1622776985168457, 'learning_rate': 0.0, 'epoch': 0.04}
{'loss': 0.0, 'grad_norm': 3.1622776985168457, 'learning_rate': 0.0, 'epoch': 0.04}
{'loss': 0.0, 'grad_norm': 3.1622776985168457, 'learning_rate': 0.0, 'epoch': 0.04}
{'loss': 0.0, 'grad_norm': 3.1622776985168457, 'learning_rate': 0.0, 'epoch': 0.04}
{'loss': 0.0, 'grad_norm': 3.1622776985168457, 'learning_rate': 0.0, 'epoch': 0.04}
{'loss': 0.0, 'grad_norm': 3.1622776985168457, 'learning_rate': 0.0, 'epoch': 0.04}
{'loss': 0.0, 'grad_norm': 3.1622776985168457, 'learning_rate': 0.0, 'epoch': 0.04}
{'loss': 0.0, 'grad_norm': 3.1622776985168457, 'learning_rate': 0.0, 'epoch': 0.04}
{'loss': 0.0, 'grad_norm': 3.1622776985168457, 'learning_rate': 0.0, 'epoch': 0.04}
{'loss': 0.0, 'grad_norm': 3.1622776985168457, 'learning_rate': 0.0, 'epoch': 0.04}
{'loss': 0.0, 'grad_norm': 3.1622776985168457, 'learning_rate': 0.0, 'epoch': 0.04}
{'loss': 0.0, 'grad_norm': 3.1622776985168457, 'learning_rate': 0.0, 'epoch': 0.04}
{'loss': 0.0, 'grad_norm': 3.1622776985168457, 'learning_rate': 0.0, 'epoch': 0.04}
{'loss': 0.0, 'grad_norm': 3.1622776985168457, 'learning_rate': 0.0, 'epoch': 0.04}
{'loss': 0.0, 'grad_norm': 3.1622776985168457, 'learning_rate': 0.0, 'epoch': 0.04}
{'loss': 0.0, 'grad_norm': 3.1622776985168457, 'learning_rate': 0.0, 'epoch': 0.04}
{'loss': 0.0, 'grad_norm': 3.1622776985168457, 'learning_rate': 0.0, 'epoch': 0.04}
{'loss': 0.0, 'grad_norm': 3.1622776985168457, 'learning_rate': 0.0, 'epoch': 0.04}
{'loss': 0.0, 'grad_norm': 3.1622776985168457, 'learning_rate': 0.0, 'epoch': 0.04}
{'loss': 0.0, 'grad_norm': 3.1622776985168457, 'learning_rate': 0.0, 'epoch': 0.04}
{'loss': 0.0, 'grad_norm': 3.1622776985168457, 'learning_rate': 0.0, 'epoch': 0.04}
{'loss': 0.0, 'grad_norm': 3.1622776985168457, 'learning_rate': 0.0, 'epoch': 0.05}
{'loss': 0.0, 'grad_norm': 3.1622776985168457, 'learning_rate': 0.0, 'epoch': 0.05}
{'loss': 0.0, 'grad_norm': 3.1622776985168457, 'learning_rate': 0.0, 'epoch': 0.05}
{'loss': 0.0, 'grad_norm': 3.1622776985168457, 'learning_rate': 0.0, 'epoch': 0.05}
{'loss': 0.0, 'grad_norm': 3.1622776985168457, 'learning_rate': 0.0, 'epoch': 0.05}
{'loss': 0.0, 'grad_norm': 3.1622776985168457, 'learning_rate': 0.0, 'epoch': 0.05}
{'loss': 0.0, 'grad_norm': 3.1622776985168457, 'learning_rate': 0.0, 'epoch': 0.05}
{'loss': 0.0, 'grad_norm': 3.1622776985168457, 'learning_rate': 0.0, 'epoch': 0.05}
{'loss': 0.0, 'grad_norm': 3.1622776985168457, 'learning_rate': 0.0, 'epoch': 0.05}
{'loss': 0.0, 'grad_norm': 3.1622776985168457, 'learning_rate': 0.0, 'epoch': 0.05}
{'loss': 0.0, 'grad_norm': 3.1622776985168457, 'learning_rate': 0.0, 'epoch': 0.05}
{'loss': 0.0, 'grad_norm': 3.1622776985168457, 'learning_rate': 0.0, 'epoch': 0.05}
{'loss': 0.0, 'grad_norm': 3.1622776985168457, 'learning_rate': 0.0, 'epoch': 0.05}
Error with image file is truncated (91 bytes not processed)
{'loss': 0.0, 'grad_norm': 3.1622776985168457, 'learning_rate': 0.0, 'epoch': 0.05}
{'loss': 0.0, 'grad_norm': 3.1622776985168457, 'learning_rate': 0.0, 'epoch': 0.05}
{'loss': 0.0, 'grad_norm': 3.1622776985168457, 'learning_rate': 0.0, 'epoch': 0.05}
{'loss': 0.0, 'grad_norm': 3.1622776985168457, 'learning_rate': 0.0, 'epoch': 0.05}
{'loss': 0.0, 'grad_norm': 3.1622776985168457, 'learning_rate': 0.0, 'epoch': 0.05}
{'loss': 0.0, 'grad_norm': 3.1622776985168457, 'learning_rate': 0.0, 'epoch': 0.05}
{'loss': 0.0, 'grad_norm': 3.1622776985168457, 'learning_rate': 0.0, 'epoch': 0.05}
{'loss': 0.0, 'grad_norm': 3.1622776985168457, 'learning_rate': 0.0, 'epoch': 0.05}
{'loss': 0.0, 'grad_norm': 3.1622776985168457, 'learning_rate': 0.0, 'epoch': 0.05}
{'loss': 0.0, 'grad_norm': 3.1622776985168457, 'learning_rate': 0.0, 'epoch': 0.05}
{'loss': 0.0, 'grad_norm': 3.1622776985168457, 'learning_rate': 0.0, 'epoch': 0.05}
{'loss': 0.0, 'grad_norm': 3.1622776985168457, 'learning_rate': 0.0, 'epoch': 0.05}
{'loss': 0.0, 'grad_norm': 3.1622776985168457, 'learning_rate': 0.0, 'epoch': 0.05}
{'loss': 0.0, 'grad_norm': 3.1622776985168457, 'learning_rate': 0.0, 'epoch': 0.05}
{'loss': 0.0, 'grad_norm': 3.1622776985168457, 'learning_rate': 0.0, 'epoch': 0.05}
{'loss': 0.0, 'grad_norm': 3.1622776985168457, 'learning_rate': 0.0, 'epoch': 0.05}
{'loss': 0.0, 'grad_norm': 3.1622776985168457, 'learning_rate': 0.0, 'epoch': 0.05}
{'loss': 0.0, 'grad_norm': 3.1622776985168457, 'learning_rate': 0.0, 'epoch': 0.05}
{'loss': 0.0, 'grad_norm': 3.1622776985168457, 'learning_rate': 0.0, 'epoch': 0.05}
{'loss': 0.0, 'grad_norm': 3.1622776985168457, 'learning_rate': 0.0, 'epoch': 0.05}
{'loss': 0.0, 'grad_norm': 3.1622776985168457, 'learning_rate': 0.0, 'epoch': 0.05}
{'loss': 0.0, 'grad_norm': 3.1622776985168457, 'learning_rate': 0.0, 'epoch': 0.05}
{'loss': 0.0, 'grad_norm': 3.1622776985168457, 'learning_rate': 0.0, 'epoch': 0.05}
{'loss': 0.0, 'grad_norm': 3.1622776985168457, 'learning_rate': 0.0, 'epoch': 0.05}
{'loss': 0.0, 'grad_norm': 3.1622776985168457, 'learning_rate': 0.0, 'epoch': 0.05}
{'loss': 0.0, 'grad_norm': 3.1622776985168457, 'learning_rate': 0.0, 'epoch': 0.05}
{'loss': 0.0, 'grad_norm': 3.1622776985168457, 'learning_rate': 0.0, 'epoch': 0.05}
{'loss': 0.0, 'grad_norm': 3.1622776985168457, 'learning_rate': 0.0, 'epoch': 0.05}
{'loss': 0.0, 'grad_norm': 3.1622776985168457, 'learning_rate': 0.0, 'epoch': 0.05}
{'loss': 0.0, 'grad_norm': 3.1622776985168457, 'learning_rate': 0.0, 'epoch': 0.05}
{'loss': 0.0, 'grad_norm': 3.1622776985168457, 'learning_rate': 0.0, 'epoch': 0.05}
{'loss': 0.0, 'grad_norm': 3.1622776985168457, 'learning_rate': 0.0, 'epoch': 0.05}
{'loss': 0.0, 'grad_norm': 3.1622776985168457, 'learning_rate': 0.0, 'epoch': 0.05}
{'loss': 0.0, 'grad_norm': 3.1622776985168457, 'learning_rate': 0.0, 'epoch': 0.05}
{'loss': 0.0, 'grad_norm': 3.1622776985168457, 'learning_rate': 0.0, 'epoch': 0.05}
{'loss': 0.0, 'grad_norm': 3.1622776985168457, 'learning_rate': 0.0, 'epoch': 0.05}
{'loss': 0.0, 'grad_norm': 3.1622776985168457, 'learning_rate': 0.0, 'epoch': 0.05}
{'loss': 0.0, 'grad_norm': 3.1622776985168457, 'learning_rate': 0.0, 'epoch': 0.05}
{'loss': 0.0, 'grad_norm': 3.1622776985168457, 'learning_rate': 0.0, 'epoch': 0.05}
{'loss': 0.0, 'grad_norm': 3.1622776985168457, 'learning_rate': 0.0, 'epoch': 0.06}
{'loss': 0.0, 'grad_norm': 3.1622776985168457, 'learning_rate': 0.0, 'epoch': 0.06}
{'loss': 0.0, 'grad_norm': 3.1622776985168457, 'learning_rate': 0.0, 'epoch': 0.06}
{'loss': 0.0, 'grad_norm': 3.1622776985168457, 'learning_rate': 0.0, 'epoch': 0.06}
{'loss': 0.0, 'grad_norm': 3.1622776985168457, 'learning_rate': 0.0, 'epoch': 0.06}
{'loss': 0.0, 'grad_norm': 3.1622776985168457, 'learning_rate': 0.0, 'epoch': 0.06}
{'loss': 0.0, 'grad_norm': 3.1622776985168457, 'learning_rate': 0.0, 'epoch': 0.06}
{'loss': 0.0, 'grad_norm': 3.1622776985168457, 'learning_rate': 0.0, 'epoch': 0.06}
{'loss': 0.0, 'grad_norm': 3.1622776985168457, 'learning_rate': 0.0, 'epoch': 0.06}
{'loss': 0.0, 'grad_norm': 3.1622776985168457, 'learning_rate': 0.0, 'epoch': 0.06}
{'loss': 0.0, 'grad_norm': 3.1622776985168457, 'learning_rate': 0.0, 'epoch': 0.06}
{'loss': 0.0, 'grad_norm': 3.1622776985168457, 'learning_rate': 0.0, 'epoch': 0.06}
{'loss': 0.0, 'grad_norm': 3.1622776985168457, 'learning_rate': 0.0, 'epoch': 0.06}
{'loss': 0.0, 'grad_norm': 3.1622776985168457, 'learning_rate': 0.0, 'epoch': 0.06}
{'loss': 0.0, 'grad_norm': 3.1622776985168457, 'learning_rate': 0.0, 'epoch': 0.06}
{'loss': 0.0, 'grad_norm': 3.1622776985168457, 'learning_rate': 0.0, 'epoch': 0.06}
{'loss': 0.0, 'grad_norm': 3.1622776985168457, 'learning_rate': 0.0, 'epoch': 0.06}
{'loss': 0.0, 'grad_norm': 3.1622776985168457, 'learning_rate': 0.0, 'epoch': 0.06}
{'loss': 0.0, 'grad_norm': 3.1622776985168457, 'learning_rate': 0.0, 'epoch': 0.06}
{'loss': 0.0, 'grad_norm': 3.1622776985168457, 'learning_rate': 0.0, 'epoch': 0.06}
{'loss': 0.0, 'grad_norm': 3.1622776985168457, 'learning_rate': 0.0, 'epoch': 0.06}
{'loss': 0.0, 'grad_norm': 3.1622776985168457, 'learning_rate': 0.0, 'epoch': 0.06}
{'loss': 0.0, 'grad_norm': 3.1622776985168457, 'learning_rate': 0.0, 'epoch': 0.06}
{'loss': 0.0, 'grad_norm': 3.1622776985168457, 'learning_rate': 0.0, 'epoch': 0.06}
{'loss': 0.0, 'grad_norm': 3.1622776985168457, 'learning_rate': 0.0, 'epoch': 0.06}
{'loss': 0.0, 'grad_norm': 3.1622776985168457, 'learning_rate': 0.0, 'epoch': 0.06}
{'loss': 0.0, 'grad_norm': 3.1622776985168457, 'learning_rate': 0.0, 'epoch': 0.06}
{'loss': 0.0, 'grad_norm': 3.1622776985168457, 'learning_rate': 0.0, 'epoch': 0.06}
{'loss': 0.0, 'grad_norm': 3.1622776985168457, 'learning_rate': 0.0, 'epoch': 0.06}
{'loss': 0.0, 'grad_norm': 3.1622776985168457, 'learning_rate': 0.0, 'epoch': 0.06}
{'loss': 0.0, 'grad_norm': 3.1622776985168457, 'learning_rate': 0.0, 'epoch': 0.06}
{'loss': 0.0, 'grad_norm': 3.1622776985168457, 'learning_rate': 0.0, 'epoch': 0.06}
{'loss': 0.0, 'grad_norm': 3.1622776985168457, 'learning_rate': 0.0, 'epoch': 0.06}
{'loss': 0.0, 'grad_norm': 3.1622776985168457, 'learning_rate': 0.0, 'epoch': 0.06}
{'loss': 0.0, 'grad_norm': 3.1622776985168457, 'learning_rate': 0.0, 'epoch': 0.06}
{'loss': 0.0, 'grad_norm': 3.1622776985168457, 'learning_rate': 0.0, 'epoch': 0.06}
{'loss': 0.0, 'grad_norm': 3.1622776985168457, 'learning_rate': 0.0, 'epoch': 0.06}
{'loss': 0.0, 'grad_norm': 3.1622776985168457, 'learning_rate': 0.0, 'epoch': 0.06}
{'loss': 0.0, 'grad_norm': 3.1622776985168457, 'learning_rate': 0.0, 'epoch': 0.06}
{'loss': 0.0, 'grad_norm': 3.1622776985168457, 'learning_rate': 0.0, 'epoch': 0.06}
{'loss': 0.0, 'grad_norm': 3.1622776985168457, 'learning_rate': 0.0, 'epoch': 0.06}
{'loss': 0.0, 'grad_norm': 3.1622776985168457, 'learning_rate': 0.0, 'epoch': 0.06}
{'loss': 0.0, 'grad_norm': 3.1622776985168457, 'learning_rate': 0.0, 'epoch': 0.06}
{'loss': 0.0, 'grad_norm': 3.1622776985168457, 'learning_rate': 0.0, 'epoch': 0.06}
{'loss': 0.0, 'grad_norm': 3.1622776985168457, 'learning_rate': 0.0, 'epoch': 0.06}
{'loss': 0.0, 'grad_norm': 3.1622776985168457, 'learning_rate': 0.0, 'epoch': 0.06}
{'loss': 0.0, 'grad_norm': 3.1622776985168457, 'learning_rate': 0.0, 'epoch': 0.06}
{'loss': 0.0, 'grad_norm': 3.1622776985168457, 'learning_rate': 0.0, 'epoch': 0.06}
{'loss': 0.0, 'grad_norm': 3.1622776985168457, 'learning_rate': 0.0, 'epoch': 0.06}
{'loss': 0.0, 'grad_norm': 3.1622776985168457, 'learning_rate': 0.0, 'epoch': 0.06}
{'loss': 0.0, 'grad_norm': 3.1622776985168457, 'learning_rate': 0.0, 'epoch': 0.06}
{'loss': 0.0, 'grad_norm': 3.1622776985168457, 'learning_rate': 0.0, 'epoch': 0.06}
{'loss': 0.0, 'grad_norm': 3.1622776985168457, 'learning_rate': 0.0, 'epoch': 0.07}
{'loss': 0.0, 'grad_norm': 3.1622776985168457, 'learning_rate': 0.0, 'epoch': 0.07}
{'loss': 0.0, 'grad_norm': 3.1622776985168457, 'learning_rate': 0.0, 'epoch': 0.07}
{'loss': 0.0, 'grad_norm': 3.1622776985168457, 'learning_rate': 0.0, 'epoch': 0.07}
{'loss': 0.0, 'grad_norm': 3.1622776985168457, 'learning_rate': 0.0, 'epoch': 0.07}
{'loss': 0.0, 'grad_norm': 3.1622776985168457, 'learning_rate': 0.0, 'epoch': 0.07}
{'loss': 0.0, 'grad_norm': 3.1622776985168457, 'learning_rate': 0.0, 'epoch': 0.07}
{'loss': 0.0, 'grad_norm': 3.1622776985168457, 'learning_rate': 0.0, 'epoch': 0.07}
Error with image file is truncated (70 bytes not processed)
{'loss': 0.0, 'grad_norm': 3.1622776985168457, 'learning_rate': 0.0, 'epoch': 0.07}
{'loss': 0.0, 'grad_norm': 3.1622776985168457, 'learning_rate': 0.0, 'epoch': 0.07}
{'loss': 0.0, 'grad_norm': 3.1622776985168457, 'learning_rate': 0.0, 'epoch': 0.07}
{'loss': 0.0, 'grad_norm': 3.1622776985168457, 'learning_rate': 0.0, 'epoch': 0.07}
{'loss': 0.0, 'grad_norm': 3.1622776985168457, 'learning_rate': 0.0, 'epoch': 0.07}
{'loss': 0.0, 'grad_norm': 3.1622776985168457, 'learning_rate': 0.0, 'epoch': 0.07}
{'loss': 0.0, 'grad_norm': 3.1622776985168457, 'learning_rate': 0.0, 'epoch': 0.07}
{'loss': 0.0, 'grad_norm': 3.1622776985168457, 'learning_rate': 0.0, 'epoch': 0.07}
{'loss': 0.0, 'grad_norm': 3.1622776985168457, 'learning_rate': 0.0, 'epoch': 0.07}
{'loss': 0.0, 'grad_norm': 3.1622776985168457, 'learning_rate': 0.0, 'epoch': 0.07}
{'loss': 0.0, 'grad_norm': 3.1622776985168457, 'learning_rate': 0.0, 'epoch': 0.07}
{'loss': 0.0, 'grad_norm': 3.1622776985168457, 'learning_rate': 0.0, 'epoch': 0.07}
{'loss': 0.0, 'grad_norm': 3.1622776985168457, 'learning_rate': 0.0, 'epoch': 0.07}
{'loss': 0.0, 'grad_norm': 3.1622776985168457, 'learning_rate': 0.0, 'epoch': 0.07}
{'loss': 0.0, 'grad_norm': 3.1622776985168457, 'learning_rate': 0.0, 'epoch': 0.07}
WARNING: tokenization mismatch: 0 vs. 517. (ignored)
{'loss': 0.0, 'grad_norm': 3.1622776985168457, 'learning_rate': 0.0, 'epoch': 0.07}
{'loss': 0.0, 'grad_norm': 3.1622776985168457, 'learning_rate': 0.0, 'epoch': 0.07}
{'loss': 0.0, 'grad_norm': 3.1622776985168457, 'learning_rate': 0.0, 'epoch': 0.07}
{'loss': 0.0, 'grad_norm': 3.1622776985168457, 'learning_rate': 0.0, 'epoch': 0.07}
{'loss': 0.0, 'grad_norm': 3.1622776985168457, 'learning_rate': 0.0, 'epoch': 0.07}
{'loss': 0.0, 'grad_norm': 3.1622776985168457, 'learning_rate': 0.0, 'epoch': 0.07}
{'loss': 0.0, 'grad_norm': 3.1622776985168457, 'learning_rate': 0.0, 'epoch': 0.07}
{'loss': 0.0, 'grad_norm': 3.1622776985168457, 'learning_rate': 0.0, 'epoch': 0.07}
{'loss': 0.0, 'grad_norm': 3.1622776985168457, 'learning_rate': 0.0, 'epoch': 0.07}
{'loss': 0.0, 'grad_norm': 3.1622776985168457, 'learning_rate': 0.0, 'epoch': 0.07}
{'loss': 0.0, 'grad_norm': 3.1622776985168457, 'learning_rate': 0.0, 'epoch': 0.07}
{'loss': 0.0, 'grad_norm': 3.1622776985168457, 'learning_rate': 0.0, 'epoch': 0.07}
{'loss': 0.0, 'grad_norm': 3.1622776985168457, 'learning_rate': 0.0, 'epoch': 0.07}
{'loss': 0.0, 'grad_norm': 3.1622776985168457, 'learning_rate': 0.0, 'epoch': 0.07}
{'loss': 0.0, 'grad_norm': 3.1622776985168457, 'learning_rate': 0.0, 'epoch': 0.07}
{'loss': 0.0, 'grad_norm': 3.1622776985168457, 'learning_rate': 0.0, 'epoch': 0.07}
{'loss': 0.0, 'grad_norm': 3.1622776985168457, 'learning_rate': 0.0, 'epoch': 0.07}
{'loss': 0.0, 'grad_norm': 3.1622776985168457, 'learning_rate': 0.0, 'epoch': 0.07}
{'loss': 0.0, 'grad_norm': 3.1622776985168457, 'learning_rate': 0.0, 'epoch': 0.07}
{'loss': 0.0, 'grad_norm': 3.1622776985168457, 'learning_rate': 0.0, 'epoch': 0.07}
{'loss': 0.0, 'grad_norm': 3.1622776985168457, 'learning_rate': 0.0, 'epoch': 0.07}
{'loss': 0.0, 'grad_norm': 3.1622776985168457, 'learning_rate': 0.0, 'epoch': 0.07}
{'loss': 0.0, 'grad_norm': 3.1622776985168457, 'learning_rate': 0.0, 'epoch': 0.07}
{'loss': 0.0, 'grad_norm': 3.1622776985168457, 'learning_rate': 0.0, 'epoch': 0.07}
{'loss': 0.0, 'grad_norm': 3.1622776985168457, 'learning_rate': 0.0, 'epoch': 0.07}
{'loss': 0.0, 'grad_norm': 3.1622776985168457, 'learning_rate': 0.0, 'epoch': 0.07}
{'loss': 0.0, 'grad_norm': 3.1622776985168457, 'learning_rate': 0.0, 'epoch': 0.07}
{'loss': 0.0, 'grad_norm': 3.1622776985168457, 'learning_rate': 0.0, 'epoch': 0.07}
{'loss': 0.0, 'grad_norm': 3.1622776985168457, 'learning_rate': 0.0, 'epoch': 0.07}
{'loss': 0.0, 'grad_norm': 3.1622776985168457, 'learning_rate': 0.0, 'epoch': 0.08}
{'loss': 0.0, 'grad_norm': 3.1622776985168457, 'learning_rate': 0.0, 'epoch': 0.08}
{'loss': 0.0, 'grad_norm': 3.1622776985168457, 'learning_rate': 0.0, 'epoch': 0.08}
{'loss': 0.0, 'grad_norm': 3.1622776985168457, 'learning_rate': 0.0, 'epoch': 0.08}
{'loss': 0.0, 'grad_norm': 3.1622776985168457, 'learning_rate': 0.0, 'epoch': 0.08}
{'loss': 0.0, 'grad_norm': 3.1622776985168457, 'learning_rate': 0.0, 'epoch': 0.08}
{'loss': 0.0, 'grad_norm': 3.1622776985168457, 'learning_rate': 0.0, 'epoch': 0.08}
{'loss': 0.0, 'grad_norm': 3.1622776985168457, 'learning_rate': 0.0, 'epoch': 0.08}
{'loss': 0.0, 'grad_norm': 3.1622776985168457, 'learning_rate': 0.0, 'epoch': 0.08}
{'loss': 0.0, 'grad_norm': 3.1622776985168457, 'learning_rate': 0.0, 'epoch': 0.08}
{'loss': 0.0, 'grad_norm': 3.1622776985168457, 'learning_rate': 0.0, 'epoch': 0.08}
{'loss': 0.0, 'grad_norm': 3.1622776985168457, 'learning_rate': 0.0, 'epoch': 0.08}
{'loss': 0.0, 'grad_norm': 3.1622776985168457, 'learning_rate': 0.0, 'epoch': 0.08}
{'loss': 0.0, 'grad_norm': 3.1622776985168457, 'learning_rate': 0.0, 'epoch': 0.08}
{'loss': 0.0, 'grad_norm': 3.1622776985168457, 'learning_rate': 0.0, 'epoch': 0.08}
{'loss': 0.0, 'grad_norm': 3.1622776985168457, 'learning_rate': 0.0, 'epoch': 0.08}
{'loss': 0.0, 'grad_norm': 3.1622776985168457, 'learning_rate': 0.0, 'epoch': 0.08}
{'loss': 0.0, 'grad_norm': 3.1622776985168457, 'learning_rate': 0.0, 'epoch': 0.08}
{'loss': 0.0, 'grad_norm': 3.1622776985168457, 'learning_rate': 0.0, 'epoch': 0.08}
{'loss': 0.0, 'grad_norm': 3.1622776985168457, 'learning_rate': 0.0, 'epoch': 0.08}
{'loss': 0.0, 'grad_norm': 3.1622776985168457, 'learning_rate': 0.0, 'epoch': 0.08}
{'loss': 0.0, 'grad_norm': 3.1622776985168457, 'learning_rate': 0.0, 'epoch': 0.08}
{'loss': 0.0, 'grad_norm': 3.1622776985168457, 'learning_rate': 0.0, 'epoch': 0.08}
{'loss': 0.0, 'grad_norm': 3.1622776985168457, 'learning_rate': 0.0, 'epoch': 0.08}
{'loss': 0.0, 'grad_norm': 3.1622776985168457, 'learning_rate': 0.0, 'epoch': 0.08}
{'loss': 0.0, 'grad_norm': 3.1622776985168457, 'learning_rate': 0.0, 'epoch': 0.08}
{'loss': 0.0, 'grad_norm': 3.1622776985168457, 'learning_rate': 0.0, 'epoch': 0.08}
{'loss': 0.0, 'grad_norm': 3.1622776985168457, 'learning_rate': 0.0, 'epoch': 0.08}
{'loss': 0.0, 'grad_norm': 3.1622776985168457, 'learning_rate': 0.0, 'epoch': 0.08}
{'loss': 0.0, 'grad_norm': 3.1622776985168457, 'learning_rate': 0.0, 'epoch': 0.08}
{'loss': 0.0, 'grad_norm': 3.1622776985168457, 'learning_rate': 0.0, 'epoch': 0.08}
{'loss': 0.0, 'grad_norm': 3.1622776985168457, 'learning_rate': 0.0, 'epoch': 0.08}
{'loss': 0.0, 'grad_norm': 3.1622776985168457, 'learning_rate': 0.0, 'epoch': 0.08}
{'loss': 0.0, 'grad_norm': 3.1622776985168457, 'learning_rate': 0.0, 'epoch': 0.08}
{'loss': 0.0, 'grad_norm': 3.1622776985168457, 'learning_rate': 0.0, 'epoch': 0.08}
{'loss': 0.0, 'grad_norm': 3.1622776985168457, 'learning_rate': 0.0, 'epoch': 0.08}
{'loss': 0.0, 'grad_norm': 3.1622776985168457, 'learning_rate': 0.0, 'epoch': 0.08}
{'loss': 0.0, 'grad_norm': 3.1622776985168457, 'learning_rate': 0.0, 'epoch': 0.08}
{'loss': 0.0, 'grad_norm': 3.1622776985168457, 'learning_rate': 0.0, 'epoch': 0.08}
{'loss': 0.0, 'grad_norm': 3.1622776985168457, 'learning_rate': 0.0, 'epoch': 0.08}
{'loss': 0.0, 'grad_norm': 3.1622776985168457, 'learning_rate': 0.0, 'epoch': 0.08}
{'loss': 0.0, 'grad_norm': 3.1622776985168457, 'learning_rate': 0.0, 'epoch': 0.08}
{'loss': 0.0, 'grad_norm': 3.1622776985168457, 'learning_rate': 0.0, 'epoch': 0.08}
{'loss': 0.0, 'grad_norm': 3.1622776985168457, 'learning_rate': 0.0, 'epoch': 0.08}
{'loss': 0.0, 'grad_norm': 3.1622776985168457, 'learning_rate': 0.0, 'epoch': 0.08}
{'loss': 0.0, 'grad_norm': 3.1622776985168457, 'learning_rate': 0.0, 'epoch': 0.08}
{'loss': 0.0, 'grad_norm': 3.1622776985168457, 'learning_rate': 0.0, 'epoch': 0.08}
{'loss': 0.0, 'grad_norm': 3.1622776985168457, 'learning_rate': 0.0, 'epoch': 0.08}
{'loss': 0.0, 'grad_norm': 3.1622776985168457, 'learning_rate': 0.0, 'epoch': 0.08}
{'loss': 0.0, 'grad_norm': 3.1622776985168457, 'learning_rate': 0.0, 'epoch': 0.08}
{'loss': 0.0, 'grad_norm': 3.1622776985168457, 'learning_rate': 0.0, 'epoch': 0.08}
{'loss': 0.0, 'grad_norm': 3.1622776985168457, 'learning_rate': 0.0, 'epoch': 0.08}
{'loss': 0.0, 'grad_norm': 3.1622776985168457, 'learning_rate': 0.0, 'epoch': 0.09}
{'loss': 0.0, 'grad_norm': 3.1622776985168457, 'learning_rate': 0.0, 'epoch': 0.09}
{'loss': 0.0, 'grad_norm': 3.1622776985168457, 'learning_rate': 0.0, 'epoch': 0.09}
{'loss': 0.0, 'grad_norm': 3.1622776985168457, 'learning_rate': 0.0, 'epoch': 0.09}
{'loss': 0.0, 'grad_norm': 3.1622776985168457, 'learning_rate': 0.0, 'epoch': 0.09}
{'loss': 0.0, 'grad_norm': 3.1622776985168457, 'learning_rate': 0.0, 'epoch': 0.09}
{'loss': 0.0, 'grad_norm': 3.1622776985168457, 'learning_rate': 0.0, 'epoch': 0.09}
{'loss': 0.0, 'grad_norm': 3.1622776985168457, 'learning_rate': 0.0, 'epoch': 0.09}
{'loss': 0.0, 'grad_norm': 3.1622776985168457, 'learning_rate': 0.0, 'epoch': 0.09}
{'loss': 0.0, 'grad_norm': 3.1622776985168457, 'learning_rate': 0.0, 'epoch': 0.09}
{'loss': 0.0, 'grad_norm': 3.1622776985168457, 'learning_rate': 0.0, 'epoch': 0.09}
{'loss': 0.0, 'grad_norm': 3.1622776985168457, 'learning_rate': 0.0, 'epoch': 0.09}
{'loss': 0.0, 'grad_norm': 3.1622776985168457, 'learning_rate': 0.0, 'epoch': 0.09}
{'loss': 0.0, 'grad_norm': 3.1622776985168457, 'learning_rate': 0.0, 'epoch': 0.09}
{'loss': 0.0, 'grad_norm': 3.1622776985168457, 'learning_rate': 0.0, 'epoch': 0.09}
{'loss': 0.0, 'grad_norm': 3.1622776985168457, 'learning_rate': 0.0, 'epoch': 0.09}
{'loss': 0.0, 'grad_norm': 3.1622776985168457, 'learning_rate': 0.0, 'epoch': 0.09}
{'loss': 0.0, 'grad_norm': 3.1622776985168457, 'learning_rate': 0.0, 'epoch': 0.09}
{'loss': 0.0, 'grad_norm': 3.1622776985168457, 'learning_rate': 0.0, 'epoch': 0.09}
{'loss': 0.0, 'grad_norm': 3.1622776985168457, 'learning_rate': 0.0, 'epoch': 0.09}
{'loss': 0.0, 'grad_norm': 3.1622776985168457, 'learning_rate': 0.0, 'epoch': 0.09}
{'loss': 0.0, 'grad_norm': 3.1622776985168457, 'learning_rate': 0.0, 'epoch': 0.09}
{'loss': 0.0, 'grad_norm': 3.1622776985168457, 'learning_rate': 0.0, 'epoch': 0.09}
{'loss': 0.0, 'grad_norm': 3.1622776985168457, 'learning_rate': 0.0, 'epoch': 0.09}
{'loss': 0.0, 'grad_norm': 3.1622776985168457, 'learning_rate': 0.0, 'epoch': 0.09}
{'loss': 0.0, 'grad_norm': 3.1622776985168457, 'learning_rate': 0.0, 'epoch': 0.09}
{'loss': 0.0, 'grad_norm': 3.1622776985168457, 'learning_rate': 0.0, 'epoch': 0.09}
{'loss': 0.0, 'grad_norm': 3.1622776985168457, 'learning_rate': 0.0, 'epoch': 0.09}
{'loss': 0.0, 'grad_norm': 3.1622776985168457, 'learning_rate': 0.0, 'epoch': 0.09}
{'loss': 0.0, 'grad_norm': 3.1622776985168457, 'learning_rate': 0.0, 'epoch': 0.09}
{'loss': 0.0, 'grad_norm': 3.1622776985168457, 'learning_rate': 0.0, 'epoch': 0.09}
{'loss': 0.0, 'grad_norm': 3.1622776985168457, 'learning_rate': 0.0, 'epoch': 0.09}
{'loss': 0.0, 'grad_norm': 3.1622776985168457, 'learning_rate': 0.0, 'epoch': 0.09}
{'loss': 0.0, 'grad_norm': 3.1622776985168457, 'learning_rate': 0.0, 'epoch': 0.09}
{'loss': 0.0, 'grad_norm': 3.1622776985168457, 'learning_rate': 0.0, 'epoch': 0.09}
{'loss': 0.0, 'grad_norm': 3.1622776985168457, 'learning_rate': 0.0, 'epoch': 0.09}
{'loss': 0.0, 'grad_norm': 3.1622776985168457, 'learning_rate': 0.0, 'epoch': 0.09}
{'loss': 0.0, 'grad_norm': 3.1622776985168457, 'learning_rate': 0.0, 'epoch': 0.09}
{'loss': 0.0, 'grad_norm': 3.1622776985168457, 'learning_rate': 0.0, 'epoch': 0.09}
{'loss': 0.0, 'grad_norm': 3.1622776985168457, 'learning_rate': 0.0, 'epoch': 0.09}
{'loss': 0.0, 'grad_norm': 3.1622776985168457, 'learning_rate': 0.0, 'epoch': 0.09}
{'loss': 0.0, 'grad_norm': 3.1622776985168457, 'learning_rate': 0.0, 'epoch': 0.09}
{'loss': 0.0, 'grad_norm': 3.1622776985168457, 'learning_rate': 0.0, 'epoch': 0.09}
{'loss': 0.0, 'grad_norm': 3.1622776985168457, 'learning_rate': 0.0, 'epoch': 0.09}
{'loss': 0.0, 'grad_norm': 3.1622776985168457, 'learning_rate': 0.0, 'epoch': 0.09}
{'loss': 0.0, 'grad_norm': 3.1622776985168457, 'learning_rate': 0.0, 'epoch': 0.09}
{'loss': 0.0, 'grad_norm': 3.1622776985168457, 'learning_rate': 0.0, 'epoch': 0.09}
{'loss': 0.0, 'grad_norm': 3.1622776985168457, 'learning_rate': 0.0, 'epoch': 0.09}
{'loss': 0.0, 'grad_norm': 3.1622776985168457, 'learning_rate': 0.0, 'epoch': 0.09}
{'loss': 0.0, 'grad_norm': 3.1622776985168457, 'learning_rate': 0.0, 'epoch': 0.09}
{'loss': 0.0, 'grad_norm': 3.1622776985168457, 'learning_rate': 0.0, 'epoch': 0.09}
{'loss': 0.0, 'grad_norm': 3.1622776985168457, 'learning_rate': 0.0, 'epoch': 0.09}
{'loss': 0.0, 'grad_norm': 3.1622776985168457, 'learning_rate': 0.0, 'epoch': 0.1}
{'loss': 0.0, 'grad_norm': 3.1622776985168457, 'learning_rate': 0.0, 'epoch': 0.1}
{'loss': 0.0, 'grad_norm': 3.1622776985168457, 'learning_rate': 0.0, 'epoch': 0.1}
{'loss': 0.0, 'grad_norm': 3.1622776985168457, 'learning_rate': 0.0, 'epoch': 0.1}
{'loss': 0.0, 'grad_norm': 3.1622776985168457, 'learning_rate': 0.0, 'epoch': 0.1}
{'loss': 0.0, 'grad_norm': 3.1622776985168457, 'learning_rate': 0.0, 'epoch': 0.1}
{'loss': 0.0, 'grad_norm': 3.1622776985168457, 'learning_rate': 0.0, 'epoch': 0.1}
{'loss': 0.0, 'grad_norm': 3.1622776985168457, 'learning_rate': 0.0, 'epoch': 0.1}
{'loss': 0.0, 'grad_norm': 3.1622776985168457, 'learning_rate': 0.0, 'epoch': 0.1}
{'loss': 0.0, 'grad_norm': 3.1622776985168457, 'learning_rate': 0.0, 'epoch': 0.1}
{'loss': 0.0, 'grad_norm': 3.1622776985168457, 'learning_rate': 0.0, 'epoch': 0.1}
{'loss': 0.0, 'grad_norm': 3.1622776985168457, 'learning_rate': 0.0, 'epoch': 0.1}
{'loss': 0.0, 'grad_norm': 3.1622776985168457, 'learning_rate': 0.0, 'epoch': 0.1}
{'loss': 0.0, 'grad_norm': 3.1622776985168457, 'learning_rate': 0.0, 'epoch': 0.1}
{'loss': 0.0, 'grad_norm': 3.1622776985168457, 'learning_rate': 0.0, 'epoch': 0.1}
{'loss': 0.0, 'grad_norm': 3.1622776985168457, 'learning_rate': 0.0, 'epoch': 0.1}
{'loss': 0.0, 'grad_norm': 3.1622776985168457, 'learning_rate': 0.0, 'epoch': 0.1}
{'loss': 0.0, 'grad_norm': 3.1622776985168457, 'learning_rate': 0.0, 'epoch': 0.1}
{'loss': 0.0, 'grad_norm': 3.1622776985168457, 'learning_rate': 0.0, 'epoch': 0.1}
{'loss': 0.0, 'grad_norm': 3.1622776985168457, 'learning_rate': 0.0, 'epoch': 0.1}
{'loss': 0.0, 'grad_norm': 3.1622776985168457, 'learning_rate': 0.0, 'epoch': 0.1}
{'loss': 0.0, 'grad_norm': 3.1622776985168457, 'learning_rate': 0.0, 'epoch': 0.1}
{'loss': 0.0, 'grad_norm': 3.1622776985168457, 'learning_rate': 0.0, 'epoch': 0.1}
{'loss': 0.0, 'grad_norm': 3.1622776985168457, 'learning_rate': 0.0, 'epoch': 0.1}
{'loss': 0.0, 'grad_norm': 3.1622776985168457, 'learning_rate': 0.0, 'epoch': 0.1}
{'loss': 0.0, 'grad_norm': 3.1622776985168457, 'learning_rate': 0.0, 'epoch': 0.1}
{'loss': 0.0, 'grad_norm': 3.1622776985168457, 'learning_rate': 0.0, 'epoch': 0.1}
{'loss': 0.0, 'grad_norm': 3.1622776985168457, 'learning_rate': 0.0, 'epoch': 0.1}
{'loss': 0.0, 'grad_norm': 3.1622776985168457, 'learning_rate': 0.0, 'epoch': 0.1}
{'loss': 0.0, 'grad_norm': 3.1622776985168457, 'learning_rate': 0.0, 'epoch': 0.1}
{'loss': 0.0, 'grad_norm': 3.1622776985168457, 'learning_rate': 0.0, 'epoch': 0.1}
{'loss': 0.0, 'grad_norm': 3.1622776985168457, 'learning_rate': 0.0, 'epoch': 0.1}
{'loss': 0.0, 'grad_norm': 3.1622776985168457, 'learning_rate': 0.0, 'epoch': 0.1}
{'loss': 0.0, 'grad_norm': 3.1622776985168457, 'learning_rate': 0.0, 'epoch': 0.1}
{'loss': 0.0, 'grad_norm': 3.1622776985168457, 'learning_rate': 0.0, 'epoch': 0.1}
{'loss': 0.0, 'grad_norm': 3.1622776985168457, 'learning_rate': 0.0, 'epoch': 0.1}
{'loss': 0.0, 'grad_norm': 3.1622776985168457, 'learning_rate': 0.0, 'epoch': 0.1}
{'loss': 0.0, 'grad_norm': 3.1622776985168457, 'learning_rate': 0.0, 'epoch': 0.1}
{'loss': 0.0, 'grad_norm': 3.1622776985168457, 'learning_rate': 0.0, 'epoch': 0.1}
{'loss': 0.0, 'grad_norm': 3.1622776985168457, 'learning_rate': 0.0, 'epoch': 0.1}
{'loss': 0.0, 'grad_norm': 3.1622776985168457, 'learning_rate': 0.0, 'epoch': 0.1}
{'loss': 0.0, 'grad_norm': 3.1622776985168457, 'learning_rate': 0.0, 'epoch': 0.1}
{'loss': 0.0, 'grad_norm': 3.1622776985168457, 'learning_rate': 0.0, 'epoch': 0.1}
{'loss': 0.0, 'grad_norm': 3.1622776985168457, 'learning_rate': 0.0, 'epoch': 0.1}
{'loss': 0.0, 'grad_norm': 3.1622776985168457, 'learning_rate': 0.0, 'epoch': 0.1}
{'loss': 0.0, 'grad_norm': 3.1622776985168457, 'learning_rate': 0.0, 'epoch': 0.1}
WARNING: tokenization mismatch: 0 vs. 1354. (ignored)
{'loss': 0.0, 'grad_norm': 3.1622776985168457, 'learning_rate': 0.0, 'epoch': 0.1}
{'loss': 0.0, 'grad_norm': 3.1622776985168457, 'learning_rate': 0.0, 'epoch': 0.1}
{'loss': 0.0, 'grad_norm': 3.1622776985168457, 'learning_rate': 0.0, 'epoch': 0.1}
{'loss': 0.0, 'grad_norm': 3.1622776985168457, 'learning_rate': 0.0, 'epoch': 0.1}
{'loss': 0.0, 'grad_norm': 3.1622776985168457, 'learning_rate': 0.0, 'epoch': 0.1}
{'loss': 0.0, 'grad_norm': 3.1622776985168457, 'learning_rate': 0.0, 'epoch': 0.1}
{'loss': 0.0, 'grad_norm': 3.1622776985168457, 'learning_rate': 0.0, 'epoch': 0.11}
{'loss': 0.0, 'grad_norm': 3.1622776985168457, 'learning_rate': 0.0, 'epoch': 0.11}
{'loss': 0.0, 'grad_norm': 3.1622776985168457, 'learning_rate': 0.0, 'epoch': 0.11}
{'loss': 0.0, 'grad_norm': 3.1622776985168457, 'learning_rate': 0.0, 'epoch': 0.11}
{'loss': 0.0, 'grad_norm': 3.1622776985168457, 'learning_rate': 0.0, 'epoch': 0.11}
{'loss': 0.0, 'grad_norm': 3.1622776985168457, 'learning_rate': 0.0, 'epoch': 0.11}
{'loss': 0.0, 'grad_norm': 3.1622776985168457, 'learning_rate': 0.0, 'epoch': 0.11}
{'loss': 0.0, 'grad_norm': 3.1622776985168457, 'learning_rate': 0.0, 'epoch': 0.11}
{'loss': 0.0, 'grad_norm': 3.1622776985168457, 'learning_rate': 0.0, 'epoch': 0.11}
{'loss': 0.0, 'grad_norm': 3.1622776985168457, 'learning_rate': 0.0, 'epoch': 0.11}
{'loss': 0.0, 'grad_norm': 3.1622776985168457, 'learning_rate': 0.0, 'epoch': 0.11}
{'loss': 0.0, 'grad_norm': 3.1622776985168457, 'learning_rate': 0.0, 'epoch': 0.11}
{'loss': 0.0, 'grad_norm': 3.1622776985168457, 'learning_rate': 0.0, 'epoch': 0.11}
{'loss': 0.0, 'grad_norm': 3.1622776985168457, 'learning_rate': 0.0, 'epoch': 0.11}
{'loss': 0.0, 'grad_norm': 3.1622776985168457, 'learning_rate': 0.0, 'epoch': 0.11}
{'loss': 0.0, 'grad_norm': 3.1622776985168457, 'learning_rate': 0.0, 'epoch': 0.11}
{'loss': 0.0, 'grad_norm': 3.1622776985168457, 'learning_rate': 0.0, 'epoch': 0.11}
{'loss': 0.0, 'grad_norm': 3.1622776985168457, 'learning_rate': 0.0, 'epoch': 0.11}
{'loss': 0.0, 'grad_norm': 3.1622776985168457, 'learning_rate': 0.0, 'epoch': 0.11}
{'loss': 0.0, 'grad_norm': 3.1622776985168457, 'learning_rate': 0.0, 'epoch': 0.11}
{'loss': 0.0, 'grad_norm': 3.1622776985168457, 'learning_rate': 0.0, 'epoch': 0.11}
{'loss': 0.0, 'grad_norm': 3.1622776985168457, 'learning_rate': 0.0, 'epoch': 0.11}
{'loss': 0.0, 'grad_norm': 3.1622776985168457, 'learning_rate': 0.0, 'epoch': 0.11}
{'loss': 0.0, 'grad_norm': 3.1622776985168457, 'learning_rate': 0.0, 'epoch': 0.11}
{'loss': 0.0, 'grad_norm': 3.1622776985168457, 'learning_rate': 0.0, 'epoch': 0.11}
{'loss': 0.0, 'grad_norm': 3.1622776985168457, 'learning_rate': 0.0, 'epoch': 0.11}
{'loss': 0.0, 'grad_norm': 3.1622776985168457, 'learning_rate': 0.0, 'epoch': 0.11}
{'loss': 0.0, 'grad_norm': 3.1622776985168457, 'learning_rate': 0.0, 'epoch': 0.11}
{'loss': 0.0, 'grad_norm': 3.1622776985168457, 'learning_rate': 0.0, 'epoch': 0.11}
{'loss': 0.0, 'grad_norm': 3.1622776985168457, 'learning_rate': 0.0, 'epoch': 0.11}
{'loss': 0.0, 'grad_norm': 3.1622776985168457, 'learning_rate': 0.0, 'epoch': 0.11}
{'loss': 0.0, 'grad_norm': 3.1622776985168457, 'learning_rate': 0.0, 'epoch': 0.11}
{'loss': 0.0, 'grad_norm': 3.1622776985168457, 'learning_rate': 0.0, 'epoch': 0.11}
{'loss': 0.0, 'grad_norm': 3.1622776985168457, 'learning_rate': 0.0, 'epoch': 0.11}
{'loss': 0.0, 'grad_norm': 3.1622776985168457, 'learning_rate': 0.0, 'epoch': 0.11}
{'loss': 0.0, 'grad_norm': 3.1622776985168457, 'learning_rate': 0.0, 'epoch': 0.11}
{'loss': 0.0, 'grad_norm': 3.1622776985168457, 'learning_rate': 0.0, 'epoch': 0.11}
{'loss': 0.0, 'grad_norm': 3.1622776985168457, 'learning_rate': 0.0, 'epoch': 0.11}
{'loss': 0.0, 'grad_norm': 3.1622776985168457, 'learning_rate': 0.0, 'epoch': 0.11}
{'loss': 0.0, 'grad_norm': 3.1622776985168457, 'learning_rate': 0.0, 'epoch': 0.11}
{'loss': 0.0, 'grad_norm': 3.1622776985168457, 'learning_rate': 0.0, 'epoch': 0.11}
{'loss': 0.0, 'grad_norm': 3.1622776985168457, 'learning_rate': 0.0, 'epoch': 0.11}
{'loss': 0.0, 'grad_norm': 3.1622776985168457, 'learning_rate': 0.0, 'epoch': 0.11}
{'loss': 0.0, 'grad_norm': 3.1622776985168457, 'learning_rate': 0.0, 'epoch': 0.11}
{'loss': 0.0, 'grad_norm': 3.1622776985168457, 'learning_rate': 0.0, 'epoch': 0.11}
{'loss': 0.0, 'grad_norm': 3.1622776985168457, 'learning_rate': 0.0, 'epoch': 0.11}
{'loss': 0.0, 'grad_norm': 3.1622776985168457, 'learning_rate': 0.0, 'epoch': 0.11}
{'loss': 0.0, 'grad_norm': 3.1622776985168457, 'learning_rate': 0.0, 'epoch': 0.11}
{'loss': 0.0, 'grad_norm': 3.1622776985168457, 'learning_rate': 0.0, 'epoch': 0.11}
{'loss': 0.0, 'grad_norm': 3.1622776985168457, 'learning_rate': 0.0, 'epoch': 0.11}
{'loss': 0.0, 'grad_norm': 3.1622776985168457, 'learning_rate': 0.0, 'epoch': 0.11}
{'loss': 0.0, 'grad_norm': 3.1622776985168457, 'learning_rate': 0.0, 'epoch': 0.11}
{'loss': 0.0, 'grad_norm': 3.1622776985168457, 'learning_rate': 0.0, 'epoch': 0.12}
{'loss': 0.0, 'grad_norm': 3.1622776985168457, 'learning_rate': 0.0, 'epoch': 0.12}
{'loss': 0.0, 'grad_norm': 3.1622776985168457, 'learning_rate': 0.0, 'epoch': 0.12}
{'loss': 0.0, 'grad_norm': 3.1622776985168457, 'learning_rate': 0.0, 'epoch': 0.12}
{'loss': 0.0, 'grad_norm': 3.1622776985168457, 'learning_rate': 0.0, 'epoch': 0.12}
{'loss': 0.0, 'grad_norm': 3.1622776985168457, 'learning_rate': 0.0, 'epoch': 0.12}
{'loss': 0.0, 'grad_norm': 3.1622776985168457, 'learning_rate': 0.0, 'epoch': 0.12}
{'loss': 0.0, 'grad_norm': 3.1622776985168457, 'learning_rate': 0.0, 'epoch': 0.12}
{'loss': 0.0, 'grad_norm': 3.1622776985168457, 'learning_rate': 0.0, 'epoch': 0.12}
{'loss': 0.0, 'grad_norm': 3.1622776985168457, 'learning_rate': 0.0, 'epoch': 0.12}
{'loss': 0.0, 'grad_norm': 3.1622776985168457, 'learning_rate': 0.0, 'epoch': 0.12}
{'loss': 0.0, 'grad_norm': 3.1622776985168457, 'learning_rate': 0.0, 'epoch': 0.12}
{'loss': 0.0, 'grad_norm': 3.1622776985168457, 'learning_rate': 0.0, 'epoch': 0.12}
{'loss': 0.0, 'grad_norm': 3.1622776985168457, 'learning_rate': 0.0, 'epoch': 0.12}
{'loss': 0.0, 'grad_norm': 3.1622776985168457, 'learning_rate': 0.0, 'epoch': 0.12}
{'loss': 0.0, 'grad_norm': 3.1622776985168457, 'learning_rate': 0.0, 'epoch': 0.12}
{'loss': 0.0, 'grad_norm': 3.1622776985168457, 'learning_rate': 0.0, 'epoch': 0.12}
{'loss': 0.0, 'grad_norm': 3.1622776985168457, 'learning_rate': 0.0, 'epoch': 0.12}
{'loss': 0.0, 'grad_norm': 3.1622776985168457, 'learning_rate': 0.0, 'epoch': 0.12}
{'loss': 0.0, 'grad_norm': 3.1622776985168457, 'learning_rate': 0.0, 'epoch': 0.12}
{'loss': 0.0, 'grad_norm': 3.1622776985168457, 'learning_rate': 0.0, 'epoch': 0.12}
{'loss': 0.0, 'grad_norm': 3.1622776985168457, 'learning_rate': 0.0, 'epoch': 0.12}
{'loss': 0.0, 'grad_norm': 3.1622776985168457, 'learning_rate': 0.0, 'epoch': 0.12}
{'loss': 0.0, 'grad_norm': 3.1622776985168457, 'learning_rate': 0.0, 'epoch': 0.12}
{'loss': 0.0, 'grad_norm': 3.1622776985168457, 'learning_rate': 0.0, 'epoch': 0.12}
{'loss': 0.0, 'grad_norm': 3.1622776985168457, 'learning_rate': 0.0, 'epoch': 0.12}
{'loss': 0.0, 'grad_norm': 3.1622776985168457, 'learning_rate': 0.0, 'epoch': 0.12}
{'loss': 0.0, 'grad_norm': 3.1622776985168457, 'learning_rate': 0.0, 'epoch': 0.12}
{'loss': 0.0, 'grad_norm': 3.1622776985168457, 'learning_rate': 0.0, 'epoch': 0.12}
{'loss': 0.0, 'grad_norm': 3.1622776985168457, 'learning_rate': 0.0, 'epoch': 0.12}
{'loss': 0.0, 'grad_norm': 3.1622776985168457, 'learning_rate': 0.0, 'epoch': 0.12}
{'loss': 0.0, 'grad_norm': 3.1622776985168457, 'learning_rate': 0.0, 'epoch': 0.12}
{'loss': 0.0, 'grad_norm': 3.1622776985168457, 'learning_rate': 0.0, 'epoch': 0.12}
{'loss': 0.0, 'grad_norm': 3.1622776985168457, 'learning_rate': 0.0, 'epoch': 0.12}
{'loss': 0.0, 'grad_norm': 3.1622776985168457, 'learning_rate': 0.0, 'epoch': 0.12}
{'loss': 0.0, 'grad_norm': 3.1622776985168457, 'learning_rate': 0.0, 'epoch': 0.12}
{'loss': 0.0, 'grad_norm': 3.1622776985168457, 'learning_rate': 0.0, 'epoch': 0.12}
{'loss': 0.0, 'grad_norm': 3.1622776985168457, 'learning_rate': 0.0, 'epoch': 0.12}
{'loss': 0.0, 'grad_norm': 3.1622776985168457, 'learning_rate': 0.0, 'epoch': 0.12}
{'loss': 0.0, 'grad_norm': 3.1622776985168457, 'learning_rate': 0.0, 'epoch': 0.12}
{'loss': 0.0, 'grad_norm': 3.1622776985168457, 'learning_rate': 0.0, 'epoch': 0.12}
{'loss': 0.0, 'grad_norm': 3.1622776985168457, 'learning_rate': 0.0, 'epoch': 0.12}
{'loss': 0.0, 'grad_norm': 3.1622776985168457, 'learning_rate': 0.0, 'epoch': 0.12}
{'loss': 0.0, 'grad_norm': 3.1622776985168457, 'learning_rate': 0.0, 'epoch': 0.12}
{'loss': 0.0, 'grad_norm': 3.1622776985168457, 'learning_rate': 0.0, 'epoch': 0.12}
{'loss': 0.0, 'grad_norm': 3.1622776985168457, 'learning_rate': 0.0, 'epoch': 0.12}
{'loss': 0.0, 'grad_norm': 3.1622776985168457, 'learning_rate': 0.0, 'epoch': 0.12}
{'loss': 0.0, 'grad_norm': 3.1622776985168457, 'learning_rate': 0.0, 'epoch': 0.12}
{'loss': 0.0, 'grad_norm': 3.1622776985168457, 'learning_rate': 0.0, 'epoch': 0.12}
{'loss': 0.0, 'grad_norm': 3.1622776985168457, 'learning_rate': 0.0, 'epoch': 0.12}
{'loss': 0.0, 'grad_norm': 3.1622776985168457, 'learning_rate': 0.0, 'epoch': 0.12}
{'loss': 0.0, 'grad_norm': 3.1622776985168457, 'learning_rate': 0.0, 'epoch': 0.12}
{'loss': 0.0, 'grad_norm': 3.1622776985168457, 'learning_rate': 0.0, 'epoch': 0.13}
{'loss': 0.0, 'grad_norm': 3.1622776985168457, 'learning_rate': 0.0, 'epoch': 0.13}
{'loss': 0.0, 'grad_norm': 3.1622776985168457, 'learning_rate': 0.0, 'epoch': 0.13}
{'loss': 0.0, 'grad_norm': 3.1622776985168457, 'learning_rate': 0.0, 'epoch': 0.13}
{'loss': 0.0, 'grad_norm': 3.1622776985168457, 'learning_rate': 0.0, 'epoch': 0.13}
{'loss': 0.0, 'grad_norm': 3.1622776985168457, 'learning_rate': 0.0, 'epoch': 0.13}
{'loss': 0.0, 'grad_norm': 3.1622776985168457, 'learning_rate': 0.0, 'epoch': 0.13}
{'loss': 0.0, 'grad_norm': 3.1622776985168457, 'learning_rate': 0.0, 'epoch': 0.13}
{'loss': 0.0, 'grad_norm': 3.1622776985168457, 'learning_rate': 0.0, 'epoch': 0.13}
{'loss': 0.0, 'grad_norm': 3.1622776985168457, 'learning_rate': 0.0, 'epoch': 0.13}
{'loss': 0.0, 'grad_norm': 3.1622776985168457, 'learning_rate': 0.0, 'epoch': 0.13}
{'loss': 0.0, 'grad_norm': 3.1622776985168457, 'learning_rate': 0.0, 'epoch': 0.13}
{'loss': 0.0, 'grad_norm': 3.1622776985168457, 'learning_rate': 0.0, 'epoch': 0.13}
{'loss': 0.0, 'grad_norm': 3.1622776985168457, 'learning_rate': 0.0, 'epoch': 0.13}
{'loss': 0.0, 'grad_norm': 3.1622776985168457, 'learning_rate': 0.0, 'epoch': 0.13}
{'loss': 0.0, 'grad_norm': 3.1622776985168457, 'learning_rate': 0.0, 'epoch': 0.13}
{'loss': 0.0, 'grad_norm': 3.1622776985168457, 'learning_rate': 0.0, 'epoch': 0.13}
{'loss': 0.0, 'grad_norm': 3.1622776985168457, 'learning_rate': 0.0, 'epoch': 0.13}
{'loss': 0.0, 'grad_norm': 3.1622776985168457, 'learning_rate': 0.0, 'epoch': 0.13}
{'loss': 0.0, 'grad_norm': 3.1622776985168457, 'learning_rate': 0.0, 'epoch': 0.13}
{'loss': 0.0, 'grad_norm': 3.1622776985168457, 'learning_rate': 0.0, 'epoch': 0.13}
{'loss': 0.0, 'grad_norm': 3.1622776985168457, 'learning_rate': 0.0, 'epoch': 0.13}
{'loss': 0.0, 'grad_norm': 3.1622776985168457, 'learning_rate': 0.0, 'epoch': 0.13}
{'loss': 0.0, 'grad_norm': 3.1622776985168457, 'learning_rate': 0.0, 'epoch': 0.13}
{'loss': 0.0, 'grad_norm': 3.1622776985168457, 'learning_rate': 0.0, 'epoch': 0.13}
{'loss': 0.0, 'grad_norm': 3.1622776985168457, 'learning_rate': 0.0, 'epoch': 0.13}
{'loss': 0.0, 'grad_norm': 3.1622776985168457, 'learning_rate': 0.0, 'epoch': 0.13}
{'loss': 0.0, 'grad_norm': 3.1622776985168457, 'learning_rate': 0.0, 'epoch': 0.13}
{'loss': 0.0, 'grad_norm': 3.1622776985168457, 'learning_rate': 0.0, 'epoch': 0.13}
{'loss': 0.0, 'grad_norm': 3.1622776985168457, 'learning_rate': 0.0, 'epoch': 0.13}
{'loss': 0.0, 'grad_norm': 3.1622776985168457, 'learning_rate': 0.0, 'epoch': 0.13}
{'loss': 0.0, 'grad_norm': 3.1622776985168457, 'learning_rate': 0.0, 'epoch': 0.13}
{'loss': 0.0, 'grad_norm': 3.1622776985168457, 'learning_rate': 0.0, 'epoch': 0.13}
{'loss': 0.0, 'grad_norm': 3.1622776985168457, 'learning_rate': 0.0, 'epoch': 0.13}
{'loss': 0.0, 'grad_norm': 3.1622776985168457, 'learning_rate': 0.0, 'epoch': 0.13}
{'loss': 0.0, 'grad_norm': 3.1622776985168457, 'learning_rate': 0.0, 'epoch': 0.13}
{'loss': 0.0, 'grad_norm': 3.1622776985168457, 'learning_rate': 0.0, 'epoch': 0.13}
{'loss': 0.0, 'grad_norm': 3.1622776985168457, 'learning_rate': 0.0, 'epoch': 0.13}
{'loss': 0.0, 'grad_norm': 3.1622776985168457, 'learning_rate': 0.0, 'epoch': 0.13}
{'loss': 0.0, 'grad_norm': 3.1622776985168457, 'learning_rate': 0.0, 'epoch': 0.13}
{'loss': 0.0, 'grad_norm': 3.1622776985168457, 'learning_rate': 0.0, 'epoch': 0.13}
{'loss': 0.0, 'grad_norm': 3.1622776985168457, 'learning_rate': 0.0, 'epoch': 0.13}
{'loss': 0.0, 'grad_norm': 3.1622776985168457, 'learning_rate': 0.0, 'epoch': 0.13}
{'loss': 0.0, 'grad_norm': 3.1622776985168457, 'learning_rate': 0.0, 'epoch': 0.13}
{'loss': 0.0, 'grad_norm': 3.1622776985168457, 'learning_rate': 0.0, 'epoch': 0.13}
{'loss': 0.0, 'grad_norm': 3.1622776985168457, 'learning_rate': 0.0, 'epoch': 0.13}
{'loss': 0.0, 'grad_norm': 3.1622776985168457, 'learning_rate': 0.0, 'epoch': 0.13}
{'loss': 0.0, 'grad_norm': 3.1622776985168457, 'learning_rate': 0.0, 'epoch': 0.13}
{'loss': 0.0, 'grad_norm': 3.1622776985168457, 'learning_rate': 0.0, 'epoch': 0.13}
{'loss': 0.0, 'grad_norm': 3.1622776985168457, 'learning_rate': 0.0, 'epoch': 0.13}
{'loss': 0.0, 'grad_norm': 3.1622776985168457, 'learning_rate': 0.0, 'epoch': 0.13}
{'loss': 0.0, 'grad_norm': 3.1622776985168457, 'learning_rate': 0.0, 'epoch': 0.13}
{'loss': 0.0, 'grad_norm': 3.1622776985168457, 'learning_rate': 0.0, 'epoch': 0.14}
{'loss': 0.0, 'grad_norm': 3.1622776985168457, 'learning_rate': 0.0, 'epoch': 0.14}
{'loss': 0.0, 'grad_norm': 3.1622776985168457, 'learning_rate': 0.0, 'epoch': 0.14}
{'loss': 0.0, 'grad_norm': 3.1622776985168457, 'learning_rate': 0.0, 'epoch': 0.14}
{'loss': 0.0, 'grad_norm': 3.1622776985168457, 'learning_rate': 0.0, 'epoch': 0.14}
{'loss': 0.0, 'grad_norm': 3.1622776985168457, 'learning_rate': 0.0, 'epoch': 0.14}
{'loss': 0.0, 'grad_norm': 3.1622776985168457, 'learning_rate': 0.0, 'epoch': 0.14}
{'loss': 0.0, 'grad_norm': 3.1622776985168457, 'learning_rate': 0.0, 'epoch': 0.14}
{'loss': 0.0, 'grad_norm': 3.1622776985168457, 'learning_rate': 0.0, 'epoch': 0.14}
{'loss': 0.0, 'grad_norm': 3.1622776985168457, 'learning_rate': 0.0, 'epoch': 0.14}
{'loss': 0.0, 'grad_norm': 3.1622776985168457, 'learning_rate': 0.0, 'epoch': 0.14}
Error with image file is truncated (46 bytes not processed)
{'loss': 0.0, 'grad_norm': 3.1622776985168457, 'learning_rate': 0.0, 'epoch': 0.14}
{'loss': 0.0, 'grad_norm': 3.1622776985168457, 'learning_rate': 0.0, 'epoch': 0.14}
{'loss': 0.0, 'grad_norm': 3.1622776985168457, 'learning_rate': 0.0, 'epoch': 0.14}
{'loss': 0.0, 'grad_norm': 3.1622776985168457, 'learning_rate': 0.0, 'epoch': 0.14}
{'loss': 0.0, 'grad_norm': 3.1622776985168457, 'learning_rate': 0.0, 'epoch': 0.14}
{'loss': 0.0, 'grad_norm': 3.1622776985168457, 'learning_rate': 0.0, 'epoch': 0.14}
{'loss': 0.0, 'grad_norm': 3.1622776985168457, 'learning_rate': 0.0, 'epoch': 0.14}
{'loss': 0.0, 'grad_norm': 3.1622776985168457, 'learning_rate': 0.0, 'epoch': 0.14}
{'loss': 0.0, 'grad_norm': 3.1622776985168457, 'learning_rate': 0.0, 'epoch': 0.14}
{'loss': 0.0, 'grad_norm': 3.1622776985168457, 'learning_rate': 0.0, 'epoch': 0.14}
{'loss': 0.0, 'grad_norm': 3.1622776985168457, 'learning_rate': 0.0, 'epoch': 0.14}
{'loss': 0.0, 'grad_norm': 3.1622776985168457, 'learning_rate': 0.0, 'epoch': 0.14}
{'loss': 0.0, 'grad_norm': 3.1622776985168457, 'learning_rate': 0.0, 'epoch': 0.14}
{'loss': 0.0, 'grad_norm': 3.1622776985168457, 'learning_rate': 0.0, 'epoch': 0.14}
{'loss': 0.0, 'grad_norm': 3.1622776985168457, 'learning_rate': 0.0, 'epoch': 0.14}
{'loss': 0.0, 'grad_norm': 3.1622776985168457, 'learning_rate': 0.0, 'epoch': 0.14}
{'loss': 0.0, 'grad_norm': 3.1622776985168457, 'learning_rate': 0.0, 'epoch': 0.14}
{'loss': 0.0, 'grad_norm': 3.1622776985168457, 'learning_rate': 0.0, 'epoch': 0.14}
{'loss': 0.0, 'grad_norm': 3.1622776985168457, 'learning_rate': 0.0, 'epoch': 0.14}
{'loss': 0.0, 'grad_norm': 3.1622776985168457, 'learning_rate': 0.0, 'epoch': 0.14}
{'loss': 0.0, 'grad_norm': 3.1622776985168457, 'learning_rate': 0.0, 'epoch': 0.14}
{'loss': 0.0, 'grad_norm': 3.1622776985168457, 'learning_rate': 0.0, 'epoch': 0.14}
{'loss': 0.0, 'grad_norm': 3.1622776985168457, 'learning_rate': 0.0, 'epoch': 0.14}
{'loss': 0.0, 'grad_norm': 3.1622776985168457, 'learning_rate': 0.0, 'epoch': 0.14}
{'loss': 0.0, 'grad_norm': 3.1622776985168457, 'learning_rate': 0.0, 'epoch': 0.14}
{'loss': 0.0, 'grad_norm': 3.1622776985168457, 'learning_rate': 0.0, 'epoch': 0.14}
{'loss': 0.0, 'grad_norm': 3.1622776985168457, 'learning_rate': 0.0, 'epoch': 0.14}
{'loss': 0.0, 'grad_norm': 3.1622776985168457, 'learning_rate': 0.0, 'epoch': 0.14}
{'loss': 0.0, 'grad_norm': 3.1622776985168457, 'learning_rate': 0.0, 'epoch': 0.14}
{'loss': 0.0, 'grad_norm': 3.1622776985168457, 'learning_rate': 0.0, 'epoch': 0.14}
{'loss': 0.0, 'grad_norm': 3.1622776985168457, 'learning_rate': 0.0, 'epoch': 0.14}
{'loss': 0.0, 'grad_norm': 3.1622776985168457, 'learning_rate': 0.0, 'epoch': 0.14}
{'loss': 0.0, 'grad_norm': 3.1622776985168457, 'learning_rate': 0.0, 'epoch': 0.14}
{'loss': 0.0, 'grad_norm': 3.1622776985168457, 'learning_rate': 0.0, 'epoch': 0.14}
{'loss': 0.0, 'grad_norm': 3.1622776985168457, 'learning_rate': 0.0, 'epoch': 0.14}
{'loss': 0.0, 'grad_norm': 3.1622776985168457, 'learning_rate': 0.0, 'epoch': 0.14}
{'loss': 0.0, 'grad_norm': 3.1622776985168457, 'learning_rate': 0.0, 'epoch': 0.14}
{'loss': 0.0, 'grad_norm': 3.1622776985168457, 'learning_rate': 0.0, 'epoch': 0.14}
{'loss': 0.0, 'grad_norm': 3.1622776985168457, 'learning_rate': 0.0, 'epoch': 0.14}
{'loss': 0.0, 'grad_norm': 3.1622776985168457, 'learning_rate': 0.0, 'epoch': 0.14}
{'loss': 0.0, 'grad_norm': 3.1622776985168457, 'learning_rate': 0.0, 'epoch': 0.14}
{'loss': 0.0, 'grad_norm': 3.1622776985168457, 'learning_rate': 0.0, 'epoch': 0.15}
{'loss': 0.0, 'grad_norm': 3.1622776985168457, 'learning_rate': 0.0, 'epoch': 0.15}
{'loss': 0.0, 'grad_norm': 3.1622776985168457, 'learning_rate': 0.0, 'epoch': 0.15}
{'loss': 0.0, 'grad_norm': 3.1622776985168457, 'learning_rate': 0.0, 'epoch': 0.15}
{'loss': 0.0, 'grad_norm': 3.1622776985168457, 'learning_rate': 0.0, 'epoch': 0.15}
{'loss': 0.0, 'grad_norm': 3.1622776985168457, 'learning_rate': 0.0, 'epoch': 0.15}
{'loss': 0.0, 'grad_norm': 3.1622776985168457, 'learning_rate': 0.0, 'epoch': 0.15}
{'loss': 0.0, 'grad_norm': 3.1622776985168457, 'learning_rate': 0.0, 'epoch': 0.15}
{'loss': 0.0, 'grad_norm': 3.1622776985168457, 'learning_rate': 0.0, 'epoch': 0.15}
{'loss': 0.0, 'grad_norm': 3.1622776985168457, 'learning_rate': 0.0, 'epoch': 0.15}
{'loss': 0.0, 'grad_norm': 3.1622776985168457, 'learning_rate': 0.0, 'epoch': 0.15}
{'loss': 0.0, 'grad_norm': 3.1622776985168457, 'learning_rate': 0.0, 'epoch': 0.15}
{'loss': 0.0, 'grad_norm': 3.1622776985168457, 'learning_rate': 0.0, 'epoch': 0.15}
{'loss': 0.0, 'grad_norm': 3.1622776985168457, 'learning_rate': 0.0, 'epoch': 0.15}
{'loss': 0.0, 'grad_norm': 3.1622776985168457, 'learning_rate': 0.0, 'epoch': 0.15}
{'loss': 0.0, 'grad_norm': 3.1622776985168457, 'learning_rate': 0.0, 'epoch': 0.15}
{'loss': 0.0, 'grad_norm': 3.1622776985168457, 'learning_rate': 0.0, 'epoch': 0.15}
{'loss': 0.0, 'grad_norm': 3.1622776985168457, 'learning_rate': 0.0, 'epoch': 0.15}
{'loss': 0.0, 'grad_norm': 3.1622776985168457, 'learning_rate': 0.0, 'epoch': 0.15}
{'loss': 0.0, 'grad_norm': 3.1622776985168457, 'learning_rate': 0.0, 'epoch': 0.15}
Error with image file is truncated (16 bytes not processed)
{'loss': 0.0, 'grad_norm': 3.1622776985168457, 'learning_rate': 0.0, 'epoch': 0.15}
{'loss': 0.0, 'grad_norm': 3.1622776985168457, 'learning_rate': 0.0, 'epoch': 0.15}
{'loss': 0.0, 'grad_norm': 3.1622776985168457, 'learning_rate': 0.0, 'epoch': 0.15}
{'loss': 0.0, 'grad_norm': 3.1622776985168457, 'learning_rate': 0.0, 'epoch': 0.15}
{'loss': 0.0, 'grad_norm': 3.1622776985168457, 'learning_rate': 0.0, 'epoch': 0.15}
{'loss': 0.0, 'grad_norm': 3.1622776985168457, 'learning_rate': 0.0, 'epoch': 0.15}
{'loss': 0.0, 'grad_norm': 3.1622776985168457, 'learning_rate': 0.0, 'epoch': 0.15}
{'loss': 0.0, 'grad_norm': 3.1622776985168457, 'learning_rate': 0.0, 'epoch': 0.15}
{'loss': 0.0, 'grad_norm': 3.1622776985168457, 'learning_rate': 0.0, 'epoch': 0.15}
{'loss': 0.0, 'grad_norm': 3.1622776985168457, 'learning_rate': 0.0, 'epoch': 0.15}
{'loss': 0.0, 'grad_norm': 3.1622776985168457, 'learning_rate': 0.0, 'epoch': 0.15}
{'loss': 0.0, 'grad_norm': 3.1622776985168457, 'learning_rate': 0.0, 'epoch': 0.15}
{'loss': 0.0, 'grad_norm': 3.1622776985168457, 'learning_rate': 0.0, 'epoch': 0.15}
{'loss': 0.0, 'grad_norm': 3.1622776985168457, 'learning_rate': 0.0, 'epoch': 0.15}
{'loss': 0.0, 'grad_norm': 3.1622776985168457, 'learning_rate': 0.0, 'epoch': 0.15}
{'loss': 0.0, 'grad_norm': 3.1622776985168457, 'learning_rate': 0.0, 'epoch': 0.15}
{'loss': 0.0, 'grad_norm': 3.1622776985168457, 'learning_rate': 0.0, 'epoch': 0.15}
{'loss': 0.0, 'grad_norm': 3.1622776985168457, 'learning_rate': 0.0, 'epoch': 0.15}
{'loss': 0.0, 'grad_norm': 3.1622776985168457, 'learning_rate': 0.0, 'epoch': 0.15}
{'loss': 0.0, 'grad_norm': 3.1622776985168457, 'learning_rate': 0.0, 'epoch': 0.15}
{'loss': 0.0, 'grad_norm': 3.1622776985168457, 'learning_rate': 0.0, 'epoch': 0.15}
{'loss': 0.0, 'grad_norm': 3.1622776985168457, 'learning_rate': 0.0, 'epoch': 0.15}
{'loss': 0.0, 'grad_norm': 3.1622776985168457, 'learning_rate': 0.0, 'epoch': 0.15}
{'loss': 0.0, 'grad_norm': 3.1622776985168457, 'learning_rate': 0.0, 'epoch': 0.15}
{'loss': 0.0, 'grad_norm': 3.1622776985168457, 'learning_rate': 0.0, 'epoch': 0.15}
{'loss': 0.0, 'grad_norm': 3.1622776985168457, 'learning_rate': 0.0, 'epoch': 0.15}
{'loss': 0.0, 'grad_norm': 3.1622776985168457, 'learning_rate': 0.0, 'epoch': 0.15}
{'loss': 0.0, 'grad_norm': 3.1622776985168457, 'learning_rate': 0.0, 'epoch': 0.15}
{'loss': 0.0, 'grad_norm': 3.1622776985168457, 'learning_rate': 0.0, 'epoch': 0.15}
{'loss': 0.0, 'grad_norm': 3.1622776985168457, 'learning_rate': 0.0, 'epoch': 0.15}
{'loss': 0.0, 'grad_norm': 3.1622776985168457, 'learning_rate': 0.0, 'epoch': 0.15}
{'loss': 0.0, 'grad_norm': 3.1622776985168457, 'learning_rate': 0.0, 'epoch': 0.15}
{'loss': 0.0, 'grad_norm': 3.1622776985168457, 'learning_rate': 0.0, 'epoch': 0.16}
{'loss': 0.0, 'grad_norm': 3.1622776985168457, 'learning_rate': 0.0, 'epoch': 0.16}
{'loss': 0.0, 'grad_norm': 3.1622776985168457, 'learning_rate': 0.0, 'epoch': 0.16}
{'loss': 0.0, 'grad_norm': 3.1622776985168457, 'learning_rate': 0.0, 'epoch': 0.16}
{'loss': 0.0, 'grad_norm': 3.1622776985168457, 'learning_rate': 0.0, 'epoch': 0.16}
{'loss': 0.0, 'grad_norm': 3.1622776985168457, 'learning_rate': 0.0, 'epoch': 0.16}
{'loss': 0.0, 'grad_norm': 3.1622776985168457, 'learning_rate': 0.0, 'epoch': 0.16}
{'loss': 0.0, 'grad_norm': 3.1622776985168457, 'learning_rate': 0.0, 'epoch': 0.16}
{'loss': 0.0, 'grad_norm': 3.1622776985168457, 'learning_rate': 0.0, 'epoch': 0.16}
{'loss': 0.0, 'grad_norm': 3.1622776985168457, 'learning_rate': 0.0, 'epoch': 0.16}
{'loss': 0.0, 'grad_norm': 3.1622776985168457, 'learning_rate': 0.0, 'epoch': 0.16}
{'loss': 0.0, 'grad_norm': 3.1622776985168457, 'learning_rate': 0.0, 'epoch': 0.16}
{'loss': 0.0, 'grad_norm': 3.1622776985168457, 'learning_rate': 0.0, 'epoch': 0.16}
{'loss': 0.0, 'grad_norm': 3.1622776985168457, 'learning_rate': 0.0, 'epoch': 0.16}
{'loss': 0.0, 'grad_norm': 3.1622776985168457, 'learning_rate': 0.0, 'epoch': 0.16}
{'loss': 0.0, 'grad_norm': 3.1622776985168457, 'learning_rate': 0.0, 'epoch': 0.16}
{'loss': 0.0, 'grad_norm': 3.1622776985168457, 'learning_rate': 0.0, 'epoch': 0.16}
{'loss': 0.0, 'grad_norm': 3.1622776985168457, 'learning_rate': 0.0, 'epoch': 0.16}
{'loss': 0.0, 'grad_norm': 3.1622776985168457, 'learning_rate': 0.0, 'epoch': 0.16}
{'loss': 0.0, 'grad_norm': 3.1622776985168457, 'learning_rate': 0.0, 'epoch': 0.16}
{'loss': 0.0, 'grad_norm': 3.1622776985168457, 'learning_rate': 0.0, 'epoch': 0.16}
{'loss': 0.0, 'grad_norm': 3.1622776985168457, 'learning_rate': 0.0, 'epoch': 0.16}
{'loss': 0.0, 'grad_norm': 3.1622776985168457, 'learning_rate': 0.0, 'epoch': 0.16}
{'loss': 0.0, 'grad_norm': 3.1622776985168457, 'learning_rate': 0.0, 'epoch': 0.16}
{'loss': 0.0, 'grad_norm': 3.1622776985168457, 'learning_rate': 0.0, 'epoch': 0.16}
{'loss': 0.0, 'grad_norm': 3.1622776985168457, 'learning_rate': 0.0, 'epoch': 0.16}
{'loss': 0.0, 'grad_norm': 3.1622776985168457, 'learning_rate': 0.0, 'epoch': 0.16}
{'loss': 0.0, 'grad_norm': 3.1622776985168457, 'learning_rate': 0.0, 'epoch': 0.16}
{'loss': 0.0, 'grad_norm': 3.1622776985168457, 'learning_rate': 0.0, 'epoch': 0.16}
{'loss': 0.0, 'grad_norm': 3.1622776985168457, 'learning_rate': 0.0, 'epoch': 0.16}
{'loss': 0.0, 'grad_norm': 3.1622776985168457, 'learning_rate': 0.0, 'epoch': 0.16}
{'loss': 0.0, 'grad_norm': 3.1622776985168457, 'learning_rate': 0.0, 'epoch': 0.16}
{'loss': 0.0, 'grad_norm': 3.1622776985168457, 'learning_rate': 0.0, 'epoch': 0.16}
{'loss': 0.0, 'grad_norm': 3.1622776985168457, 'learning_rate': 0.0, 'epoch': 0.16}
{'loss': 0.0, 'grad_norm': 3.1622776985168457, 'learning_rate': 0.0, 'epoch': 0.16}
{'loss': 0.0, 'grad_norm': 3.1622776985168457, 'learning_rate': 0.0, 'epoch': 0.16}
{'loss': 0.0, 'grad_norm': 3.1622776985168457, 'learning_rate': 0.0, 'epoch': 0.16}
{'loss': 0.0, 'grad_norm': 3.1622776985168457, 'learning_rate': 0.0, 'epoch': 0.16}
{'loss': 0.0, 'grad_norm': 3.1622776985168457, 'learning_rate': 0.0, 'epoch': 0.16}
{'loss': 0.0, 'grad_norm': 3.1622776985168457, 'learning_rate': 0.0, 'epoch': 0.16}
{'loss': 0.0, 'grad_norm': 3.1622776985168457, 'learning_rate': 0.0, 'epoch': 0.16}
{'loss': 0.0, 'grad_norm': 3.1622776985168457, 'learning_rate': 0.0, 'epoch': 0.16}
{'loss': 0.0, 'grad_norm': 3.1622776985168457, 'learning_rate': 0.0, 'epoch': 0.16}
{'loss': 0.0, 'grad_norm': 3.1622776985168457, 'learning_rate': 0.0, 'epoch': 0.16}
{'loss': 0.0, 'grad_norm': 3.1622776985168457, 'learning_rate': 0.0, 'epoch': 0.16}
{'loss': 0.0, 'grad_norm': 3.1622776985168457, 'learning_rate': 0.0, 'epoch': 0.16}
{'loss': 0.0, 'grad_norm': 3.1622776985168457, 'learning_rate': 0.0, 'epoch': 0.16}
{'loss': 0.0, 'grad_norm': 3.1622776985168457, 'learning_rate': 0.0, 'epoch': 0.16}
{'loss': 0.0, 'grad_norm': 3.1622776985168457, 'learning_rate': 0.0, 'epoch': 0.16}
{'loss': 0.0, 'grad_norm': 3.1622776985168457, 'learning_rate': 0.0, 'epoch': 0.16}
{'loss': 0.0, 'grad_norm': 3.1622776985168457, 'learning_rate': 0.0, 'epoch': 0.16}
{'loss': 0.0, 'grad_norm': 3.1622776985168457, 'learning_rate': 0.0, 'epoch': 0.16}
{'loss': 0.0, 'grad_norm': 3.1622776985168457, 'learning_rate': 0.0, 'epoch': 0.17}
{'loss': 0.0, 'grad_norm': 3.1622776985168457, 'learning_rate': 0.0, 'epoch': 0.17}
{'loss': 0.0, 'grad_norm': 3.1622776985168457, 'learning_rate': 0.0, 'epoch': 0.17}
{'loss': 0.0, 'grad_norm': 3.1622776985168457, 'learning_rate': 0.0, 'epoch': 0.17}
{'loss': 0.0, 'grad_norm': 3.1622776985168457, 'learning_rate': 0.0, 'epoch': 0.17}
{'loss': 0.0, 'grad_norm': 3.1622776985168457, 'learning_rate': 0.0, 'epoch': 0.17}
{'loss': 0.0, 'grad_norm': 3.1622776985168457, 'learning_rate': 0.0, 'epoch': 0.17}
{'loss': 0.0, 'grad_norm': 3.1622776985168457, 'learning_rate': 0.0, 'epoch': 0.17}
{'loss': 0.0, 'grad_norm': 3.1622776985168457, 'learning_rate': 0.0, 'epoch': 0.17}
{'loss': 0.0, 'grad_norm': 3.1622776985168457, 'learning_rate': 0.0, 'epoch': 0.17}
{'loss': 0.0, 'grad_norm': 3.1622776985168457, 'learning_rate': 0.0, 'epoch': 0.17}
{'loss': 0.0, 'grad_norm': 3.1622776985168457, 'learning_rate': 0.0, 'epoch': 0.17}
{'loss': 0.0, 'grad_norm': 3.1622776985168457, 'learning_rate': 0.0, 'epoch': 0.17}
{'loss': 0.0, 'grad_norm': 3.1622776985168457, 'learning_rate': 0.0, 'epoch': 0.17}
{'loss': 0.0, 'grad_norm': 3.1622776985168457, 'learning_rate': 0.0, 'epoch': 0.17}
{'loss': 0.0, 'grad_norm': 3.1622776985168457, 'learning_rate': 0.0, 'epoch': 0.17}
Error with image file is truncated (32 bytes not processed)
{'loss': 0.0, 'grad_norm': 3.1622776985168457, 'learning_rate': 0.0, 'epoch': 0.17}
{'loss': 0.0, 'grad_norm': 3.1622776985168457, 'learning_rate': 0.0, 'epoch': 0.17}
{'loss': 0.0, 'grad_norm': 3.1622776985168457, 'learning_rate': 0.0, 'epoch': 0.17}
{'loss': 0.0, 'grad_norm': 3.1622776985168457, 'learning_rate': 0.0, 'epoch': 0.17}
{'loss': 0.0, 'grad_norm': 3.1622776985168457, 'learning_rate': 0.0, 'epoch': 0.17}
{'loss': 0.0, 'grad_norm': 3.1622776985168457, 'learning_rate': 0.0, 'epoch': 0.17}
{'loss': 0.0, 'grad_norm': 3.1622776985168457, 'learning_rate': 0.0, 'epoch': 0.17}
{'loss': 0.0, 'grad_norm': 3.1622776985168457, 'learning_rate': 0.0, 'epoch': 0.17}
{'loss': 0.0, 'grad_norm': 3.1622776985168457, 'learning_rate': 0.0, 'epoch': 0.17}
{'loss': 0.0, 'grad_norm': 3.1622776985168457, 'learning_rate': 0.0, 'epoch': 0.17}
{'loss': 0.0, 'grad_norm': 3.1622776985168457, 'learning_rate': 0.0, 'epoch': 0.17}
{'loss': 0.0, 'grad_norm': 3.1622776985168457, 'learning_rate': 0.0, 'epoch': 0.17}
{'loss': 0.0, 'grad_norm': 3.1622776985168457, 'learning_rate': 0.0, 'epoch': 0.17}
{'loss': 0.0, 'grad_norm': 3.1622776985168457, 'learning_rate': 0.0, 'epoch': 0.17}
{'loss': 0.0, 'grad_norm': 3.1622776985168457, 'learning_rate': 0.0, 'epoch': 0.17}
{'loss': 0.0, 'grad_norm': 3.1622776985168457, 'learning_rate': 0.0, 'epoch': 0.17}
{'loss': 0.0, 'grad_norm': 3.1622776985168457, 'learning_rate': 0.0, 'epoch': 0.17}
{'loss': 0.0, 'grad_norm': 3.1622776985168457, 'learning_rate': 0.0, 'epoch': 0.17}
{'loss': 0.0, 'grad_norm': 3.1622776985168457, 'learning_rate': 0.0, 'epoch': 0.17}
{'loss': 0.0, 'grad_norm': 3.1622776985168457, 'learning_rate': 0.0, 'epoch': 0.17}
{'loss': 0.0, 'grad_norm': 3.1622776985168457, 'learning_rate': 0.0, 'epoch': 0.17}
{'loss': 0.0, 'grad_norm': 3.1622776985168457, 'learning_rate': 0.0, 'epoch': 0.17}
{'loss': 0.0, 'grad_norm': 3.1622776985168457, 'learning_rate': 0.0, 'epoch': 0.17}
{'loss': 0.0, 'grad_norm': 3.1622776985168457, 'learning_rate': 0.0, 'epoch': 0.17}
{'loss': 0.0, 'grad_norm': 3.1622776985168457, 'learning_rate': 0.0, 'epoch': 0.17}
{'loss': 0.0, 'grad_norm': 3.1622776985168457, 'learning_rate': 0.0, 'epoch': 0.17}
{'loss': 0.0, 'grad_norm': 3.1622776985168457, 'learning_rate': 0.0, 'epoch': 0.17}
{'loss': 0.0, 'grad_norm': 3.1622776985168457, 'learning_rate': 0.0, 'epoch': 0.17}
{'loss': 0.0, 'grad_norm': 3.1622776985168457, 'learning_rate': 0.0, 'epoch': 0.17}
{'loss': 0.0, 'grad_norm': 3.1622776985168457, 'learning_rate': 0.0, 'epoch': 0.17}
{'loss': 0.0, 'grad_norm': 3.1622776985168457, 'learning_rate': 0.0, 'epoch': 0.17}
{'loss': 0.0, 'grad_norm': 3.1622776985168457, 'learning_rate': 0.0, 'epoch': 0.17}
{'loss': 0.0, 'grad_norm': 3.1622776985168457, 'learning_rate': 0.0, 'epoch': 0.17}
{'loss': 0.0, 'grad_norm': 3.1622776985168457, 'learning_rate': 0.0, 'epoch': 0.17}
{'loss': 0.0, 'grad_norm': 3.1622776985168457, 'learning_rate': 0.0, 'epoch': 0.17}
{'loss': 0.0, 'grad_norm': 3.1622776985168457, 'learning_rate': 0.0, 'epoch': 0.17}
{'loss': 0.0, 'grad_norm': 3.1622776985168457, 'learning_rate': 0.0, 'epoch': 0.18}
{'loss': 0.0, 'grad_norm': 3.1622776985168457, 'learning_rate': 0.0, 'epoch': 0.18}
{'loss': 0.0, 'grad_norm': 3.1622776985168457, 'learning_rate': 0.0, 'epoch': 0.18}
{'loss': 0.0, 'grad_norm': 3.1622776985168457, 'learning_rate': 0.0, 'epoch': 0.18}
{'loss': 0.0, 'grad_norm': 3.1622776985168457, 'learning_rate': 0.0, 'epoch': 0.18}
{'loss': 0.0, 'grad_norm': 3.1622776985168457, 'learning_rate': 0.0, 'epoch': 0.18}
{'loss': 0.0, 'grad_norm': 3.1622776985168457, 'learning_rate': 0.0, 'epoch': 0.18}
{'loss': 0.0, 'grad_norm': 3.1622776985168457, 'learning_rate': 0.0, 'epoch': 0.18}
{'loss': 0.0, 'grad_norm': 3.1622776985168457, 'learning_rate': 0.0, 'epoch': 0.18}
{'loss': 0.0, 'grad_norm': 3.1622776985168457, 'learning_rate': 0.0, 'epoch': 0.18}
{'loss': 0.0, 'grad_norm': 3.1622776985168457, 'learning_rate': 0.0, 'epoch': 0.18}
{'loss': 0.0, 'grad_norm': 3.1622776985168457, 'learning_rate': 0.0, 'epoch': 0.18}
{'loss': 0.0, 'grad_norm': 3.1622776985168457, 'learning_rate': 0.0, 'epoch': 0.18}
{'loss': 0.0, 'grad_norm': 3.1622776985168457, 'learning_rate': 0.0, 'epoch': 0.18}
{'loss': 0.0, 'grad_norm': 3.1622776985168457, 'learning_rate': 0.0, 'epoch': 0.18}
{'loss': 0.0, 'grad_norm': 3.1622776985168457, 'learning_rate': 0.0, 'epoch': 0.18}
{'loss': 0.0, 'grad_norm': 3.1622776985168457, 'learning_rate': 0.0, 'epoch': 0.18}
{'loss': 0.0, 'grad_norm': 3.1622776985168457, 'learning_rate': 0.0, 'epoch': 0.18}
{'loss': 0.0, 'grad_norm': 3.1622776985168457, 'learning_rate': 0.0, 'epoch': 0.18}
{'loss': 0.0, 'grad_norm': 3.1622776985168457, 'learning_rate': 0.0, 'epoch': 0.18}
{'loss': 0.0, 'grad_norm': 3.1622776985168457, 'learning_rate': 0.0, 'epoch': 0.18}
{'loss': 0.0, 'grad_norm': 3.1622776985168457, 'learning_rate': 0.0, 'epoch': 0.18}
{'loss': 0.0, 'grad_norm': 3.1622776985168457, 'learning_rate': 0.0, 'epoch': 0.18}
{'loss': 0.0, 'grad_norm': 3.1622776985168457, 'learning_rate': 0.0, 'epoch': 0.18}
{'loss': 0.0, 'grad_norm': 3.1622776985168457, 'learning_rate': 0.0, 'epoch': 0.18}
{'loss': 0.0, 'grad_norm': 3.1622776985168457, 'learning_rate': 0.0, 'epoch': 0.18}
{'loss': 0.0, 'grad_norm': 3.1622776985168457, 'learning_rate': 0.0, 'epoch': 0.18}
{'loss': 0.0, 'grad_norm': 3.1622776985168457, 'learning_rate': 0.0, 'epoch': 0.18}
{'loss': 0.0, 'grad_norm': 3.1622776985168457, 'learning_rate': 0.0, 'epoch': 0.18}
{'loss': 0.0, 'grad_norm': 3.1622776985168457, 'learning_rate': 0.0, 'epoch': 0.18}
{'loss': 0.0, 'grad_norm': 3.1622776985168457, 'learning_rate': 0.0, 'epoch': 0.18}
{'loss': 0.0, 'grad_norm': 3.1622776985168457, 'learning_rate': 0.0, 'epoch': 0.18}
{'loss': 0.0, 'grad_norm': 3.1622776985168457, 'learning_rate': 0.0, 'epoch': 0.18}
{'loss': 0.0, 'grad_norm': 3.1622776985168457, 'learning_rate': 0.0, 'epoch': 0.18}
{'loss': 0.0, 'grad_norm': 3.1622776985168457, 'learning_rate': 0.0, 'epoch': 0.18}
{'loss': 0.0, 'grad_norm': 3.1622776985168457, 'learning_rate': 0.0, 'epoch': 0.18}
{'loss': 0.0, 'grad_norm': 3.1622776985168457, 'learning_rate': 0.0, 'epoch': 0.18}
{'loss': 0.0, 'grad_norm': 3.1622776985168457, 'learning_rate': 0.0, 'epoch': 0.18}
{'loss': 0.0, 'grad_norm': 3.1622776985168457, 'learning_rate': 0.0, 'epoch': 0.18}
{'loss': 0.0, 'grad_norm': 3.1622776985168457, 'learning_rate': 0.0, 'epoch': 0.18}
{'loss': 0.0, 'grad_norm': 3.1622776985168457, 'learning_rate': 0.0, 'epoch': 0.18}
{'loss': 0.0, 'grad_norm': 3.1622776985168457, 'learning_rate': 0.0, 'epoch': 0.18}
{'loss': 0.0, 'grad_norm': 3.1622776985168457, 'learning_rate': 0.0, 'epoch': 0.18}
{'loss': 0.0, 'grad_norm': 3.1622776985168457, 'learning_rate': 0.0, 'epoch': 0.18}
{'loss': 0.0, 'grad_norm': 3.1622776985168457, 'learning_rate': 0.0, 'epoch': 0.18}
{'loss': 0.0, 'grad_norm': 3.1622776985168457, 'learning_rate': 0.0, 'epoch': 0.18}
{'loss': 0.0, 'grad_norm': 3.1622776985168457, 'learning_rate': 0.0, 'epoch': 0.18}
{'loss': 0.0, 'grad_norm': 3.1622776985168457, 'learning_rate': 0.0, 'epoch': 0.18}
{'loss': 0.0, 'grad_norm': 3.1622776985168457, 'learning_rate': 0.0, 'epoch': 0.18}
{'loss': 0.0, 'grad_norm': 3.1622776985168457, 'learning_rate': 0.0, 'epoch': 0.18}
{'loss': 0.0, 'grad_norm': 3.1622776985168457, 'learning_rate': 0.0, 'epoch': 0.18}
{'loss': 0.0, 'grad_norm': 3.1622776985168457, 'learning_rate': 0.0, 'epoch': 0.18}
{'loss': 0.0, 'grad_norm': 3.1622776985168457, 'learning_rate': 0.0, 'epoch': 0.19}
{'loss': 0.0, 'grad_norm': 3.1622776985168457, 'learning_rate': 0.0, 'epoch': 0.19}
{'loss': 0.0, 'grad_norm': 3.1622776985168457, 'learning_rate': 0.0, 'epoch': 0.19}
{'loss': 0.0, 'grad_norm': 3.1622776985168457, 'learning_rate': 0.0, 'epoch': 0.19}
{'loss': 0.0, 'grad_norm': 3.1622776985168457, 'learning_rate': 0.0, 'epoch': 0.19}
{'loss': 0.0, 'grad_norm': 3.1622776985168457, 'learning_rate': 0.0, 'epoch': 0.19}
{'loss': 0.0, 'grad_norm': 3.1622776985168457, 'learning_rate': 0.0, 'epoch': 0.19}
{'loss': 0.0, 'grad_norm': 3.1622776985168457, 'learning_rate': 0.0, 'epoch': 0.19}
{'loss': 0.0, 'grad_norm': 3.1622776985168457, 'learning_rate': 0.0, 'epoch': 0.19}
{'loss': 0.0, 'grad_norm': 3.1622776985168457, 'learning_rate': 0.0, 'epoch': 0.19}
{'loss': 0.0, 'grad_norm': 3.1622776985168457, 'learning_rate': 0.0, 'epoch': 0.19}
{'loss': 0.0, 'grad_norm': 3.1622776985168457, 'learning_rate': 0.0, 'epoch': 0.19}
{'loss': 0.0, 'grad_norm': 3.1622776985168457, 'learning_rate': 0.0, 'epoch': 0.19}
{'loss': 0.0, 'grad_norm': 3.1622776985168457, 'learning_rate': 0.0, 'epoch': 0.19}
{'loss': 0.0, 'grad_norm': 3.1622776985168457, 'learning_rate': 0.0, 'epoch': 0.19}
{'loss': 0.0, 'grad_norm': 3.1622776985168457, 'learning_rate': 0.0, 'epoch': 0.19}
{'loss': 0.0, 'grad_norm': 3.1622776985168457, 'learning_rate': 0.0, 'epoch': 0.19}
{'loss': 0.0, 'grad_norm': 3.1622776985168457, 'learning_rate': 0.0, 'epoch': 0.19}
{'loss': 0.0, 'grad_norm': 3.1622776985168457, 'learning_rate': 0.0, 'epoch': 0.19}
{'loss': 0.0, 'grad_norm': 3.1622776985168457, 'learning_rate': 0.0, 'epoch': 0.19}
{'loss': 0.0, 'grad_norm': 3.1622776985168457, 'learning_rate': 0.0, 'epoch': 0.19}
{'loss': 0.0, 'grad_norm': 3.1622776985168457, 'learning_rate': 0.0, 'epoch': 0.19}
{'loss': 0.0, 'grad_norm': 3.1622776985168457, 'learning_rate': 0.0, 'epoch': 0.19}
{'loss': 0.0, 'grad_norm': 3.1622776985168457, 'learning_rate': 0.0, 'epoch': 0.19}
{'loss': 0.0, 'grad_norm': 3.1622776985168457, 'learning_rate': 0.0, 'epoch': 0.19}
{'loss': 0.0, 'grad_norm': 3.1622776985168457, 'learning_rate': 0.0, 'epoch': 0.19}
{'loss': 0.0, 'grad_norm': 3.1622776985168457, 'learning_rate': 0.0, 'epoch': 0.19}
{'loss': 0.0, 'grad_norm': 3.1622776985168457, 'learning_rate': 0.0, 'epoch': 0.19}
{'loss': 0.0, 'grad_norm': 3.1622776985168457, 'learning_rate': 0.0, 'epoch': 0.19}
{'loss': 0.0, 'grad_norm': 3.1622776985168457, 'learning_rate': 0.0, 'epoch': 0.19}
{'loss': 0.0, 'grad_norm': 3.1622776985168457, 'learning_rate': 0.0, 'epoch': 0.19}
{'loss': 0.0, 'grad_norm': 3.1622776985168457, 'learning_rate': 0.0, 'epoch': 0.19}
{'loss': 0.0, 'grad_norm': 3.1622776985168457, 'learning_rate': 0.0, 'epoch': 0.19}
{'loss': 0.0, 'grad_norm': 3.1622776985168457, 'learning_rate': 0.0, 'epoch': 0.19}
{'loss': 0.0, 'grad_norm': 3.1622776985168457, 'learning_rate': 0.0, 'epoch': 0.19}
{'loss': 0.0, 'grad_norm': 3.1622776985168457, 'learning_rate': 0.0, 'epoch': 0.19}
{'loss': 0.0, 'grad_norm': 3.1622776985168457, 'learning_rate': 0.0, 'epoch': 0.19}
{'loss': 0.0, 'grad_norm': 3.1622776985168457, 'learning_rate': 0.0, 'epoch': 0.19}
{'loss': 0.0, 'grad_norm': 3.1622776985168457, 'learning_rate': 0.0, 'epoch': 0.19}
{'loss': 0.0, 'grad_norm': 3.1622776985168457, 'learning_rate': 0.0, 'epoch': 0.19}
{'loss': 0.0, 'grad_norm': 3.1622776985168457, 'learning_rate': 0.0, 'epoch': 0.19}
{'loss': 0.0, 'grad_norm': 3.1622776985168457, 'learning_rate': 0.0, 'epoch': 0.19}
{'loss': 0.0, 'grad_norm': 3.1622776985168457, 'learning_rate': 0.0, 'epoch': 0.19}
{'loss': 0.0, 'grad_norm': 3.1622776985168457, 'learning_rate': 0.0, 'epoch': 0.19}
{'loss': 0.0, 'grad_norm': 3.1622776985168457, 'learning_rate': 0.0, 'epoch': 0.19}
{'loss': 0.0, 'grad_norm': 3.1622776985168457, 'learning_rate': 0.0, 'epoch': 0.19}
{'loss': 0.0, 'grad_norm': 3.1622776985168457, 'learning_rate': 0.0, 'epoch': 0.19}
{'loss': 0.0, 'grad_norm': 3.1622776985168457, 'learning_rate': 0.0, 'epoch': 0.19}
{'loss': 0.0, 'grad_norm': 3.1622776985168457, 'learning_rate': 0.0, 'epoch': 0.19}
{'loss': 0.0, 'grad_norm': 3.1622776985168457, 'learning_rate': 0.0, 'epoch': 0.19}
{'loss': 0.0, 'grad_norm': 3.1622776985168457, 'learning_rate': 0.0, 'epoch': 0.19}
{'loss': 0.0, 'grad_norm': 3.1622776985168457, 'learning_rate': 0.0, 'epoch': 0.19}
{'loss': 0.0, 'grad_norm': 3.1622776985168457, 'learning_rate': 0.0, 'epoch': 0.2}
{'loss': 0.0, 'grad_norm': 3.1622776985168457, 'learning_rate': 0.0, 'epoch': 0.2}
{'loss': 0.0, 'grad_norm': 3.1622776985168457, 'learning_rate': 0.0, 'epoch': 0.2}
{'loss': 0.0, 'grad_norm': 3.1622776985168457, 'learning_rate': 0.0, 'epoch': 0.2}
{'loss': 0.0, 'grad_norm': 3.1622776985168457, 'learning_rate': 0.0, 'epoch': 0.2}
{'loss': 0.0, 'grad_norm': 3.1622776985168457, 'learning_rate': 0.0, 'epoch': 0.2}
{'loss': 0.0, 'grad_norm': 3.1622776985168457, 'learning_rate': 0.0, 'epoch': 0.2}
{'loss': 0.0, 'grad_norm': 3.1622776985168457, 'learning_rate': 0.0, 'epoch': 0.2}
{'loss': 0.0, 'grad_norm': 3.1622776985168457, 'learning_rate': 0.0, 'epoch': 0.2}
{'loss': 0.0, 'grad_norm': 3.1622776985168457, 'learning_rate': 0.0, 'epoch': 0.2}
{'loss': 0.0, 'grad_norm': 3.1622776985168457, 'learning_rate': 0.0, 'epoch': 0.2}
{'loss': 0.0, 'grad_norm': 3.1622776985168457, 'learning_rate': 0.0, 'epoch': 0.2}
{'loss': 0.0, 'grad_norm': 3.1622776985168457, 'learning_rate': 0.0, 'epoch': 0.2}
{'loss': 0.0, 'grad_norm': 3.1622776985168457, 'learning_rate': 0.0, 'epoch': 0.2}
{'loss': 0.0, 'grad_norm': 3.1622776985168457, 'learning_rate': 0.0, 'epoch': 0.2}
{'loss': 0.0, 'grad_norm': 3.1622776985168457, 'learning_rate': 0.0, 'epoch': 0.2}
{'loss': 0.0, 'grad_norm': 3.1622776985168457, 'learning_rate': 0.0, 'epoch': 0.2}
{'loss': 0.0, 'grad_norm': 3.1622776985168457, 'learning_rate': 0.0, 'epoch': 0.2}
{'loss': 0.0, 'grad_norm': 3.1622776985168457, 'learning_rate': 0.0, 'epoch': 0.2}
{'loss': 0.0, 'grad_norm': 3.1622776985168457, 'learning_rate': 0.0, 'epoch': 0.2}
{'loss': 0.0, 'grad_norm': 3.1622776985168457, 'learning_rate': 0.0, 'epoch': 0.2}
{'loss': 0.0, 'grad_norm': 3.1622776985168457, 'learning_rate': 0.0, 'epoch': 0.2}
{'loss': 0.0, 'grad_norm': 3.1622776985168457, 'learning_rate': 0.0, 'epoch': 0.2}
{'loss': 0.0, 'grad_norm': 3.1622776985168457, 'learning_rate': 0.0, 'epoch': 0.2}
{'loss': 0.0, 'grad_norm': 3.1622776985168457, 'learning_rate': 0.0, 'epoch': 0.2}
{'loss': 0.0, 'grad_norm': 3.1622776985168457, 'learning_rate': 0.0, 'epoch': 0.2}
{'loss': 0.0, 'grad_norm': 3.1622776985168457, 'learning_rate': 0.0, 'epoch': 0.2}
{'loss': 0.0, 'grad_norm': 3.1622776985168457, 'learning_rate': 0.0, 'epoch': 0.2}
{'loss': 0.0, 'grad_norm': 3.1622776985168457, 'learning_rate': 0.0, 'epoch': 0.2}
{'loss': 0.0, 'grad_norm': 3.1622776985168457, 'learning_rate': 0.0, 'epoch': 0.2}
{'loss': 0.0, 'grad_norm': 3.1622776985168457, 'learning_rate': 0.0, 'epoch': 0.2}
{'loss': 0.0, 'grad_norm': 3.1622776985168457, 'learning_rate': 0.0, 'epoch': 0.2}
{'loss': 0.0, 'grad_norm': 3.1622776985168457, 'learning_rate': 0.0, 'epoch': 0.2}
{'loss': 0.0, 'grad_norm': 3.1622776985168457, 'learning_rate': 0.0, 'epoch': 0.2}
{'loss': 0.0, 'grad_norm': 3.1622776985168457, 'learning_rate': 0.0, 'epoch': 0.2}
{'loss': 0.0, 'grad_norm': 3.1622776985168457, 'learning_rate': 0.0, 'epoch': 0.2}
{'loss': 0.0, 'grad_norm': 3.1622776985168457, 'learning_rate': 0.0, 'epoch': 0.2}
{'loss': 0.0, 'grad_norm': 3.1622776985168457, 'learning_rate': 0.0, 'epoch': 0.2}
{'loss': 0.0, 'grad_norm': 3.1622776985168457, 'learning_rate': 0.0, 'epoch': 0.2}
{'loss': 0.0, 'grad_norm': 3.1622776985168457, 'learning_rate': 0.0, 'epoch': 0.2}
{'loss': 0.0, 'grad_norm': 3.1622776985168457, 'learning_rate': 0.0, 'epoch': 0.2}
{'loss': 0.0, 'grad_norm': 3.1622776985168457, 'learning_rate': 0.0, 'epoch': 0.2}
{'loss': 0.0, 'grad_norm': 3.1622776985168457, 'learning_rate': 0.0, 'epoch': 0.2}
{'loss': 0.0, 'grad_norm': 3.1622776985168457, 'learning_rate': 0.0, 'epoch': 0.2}
{'loss': 0.0, 'grad_norm': 3.1622776985168457, 'learning_rate': 0.0, 'epoch': 0.2}
{'loss': 0.0, 'grad_norm': 3.1622776985168457, 'learning_rate': 0.0, 'epoch': 0.2}
{'loss': 0.0, 'grad_norm': 3.1622776985168457, 'learning_rate': 0.0, 'epoch': 0.2}
{'loss': 0.0, 'grad_norm': 3.1622776985168457, 'learning_rate': 0.0, 'epoch': 0.2}
{'loss': 0.0, 'grad_norm': 3.1622776985168457, 'learning_rate': 0.0, 'epoch': 0.2}
{'loss': 0.0, 'grad_norm': 3.1622776985168457, 'learning_rate': 0.0, 'epoch': 0.2}
{'loss': 0.0, 'grad_norm': 3.1622776985168457, 'learning_rate': 0.0, 'epoch': 0.2}
{'loss': 0.0, 'grad_norm': 3.1622776985168457, 'learning_rate': 0.0, 'epoch': 0.2}
{'loss': 0.0, 'grad_norm': 3.1622776985168457, 'learning_rate': 0.0, 'epoch': 0.21}
{'loss': 0.0, 'grad_norm': 3.1622776985168457, 'learning_rate': 0.0, 'epoch': 0.21}
{'loss': 0.0, 'grad_norm': 3.1622776985168457, 'learning_rate': 0.0, 'epoch': 0.21}
{'loss': 0.0, 'grad_norm': 3.1622776985168457, 'learning_rate': 0.0, 'epoch': 0.21}
{'loss': 0.0, 'grad_norm': 3.1622776985168457, 'learning_rate': 0.0, 'epoch': 0.21}
{'loss': 0.0, 'grad_norm': 3.1622776985168457, 'learning_rate': 0.0, 'epoch': 0.21}
{'loss': 0.0, 'grad_norm': 3.1622776985168457, 'learning_rate': 0.0, 'epoch': 0.21}
{'loss': 0.0, 'grad_norm': 3.1622776985168457, 'learning_rate': 0.0, 'epoch': 0.21}
{'loss': 0.0, 'grad_norm': 3.1622776985168457, 'learning_rate': 0.0, 'epoch': 0.21}
{'loss': 0.0, 'grad_norm': 3.1622776985168457, 'learning_rate': 0.0, 'epoch': 0.21}
{'loss': 0.0, 'grad_norm': 3.1622776985168457, 'learning_rate': 0.0, 'epoch': 0.21}
{'loss': 0.0, 'grad_norm': 3.1622776985168457, 'learning_rate': 0.0, 'epoch': 0.21}
{'loss': 0.0, 'grad_norm': 3.1622776985168457, 'learning_rate': 0.0, 'epoch': 0.21}
{'loss': 0.0, 'grad_norm': 3.1622776985168457, 'learning_rate': 0.0, 'epoch': 0.21}
{'loss': 0.0, 'grad_norm': 3.1622776985168457, 'learning_rate': 0.0, 'epoch': 0.21}
{'loss': 0.0, 'grad_norm': 3.1622776985168457, 'learning_rate': 0.0, 'epoch': 0.21}
{'loss': 0.0, 'grad_norm': 3.1622776985168457, 'learning_rate': 0.0, 'epoch': 0.21}
{'loss': 0.0, 'grad_norm': 3.1622776985168457, 'learning_rate': 0.0, 'epoch': 0.21}
{'loss': 0.0, 'grad_norm': 3.1622776985168457, 'learning_rate': 0.0, 'epoch': 0.21}
{'loss': 0.0, 'grad_norm': 3.1622776985168457, 'learning_rate': 0.0, 'epoch': 0.21}
{'loss': 0.0, 'grad_norm': 3.1622776985168457, 'learning_rate': 0.0, 'epoch': 0.21}
{'loss': 0.0, 'grad_norm': 3.1622776985168457, 'learning_rate': 0.0, 'epoch': 0.21}
{'loss': 0.0, 'grad_norm': 3.1622776985168457, 'learning_rate': 0.0, 'epoch': 0.21}
{'loss': 0.0, 'grad_norm': 3.1622776985168457, 'learning_rate': 0.0, 'epoch': 0.21}
{'loss': 0.0, 'grad_norm': 3.1622776985168457, 'learning_rate': 0.0, 'epoch': 0.21}
{'loss': 0.0, 'grad_norm': 3.1622776985168457, 'learning_rate': 0.0, 'epoch': 0.21}
{'loss': 0.0, 'grad_norm': 3.1622776985168457, 'learning_rate': 0.0, 'epoch': 0.21}
{'loss': 0.0, 'grad_norm': 3.1622776985168457, 'learning_rate': 0.0, 'epoch': 0.21}
{'loss': 0.0, 'grad_norm': 3.1622776985168457, 'learning_rate': 0.0, 'epoch': 0.21}
{'loss': 0.0, 'grad_norm': 3.1622776985168457, 'learning_rate': 0.0, 'epoch': 0.21}
{'loss': 0.0, 'grad_norm': 3.1622776985168457, 'learning_rate': 0.0, 'epoch': 0.21}
{'loss': 0.0, 'grad_norm': 3.1622776985168457, 'learning_rate': 0.0, 'epoch': 0.21}
{'loss': 0.0, 'grad_norm': 3.1622776985168457, 'learning_rate': 0.0, 'epoch': 0.21}
{'loss': 0.0, 'grad_norm': 3.1622776985168457, 'learning_rate': 0.0, 'epoch': 0.21}
{'loss': 0.0, 'grad_norm': 3.1622776985168457, 'learning_rate': 0.0, 'epoch': 0.21}
{'loss': 0.0, 'grad_norm': 3.1622776985168457, 'learning_rate': 0.0, 'epoch': 0.21}
{'loss': 0.0, 'grad_norm': 3.1622776985168457, 'learning_rate': 0.0, 'epoch': 0.21}
{'loss': 0.0, 'grad_norm': 3.1622776985168457, 'learning_rate': 0.0, 'epoch': 0.21}
{'loss': 0.0, 'grad_norm': 3.1622776985168457, 'learning_rate': 0.0, 'epoch': 0.21}
{'loss': 0.0, 'grad_norm': 3.1622776985168457, 'learning_rate': 0.0, 'epoch': 0.21}
{'loss': 0.0, 'grad_norm': 3.1622776985168457, 'learning_rate': 0.0, 'epoch': 0.21}
{'loss': 0.0, 'grad_norm': 3.1622776985168457, 'learning_rate': 0.0, 'epoch': 0.21}
{'loss': 0.0, 'grad_norm': 3.1622776985168457, 'learning_rate': 0.0, 'epoch': 0.21}
{'loss': 0.0, 'grad_norm': 3.1622776985168457, 'learning_rate': 0.0, 'epoch': 0.21}
{'loss': 0.0, 'grad_norm': 3.1622776985168457, 'learning_rate': 0.0, 'epoch': 0.21}
{'loss': 0.0, 'grad_norm': 3.1622776985168457, 'learning_rate': 0.0, 'epoch': 0.21}
{'loss': 0.0, 'grad_norm': 3.1622776985168457, 'learning_rate': 0.0, 'epoch': 0.21}
{'loss': 0.0, 'grad_norm': 3.1622776985168457, 'learning_rate': 0.0, 'epoch': 0.21}
{'loss': 0.0, 'grad_norm': 3.1622776985168457, 'learning_rate': 0.0, 'epoch': 0.21}
{'loss': 0.0, 'grad_norm': 3.1622776985168457, 'learning_rate': 0.0, 'epoch': 0.21}
{'loss': 0.0, 'grad_norm': 3.1622776985168457, 'learning_rate': 0.0, 'epoch': 0.21}
{'loss': 0.0, 'grad_norm': 3.1622776985168457, 'learning_rate': 0.0, 'epoch': 0.21}
{'loss': 0.0, 'grad_norm': 3.1622776985168457, 'learning_rate': 0.0, 'epoch': 0.22}
{'loss': 0.0, 'grad_norm': 3.1622776985168457, 'learning_rate': 0.0, 'epoch': 0.22}
{'loss': 0.0, 'grad_norm': 3.1622776985168457, 'learning_rate': 0.0, 'epoch': 0.22}
{'loss': 0.0, 'grad_norm': 3.1622776985168457, 'learning_rate': 0.0, 'epoch': 0.22}
{'loss': 0.0, 'grad_norm': 3.1622776985168457, 'learning_rate': 0.0, 'epoch': 0.22}
{'loss': 0.0, 'grad_norm': 3.1622776985168457, 'learning_rate': 0.0, 'epoch': 0.22}
{'loss': 0.0, 'grad_norm': 3.1622776985168457, 'learning_rate': 0.0, 'epoch': 0.22}
{'loss': 0.0, 'grad_norm': 3.1622776985168457, 'learning_rate': 0.0, 'epoch': 0.22}
{'loss': 0.0, 'grad_norm': 3.1622776985168457, 'learning_rate': 0.0, 'epoch': 0.22}
{'loss': 0.0, 'grad_norm': 3.1622776985168457, 'learning_rate': 0.0, 'epoch': 0.22}
{'loss': 0.0, 'grad_norm': 3.1622776985168457, 'learning_rate': 0.0, 'epoch': 0.22}
{'loss': 0.0, 'grad_norm': 3.1622776985168457, 'learning_rate': 0.0, 'epoch': 0.22}
{'loss': 0.0, 'grad_norm': 3.1622776985168457, 'learning_rate': 0.0, 'epoch': 0.22}
{'loss': 0.0, 'grad_norm': 3.1622776985168457, 'learning_rate': 0.0, 'epoch': 0.22}
{'loss': 0.0, 'grad_norm': 3.1622776985168457, 'learning_rate': 0.0, 'epoch': 0.22}
{'loss': 0.0, 'grad_norm': 3.1622776985168457, 'learning_rate': 0.0, 'epoch': 0.22}
{'loss': 0.0, 'grad_norm': 3.1622776985168457, 'learning_rate': 0.0, 'epoch': 0.22}
{'loss': 0.0, 'grad_norm': 3.1622776985168457, 'learning_rate': 0.0, 'epoch': 0.22}
{'loss': 0.0, 'grad_norm': 3.1622776985168457, 'learning_rate': 0.0, 'epoch': 0.22}
{'loss': 0.0, 'grad_norm': 3.1622776985168457, 'learning_rate': 0.0, 'epoch': 0.22}
{'loss': 0.0, 'grad_norm': 3.1622776985168457, 'learning_rate': 0.0, 'epoch': 0.22}
{'loss': 0.0, 'grad_norm': 3.1622776985168457, 'learning_rate': 0.0, 'epoch': 0.22}
{'loss': 0.0, 'grad_norm': 3.1622776985168457, 'learning_rate': 0.0, 'epoch': 0.22}
{'loss': 0.0, 'grad_norm': 3.1622776985168457, 'learning_rate': 0.0, 'epoch': 0.22}
{'loss': 0.0, 'grad_norm': 3.1622776985168457, 'learning_rate': 0.0, 'epoch': 0.22}
{'loss': 0.0, 'grad_norm': 3.1622776985168457, 'learning_rate': 0.0, 'epoch': 0.22}
{'loss': 0.0, 'grad_norm': 3.1622776985168457, 'learning_rate': 0.0, 'epoch': 0.22}
{'loss': 0.0, 'grad_norm': 3.1622776985168457, 'learning_rate': 0.0, 'epoch': 0.22}
{'loss': 0.0, 'grad_norm': 3.1622776985168457, 'learning_rate': 0.0, 'epoch': 0.22}
{'loss': 0.0, 'grad_norm': 3.1622776985168457, 'learning_rate': 0.0, 'epoch': 0.22}
{'loss': 0.0, 'grad_norm': 3.1622776985168457, 'learning_rate': 0.0, 'epoch': 0.22}
{'loss': 0.0, 'grad_norm': 3.1622776985168457, 'learning_rate': 0.0, 'epoch': 0.22}
{'loss': 0.0, 'grad_norm': 3.1622776985168457, 'learning_rate': 0.0, 'epoch': 0.22}
{'loss': 0.0, 'grad_norm': 3.1622776985168457, 'learning_rate': 0.0, 'epoch': 0.22}
{'loss': 0.0, 'grad_norm': 3.1622776985168457, 'learning_rate': 0.0, 'epoch': 0.22}
{'loss': 0.0, 'grad_norm': 3.1622776985168457, 'learning_rate': 0.0, 'epoch': 0.22}
{'loss': 0.0, 'grad_norm': 3.1622776985168457, 'learning_rate': 0.0, 'epoch': 0.22}
{'loss': 0.0, 'grad_norm': 3.1622776985168457, 'learning_rate': 0.0, 'epoch': 0.22}
{'loss': 0.0, 'grad_norm': 3.1622776985168457, 'learning_rate': 0.0, 'epoch': 0.22}
{'loss': 0.0, 'grad_norm': 3.1622776985168457, 'learning_rate': 0.0, 'epoch': 0.22}
{'loss': 0.0, 'grad_norm': 3.1622776985168457, 'learning_rate': 0.0, 'epoch': 0.22}
{'loss': 0.0, 'grad_norm': 3.1622776985168457, 'learning_rate': 0.0, 'epoch': 0.22}
{'loss': 0.0, 'grad_norm': 3.1622776985168457, 'learning_rate': 0.0, 'epoch': 0.22}
{'loss': 0.0, 'grad_norm': 3.1622776985168457, 'learning_rate': 0.0, 'epoch': 0.22}
{'loss': 0.0, 'grad_norm': 3.1622776985168457, 'learning_rate': 0.0, 'epoch': 0.22}
{'loss': 0.0, 'grad_norm': 3.1622776985168457, 'learning_rate': 0.0, 'epoch': 0.22}
{'loss': 0.0, 'grad_norm': 3.1622776985168457, 'learning_rate': 0.0, 'epoch': 0.22}
{'loss': 0.0, 'grad_norm': 3.1622776985168457, 'learning_rate': 0.0, 'epoch': 0.22}
{'loss': 0.0, 'grad_norm': 3.1622776985168457, 'learning_rate': 0.0, 'epoch': 0.22}
{'loss': 0.0, 'grad_norm': 3.1622776985168457, 'learning_rate': 0.0, 'epoch': 0.22}
{'loss': 0.0, 'grad_norm': 3.1622776985168457, 'learning_rate': 0.0, 'epoch': 0.22}
{'loss': 0.0, 'grad_norm': 3.1622776985168457, 'learning_rate': 0.0, 'epoch': 0.22}
{'loss': 0.0, 'grad_norm': 3.1622776985168457, 'learning_rate': 0.0, 'epoch': 0.23}
{'loss': 0.0, 'grad_norm': 3.1622776985168457, 'learning_rate': 0.0, 'epoch': 0.23}
{'loss': 0.0, 'grad_norm': 3.1622776985168457, 'learning_rate': 0.0, 'epoch': 0.23}
{'loss': 0.0, 'grad_norm': 3.1622776985168457, 'learning_rate': 0.0, 'epoch': 0.23}
{'loss': 0.0, 'grad_norm': 3.1622776985168457, 'learning_rate': 0.0, 'epoch': 0.23}
{'loss': 0.0, 'grad_norm': 3.1622776985168457, 'learning_rate': 0.0, 'epoch': 0.23}
{'loss': 0.0, 'grad_norm': 3.1622776985168457, 'learning_rate': 0.0, 'epoch': 0.23}
{'loss': 0.0, 'grad_norm': 3.1622776985168457, 'learning_rate': 0.0, 'epoch': 0.23}
{'loss': 0.0, 'grad_norm': 3.1622776985168457, 'learning_rate': 0.0, 'epoch': 0.23}
{'loss': 0.0, 'grad_norm': 3.1622776985168457, 'learning_rate': 0.0, 'epoch': 0.23}
{'loss': 0.0, 'grad_norm': 3.1622776985168457, 'learning_rate': 0.0, 'epoch': 0.23}
{'loss': 0.0, 'grad_norm': 3.1622776985168457, 'learning_rate': 0.0, 'epoch': 0.23}
{'loss': 0.0, 'grad_norm': 3.1622776985168457, 'learning_rate': 0.0, 'epoch': 0.23}
{'loss': 0.0, 'grad_norm': 3.1622776985168457, 'learning_rate': 0.0, 'epoch': 0.23}
{'loss': 0.0, 'grad_norm': 3.1622776985168457, 'learning_rate': 0.0, 'epoch': 0.23}
Error with image file is truncated (74 bytes not processed)
{'loss': 0.0, 'grad_norm': 3.1622776985168457, 'learning_rate': 0.0, 'epoch': 0.23}
{'loss': 0.0, 'grad_norm': 3.1622776985168457, 'learning_rate': 0.0, 'epoch': 0.23}
{'loss': 0.0, 'grad_norm': 3.1622776985168457, 'learning_rate': 0.0, 'epoch': 0.23}
{'loss': 0.0, 'grad_norm': 3.1622776985168457, 'learning_rate': 0.0, 'epoch': 0.23}
{'loss': 0.0, 'grad_norm': 3.1622776985168457, 'learning_rate': 0.0, 'epoch': 0.23}
{'loss': 0.0, 'grad_norm': 3.1622776985168457, 'learning_rate': 0.0, 'epoch': 0.23}
{'loss': 0.0, 'grad_norm': 3.1622776985168457, 'learning_rate': 0.0, 'epoch': 0.23}
{'loss': 0.0, 'grad_norm': 3.1622776985168457, 'learning_rate': 0.0, 'epoch': 0.23}
{'loss': 0.0, 'grad_norm': 3.1622776985168457, 'learning_rate': 0.0, 'epoch': 0.23}
{'loss': 0.0, 'grad_norm': 3.1622776985168457, 'learning_rate': 0.0, 'epoch': 0.23}
{'loss': 0.0, 'grad_norm': 3.1622776985168457, 'learning_rate': 0.0, 'epoch': 0.23}
{'loss': 0.0, 'grad_norm': 3.1622776985168457, 'learning_rate': 0.0, 'epoch': 0.23}
{'loss': 0.0, 'grad_norm': 3.1622776985168457, 'learning_rate': 0.0, 'epoch': 0.23}
{'loss': 0.0, 'grad_norm': 3.1622776985168457, 'learning_rate': 0.0, 'epoch': 0.23}
{'loss': 0.0, 'grad_norm': 3.1622776985168457, 'learning_rate': 0.0, 'epoch': 0.23}
{'loss': 0.0, 'grad_norm': 3.1622776985168457, 'learning_rate': 0.0, 'epoch': 0.23}
{'loss': 0.0, 'grad_norm': 3.1622776985168457, 'learning_rate': 0.0, 'epoch': 0.23}
{'loss': 0.0, 'grad_norm': 3.1622776985168457, 'learning_rate': 0.0, 'epoch': 0.23}
{'loss': 0.0, 'grad_norm': 3.1622776985168457, 'learning_rate': 0.0, 'epoch': 0.23}
{'loss': 0.0, 'grad_norm': 3.1622776985168457, 'learning_rate': 0.0, 'epoch': 0.23}
{'loss': 0.0, 'grad_norm': 3.1622776985168457, 'learning_rate': 0.0, 'epoch': 0.23}
{'loss': 0.0, 'grad_norm': 3.1622776985168457, 'learning_rate': 0.0, 'epoch': 0.23}
{'loss': 0.0, 'grad_norm': 3.1622776985168457, 'learning_rate': 0.0, 'epoch': 0.23}
{'loss': 0.0, 'grad_norm': 3.1622776985168457, 'learning_rate': 0.0, 'epoch': 0.23}
{'loss': 0.0, 'grad_norm': 3.1622776985168457, 'learning_rate': 0.0, 'epoch': 0.23}
{'loss': 0.0, 'grad_norm': 3.1622776985168457, 'learning_rate': 0.0, 'epoch': 0.23}
{'loss': 0.0, 'grad_norm': 3.1622776985168457, 'learning_rate': 0.0, 'epoch': 0.23}
{'loss': 0.0, 'grad_norm': 3.1622776985168457, 'learning_rate': 0.0, 'epoch': 0.23}
{'loss': 0.0, 'grad_norm': 3.1622776985168457, 'learning_rate': 0.0, 'epoch': 0.23}
{'loss': 0.0, 'grad_norm': 3.1622776985168457, 'learning_rate': 0.0, 'epoch': 0.23}
{'loss': 0.0, 'grad_norm': 3.1622776985168457, 'learning_rate': 0.0, 'epoch': 0.23}
{'loss': 0.0, 'grad_norm': 3.1622776985168457, 'learning_rate': 0.0, 'epoch': 0.23}
{'loss': 0.0, 'grad_norm': 3.1622776985168457, 'learning_rate': 0.0, 'epoch': 0.23}
{'loss': 0.0, 'grad_norm': 3.1622776985168457, 'learning_rate': 0.0, 'epoch': 0.23}
{'loss': 0.0, 'grad_norm': 3.1622776985168457, 'learning_rate': 0.0, 'epoch': 0.23}
{'loss': 0.0, 'grad_norm': 3.1622776985168457, 'learning_rate': 0.0, 'epoch': 0.23}
{'loss': 0.0, 'grad_norm': 3.1622776985168457, 'learning_rate': 0.0, 'epoch': 0.23}
{'loss': 0.0, 'grad_norm': 3.1622776985168457, 'learning_rate': 0.0, 'epoch': 0.24}
{'loss': 0.0, 'grad_norm': 3.1622776985168457, 'learning_rate': 0.0, 'epoch': 0.24}
{'loss': 0.0, 'grad_norm': 3.1622776985168457, 'learning_rate': 0.0, 'epoch': 0.24}
{'loss': 0.0, 'grad_norm': 3.1622776985168457, 'learning_rate': 0.0, 'epoch': 0.24}
{'loss': 0.0, 'grad_norm': 3.1622776985168457, 'learning_rate': 0.0, 'epoch': 0.24}
{'loss': 0.0, 'grad_norm': 3.1622776985168457, 'learning_rate': 0.0, 'epoch': 0.24}
{'loss': 0.0, 'grad_norm': 3.1622776985168457, 'learning_rate': 0.0, 'epoch': 0.24}
{'loss': 0.0, 'grad_norm': 3.1622776985168457, 'learning_rate': 0.0, 'epoch': 0.24}
{'loss': 0.0, 'grad_norm': 3.1622776985168457, 'learning_rate': 0.0, 'epoch': 0.24}
{'loss': 0.0, 'grad_norm': 3.1622776985168457, 'learning_rate': 0.0, 'epoch': 0.24}
{'loss': 0.0, 'grad_norm': 3.1622776985168457, 'learning_rate': 0.0, 'epoch': 0.24}
{'loss': 0.0, 'grad_norm': 3.1622776985168457, 'learning_rate': 0.0, 'epoch': 0.24}
{'loss': 0.0, 'grad_norm': 3.1622776985168457, 'learning_rate': 0.0, 'epoch': 0.24}
{'loss': 0.0, 'grad_norm': 3.1622776985168457, 'learning_rate': 0.0, 'epoch': 0.24}
{'loss': 0.0, 'grad_norm': 3.1622776985168457, 'learning_rate': 0.0, 'epoch': 0.24}
{'loss': 0.0, 'grad_norm': 3.1622776985168457, 'learning_rate': 0.0, 'epoch': 0.24}
{'loss': 0.0, 'grad_norm': 3.1622776985168457, 'learning_rate': 0.0, 'epoch': 0.24}
{'loss': 0.0, 'grad_norm': 3.1622776985168457, 'learning_rate': 0.0, 'epoch': 0.24}
{'loss': 0.0, 'grad_norm': 3.1622776985168457, 'learning_rate': 0.0, 'epoch': 0.24}
{'loss': 0.0, 'grad_norm': 3.1622776985168457, 'learning_rate': 0.0, 'epoch': 0.24}
{'loss': 0.0, 'grad_norm': 3.1622776985168457, 'learning_rate': 0.0, 'epoch': 0.24}
{'loss': 0.0, 'grad_norm': 3.1622776985168457, 'learning_rate': 0.0, 'epoch': 0.24}
{'loss': 0.0, 'grad_norm': 3.1622776985168457, 'learning_rate': 0.0, 'epoch': 0.24}
{'loss': 0.0, 'grad_norm': 3.1622776985168457, 'learning_rate': 0.0, 'epoch': 0.24}
{'loss': 0.0, 'grad_norm': 3.1622776985168457, 'learning_rate': 0.0, 'epoch': 0.24}
{'loss': 0.0, 'grad_norm': 3.1622776985168457, 'learning_rate': 0.0, 'epoch': 0.24}
{'loss': 0.0, 'grad_norm': 3.1622776985168457, 'learning_rate': 0.0, 'epoch': 0.24}
{'loss': 0.0, 'grad_norm': 3.1622776985168457, 'learning_rate': 0.0, 'epoch': 0.24}
{'loss': 0.0, 'grad_norm': 3.1622776985168457, 'learning_rate': 0.0, 'epoch': 0.24}
{'loss': 0.0, 'grad_norm': 3.1622776985168457, 'learning_rate': 0.0, 'epoch': 0.24}
{'loss': 0.0, 'grad_norm': 3.1622776985168457, 'learning_rate': 0.0, 'epoch': 0.24}
{'loss': 0.0, 'grad_norm': 3.1622776985168457, 'learning_rate': 0.0, 'epoch': 0.24}
{'loss': 0.0, 'grad_norm': 3.1622776985168457, 'learning_rate': 0.0, 'epoch': 0.24}
{'loss': 0.0, 'grad_norm': 3.1622776985168457, 'learning_rate': 0.0, 'epoch': 0.24}
{'loss': 0.0, 'grad_norm': 3.1622776985168457, 'learning_rate': 0.0, 'epoch': 0.24}
{'loss': 0.0, 'grad_norm': 3.1622776985168457, 'learning_rate': 0.0, 'epoch': 0.24}
{'loss': 0.0, 'grad_norm': 3.1622776985168457, 'learning_rate': 0.0, 'epoch': 0.24}
{'loss': 0.0, 'grad_norm': 3.1622776985168457, 'learning_rate': 0.0, 'epoch': 0.24}
{'loss': 0.0, 'grad_norm': 3.1622776985168457, 'learning_rate': 0.0, 'epoch': 0.24}
{'loss': 0.0, 'grad_norm': 3.1622776985168457, 'learning_rate': 0.0, 'epoch': 0.24}
{'loss': 0.0, 'grad_norm': 3.1622776985168457, 'learning_rate': 0.0, 'epoch': 0.24}
{'loss': 0.0, 'grad_norm': 3.1622776985168457, 'learning_rate': 0.0, 'epoch': 0.24}
{'loss': 0.0, 'grad_norm': 3.1622776985168457, 'learning_rate': 0.0, 'epoch': 0.24}
{'loss': 0.0, 'grad_norm': 3.1622776985168457, 'learning_rate': 0.0, 'epoch': 0.24}
{'loss': 0.0, 'grad_norm': 3.1622776985168457, 'learning_rate': 0.0, 'epoch': 0.24}
{'loss': 0.0, 'grad_norm': 3.1622776985168457, 'learning_rate': 0.0, 'epoch': 0.24}
{'loss': 0.0, 'grad_norm': 3.1622776985168457, 'learning_rate': 0.0, 'epoch': 0.24}
{'loss': 0.0, 'grad_norm': 3.1622776985168457, 'learning_rate': 0.0, 'epoch': 0.24}
{'loss': 0.0, 'grad_norm': 3.1622776985168457, 'learning_rate': 0.0, 'epoch': 0.24}
{'loss': 0.0, 'grad_norm': 3.1622776985168457, 'learning_rate': 0.0, 'epoch': 0.24}
{'loss': 0.0, 'grad_norm': 3.1622776985168457, 'learning_rate': 0.0, 'epoch': 0.24}
{'loss': 0.0, 'grad_norm': 3.1622776985168457, 'learning_rate': 0.0, 'epoch': 0.24}
{'loss': 0.0, 'grad_norm': 3.1622776985168457, 'learning_rate': 0.0, 'epoch': 0.25}
{'loss': 0.0, 'grad_norm': 3.1622776985168457, 'learning_rate': 0.0, 'epoch': 0.25}
{'loss': 0.0, 'grad_norm': 3.1622776985168457, 'learning_rate': 0.0, 'epoch': 0.25}
{'loss': 0.0, 'grad_norm': 3.1622776985168457, 'learning_rate': 0.0, 'epoch': 0.25}
{'loss': 0.0, 'grad_norm': 3.1622776985168457, 'learning_rate': 0.0, 'epoch': 0.25}
{'loss': 0.0, 'grad_norm': 3.1622776985168457, 'learning_rate': 0.0, 'epoch': 0.25}
{'loss': 0.0, 'grad_norm': 3.1622776985168457, 'learning_rate': 0.0, 'epoch': 0.25}
{'loss': 0.0, 'grad_norm': 3.1622776985168457, 'learning_rate': 0.0, 'epoch': 0.25}
{'loss': 0.0, 'grad_norm': 3.1622776985168457, 'learning_rate': 0.0, 'epoch': 0.25}
{'loss': 0.0, 'grad_norm': 3.1622776985168457, 'learning_rate': 0.0, 'epoch': 0.25}
{'loss': 0.0, 'grad_norm': 3.1622776985168457, 'learning_rate': 0.0, 'epoch': 0.25}
{'loss': 0.0, 'grad_norm': 3.1622776985168457, 'learning_rate': 0.0, 'epoch': 0.25}
{'loss': 0.0, 'grad_norm': 3.1622776985168457, 'learning_rate': 0.0, 'epoch': 0.25}
{'loss': 0.0, 'grad_norm': 3.1622776985168457, 'learning_rate': 0.0, 'epoch': 0.25}
{'loss': 0.0, 'grad_norm': 3.1622776985168457, 'learning_rate': 0.0, 'epoch': 0.25}
{'loss': 0.0, 'grad_norm': 3.1622776985168457, 'learning_rate': 0.0, 'epoch': 0.25}
{'loss': 0.0, 'grad_norm': 3.1622776985168457, 'learning_rate': 0.0, 'epoch': 0.25}
{'loss': 0.0, 'grad_norm': 3.1622776985168457, 'learning_rate': 0.0, 'epoch': 0.25}
{'loss': 0.0, 'grad_norm': 3.1622776985168457, 'learning_rate': 0.0, 'epoch': 0.25}
{'loss': 0.0, 'grad_norm': 3.1622776985168457, 'learning_rate': 0.0, 'epoch': 0.25}
{'loss': 0.0, 'grad_norm': 3.1622776985168457, 'learning_rate': 0.0, 'epoch': 0.25}
{'loss': 0.0, 'grad_norm': 3.1622776985168457, 'learning_rate': 0.0, 'epoch': 0.25}
{'loss': 0.0, 'grad_norm': 3.1622776985168457, 'learning_rate': 0.0, 'epoch': 0.25}
{'loss': 0.0, 'grad_norm': 3.1622776985168457, 'learning_rate': 0.0, 'epoch': 0.25}
{'loss': 0.0, 'grad_norm': 3.1622776985168457, 'learning_rate': 0.0, 'epoch': 0.25}
{'loss': 0.0, 'grad_norm': 3.1622776985168457, 'learning_rate': 0.0, 'epoch': 0.25}
{'loss': 0.0, 'grad_norm': 3.1622776985168457, 'learning_rate': 0.0, 'epoch': 0.25}
{'loss': 0.0, 'grad_norm': 3.1622776985168457, 'learning_rate': 0.0, 'epoch': 0.25}
{'loss': 0.0, 'grad_norm': 3.1622776985168457, 'learning_rate': 0.0, 'epoch': 0.25}
{'loss': 0.0, 'grad_norm': 3.1622776985168457, 'learning_rate': 0.0, 'epoch': 0.25}
{'loss': 0.0, 'grad_norm': 3.1622776985168457, 'learning_rate': 0.0, 'epoch': 0.25}
{'loss': 0.0, 'grad_norm': 3.1622776985168457, 'learning_rate': 0.0, 'epoch': 0.25}
{'loss': 0.0, 'grad_norm': 3.1622776985168457, 'learning_rate': 0.0, 'epoch': 0.25}
{'loss': 0.0, 'grad_norm': 3.1622776985168457, 'learning_rate': 0.0, 'epoch': 0.25}
{'loss': 0.0, 'grad_norm': 3.1622776985168457, 'learning_rate': 0.0, 'epoch': 0.25}
{'loss': 0.0, 'grad_norm': 3.1622776985168457, 'learning_rate': 0.0, 'epoch': 0.25}
{'loss': 0.0, 'grad_norm': 3.1622776985168457, 'learning_rate': 0.0, 'epoch': 0.25}
{'loss': 0.0, 'grad_norm': 3.1622776985168457, 'learning_rate': 0.0, 'epoch': 0.25}
{'loss': 0.0, 'grad_norm': 3.1622776985168457, 'learning_rate': 0.0, 'epoch': 0.25}
{'loss': 0.0, 'grad_norm': 3.1622776985168457, 'learning_rate': 0.0, 'epoch': 0.25}
{'loss': 0.0, 'grad_norm': 3.1622776985168457, 'learning_rate': 0.0, 'epoch': 0.25}
{'loss': 0.0, 'grad_norm': 3.1622776985168457, 'learning_rate': 0.0, 'epoch': 0.25}
{'loss': 0.0, 'grad_norm': 3.1622776985168457, 'learning_rate': 0.0, 'epoch': 0.25}
{'loss': 0.0, 'grad_norm': 3.1622776985168457, 'learning_rate': 0.0, 'epoch': 0.25}
{'loss': 0.0, 'grad_norm': 3.1622776985168457, 'learning_rate': 0.0, 'epoch': 0.25}
{'loss': 0.0, 'grad_norm': 3.1622776985168457, 'learning_rate': 0.0, 'epoch': 0.25}
{'loss': 0.0, 'grad_norm': 3.1622776985168457, 'learning_rate': 0.0, 'epoch': 0.25}
{'loss': 0.0, 'grad_norm': 3.1622776985168457, 'learning_rate': 0.0, 'epoch': 0.25}
{'loss': 0.0, 'grad_norm': 3.1622776985168457, 'learning_rate': 0.0, 'epoch': 0.25}
{'loss': 0.0, 'grad_norm': 3.1622776985168457, 'learning_rate': 0.0, 'epoch': 0.25}
{'loss': 0.0, 'grad_norm': 3.1622776985168457, 'learning_rate': 0.0, 'epoch': 0.25}
{'loss': 0.0, 'grad_norm': 3.1622776985168457, 'learning_rate': 0.0, 'epoch': 0.25}
{'loss': 0.0, 'grad_norm': 3.1622776985168457, 'learning_rate': 0.0, 'epoch': 0.26}
{'loss': 0.0, 'grad_norm': 3.1622776985168457, 'learning_rate': 0.0, 'epoch': 0.26}
{'loss': 0.0, 'grad_norm': 3.1622776985168457, 'learning_rate': 0.0, 'epoch': 0.26}
{'loss': 0.0, 'grad_norm': 3.1622776985168457, 'learning_rate': 0.0, 'epoch': 0.26}
{'loss': 0.0, 'grad_norm': 3.1622776985168457, 'learning_rate': 0.0, 'epoch': 0.26}
{'loss': 0.0, 'grad_norm': 3.1622776985168457, 'learning_rate': 0.0, 'epoch': 0.26}
{'loss': 0.0, 'grad_norm': 3.1622776985168457, 'learning_rate': 0.0, 'epoch': 0.26}
{'loss': 0.0, 'grad_norm': 3.1622776985168457, 'learning_rate': 0.0, 'epoch': 0.26}
{'loss': 0.0, 'grad_norm': 3.1622776985168457, 'learning_rate': 0.0, 'epoch': 0.26}
{'loss': 0.0, 'grad_norm': 3.1622776985168457, 'learning_rate': 0.0, 'epoch': 0.26}
{'loss': 0.0, 'grad_norm': 3.1622776985168457, 'learning_rate': 0.0, 'epoch': 0.26}
{'loss': 0.0, 'grad_norm': 3.1622776985168457, 'learning_rate': 0.0, 'epoch': 0.26}
{'loss': 0.0, 'grad_norm': 3.1622776985168457, 'learning_rate': 0.0, 'epoch': 0.26}
{'loss': 0.0, 'grad_norm': 3.1622776985168457, 'learning_rate': 0.0, 'epoch': 0.26}
{'loss': 0.0, 'grad_norm': 3.1622776985168457, 'learning_rate': 0.0, 'epoch': 0.26}
{'loss': 0.0, 'grad_norm': 3.1622776985168457, 'learning_rate': 0.0, 'epoch': 0.26}
{'loss': 0.0, 'grad_norm': 3.1622776985168457, 'learning_rate': 0.0, 'epoch': 0.26}
{'loss': 0.0, 'grad_norm': 3.1622776985168457, 'learning_rate': 0.0, 'epoch': 0.26}
{'loss': 0.0, 'grad_norm': 3.1622776985168457, 'learning_rate': 0.0, 'epoch': 0.26}
{'loss': 0.0, 'grad_norm': 3.1622776985168457, 'learning_rate': 0.0, 'epoch': 0.26}
{'loss': 0.0, 'grad_norm': 3.1622776985168457, 'learning_rate': 0.0, 'epoch': 0.26}
{'loss': 0.0, 'grad_norm': 3.1622776985168457, 'learning_rate': 0.0, 'epoch': 0.26}
{'loss': 0.0, 'grad_norm': 3.1622776985168457, 'learning_rate': 0.0, 'epoch': 0.26}
{'loss': 0.0, 'grad_norm': 3.1622776985168457, 'learning_rate': 0.0, 'epoch': 0.26}
{'loss': 0.0, 'grad_norm': 3.1622776985168457, 'learning_rate': 0.0, 'epoch': 0.26}
{'loss': 0.0, 'grad_norm': 3.1622776985168457, 'learning_rate': 0.0, 'epoch': 0.26}
{'loss': 0.0, 'grad_norm': 3.1622776985168457, 'learning_rate': 0.0, 'epoch': 0.26}
{'loss': 0.0, 'grad_norm': 3.1622776985168457, 'learning_rate': 0.0, 'epoch': 0.26}
{'loss': 0.0, 'grad_norm': 3.1622776985168457, 'learning_rate': 0.0, 'epoch': 0.26}
{'loss': 0.0, 'grad_norm': 3.1622776985168457, 'learning_rate': 0.0, 'epoch': 0.26}
{'loss': 0.0, 'grad_norm': 3.1622776985168457, 'learning_rate': 0.0, 'epoch': 0.26}
{'loss': 0.0, 'grad_norm': 3.1622776985168457, 'learning_rate': 0.0, 'epoch': 0.26}
{'loss': 0.0, 'grad_norm': 3.1622776985168457, 'learning_rate': 0.0, 'epoch': 0.26}
{'loss': 0.0, 'grad_norm': 3.1622776985168457, 'learning_rate': 0.0, 'epoch': 0.26}
{'loss': 0.0, 'grad_norm': 3.1622776985168457, 'learning_rate': 0.0, 'epoch': 0.26}
{'loss': 0.0, 'grad_norm': 3.1622776985168457, 'learning_rate': 0.0, 'epoch': 0.26}
{'loss': 0.0, 'grad_norm': 3.1622776985168457, 'learning_rate': 0.0, 'epoch': 0.26}
{'loss': 0.0, 'grad_norm': 3.1622776985168457, 'learning_rate': 0.0, 'epoch': 0.26}
{'loss': 0.0, 'grad_norm': 3.1622776985168457, 'learning_rate': 0.0, 'epoch': 0.26}
{'loss': 0.0, 'grad_norm': 3.1622776985168457, 'learning_rate': 0.0, 'epoch': 0.26}
{'loss': 0.0, 'grad_norm': 3.1622776985168457, 'learning_rate': 0.0, 'epoch': 0.26}
{'loss': 0.0, 'grad_norm': 3.1622776985168457, 'learning_rate': 0.0, 'epoch': 0.26}
{'loss': 0.0, 'grad_norm': 3.1622776985168457, 'learning_rate': 0.0, 'epoch': 0.26}
{'loss': 0.0, 'grad_norm': 3.1622776985168457, 'learning_rate': 0.0, 'epoch': 0.26}
{'loss': 0.0, 'grad_norm': 3.1622776985168457, 'learning_rate': 0.0, 'epoch': 0.26}
{'loss': 0.0, 'grad_norm': 3.1622776985168457, 'learning_rate': 0.0, 'epoch': 0.26}
{'loss': 0.0, 'grad_norm': 3.1622776985168457, 'learning_rate': 0.0, 'epoch': 0.26}
{'loss': 0.0, 'grad_norm': 3.1622776985168457, 'learning_rate': 0.0, 'epoch': 0.26}
{'loss': 0.0, 'grad_norm': 3.1622776985168457, 'learning_rate': 0.0, 'epoch': 0.26}
{'loss': 0.0, 'grad_norm': 3.1622776985168457, 'learning_rate': 0.0, 'epoch': 0.26}
{'loss': 0.0, 'grad_norm': 3.1622776985168457, 'learning_rate': 0.0, 'epoch': 0.26}
{'loss': 0.0, 'grad_norm': 3.1622776985168457, 'learning_rate': 0.0, 'epoch': 0.26}
{'loss': 0.0, 'grad_norm': 3.1622776985168457, 'learning_rate': 0.0, 'epoch': 0.27}
{'loss': 0.0, 'grad_norm': 3.1622776985168457, 'learning_rate': 0.0, 'epoch': 0.27}
{'loss': 0.0, 'grad_norm': 3.1622776985168457, 'learning_rate': 0.0, 'epoch': 0.27}
{'loss': 0.0, 'grad_norm': 3.1622776985168457, 'learning_rate': 0.0, 'epoch': 0.27}
{'loss': 0.0, 'grad_norm': 3.1622776985168457, 'learning_rate': 0.0, 'epoch': 0.27}
{'loss': 0.0, 'grad_norm': 3.1622776985168457, 'learning_rate': 0.0, 'epoch': 0.27}
{'loss': 0.0, 'grad_norm': 3.1622776985168457, 'learning_rate': 0.0, 'epoch': 0.27}
{'loss': 0.0, 'grad_norm': 3.1622776985168457, 'learning_rate': 0.0, 'epoch': 0.27}
{'loss': 0.0, 'grad_norm': 3.1622776985168457, 'learning_rate': 0.0, 'epoch': 0.27}
{'loss': 0.0, 'grad_norm': 3.1622776985168457, 'learning_rate': 0.0, 'epoch': 0.27}
{'loss': 0.0, 'grad_norm': 3.1622776985168457, 'learning_rate': 0.0, 'epoch': 0.27}
Error with image file is truncated (67 bytes not processed)
{'loss': 0.0, 'grad_norm': 3.1622776985168457, 'learning_rate': 0.0, 'epoch': 0.27}
{'loss': 0.0, 'grad_norm': 3.1622776985168457, 'learning_rate': 0.0, 'epoch': 0.27}
{'loss': 0.0, 'grad_norm': 3.1622776985168457, 'learning_rate': 0.0, 'epoch': 0.27}
{'loss': 0.0, 'grad_norm': 3.1622776985168457, 'learning_rate': 0.0, 'epoch': 0.27}
{'loss': 0.0, 'grad_norm': 3.1622776985168457, 'learning_rate': 0.0, 'epoch': 0.27}
{'loss': 0.0, 'grad_norm': 3.1622776985168457, 'learning_rate': 0.0, 'epoch': 0.27}
{'loss': 0.0, 'grad_norm': 3.1622776985168457, 'learning_rate': 0.0, 'epoch': 0.27}
{'loss': 0.0, 'grad_norm': 3.1622776985168457, 'learning_rate': 0.0, 'epoch': 0.27}
{'loss': 0.0, 'grad_norm': 3.1622776985168457, 'learning_rate': 0.0, 'epoch': 0.27}
{'loss': 0.0, 'grad_norm': 3.1622776985168457, 'learning_rate': 0.0, 'epoch': 0.27}
{'loss': 0.0, 'grad_norm': 3.1622776985168457, 'learning_rate': 0.0, 'epoch': 0.27}
{'loss': 0.0, 'grad_norm': 3.1622776985168457, 'learning_rate': 0.0, 'epoch': 0.27}
{'loss': 0.0, 'grad_norm': 3.1622776985168457, 'learning_rate': 0.0, 'epoch': 0.27}
{'loss': 0.0, 'grad_norm': 3.1622776985168457, 'learning_rate': 0.0, 'epoch': 0.27}
{'loss': 0.0, 'grad_norm': 3.1622776985168457, 'learning_rate': 0.0, 'epoch': 0.27}
{'loss': 0.0, 'grad_norm': 3.1622776985168457, 'learning_rate': 0.0, 'epoch': 0.27}
{'loss': 0.0, 'grad_norm': 3.1622776985168457, 'learning_rate': 0.0, 'epoch': 0.27}
{'loss': 0.0, 'grad_norm': 3.1622776985168457, 'learning_rate': 0.0, 'epoch': 0.27}
{'loss': 0.0, 'grad_norm': 3.1622776985168457, 'learning_rate': 0.0, 'epoch': 0.27}
{'loss': 0.0, 'grad_norm': 3.1622776985168457, 'learning_rate': 0.0, 'epoch': 0.27}
{'loss': 0.0, 'grad_norm': 3.1622776985168457, 'learning_rate': 0.0, 'epoch': 0.27}
{'loss': 0.0, 'grad_norm': 3.1622776985168457, 'learning_rate': 0.0, 'epoch': 0.27}
{'loss': 0.0, 'grad_norm': 3.1622776985168457, 'learning_rate': 0.0, 'epoch': 0.27}
{'loss': 0.0, 'grad_norm': 3.1622776985168457, 'learning_rate': 0.0, 'epoch': 0.27}
{'loss': 0.0, 'grad_norm': 3.1622776985168457, 'learning_rate': 0.0, 'epoch': 0.27}
{'loss': 0.0, 'grad_norm': 3.1622776985168457, 'learning_rate': 0.0, 'epoch': 0.27}
{'loss': 0.0, 'grad_norm': 3.1622776985168457, 'learning_rate': 0.0, 'epoch': 0.27}
{'loss': 0.0, 'grad_norm': 3.1622776985168457, 'learning_rate': 0.0, 'epoch': 0.27}
{'loss': 0.0, 'grad_norm': 3.1622776985168457, 'learning_rate': 0.0, 'epoch': 0.27}
{'loss': 0.0, 'grad_norm': 3.1622776985168457, 'learning_rate': 0.0, 'epoch': 0.27}
{'loss': 0.0, 'grad_norm': 3.1622776985168457, 'learning_rate': 0.0, 'epoch': 0.27}
{'loss': 0.0, 'grad_norm': 3.1622776985168457, 'learning_rate': 0.0, 'epoch': 0.27}
{'loss': 0.0, 'grad_norm': 3.1622776985168457, 'learning_rate': 0.0, 'epoch': 0.27}
{'loss': 0.0, 'grad_norm': 3.1622776985168457, 'learning_rate': 0.0, 'epoch': 0.27}
{'loss': 0.0, 'grad_norm': 3.1622776985168457, 'learning_rate': 0.0, 'epoch': 0.27}
{'loss': 0.0, 'grad_norm': 3.1622776985168457, 'learning_rate': 0.0, 'epoch': 0.27}
{'loss': 0.0, 'grad_norm': 3.1622776985168457, 'learning_rate': 0.0, 'epoch': 0.27}
{'loss': 0.0, 'grad_norm': 3.1622776985168457, 'learning_rate': 0.0, 'epoch': 0.27}
{'loss': 0.0, 'grad_norm': 3.1622776985168457, 'learning_rate': 0.0, 'epoch': 0.27}
{'loss': 0.0, 'grad_norm': 3.1622776985168457, 'learning_rate': 0.0, 'epoch': 0.27}
{'loss': 0.0, 'grad_norm': 3.1622776985168457, 'learning_rate': 0.0, 'epoch': 0.27}
{'loss': 0.0, 'grad_norm': 3.1622776985168457, 'learning_rate': 0.0, 'epoch': 0.28}
{'loss': 0.0, 'grad_norm': 3.1622776985168457, 'learning_rate': 0.0, 'epoch': 0.28}
{'loss': 0.0, 'grad_norm': 3.1622776985168457, 'learning_rate': 0.0, 'epoch': 0.28}
{'loss': 0.0, 'grad_norm': 3.1622776985168457, 'learning_rate': 0.0, 'epoch': 0.28}
{'loss': 0.0, 'grad_norm': 3.1622776985168457, 'learning_rate': 0.0, 'epoch': 0.28}
{'loss': 0.0, 'grad_norm': 3.1622776985168457, 'learning_rate': 0.0, 'epoch': 0.28}
{'loss': 0.0, 'grad_norm': 3.1622776985168457, 'learning_rate': 0.0, 'epoch': 0.28}
{'loss': 0.0, 'grad_norm': 3.1622776985168457, 'learning_rate': 0.0, 'epoch': 0.28}
{'loss': 0.0, 'grad_norm': 3.1622776985168457, 'learning_rate': 0.0, 'epoch': 0.28}
{'loss': 0.0, 'grad_norm': 3.1622776985168457, 'learning_rate': 0.0, 'epoch': 0.28}
{'loss': 0.0, 'grad_norm': 3.1622776985168457, 'learning_rate': 0.0, 'epoch': 0.28}
{'loss': 0.0, 'grad_norm': 3.1622776985168457, 'learning_rate': 0.0, 'epoch': 0.28}
{'loss': 0.0, 'grad_norm': 3.1622776985168457, 'learning_rate': 0.0, 'epoch': 0.28}
{'loss': 0.0, 'grad_norm': 3.1622776985168457, 'learning_rate': 0.0, 'epoch': 0.28}
{'loss': 0.0, 'grad_norm': 3.1622776985168457, 'learning_rate': 0.0, 'epoch': 0.28}
{'loss': 0.0, 'grad_norm': 3.1622776985168457, 'learning_rate': 0.0, 'epoch': 0.28}
{'loss': 0.0, 'grad_norm': 3.1622776985168457, 'learning_rate': 0.0, 'epoch': 0.28}
{'loss': 0.0, 'grad_norm': 3.1622776985168457, 'learning_rate': 0.0, 'epoch': 0.28}
{'loss': 0.0, 'grad_norm': 3.1622776985168457, 'learning_rate': 0.0, 'epoch': 0.28}
{'loss': 0.0, 'grad_norm': 3.1622776985168457, 'learning_rate': 0.0, 'epoch': 0.28}
{'loss': 0.0, 'grad_norm': 3.1622776985168457, 'learning_rate': 0.0, 'epoch': 0.28}
{'loss': 0.0, 'grad_norm': 3.1622776985168457, 'learning_rate': 0.0, 'epoch': 0.28}
{'loss': 0.0, 'grad_norm': 3.1622776985168457, 'learning_rate': 0.0, 'epoch': 0.28}
{'loss': 0.0, 'grad_norm': 3.1622776985168457, 'learning_rate': 0.0, 'epoch': 0.28}
{'loss': 0.0, 'grad_norm': 3.1622776985168457, 'learning_rate': 0.0, 'epoch': 0.28}
{'loss': 0.0, 'grad_norm': 3.1622776985168457, 'learning_rate': 0.0, 'epoch': 0.28}
{'loss': 0.0, 'grad_norm': 3.1622776985168457, 'learning_rate': 0.0, 'epoch': 0.28}
{'loss': 0.0, 'grad_norm': 3.1622776985168457, 'learning_rate': 0.0, 'epoch': 0.28}
{'loss': 0.0, 'grad_norm': 3.1622776985168457, 'learning_rate': 0.0, 'epoch': 0.28}
{'loss': 0.0, 'grad_norm': 3.1622776985168457, 'learning_rate': 0.0, 'epoch': 0.28}
{'loss': 0.0, 'grad_norm': 3.1622776985168457, 'learning_rate': 0.0, 'epoch': 0.28}
{'loss': 0.0, 'grad_norm': 3.1622776985168457, 'learning_rate': 0.0, 'epoch': 0.28}
{'loss': 0.0, 'grad_norm': 3.1622776985168457, 'learning_rate': 0.0, 'epoch': 0.28}
{'loss': 0.0, 'grad_norm': 3.1622776985168457, 'learning_rate': 0.0, 'epoch': 0.28}
{'loss': 0.0, 'grad_norm': 3.1622776985168457, 'learning_rate': 0.0, 'epoch': 0.28}
{'loss': 0.0, 'grad_norm': 3.1622776985168457, 'learning_rate': 0.0, 'epoch': 0.28}
{'loss': 0.0, 'grad_norm': 3.1622776985168457, 'learning_rate': 0.0, 'epoch': 0.28}
{'loss': 0.0, 'grad_norm': 3.1622776985168457, 'learning_rate': 0.0, 'epoch': 0.28}
{'loss': 0.0, 'grad_norm': 3.1622776985168457, 'learning_rate': 0.0, 'epoch': 0.28}
{'loss': 0.0, 'grad_norm': 3.1622776985168457, 'learning_rate': 0.0, 'epoch': 0.28}
{'loss': 0.0, 'grad_norm': 3.1622776985168457, 'learning_rate': 0.0, 'epoch': 0.28}
{'loss': 0.0, 'grad_norm': 3.1622776985168457, 'learning_rate': 0.0, 'epoch': 0.28}
{'loss': 0.0, 'grad_norm': 3.1622776985168457, 'learning_rate': 0.0, 'epoch': 0.28}
{'loss': 0.0, 'grad_norm': 3.1622776985168457, 'learning_rate': 0.0, 'epoch': 0.28}
{'loss': 0.0, 'grad_norm': 3.1622776985168457, 'learning_rate': 0.0, 'epoch': 0.28}
{'loss': 0.0, 'grad_norm': 3.1622776985168457, 'learning_rate': 0.0, 'epoch': 0.28}
{'loss': 0.0, 'grad_norm': 3.1622776985168457, 'learning_rate': 0.0, 'epoch': 0.28}
{'loss': 0.0, 'grad_norm': 3.1622776985168457, 'learning_rate': 0.0, 'epoch': 0.28}
{'loss': 0.0, 'grad_norm': 3.1622776985168457, 'learning_rate': 0.0, 'epoch': 0.28}
{'loss': 0.0, 'grad_norm': 3.1622776985168457, 'learning_rate': 0.0, 'epoch': 0.28}
{'loss': 0.0, 'grad_norm': 3.1622776985168457, 'learning_rate': 0.0, 'epoch': 0.28}
{'loss': 0.0, 'grad_norm': 3.1622776985168457, 'learning_rate': 0.0, 'epoch': 0.28}
{'loss': 0.0, 'grad_norm': 3.1622776985168457, 'learning_rate': 0.0, 'epoch': 0.29}
{'loss': 0.0, 'grad_norm': 3.1622776985168457, 'learning_rate': 0.0, 'epoch': 0.29}
{'loss': 0.0, 'grad_norm': 3.1622776985168457, 'learning_rate': 0.0, 'epoch': 0.29}
{'loss': 0.0, 'grad_norm': 3.1622776985168457, 'learning_rate': 0.0, 'epoch': 0.29}
{'loss': 0.0, 'grad_norm': 3.1622776985168457, 'learning_rate': 0.0, 'epoch': 0.29}
{'loss': 0.0, 'grad_norm': 3.1622776985168457, 'learning_rate': 0.0, 'epoch': 0.29}
{'loss': 0.0, 'grad_norm': 3.1622776985168457, 'learning_rate': 0.0, 'epoch': 0.29}
{'loss': 0.0, 'grad_norm': 3.1622776985168457, 'learning_rate': 0.0, 'epoch': 0.29}
{'loss': 0.0, 'grad_norm': 3.1622776985168457, 'learning_rate': 0.0, 'epoch': 0.29}
{'loss': 0.0, 'grad_norm': 3.1622776985168457, 'learning_rate': 0.0, 'epoch': 0.29}
{'loss': 0.0, 'grad_norm': 3.1622776985168457, 'learning_rate': 0.0, 'epoch': 0.29}
{'loss': 0.0, 'grad_norm': 3.1622776985168457, 'learning_rate': 0.0, 'epoch': 0.29}
{'loss': 0.0, 'grad_norm': 3.1622776985168457, 'learning_rate': 0.0, 'epoch': 0.29}
{'loss': 0.0, 'grad_norm': 3.1622776985168457, 'learning_rate': 0.0, 'epoch': 0.29}
{'loss': 0.0, 'grad_norm': 3.1622776985168457, 'learning_rate': 0.0, 'epoch': 0.29}
{'loss': 0.0, 'grad_norm': 3.1622776985168457, 'learning_rate': 0.0, 'epoch': 0.29}
{'loss': 0.0, 'grad_norm': 3.1622776985168457, 'learning_rate': 0.0, 'epoch': 0.29}
{'loss': 0.0, 'grad_norm': 3.1622776985168457, 'learning_rate': 0.0, 'epoch': 0.29}
{'loss': 0.0, 'grad_norm': 3.1622776985168457, 'learning_rate': 0.0, 'epoch': 0.29}
{'loss': 0.0, 'grad_norm': 3.1622776985168457, 'learning_rate': 0.0, 'epoch': 0.29}
{'loss': 0.0, 'grad_norm': 3.1622776985168457, 'learning_rate': 0.0, 'epoch': 0.29}
{'loss': 0.0, 'grad_norm': 3.1622776985168457, 'learning_rate': 0.0, 'epoch': 0.29}
{'loss': 0.0, 'grad_norm': 3.1622776985168457, 'learning_rate': 0.0, 'epoch': 0.29}
{'loss': 0.0, 'grad_norm': 3.1622776985168457, 'learning_rate': 0.0, 'epoch': 0.29}
{'loss': 0.0, 'grad_norm': 3.1622776985168457, 'learning_rate': 0.0, 'epoch': 0.29}
{'loss': 0.0, 'grad_norm': 3.1622776985168457, 'learning_rate': 0.0, 'epoch': 0.29}
{'loss': 0.0, 'grad_norm': 3.1622776985168457, 'learning_rate': 0.0, 'epoch': 0.29}
{'loss': 0.0, 'grad_norm': 3.1622776985168457, 'learning_rate': 0.0, 'epoch': 0.29}
{'loss': 0.0, 'grad_norm': 3.1622776985168457, 'learning_rate': 0.0, 'epoch': 0.29}
{'loss': 0.0, 'grad_norm': 3.1622776985168457, 'learning_rate': 0.0, 'epoch': 0.29}
{'loss': 0.0, 'grad_norm': 3.1622776985168457, 'learning_rate': 0.0, 'epoch': 0.29}
{'loss': 0.0, 'grad_norm': 3.1622776985168457, 'learning_rate': 0.0, 'epoch': 0.29}
{'loss': 0.0, 'grad_norm': 3.1622776985168457, 'learning_rate': 0.0, 'epoch': 0.29}
{'loss': 0.0, 'grad_norm': 3.1622776985168457, 'learning_rate': 0.0, 'epoch': 0.29}
{'loss': 0.0, 'grad_norm': 3.1622776985168457, 'learning_rate': 0.0, 'epoch': 0.29}
{'loss': 0.0, 'grad_norm': 3.1622776985168457, 'learning_rate': 0.0, 'epoch': 0.29}
{'loss': 0.0, 'grad_norm': 3.1622776985168457, 'learning_rate': 0.0, 'epoch': 0.29}
{'loss': 0.0, 'grad_norm': 3.1622776985168457, 'learning_rate': 0.0, 'epoch': 0.29}
{'loss': 0.0, 'grad_norm': 3.1622776985168457, 'learning_rate': 0.0, 'epoch': 0.29}
{'loss': 0.0, 'grad_norm': 3.1622776985168457, 'learning_rate': 0.0, 'epoch': 0.29}
{'loss': 0.0, 'grad_norm': 3.1622776985168457, 'learning_rate': 0.0, 'epoch': 0.29}
Error with cannot identify image file '/scratch3/li309/data/llava_data/train_data/llava_image_tune/ocr_vqa/images/451232577.jpg'
{'loss': 0.0, 'grad_norm': 3.1622776985168457, 'learning_rate': 0.0, 'epoch': 0.29}
{'loss': 0.0, 'grad_norm': 3.1622776985168457, 'learning_rate': 0.0, 'epoch': 0.29}
{'loss': 0.0, 'grad_norm': 3.1622776985168457, 'learning_rate': 0.0, 'epoch': 0.29}
{'loss': 0.0, 'grad_norm': 3.1622776985168457, 'learning_rate': 0.0, 'epoch': 0.29}
{'loss': 0.0, 'grad_norm': 3.1622776985168457, 'learning_rate': 0.0, 'epoch': 0.29}
{'loss': 0.0, 'grad_norm': 3.1622776985168457, 'learning_rate': 0.0, 'epoch': 0.29}
{'loss': 0.0, 'grad_norm': 3.1622776985168457, 'learning_rate': 0.0, 'epoch': 0.29}
{'loss': 0.0, 'grad_norm': 3.1622776985168457, 'learning_rate': 0.0, 'epoch': 0.29}
{'loss': 0.0, 'grad_norm': 3.1622776985168457, 'learning_rate': 0.0, 'epoch': 0.29}
{'loss': 0.0, 'grad_norm': 3.1622776985168457, 'learning_rate': 0.0, 'epoch': 0.29}
{'loss': 0.0, 'grad_norm': 3.1622776985168457, 'learning_rate': 0.0, 'epoch': 0.29}
{'loss': 0.0, 'grad_norm': 3.1622776985168457, 'learning_rate': 0.0, 'epoch': 0.3}
{'loss': 0.0, 'grad_norm': 3.1622776985168457, 'learning_rate': 0.0, 'epoch': 0.3}
{'loss': 0.0, 'grad_norm': 3.1622776985168457, 'learning_rate': 0.0, 'epoch': 0.3}
{'loss': 0.0, 'grad_norm': 3.1622776985168457, 'learning_rate': 0.0, 'epoch': 0.3}
{'loss': 0.0, 'grad_norm': 3.1622776985168457, 'learning_rate': 0.0, 'epoch': 0.3}
{'loss': 0.0, 'grad_norm': 3.1622776985168457, 'learning_rate': 0.0, 'epoch': 0.3}
{'loss': 0.0, 'grad_norm': 3.1622776985168457, 'learning_rate': 0.0, 'epoch': 0.3}
{'loss': 0.0, 'grad_norm': 3.1622776985168457, 'learning_rate': 0.0, 'epoch': 0.3}
{'loss': 0.0, 'grad_norm': 3.1622776985168457, 'learning_rate': 0.0, 'epoch': 0.3}
{'loss': 0.0, 'grad_norm': 3.1622776985168457, 'learning_rate': 0.0, 'epoch': 0.3}
{'loss': 0.0, 'grad_norm': 3.1622776985168457, 'learning_rate': 0.0, 'epoch': 0.3}
{'loss': 0.0, 'grad_norm': 3.1622776985168457, 'learning_rate': 0.0, 'epoch': 0.3}
{'loss': 0.0, 'grad_norm': 3.1622776985168457, 'learning_rate': 0.0, 'epoch': 0.3}
{'loss': 0.0, 'grad_norm': 3.1622776985168457, 'learning_rate': 0.0, 'epoch': 0.3}
{'loss': 0.0, 'grad_norm': 3.1622776985168457, 'learning_rate': 0.0, 'epoch': 0.3}
{'loss': 0.0, 'grad_norm': 3.1622776985168457, 'learning_rate': 0.0, 'epoch': 0.3}
{'loss': 0.0, 'grad_norm': 3.1622776985168457, 'learning_rate': 0.0, 'epoch': 0.3}
{'loss': 0.0, 'grad_norm': 3.1622776985168457, 'learning_rate': 0.0, 'epoch': 0.3}
{'loss': 0.0, 'grad_norm': 3.1622776985168457, 'learning_rate': 0.0, 'epoch': 0.3}
{'loss': 0.0, 'grad_norm': 3.1622776985168457, 'learning_rate': 0.0, 'epoch': 0.3}
{'loss': 0.0, 'grad_norm': 3.1622776985168457, 'learning_rate': 0.0, 'epoch': 0.3}
{'loss': 0.0, 'grad_norm': 3.1622776985168457, 'learning_rate': 0.0, 'epoch': 0.3}
{'loss': 0.0, 'grad_norm': 3.1622776985168457, 'learning_rate': 0.0, 'epoch': 0.3}
{'loss': 0.0, 'grad_norm': 3.1622776985168457, 'learning_rate': 0.0, 'epoch': 0.3}
{'loss': 0.0, 'grad_norm': 3.1622776985168457, 'learning_rate': 0.0, 'epoch': 0.3}
{'loss': 0.0, 'grad_norm': 3.1622776985168457, 'learning_rate': 0.0, 'epoch': 0.3}
{'loss': 0.0, 'grad_norm': 3.1622776985168457, 'learning_rate': 0.0, 'epoch': 0.3}
{'loss': 0.0, 'grad_norm': 3.1622776985168457, 'learning_rate': 0.0, 'epoch': 0.3}
{'loss': 0.0, 'grad_norm': 3.1622776985168457, 'learning_rate': 0.0, 'epoch': 0.3}
{'loss': 0.0, 'grad_norm': 3.1622776985168457, 'learning_rate': 0.0, 'epoch': 0.3}
{'loss': 0.0, 'grad_norm': 3.1622776985168457, 'learning_rate': 0.0, 'epoch': 0.3}
{'loss': 0.0, 'grad_norm': 3.1622776985168457, 'learning_rate': 0.0, 'epoch': 0.3}
{'loss': 0.0, 'grad_norm': 3.1622776985168457, 'learning_rate': 0.0, 'epoch': 0.3}
{'loss': 0.0, 'grad_norm': 3.1622776985168457, 'learning_rate': 0.0, 'epoch': 0.3}
{'loss': 0.0, 'grad_norm': 3.1622776985168457, 'learning_rate': 0.0, 'epoch': 0.3}
{'loss': 0.0, 'grad_norm': 3.1622776985168457, 'learning_rate': 0.0, 'epoch': 0.3}
{'loss': 0.0, 'grad_norm': 3.1622776985168457, 'learning_rate': 0.0, 'epoch': 0.3}
{'loss': 0.0, 'grad_norm': 3.1622776985168457, 'learning_rate': 0.0, 'epoch': 0.3}
{'loss': 0.0, 'grad_norm': 3.1622776985168457, 'learning_rate': 0.0, 'epoch': 0.3}
{'loss': 0.0, 'grad_norm': 3.1622776985168457, 'learning_rate': 0.0, 'epoch': 0.3}
{'loss': 0.0, 'grad_norm': 3.1622776985168457, 'learning_rate': 0.0, 'epoch': 0.3}
{'loss': 0.0, 'grad_norm': 3.1622776985168457, 'learning_rate': 0.0, 'epoch': 0.3}
{'loss': 0.0, 'grad_norm': 3.1622776985168457, 'learning_rate': 0.0, 'epoch': 0.3}
{'loss': 0.0, 'grad_norm': 3.1622776985168457, 'learning_rate': 0.0, 'epoch': 0.3}
{'loss': 0.0, 'grad_norm': 3.1622776985168457, 'learning_rate': 0.0, 'epoch': 0.3}
{'loss': 0.0, 'grad_norm': 3.1622776985168457, 'learning_rate': 0.0, 'epoch': 0.3}
{'loss': 0.0, 'grad_norm': 3.1622776985168457, 'learning_rate': 0.0, 'epoch': 0.3}
{'loss': 0.0, 'grad_norm': 3.1622776985168457, 'learning_rate': 0.0, 'epoch': 0.3}
{'loss': 0.0, 'grad_norm': 3.1622776985168457, 'learning_rate': 0.0, 'epoch': 0.3}
{'loss': 0.0, 'grad_norm': 3.1622776985168457, 'learning_rate': 0.0, 'epoch': 0.3}
{'loss': 0.0, 'grad_norm': 3.1622776985168457, 'learning_rate': 0.0, 'epoch': 0.3}
{'loss': 0.0, 'grad_norm': 3.1622776985168457, 'learning_rate': 0.0, 'epoch': 0.3}
{'loss': 0.0, 'grad_norm': 3.1622776985168457, 'learning_rate': 0.0, 'epoch': 0.31}
{'loss': 0.0, 'grad_norm': 3.1622776985168457, 'learning_rate': 0.0, 'epoch': 0.31}
{'loss': 0.0, 'grad_norm': 3.1622776985168457, 'learning_rate': 0.0, 'epoch': 0.31}
{'loss': 0.0, 'grad_norm': 3.1622776985168457, 'learning_rate': 0.0, 'epoch': 0.31}
{'loss': 0.0, 'grad_norm': 3.1622776985168457, 'learning_rate': 0.0, 'epoch': 0.31}
{'loss': 0.0, 'grad_norm': 3.1622776985168457, 'learning_rate': 0.0, 'epoch': 0.31}
{'loss': 0.0, 'grad_norm': 3.1622776985168457, 'learning_rate': 0.0, 'epoch': 0.31}
{'loss': 0.0, 'grad_norm': 3.1622776985168457, 'learning_rate': 0.0, 'epoch': 0.31}
{'loss': 0.0, 'grad_norm': 3.1622776985168457, 'learning_rate': 0.0, 'epoch': 0.31}
{'loss': 0.0, 'grad_norm': 3.1622776985168457, 'learning_rate': 0.0, 'epoch': 0.31}
{'loss': 0.0, 'grad_norm': 3.1622776985168457, 'learning_rate': 0.0, 'epoch': 0.31}
{'loss': 0.0, 'grad_norm': 3.1622776985168457, 'learning_rate': 0.0, 'epoch': 0.31}
{'loss': 0.0, 'grad_norm': 3.1622776985168457, 'learning_rate': 0.0, 'epoch': 0.31}
{'loss': 0.0, 'grad_norm': 3.1622776985168457, 'learning_rate': 0.0, 'epoch': 0.31}
{'loss': 0.0, 'grad_norm': 3.1622776985168457, 'learning_rate': 0.0, 'epoch': 0.31}
{'loss': 0.0, 'grad_norm': 3.1622776985168457, 'learning_rate': 0.0, 'epoch': 0.31}
{'loss': 0.0, 'grad_norm': 3.1622776985168457, 'learning_rate': 0.0, 'epoch': 0.31}
{'loss': 0.0, 'grad_norm': 3.1622776985168457, 'learning_rate': 0.0, 'epoch': 0.31}
{'loss': 0.0, 'grad_norm': 3.1622776985168457, 'learning_rate': 0.0, 'epoch': 0.31}
{'loss': 0.0, 'grad_norm': 3.1622776985168457, 'learning_rate': 0.0, 'epoch': 0.31}
{'loss': 0.0, 'grad_norm': 3.1622776985168457, 'learning_rate': 0.0, 'epoch': 0.31}
{'loss': 0.0, 'grad_norm': 3.1622776985168457, 'learning_rate': 0.0, 'epoch': 0.31}
{'loss': 0.0, 'grad_norm': 3.1622776985168457, 'learning_rate': 0.0, 'epoch': 0.31}
{'loss': 0.0, 'grad_norm': 3.1622776985168457, 'learning_rate': 0.0, 'epoch': 0.31}
{'loss': 0.0, 'grad_norm': 3.1622776985168457, 'learning_rate': 0.0, 'epoch': 0.31}
{'loss': 0.0, 'grad_norm': 3.1622776985168457, 'learning_rate': 0.0, 'epoch': 0.31}
{'loss': 0.0, 'grad_norm': 3.1622776985168457, 'learning_rate': 0.0, 'epoch': 0.31}
{'loss': 0.0, 'grad_norm': 3.1622776985168457, 'learning_rate': 0.0, 'epoch': 0.31}
{'loss': 0.0, 'grad_norm': 3.1622776985168457, 'learning_rate': 0.0, 'epoch': 0.31}
{'loss': 0.0, 'grad_norm': 3.1622776985168457, 'learning_rate': 0.0, 'epoch': 0.31}
{'loss': 0.0, 'grad_norm': 3.1622776985168457, 'learning_rate': 0.0, 'epoch': 0.31}
{'loss': 0.0, 'grad_norm': 3.1622776985168457, 'learning_rate': 0.0, 'epoch': 0.31}
{'loss': 0.0, 'grad_norm': 3.1622776985168457, 'learning_rate': 0.0, 'epoch': 0.31}
{'loss': 0.0, 'grad_norm': 3.1622776985168457, 'learning_rate': 0.0, 'epoch': 0.31}
{'loss': 0.0, 'grad_norm': 3.1622776985168457, 'learning_rate': 0.0, 'epoch': 0.31}
{'loss': 0.0, 'grad_norm': 3.1622776985168457, 'learning_rate': 0.0, 'epoch': 0.31}
{'loss': 0.0, 'grad_norm': 3.1622776985168457, 'learning_rate': 0.0, 'epoch': 0.31}
{'loss': 0.0, 'grad_norm': 3.1622776985168457, 'learning_rate': 0.0, 'epoch': 0.31}
{'loss': 0.0, 'grad_norm': 3.1622776985168457, 'learning_rate': 0.0, 'epoch': 0.31}
{'loss': 0.0, 'grad_norm': 3.1622776985168457, 'learning_rate': 0.0, 'epoch': 0.31}
{'loss': 0.0, 'grad_norm': 3.1622776985168457, 'learning_rate': 0.0, 'epoch': 0.31}
{'loss': 0.0, 'grad_norm': 3.1622776985168457, 'learning_rate': 0.0, 'epoch': 0.31}
{'loss': 0.0, 'grad_norm': 3.1622776985168457, 'learning_rate': 0.0, 'epoch': 0.31}
{'loss': 0.0, 'grad_norm': 3.1622776985168457, 'learning_rate': 0.0, 'epoch': 0.31}
{'loss': 0.0, 'grad_norm': 3.1622776985168457, 'learning_rate': 0.0, 'epoch': 0.31}
{'loss': 0.0, 'grad_norm': 3.1622776985168457, 'learning_rate': 0.0, 'epoch': 0.31}
{'loss': 0.0, 'grad_norm': 3.1622776985168457, 'learning_rate': 0.0, 'epoch': 0.31}
{'loss': 0.0, 'grad_norm': 3.1622776985168457, 'learning_rate': 0.0, 'epoch': 0.31}
{'loss': 0.0, 'grad_norm': 3.1622776985168457, 'learning_rate': 0.0, 'epoch': 0.31}
{'loss': 0.0, 'grad_norm': 3.1622776985168457, 'learning_rate': 0.0, 'epoch': 0.31}
{'loss': 0.0, 'grad_norm': 3.1622776985168457, 'learning_rate': 0.0, 'epoch': 0.31}
{'loss': 0.0, 'grad_norm': 3.1622776985168457, 'learning_rate': 0.0, 'epoch': 0.31}
{'loss': 0.0, 'grad_norm': 3.1622776985168457, 'learning_rate': 0.0, 'epoch': 0.32}
{'loss': 0.0, 'grad_norm': 3.1622776985168457, 'learning_rate': 0.0, 'epoch': 0.32}
{'loss': 0.0, 'grad_norm': 3.1622776985168457, 'learning_rate': 0.0, 'epoch': 0.32}
{'loss': 0.0, 'grad_norm': 3.1622776985168457, 'learning_rate': 0.0, 'epoch': 0.32}
{'loss': 0.0, 'grad_norm': 3.1622776985168457, 'learning_rate': 0.0, 'epoch': 0.32}
{'loss': 0.0, 'grad_norm': 3.1622776985168457, 'learning_rate': 0.0, 'epoch': 0.32}
{'loss': 0.0, 'grad_norm': 3.1622776985168457, 'learning_rate': 0.0, 'epoch': 0.32}
{'loss': 0.0, 'grad_norm': 3.1622776985168457, 'learning_rate': 0.0, 'epoch': 0.32}
{'loss': 0.0, 'grad_norm': 3.1622776985168457, 'learning_rate': 0.0, 'epoch': 0.32}
{'loss': 0.0, 'grad_norm': 3.1622776985168457, 'learning_rate': 0.0, 'epoch': 0.32}
{'loss': 0.0, 'grad_norm': 3.1622776985168457, 'learning_rate': 0.0, 'epoch': 0.32}
{'loss': 0.0, 'grad_norm': 3.1622776985168457, 'learning_rate': 0.0, 'epoch': 0.32}
{'loss': 0.0, 'grad_norm': 3.1622776985168457, 'learning_rate': 0.0, 'epoch': 0.32}
{'loss': 0.0, 'grad_norm': 3.1622776985168457, 'learning_rate': 0.0, 'epoch': 0.32}
{'loss': 0.0, 'grad_norm': 3.1622776985168457, 'learning_rate': 0.0, 'epoch': 0.32}
{'loss': 0.0, 'grad_norm': 3.1622776985168457, 'learning_rate': 0.0, 'epoch': 0.32}
{'loss': 0.0, 'grad_norm': 3.1622776985168457, 'learning_rate': 0.0, 'epoch': 0.32}
{'loss': 0.0, 'grad_norm': 3.1622776985168457, 'learning_rate': 0.0, 'epoch': 0.32}
{'loss': 0.0, 'grad_norm': 3.1622776985168457, 'learning_rate': 0.0, 'epoch': 0.32}
{'loss': 0.0, 'grad_norm': 3.1622776985168457, 'learning_rate': 0.0, 'epoch': 0.32}
{'loss': 0.0, 'grad_norm': 3.1622776985168457, 'learning_rate': 0.0, 'epoch': 0.32}
{'loss': 0.0, 'grad_norm': 3.1622776985168457, 'learning_rate': 0.0, 'epoch': 0.32}
{'loss': 0.0, 'grad_norm': 3.1622776985168457, 'learning_rate': 0.0, 'epoch': 0.32}
Error with image file is truncated
{'loss': 0.0, 'grad_norm': 3.1622776985168457, 'learning_rate': 0.0, 'epoch': 0.32}
{'loss': 0.0, 'grad_norm': 3.1622776985168457, 'learning_rate': 0.0, 'epoch': 0.32}
{'loss': 0.0, 'grad_norm': 3.1622776985168457, 'learning_rate': 0.0, 'epoch': 0.32}
{'loss': 0.0, 'grad_norm': 3.1622776985168457, 'learning_rate': 0.0, 'epoch': 0.32}
{'loss': 0.0, 'grad_norm': 3.1622776985168457, 'learning_rate': 0.0, 'epoch': 0.32}
{'loss': 0.0, 'grad_norm': 3.1622776985168457, 'learning_rate': 0.0, 'epoch': 0.32}
{'loss': 0.0, 'grad_norm': 3.1622776985168457, 'learning_rate': 0.0, 'epoch': 0.32}
{'loss': 0.0, 'grad_norm': 3.1622776985168457, 'learning_rate': 0.0, 'epoch': 0.32}
{'loss': 0.0, 'grad_norm': 3.1622776985168457, 'learning_rate': 0.0, 'epoch': 0.32}
{'loss': 0.0, 'grad_norm': 3.1622776985168457, 'learning_rate': 0.0, 'epoch': 0.32}
{'loss': 0.0, 'grad_norm': 3.1622776985168457, 'learning_rate': 0.0, 'epoch': 0.32}
{'loss': 0.0, 'grad_norm': 3.1622776985168457, 'learning_rate': 0.0, 'epoch': 0.32}
{'loss': 0.0, 'grad_norm': 3.1622776985168457, 'learning_rate': 0.0, 'epoch': 0.32}
{'loss': 0.0, 'grad_norm': 3.1622776985168457, 'learning_rate': 0.0, 'epoch': 0.32}
{'loss': 0.0, 'grad_norm': 3.1622776985168457, 'learning_rate': 0.0, 'epoch': 0.32}
{'loss': 0.0, 'grad_norm': 3.1622776985168457, 'learning_rate': 0.0, 'epoch': 0.32}
{'loss': 0.0, 'grad_norm': 3.1622776985168457, 'learning_rate': 0.0, 'epoch': 0.32}
{'loss': 0.0, 'grad_norm': 3.1622776985168457, 'learning_rate': 0.0, 'epoch': 0.32}
{'loss': 0.0, 'grad_norm': 3.1622776985168457, 'learning_rate': 0.0, 'epoch': 0.32}
{'loss': 0.0, 'grad_norm': 3.1622776985168457, 'learning_rate': 0.0, 'epoch': 0.32}
{'loss': 0.0, 'grad_norm': 3.1622776985168457, 'learning_rate': 0.0, 'epoch': 0.32}
{'loss': 0.0, 'grad_norm': 3.1622776985168457, 'learning_rate': 0.0, 'epoch': 0.32}
{'loss': 0.0, 'grad_norm': 3.1622776985168457, 'learning_rate': 0.0, 'epoch': 0.32}
{'loss': 0.0, 'grad_norm': 3.1622776985168457, 'learning_rate': 0.0, 'epoch': 0.32}
{'loss': 0.0, 'grad_norm': 3.1622776985168457, 'learning_rate': 0.0, 'epoch': 0.32}
{'loss': 0.0, 'grad_norm': 3.1622776985168457, 'learning_rate': 0.0, 'epoch': 0.32}
{'loss': 0.0, 'grad_norm': 3.1622776985168457, 'learning_rate': 0.0, 'epoch': 0.32}
{'loss': 0.0, 'grad_norm': 3.1622776985168457, 'learning_rate': 0.0, 'epoch': 0.32}
{'loss': 0.0, 'grad_norm': 3.1622776985168457, 'learning_rate': 0.0, 'epoch': 0.32}
{'loss': 0.0, 'grad_norm': 3.1622776985168457, 'learning_rate': 0.0, 'epoch': 0.33}
{'loss': 0.0, 'grad_norm': 3.1622776985168457, 'learning_rate': 0.0, 'epoch': 0.33}
{'loss': 0.0, 'grad_norm': 3.1622776985168457, 'learning_rate': 0.0, 'epoch': 0.33}
{'loss': 0.0, 'grad_norm': 3.1622776985168457, 'learning_rate': 0.0, 'epoch': 0.33}
{'loss': 0.0, 'grad_norm': 3.1622776985168457, 'learning_rate': 0.0, 'epoch': 0.33}
{'loss': 0.0, 'grad_norm': 3.1622776985168457, 'learning_rate': 0.0, 'epoch': 0.33}
{'loss': 0.0, 'grad_norm': 3.1622776985168457, 'learning_rate': 0.0, 'epoch': 0.33}
{'loss': 0.0, 'grad_norm': 3.1622776985168457, 'learning_rate': 0.0, 'epoch': 0.33}
{'loss': 0.0, 'grad_norm': 3.1622776985168457, 'learning_rate': 0.0, 'epoch': 0.33}
{'loss': 0.0, 'grad_norm': 3.1622776985168457, 'learning_rate': 0.0, 'epoch': 0.33}
{'loss': 0.0, 'grad_norm': 3.1622776985168457, 'learning_rate': 0.0, 'epoch': 0.33}
{'loss': 0.0, 'grad_norm': 3.1622776985168457, 'learning_rate': 0.0, 'epoch': 0.33}
{'loss': 0.0, 'grad_norm': 3.1622776985168457, 'learning_rate': 0.0, 'epoch': 0.33}
{'loss': 0.0, 'grad_norm': 3.1622776985168457, 'learning_rate': 0.0, 'epoch': 0.33}
{'loss': 0.0, 'grad_norm': 3.1622776985168457, 'learning_rate': 0.0, 'epoch': 0.33}
{'loss': 0.0, 'grad_norm': 3.1622776985168457, 'learning_rate': 0.0, 'epoch': 0.33}
{'loss': 0.0, 'grad_norm': 3.1622776985168457, 'learning_rate': 0.0, 'epoch': 0.33}
{'loss': 0.0, 'grad_norm': 3.1622776985168457, 'learning_rate': 0.0, 'epoch': 0.33}
{'loss': 0.0, 'grad_norm': 3.1622776985168457, 'learning_rate': 0.0, 'epoch': 0.33}
{'loss': 0.0, 'grad_norm': 3.1622776985168457, 'learning_rate': 0.0, 'epoch': 0.33}
{'loss': 0.0, 'grad_norm': 3.1622776985168457, 'learning_rate': 0.0, 'epoch': 0.33}
{'loss': 0.0, 'grad_norm': 3.1622776985168457, 'learning_rate': 0.0, 'epoch': 0.33}
{'loss': 0.0, 'grad_norm': 3.1622776985168457, 'learning_rate': 0.0, 'epoch': 0.33}
{'loss': 0.0, 'grad_norm': 3.1622776985168457, 'learning_rate': 0.0, 'epoch': 0.33}
{'loss': 0.0, 'grad_norm': 3.1622776985168457, 'learning_rate': 0.0, 'epoch': 0.33}
{'loss': 0.0, 'grad_norm': 3.1622776985168457, 'learning_rate': 0.0, 'epoch': 0.33}
{'loss': 0.0, 'grad_norm': 3.1622776985168457, 'learning_rate': 0.0, 'epoch': 0.33}
{'loss': 0.0, 'grad_norm': 3.1622776985168457, 'learning_rate': 0.0, 'epoch': 0.33}
{'loss': 0.0, 'grad_norm': 3.1622776985168457, 'learning_rate': 0.0, 'epoch': 0.33}
{'loss': 0.0, 'grad_norm': 3.1622776985168457, 'learning_rate': 0.0, 'epoch': 0.33}
{'loss': 0.0, 'grad_norm': 3.1622776985168457, 'learning_rate': 0.0, 'epoch': 0.33}
{'loss': 0.0, 'grad_norm': 3.1622776985168457, 'learning_rate': 0.0, 'epoch': 0.33}
{'loss': 0.0, 'grad_norm': 3.1622776985168457, 'learning_rate': 0.0, 'epoch': 0.33}
{'loss': 0.0, 'grad_norm': 3.1622776985168457, 'learning_rate': 0.0, 'epoch': 0.33}
{'loss': 0.0, 'grad_norm': 3.1622776985168457, 'learning_rate': 0.0, 'epoch': 0.33}
{'loss': 0.0, 'grad_norm': 3.1622776985168457, 'learning_rate': 0.0, 'epoch': 0.33}
{'loss': 0.0, 'grad_norm': 3.1622776985168457, 'learning_rate': 0.0, 'epoch': 0.33}
{'loss': 0.0, 'grad_norm': 3.1622776985168457, 'learning_rate': 0.0, 'epoch': 0.33}
{'loss': 0.0, 'grad_norm': 3.1622776985168457, 'learning_rate': 0.0, 'epoch': 0.33}
{'loss': 0.0, 'grad_norm': 3.1622776985168457, 'learning_rate': 0.0, 'epoch': 0.33}
{'loss': 0.0, 'grad_norm': 3.1622776985168457, 'learning_rate': 0.0, 'epoch': 0.33}
{'loss': 0.0, 'grad_norm': 3.1622776985168457, 'learning_rate': 0.0, 'epoch': 0.33}
{'loss': 0.0, 'grad_norm': 3.1622776985168457, 'learning_rate': 0.0, 'epoch': 0.33}
{'loss': 0.0, 'grad_norm': 3.1622776985168457, 'learning_rate': 0.0, 'epoch': 0.33}
{'loss': 0.0, 'grad_norm': 3.1622776985168457, 'learning_rate': 0.0, 'epoch': 0.33}
{'loss': 0.0, 'grad_norm': 3.1622776985168457, 'learning_rate': 0.0, 'epoch': 0.33}
{'loss': 0.0, 'grad_norm': 3.1622776985168457, 'learning_rate': 0.0, 'epoch': 0.33}
{'loss': 0.0, 'grad_norm': 3.1622776985168457, 'learning_rate': 0.0, 'epoch': 0.33}
{'loss': 0.0, 'grad_norm': 3.1622776985168457, 'learning_rate': 0.0, 'epoch': 0.33}
{'loss': 0.0, 'grad_norm': 3.1622776985168457, 'learning_rate': 0.0, 'epoch': 0.33}
{'loss': 0.0, 'grad_norm': 3.1622776985168457, 'learning_rate': 0.0, 'epoch': 0.33}
{'loss': 0.0, 'grad_norm': 3.1622776985168457, 'learning_rate': 0.0, 'epoch': 0.33}
{'loss': 0.0, 'grad_norm': 3.1622776985168457, 'learning_rate': 0.0, 'epoch': 0.34}
{'loss': 0.0, 'grad_norm': 3.1622776985168457, 'learning_rate': 0.0, 'epoch': 0.34}
{'loss': 0.0, 'grad_norm': 3.1622776985168457, 'learning_rate': 0.0, 'epoch': 0.34}
{'loss': 0.0, 'grad_norm': 3.1622776985168457, 'learning_rate': 0.0, 'epoch': 0.34}
{'loss': 0.0, 'grad_norm': 3.1622776985168457, 'learning_rate': 0.0, 'epoch': 0.34}
{'loss': 0.0, 'grad_norm': 3.1622776985168457, 'learning_rate': 0.0, 'epoch': 0.34}
{'loss': 0.0, 'grad_norm': 3.1622776985168457, 'learning_rate': 0.0, 'epoch': 0.34}
{'loss': 0.0, 'grad_norm': 3.1622776985168457, 'learning_rate': 0.0, 'epoch': 0.34}
{'loss': 0.0, 'grad_norm': 3.1622776985168457, 'learning_rate': 0.0, 'epoch': 0.34}
{'loss': 0.0, 'grad_norm': 3.1622776985168457, 'learning_rate': 0.0, 'epoch': 0.34}
{'loss': 0.0, 'grad_norm': 3.1622776985168457, 'learning_rate': 0.0, 'epoch': 0.34}
{'loss': 0.0, 'grad_norm': 3.1622776985168457, 'learning_rate': 0.0, 'epoch': 0.34}
{'loss': 0.0, 'grad_norm': 3.1622776985168457, 'learning_rate': 0.0, 'epoch': 0.34}
{'loss': 0.0, 'grad_norm': 3.1622776985168457, 'learning_rate': 0.0, 'epoch': 0.34}
{'loss': 0.0, 'grad_norm': 3.1622776985168457, 'learning_rate': 0.0, 'epoch': 0.34}
{'loss': 0.0, 'grad_norm': 3.1622776985168457, 'learning_rate': 0.0, 'epoch': 0.34}
{'loss': 0.0, 'grad_norm': 3.1622776985168457, 'learning_rate': 0.0, 'epoch': 0.34}
{'loss': 0.0, 'grad_norm': 3.1622776985168457, 'learning_rate': 0.0, 'epoch': 0.34}
{'loss': 0.0, 'grad_norm': 3.1622776985168457, 'learning_rate': 0.0, 'epoch': 0.34}
{'loss': 0.0, 'grad_norm': 3.1622776985168457, 'learning_rate': 0.0, 'epoch': 0.34}
{'loss': 0.0, 'grad_norm': 3.1622776985168457, 'learning_rate': 0.0, 'epoch': 0.34}
{'loss': 0.0, 'grad_norm': 3.1622776985168457, 'learning_rate': 0.0, 'epoch': 0.34}
{'loss': 0.0, 'grad_norm': 3.1622776985168457, 'learning_rate': 0.0, 'epoch': 0.34}
{'loss': 0.0, 'grad_norm': 3.1622776985168457, 'learning_rate': 0.0, 'epoch': 0.34}
{'loss': 0.0, 'grad_norm': 3.1622776985168457, 'learning_rate': 0.0, 'epoch': 0.34}
{'loss': 0.0, 'grad_norm': 3.1622776985168457, 'learning_rate': 0.0, 'epoch': 0.34}
{'loss': 0.0, 'grad_norm': 3.1622776985168457, 'learning_rate': 0.0, 'epoch': 0.34}
{'loss': 0.0, 'grad_norm': 3.1622776985168457, 'learning_rate': 0.0, 'epoch': 0.34}
{'loss': 0.0, 'grad_norm': 3.1622776985168457, 'learning_rate': 0.0, 'epoch': 0.34}
{'loss': 0.0, 'grad_norm': 3.1622776985168457, 'learning_rate': 0.0, 'epoch': 0.34}
{'loss': 0.0, 'grad_norm': 3.1622776985168457, 'learning_rate': 0.0, 'epoch': 0.34}
{'loss': 0.0, 'grad_norm': 3.1622776985168457, 'learning_rate': 0.0, 'epoch': 0.34}
{'loss': 0.0, 'grad_norm': 3.1622776985168457, 'learning_rate': 0.0, 'epoch': 0.34}
{'loss': 0.0, 'grad_norm': 3.1622776985168457, 'learning_rate': 0.0, 'epoch': 0.34}
{'loss': 0.0, 'grad_norm': 3.1622776985168457, 'learning_rate': 0.0, 'epoch': 0.34}
{'loss': 0.0, 'grad_norm': 3.1622776985168457, 'learning_rate': 0.0, 'epoch': 0.34}
{'loss': 0.0, 'grad_norm': 3.1622776985168457, 'learning_rate': 0.0, 'epoch': 0.34}
{'loss': 0.0, 'grad_norm': 3.1622776985168457, 'learning_rate': 0.0, 'epoch': 0.34}
{'loss': 0.0, 'grad_norm': 3.1622776985168457, 'learning_rate': 0.0, 'epoch': 0.34}
{'loss': 0.0, 'grad_norm': 3.1622776985168457, 'learning_rate': 0.0, 'epoch': 0.34}
{'loss': 0.0, 'grad_norm': 3.1622776985168457, 'learning_rate': 0.0, 'epoch': 0.34}
{'loss': 0.0, 'grad_norm': 3.1622776985168457, 'learning_rate': 0.0, 'epoch': 0.34}
{'loss': 0.0, 'grad_norm': 3.1622776985168457, 'learning_rate': 0.0, 'epoch': 0.34}
{'loss': 0.0, 'grad_norm': 3.1622776985168457, 'learning_rate': 0.0, 'epoch': 0.34}
{'loss': 0.0, 'grad_norm': 3.1622776985168457, 'learning_rate': 0.0, 'epoch': 0.34}
{'loss': 0.0, 'grad_norm': 3.1622776985168457, 'learning_rate': 0.0, 'epoch': 0.34}
{'loss': 0.0, 'grad_norm': 3.1622776985168457, 'learning_rate': 0.0, 'epoch': 0.34}
{'loss': 0.0, 'grad_norm': 3.1622776985168457, 'learning_rate': 0.0, 'epoch': 0.34}
{'loss': 0.0, 'grad_norm': 3.1622776985168457, 'learning_rate': 0.0, 'epoch': 0.34}
{'loss': 0.0, 'grad_norm': 3.1622776985168457, 'learning_rate': 0.0, 'epoch': 0.34}
{'loss': 0.0, 'grad_norm': 3.1622776985168457, 'learning_rate': 0.0, 'epoch': 0.34}
{'loss': 0.0, 'grad_norm': 3.1622776985168457, 'learning_rate': 0.0, 'epoch': 0.34}
{'loss': 0.0, 'grad_norm': 3.1622776985168457, 'learning_rate': 0.0, 'epoch': 0.35}
{'loss': 0.0, 'grad_norm': 3.1622776985168457, 'learning_rate': 0.0, 'epoch': 0.35}
{'loss': 0.0, 'grad_norm': 3.1622776985168457, 'learning_rate': 0.0, 'epoch': 0.35}
{'loss': 0.0, 'grad_norm': 3.1622776985168457, 'learning_rate': 0.0, 'epoch': 0.35}
{'loss': 0.0, 'grad_norm': 3.1622776985168457, 'learning_rate': 0.0, 'epoch': 0.35}
{'loss': 0.0, 'grad_norm': 3.1622776985168457, 'learning_rate': 0.0, 'epoch': 0.35}
{'loss': 0.0, 'grad_norm': 3.1622776985168457, 'learning_rate': 0.0, 'epoch': 0.35}
{'loss': 0.0, 'grad_norm': 3.1622776985168457, 'learning_rate': 0.0, 'epoch': 0.35}
{'loss': 0.0, 'grad_norm': 3.1622776985168457, 'learning_rate': 0.0, 'epoch': 0.35}
{'loss': 0.0, 'grad_norm': 3.1622776985168457, 'learning_rate': 0.0, 'epoch': 0.35}
{'loss': 0.0, 'grad_norm': 3.1622776985168457, 'learning_rate': 0.0, 'epoch': 0.35}
{'loss': 0.0, 'grad_norm': 3.1622776985168457, 'learning_rate': 0.0, 'epoch': 0.35}
{'loss': 0.0, 'grad_norm': 3.1622776985168457, 'learning_rate': 0.0, 'epoch': 0.35}
{'loss': 0.0, 'grad_norm': 3.1622776985168457, 'learning_rate': 0.0, 'epoch': 0.35}
{'loss': 0.0, 'grad_norm': 3.1622776985168457, 'learning_rate': 0.0, 'epoch': 0.35}
{'loss': 0.0, 'grad_norm': 3.1622776985168457, 'learning_rate': 0.0, 'epoch': 0.35}
Error with image file is truncated (10 bytes not processed)
{'loss': 0.0, 'grad_norm': 3.1622776985168457, 'learning_rate': 0.0, 'epoch': 0.35}
{'loss': 0.0, 'grad_norm': 3.1622776985168457, 'learning_rate': 0.0, 'epoch': 0.35}
{'loss': 0.0, 'grad_norm': 3.1622776985168457, 'learning_rate': 0.0, 'epoch': 0.35}
{'loss': 0.0, 'grad_norm': 3.1622776985168457, 'learning_rate': 0.0, 'epoch': 0.35}
{'loss': 0.0, 'grad_norm': 3.1622776985168457, 'learning_rate': 0.0, 'epoch': 0.35}
{'loss': 0.0, 'grad_norm': 3.1622776985168457, 'learning_rate': 0.0, 'epoch': 0.35}
{'loss': 0.0, 'grad_norm': 3.1622776985168457, 'learning_rate': 0.0, 'epoch': 0.35}
{'loss': 0.0, 'grad_norm': 3.1622776985168457, 'learning_rate': 0.0, 'epoch': 0.35}
{'loss': 0.0, 'grad_norm': 3.1622776985168457, 'learning_rate': 0.0, 'epoch': 0.35}
{'loss': 0.0, 'grad_norm': 3.1622776985168457, 'learning_rate': 0.0, 'epoch': 0.35}
{'loss': 0.0, 'grad_norm': 3.1622776985168457, 'learning_rate': 0.0, 'epoch': 0.35}
{'loss': 0.0, 'grad_norm': 3.1622776985168457, 'learning_rate': 0.0, 'epoch': 0.35}
{'loss': 0.0, 'grad_norm': 3.1622776985168457, 'learning_rate': 0.0, 'epoch': 0.35}
{'loss': 0.0, 'grad_norm': 3.1622776985168457, 'learning_rate': 0.0, 'epoch': 0.35}
{'loss': 0.0, 'grad_norm': 3.1622776985168457, 'learning_rate': 0.0, 'epoch': 0.35}
{'loss': 0.0, 'grad_norm': 3.1622776985168457, 'learning_rate': 0.0, 'epoch': 0.35}
{'loss': 0.0, 'grad_norm': 3.1622776985168457, 'learning_rate': 0.0, 'epoch': 0.35}
{'loss': 0.0, 'grad_norm': 3.1622776985168457, 'learning_rate': 0.0, 'epoch': 0.35}
{'loss': 0.0, 'grad_norm': 3.1622776985168457, 'learning_rate': 0.0, 'epoch': 0.35}
{'loss': 0.0, 'grad_norm': 3.1622776985168457, 'learning_rate': 0.0, 'epoch': 0.35}
{'loss': 0.0, 'grad_norm': 3.1622776985168457, 'learning_rate': 0.0, 'epoch': 0.35}
{'loss': 0.0, 'grad_norm': 3.1622776985168457, 'learning_rate': 0.0, 'epoch': 0.35}
{'loss': 0.0, 'grad_norm': 3.1622776985168457, 'learning_rate': 0.0, 'epoch': 0.35}
{'loss': 0.0, 'grad_norm': 3.1622776985168457, 'learning_rate': 0.0, 'epoch': 0.35}
{'loss': 0.0, 'grad_norm': 3.1622776985168457, 'learning_rate': 0.0, 'epoch': 0.35}
{'loss': 0.0, 'grad_norm': 3.1622776985168457, 'learning_rate': 0.0, 'epoch': 0.35}
{'loss': 0.0, 'grad_norm': 3.1622776985168457, 'learning_rate': 0.0, 'epoch': 0.35}
{'loss': 0.0, 'grad_norm': 3.1622776985168457, 'learning_rate': 0.0, 'epoch': 0.35}
{'loss': 0.0, 'grad_norm': 3.1622776985168457, 'learning_rate': 0.0, 'epoch': 0.35}
{'loss': 0.0, 'grad_norm': 3.1622776985168457, 'learning_rate': 0.0, 'epoch': 0.35}
{'loss': 0.0, 'grad_norm': 3.1622776985168457, 'learning_rate': 0.0, 'epoch': 0.35}
{'loss': 0.0, 'grad_norm': 3.1622776985168457, 'learning_rate': 0.0, 'epoch': 0.35}
{'loss': 0.0, 'grad_norm': 3.1622776985168457, 'learning_rate': 0.0, 'epoch': 0.35}
{'loss': 0.0, 'grad_norm': 3.1622776985168457, 'learning_rate': 0.0, 'epoch': 0.35}
{'loss': 0.0, 'grad_norm': 3.1622776985168457, 'learning_rate': 0.0, 'epoch': 0.35}
{'loss': 0.0, 'grad_norm': 3.1622776985168457, 'learning_rate': 0.0, 'epoch': 0.35}
{'loss': 0.0, 'grad_norm': 3.1622776985168457, 'learning_rate': 0.0, 'epoch': 0.36}
{'loss': 0.0, 'grad_norm': 3.1622776985168457, 'learning_rate': 0.0, 'epoch': 0.36}
{'loss': 0.0, 'grad_norm': 3.1622776985168457, 'learning_rate': 0.0, 'epoch': 0.36}
{'loss': 0.0, 'grad_norm': 3.1622776985168457, 'learning_rate': 0.0, 'epoch': 0.36}
{'loss': 0.0, 'grad_norm': 3.1622776985168457, 'learning_rate': 0.0, 'epoch': 0.36}
{'loss': 0.0, 'grad_norm': 3.1622776985168457, 'learning_rate': 0.0, 'epoch': 0.36}
{'loss': 0.0, 'grad_norm': 3.1622776985168457, 'learning_rate': 0.0, 'epoch': 0.36}
{'loss': 0.0, 'grad_norm': 3.1622776985168457, 'learning_rate': 0.0, 'epoch': 0.36}
{'loss': 0.0, 'grad_norm': 3.1622776985168457, 'learning_rate': 0.0, 'epoch': 0.36}
{'loss': 0.0, 'grad_norm': 3.1622776985168457, 'learning_rate': 0.0, 'epoch': 0.36}
{'loss': 0.0, 'grad_norm': 3.1622776985168457, 'learning_rate': 0.0, 'epoch': 0.36}
{'loss': 0.0, 'grad_norm': 3.1622776985168457, 'learning_rate': 0.0, 'epoch': 0.36}
{'loss': 0.0, 'grad_norm': 3.1622776985168457, 'learning_rate': 0.0, 'epoch': 0.36}
{'loss': 0.0, 'grad_norm': 3.1622776985168457, 'learning_rate': 0.0, 'epoch': 0.36}
{'loss': 0.0, 'grad_norm': 3.1622776985168457, 'learning_rate': 0.0, 'epoch': 0.36}
Error with image file is truncated (21 bytes not processed)
{'loss': 0.0, 'grad_norm': 3.1622776985168457, 'learning_rate': 0.0, 'epoch': 0.36}
{'loss': 0.0, 'grad_norm': 3.1622776985168457, 'learning_rate': 0.0, 'epoch': 0.36}
{'loss': 0.0, 'grad_norm': 3.1622776985168457, 'learning_rate': 0.0, 'epoch': 0.36}
{'loss': 0.0, 'grad_norm': 3.1622776985168457, 'learning_rate': 0.0, 'epoch': 0.36}
{'loss': 0.0, 'grad_norm': 3.1622776985168457, 'learning_rate': 0.0, 'epoch': 0.36}
{'loss': 0.0, 'grad_norm': 3.1622776985168457, 'learning_rate': 0.0, 'epoch': 0.36}
{'loss': 0.0, 'grad_norm': 3.1622776985168457, 'learning_rate': 0.0, 'epoch': 0.36}
{'loss': 0.0, 'grad_norm': 3.1622776985168457, 'learning_rate': 0.0, 'epoch': 0.36}
{'loss': 0.0, 'grad_norm': 3.1622776985168457, 'learning_rate': 0.0, 'epoch': 0.36}
{'loss': 0.0, 'grad_norm': 3.1622776985168457, 'learning_rate': 0.0, 'epoch': 0.36}
{'loss': 0.0, 'grad_norm': 3.1622776985168457, 'learning_rate': 0.0, 'epoch': 0.36}
{'loss': 0.0, 'grad_norm': 3.1622776985168457, 'learning_rate': 0.0, 'epoch': 0.36}
{'loss': 0.0, 'grad_norm': 3.1622776985168457, 'learning_rate': 0.0, 'epoch': 0.36}
{'loss': 0.0, 'grad_norm': 3.1622776985168457, 'learning_rate': 0.0, 'epoch': 0.36}
{'loss': 0.0, 'grad_norm': 3.1622776985168457, 'learning_rate': 0.0, 'epoch': 0.36}
{'loss': 0.0, 'grad_norm': 3.1622776985168457, 'learning_rate': 0.0, 'epoch': 0.36}
{'loss': 0.0, 'grad_norm': 3.1622776985168457, 'learning_rate': 0.0, 'epoch': 0.36}
{'loss': 0.0, 'grad_norm': 3.1622776985168457, 'learning_rate': 0.0, 'epoch': 0.36}
{'loss': 0.0, 'grad_norm': 3.1622776985168457, 'learning_rate': 0.0, 'epoch': 0.36}
{'loss': 0.0, 'grad_norm': 3.1622776985168457, 'learning_rate': 0.0, 'epoch': 0.36}
{'loss': 0.0, 'grad_norm': 3.1622776985168457, 'learning_rate': 0.0, 'epoch': 0.36}
{'loss': 0.0, 'grad_norm': 3.1622776985168457, 'learning_rate': 0.0, 'epoch': 0.36}
{'loss': 0.0, 'grad_norm': 3.1622776985168457, 'learning_rate': 0.0, 'epoch': 0.36}
{'loss': 0.0, 'grad_norm': 3.1622776985168457, 'learning_rate': 0.0, 'epoch': 0.36}
{'loss': 0.0, 'grad_norm': 3.1622776985168457, 'learning_rate': 0.0, 'epoch': 0.36}
{'loss': 0.0, 'grad_norm': 3.1622776985168457, 'learning_rate': 0.0, 'epoch': 0.36}
{'loss': 0.0, 'grad_norm': 3.1622776985168457, 'learning_rate': 0.0, 'epoch': 0.36}
{'loss': 0.0, 'grad_norm': 3.1622776985168457, 'learning_rate': 0.0, 'epoch': 0.36}
{'loss': 0.0, 'grad_norm': 3.1622776985168457, 'learning_rate': 0.0, 'epoch': 0.36}
{'loss': 0.0, 'grad_norm': 3.1622776985168457, 'learning_rate': 0.0, 'epoch': 0.36}
{'loss': 0.0, 'grad_norm': 3.1622776985168457, 'learning_rate': 0.0, 'epoch': 0.36}
{'loss': 0.0, 'grad_norm': 3.1622776985168457, 'learning_rate': 0.0, 'epoch': 0.36}
{'loss': 0.0, 'grad_norm': 3.1622776985168457, 'learning_rate': 0.0, 'epoch': 0.36}
{'loss': 0.0, 'grad_norm': 3.1622776985168457, 'learning_rate': 0.0, 'epoch': 0.36}
{'loss': 0.0, 'grad_norm': 3.1622776985168457, 'learning_rate': 0.0, 'epoch': 0.36}
{'loss': 0.0, 'grad_norm': 3.1622776985168457, 'learning_rate': 0.0, 'epoch': 0.36}
{'loss': 0.0, 'grad_norm': 3.1622776985168457, 'learning_rate': 0.0, 'epoch': 0.36}
{'loss': 0.0, 'grad_norm': 3.1622776985168457, 'learning_rate': 0.0, 'epoch': 0.37}
{'loss': 0.0, 'grad_norm': 3.1622776985168457, 'learning_rate': 0.0, 'epoch': 0.37}
{'loss': 0.0, 'grad_norm': 3.1622776985168457, 'learning_rate': 0.0, 'epoch': 0.37}
{'loss': 0.0, 'grad_norm': 3.1622776985168457, 'learning_rate': 0.0, 'epoch': 0.37}
{'loss': 0.0, 'grad_norm': 3.1622776985168457, 'learning_rate': 0.0, 'epoch': 0.37}
{'loss': 0.0, 'grad_norm': 3.1622776985168457, 'learning_rate': 0.0, 'epoch': 0.37}
{'loss': 0.0, 'grad_norm': 3.1622776985168457, 'learning_rate': 0.0, 'epoch': 0.37}
{'loss': 0.0, 'grad_norm': 3.1622776985168457, 'learning_rate': 0.0, 'epoch': 0.37}
{'loss': 0.0, 'grad_norm': 3.1622776985168457, 'learning_rate': 0.0, 'epoch': 0.37}
{'loss': 0.0, 'grad_norm': 3.1622776985168457, 'learning_rate': 0.0, 'epoch': 0.37}
{'loss': 0.0, 'grad_norm': 3.1622776985168457, 'learning_rate': 0.0, 'epoch': 0.37}
{'loss': 0.0, 'grad_norm': 3.1622776985168457, 'learning_rate': 0.0, 'epoch': 0.37}
{'loss': 0.0, 'grad_norm': 3.1622776985168457, 'learning_rate': 0.0, 'epoch': 0.37}
{'loss': 0.0, 'grad_norm': 3.1622776985168457, 'learning_rate': 0.0, 'epoch': 0.37}
{'loss': 0.0, 'grad_norm': 3.1622776985168457, 'learning_rate': 0.0, 'epoch': 0.37}
{'loss': 0.0, 'grad_norm': 3.1622776985168457, 'learning_rate': 0.0, 'epoch': 0.37}
{'loss': 0.0, 'grad_norm': 3.1622776985168457, 'learning_rate': 0.0, 'epoch': 0.37}
{'loss': 0.0, 'grad_norm': 3.1622776985168457, 'learning_rate': 0.0, 'epoch': 0.37}
{'loss': 0.0, 'grad_norm': 3.1622776985168457, 'learning_rate': 0.0, 'epoch': 0.37}
{'loss': 0.0, 'grad_norm': 3.1622776985168457, 'learning_rate': 0.0, 'epoch': 0.37}
{'loss': 0.0, 'grad_norm': 3.1622776985168457, 'learning_rate': 0.0, 'epoch': 0.37}
{'loss': 0.0, 'grad_norm': 3.1622776985168457, 'learning_rate': 0.0, 'epoch': 0.37}
{'loss': 0.0, 'grad_norm': 3.1622776985168457, 'learning_rate': 0.0, 'epoch': 0.37}
{'loss': 0.0, 'grad_norm': 3.1622776985168457, 'learning_rate': 0.0, 'epoch': 0.37}
{'loss': 0.0, 'grad_norm': 3.1622776985168457, 'learning_rate': 0.0, 'epoch': 0.37}
{'loss': 0.0, 'grad_norm': 3.1622776985168457, 'learning_rate': 0.0, 'epoch': 0.37}
{'loss': 0.0, 'grad_norm': 3.1622776985168457, 'learning_rate': 0.0, 'epoch': 0.37}
{'loss': 0.0, 'grad_norm': 3.1622776985168457, 'learning_rate': 0.0, 'epoch': 0.37}
{'loss': 0.0, 'grad_norm': 3.1622776985168457, 'learning_rate': 0.0, 'epoch': 0.37}
{'loss': 0.0, 'grad_norm': 3.1622776985168457, 'learning_rate': 0.0, 'epoch': 0.37}
{'loss': 0.0, 'grad_norm': 3.1622776985168457, 'learning_rate': 0.0, 'epoch': 0.37}
{'loss': 0.0, 'grad_norm': 3.1622776985168457, 'learning_rate': 0.0, 'epoch': 0.37}
{'loss': 0.0, 'grad_norm': 3.1622776985168457, 'learning_rate': 0.0, 'epoch': 0.37}
{'loss': 0.0, 'grad_norm': 3.1622776985168457, 'learning_rate': 0.0, 'epoch': 0.37}
{'loss': 0.0, 'grad_norm': 3.1622776985168457, 'learning_rate': 0.0, 'epoch': 0.37}
{'loss': 0.0, 'grad_norm': 3.1622776985168457, 'learning_rate': 0.0, 'epoch': 0.37}
{'loss': 0.0, 'grad_norm': 3.1622776985168457, 'learning_rate': 0.0, 'epoch': 0.37}
{'loss': 0.0, 'grad_norm': 3.1622776985168457, 'learning_rate': 0.0, 'epoch': 0.37}
{'loss': 0.0, 'grad_norm': 3.1622776985168457, 'learning_rate': 0.0, 'epoch': 0.37}
{'loss': 0.0, 'grad_norm': 3.1622776985168457, 'learning_rate': 0.0, 'epoch': 0.37}
{'loss': 0.0, 'grad_norm': 3.1622776985168457, 'learning_rate': 0.0, 'epoch': 0.37}
{'loss': 0.0, 'grad_norm': 3.1622776985168457, 'learning_rate': 0.0, 'epoch': 0.37}
{'loss': 0.0, 'grad_norm': 3.1622776985168457, 'learning_rate': 0.0, 'epoch': 0.37}
{'loss': 0.0, 'grad_norm': 3.1622776985168457, 'learning_rate': 0.0, 'epoch': 0.37}
{'loss': 0.0, 'grad_norm': 3.1622776985168457, 'learning_rate': 0.0, 'epoch': 0.37}
{'loss': 0.0, 'grad_norm': 3.1622776985168457, 'learning_rate': 0.0, 'epoch': 0.37}
{'loss': 0.0, 'grad_norm': 3.1622776985168457, 'learning_rate': 0.0, 'epoch': 0.37}
{'loss': 0.0, 'grad_norm': 3.1622776985168457, 'learning_rate': 0.0, 'epoch': 0.37}
{'loss': 0.0, 'grad_norm': 3.1622776985168457, 'learning_rate': 0.0, 'epoch': 0.37}
{'loss': 0.0, 'grad_norm': 3.1622776985168457, 'learning_rate': 0.0, 'epoch': 0.37}
{'loss': 0.0, 'grad_norm': 3.1622776985168457, 'learning_rate': 0.0, 'epoch': 0.37}
{'loss': 0.0, 'grad_norm': 3.1622776985168457, 'learning_rate': 0.0, 'epoch': 0.37}
{'loss': 0.0, 'grad_norm': 3.1622776985168457, 'learning_rate': 0.0, 'epoch': 0.38}
{'loss': 0.0, 'grad_norm': 3.1622776985168457, 'learning_rate': 0.0, 'epoch': 0.38}
{'loss': 0.0, 'grad_norm': 3.1622776985168457, 'learning_rate': 0.0, 'epoch': 0.38}
{'loss': 0.0, 'grad_norm': 3.1622776985168457, 'learning_rate': 0.0, 'epoch': 0.38}
{'loss': 0.0, 'grad_norm': 3.1622776985168457, 'learning_rate': 0.0, 'epoch': 0.38}
{'loss': 0.0, 'grad_norm': 3.1622776985168457, 'learning_rate': 0.0, 'epoch': 0.38}
{'loss': 0.0, 'grad_norm': 3.1622776985168457, 'learning_rate': 0.0, 'epoch': 0.38}
{'loss': 0.0, 'grad_norm': 3.1622776985168457, 'learning_rate': 0.0, 'epoch': 0.38}
{'loss': 0.0, 'grad_norm': 3.1622776985168457, 'learning_rate': 0.0, 'epoch': 0.38}
{'loss': 0.0, 'grad_norm': 3.1622776985168457, 'learning_rate': 0.0, 'epoch': 0.38}
{'loss': 0.0, 'grad_norm': 3.1622776985168457, 'learning_rate': 0.0, 'epoch': 0.38}
{'loss': 0.0, 'grad_norm': 3.1622776985168457, 'learning_rate': 0.0, 'epoch': 0.38}
{'loss': 0.0, 'grad_norm': 3.1622776985168457, 'learning_rate': 0.0, 'epoch': 0.38}
{'loss': 0.0, 'grad_norm': 3.1622776985168457, 'learning_rate': 0.0, 'epoch': 0.38}
{'loss': 0.0, 'grad_norm': 3.1622776985168457, 'learning_rate': 0.0, 'epoch': 0.38}
{'loss': 0.0, 'grad_norm': 3.1622776985168457, 'learning_rate': 0.0, 'epoch': 0.38}
{'loss': 0.0, 'grad_norm': 3.1622776985168457, 'learning_rate': 0.0, 'epoch': 0.38}
{'loss': 0.0, 'grad_norm': 3.1622776985168457, 'learning_rate': 0.0, 'epoch': 0.38}
{'loss': 0.0, 'grad_norm': 3.1622776985168457, 'learning_rate': 0.0, 'epoch': 0.38}
{'loss': 0.0, 'grad_norm': 3.1622776985168457, 'learning_rate': 0.0, 'epoch': 0.38}
{'loss': 0.0, 'grad_norm': 3.1622776985168457, 'learning_rate': 0.0, 'epoch': 0.38}
{'loss': 0.0, 'grad_norm': 3.1622776985168457, 'learning_rate': 0.0, 'epoch': 0.38}
{'loss': 0.0, 'grad_norm': 3.1622776985168457, 'learning_rate': 0.0, 'epoch': 0.38}
{'loss': 0.0, 'grad_norm': 3.1622776985168457, 'learning_rate': 0.0, 'epoch': 0.38}
{'loss': 0.0, 'grad_norm': 3.1622776985168457, 'learning_rate': 0.0, 'epoch': 0.38}
{'loss': 0.0, 'grad_norm': 3.1622776985168457, 'learning_rate': 0.0, 'epoch': 0.38}
{'loss': 0.0, 'grad_norm': 3.1622776985168457, 'learning_rate': 0.0, 'epoch': 0.38}
{'loss': 0.0, 'grad_norm': 3.1622776985168457, 'learning_rate': 0.0, 'epoch': 0.38}
{'loss': 0.0, 'grad_norm': 3.1622776985168457, 'learning_rate': 0.0, 'epoch': 0.38}
{'loss': 0.0, 'grad_norm': 3.1622776985168457, 'learning_rate': 0.0, 'epoch': 0.38}
{'loss': 0.0, 'grad_norm': 3.1622776985168457, 'learning_rate': 0.0, 'epoch': 0.38}
{'loss': 0.0, 'grad_norm': 3.1622776985168457, 'learning_rate': 0.0, 'epoch': 0.38}
{'loss': 0.0, 'grad_norm': 3.1622776985168457, 'learning_rate': 0.0, 'epoch': 0.38}
{'loss': 0.0, 'grad_norm': 3.1622776985168457, 'learning_rate': 0.0, 'epoch': 0.38}
{'loss': 0.0, 'grad_norm': 3.1622776985168457, 'learning_rate': 0.0, 'epoch': 0.38}
Error with image file is truncated (41 bytes not processed)
{'loss': 0.0, 'grad_norm': 3.1622776985168457, 'learning_rate': 0.0, 'epoch': 0.38}
{'loss': 0.0, 'grad_norm': 3.1622776985168457, 'learning_rate': 0.0, 'epoch': 0.38}
{'loss': 0.0, 'grad_norm': 3.1622776985168457, 'learning_rate': 0.0, 'epoch': 0.38}
{'loss': 0.0, 'grad_norm': 3.1622776985168457, 'learning_rate': 0.0, 'epoch': 0.38}
{'loss': 0.0, 'grad_norm': 3.1622776985168457, 'learning_rate': 0.0, 'epoch': 0.38}
{'loss': 0.0, 'grad_norm': 3.1622776985168457, 'learning_rate': 0.0, 'epoch': 0.38}
{'loss': 0.0, 'grad_norm': 3.1622776985168457, 'learning_rate': 0.0, 'epoch': 0.38}
{'loss': 0.0, 'grad_norm': 3.1622776985168457, 'learning_rate': 0.0, 'epoch': 0.38}
{'loss': 0.0, 'grad_norm': 3.1622776985168457, 'learning_rate': 0.0, 'epoch': 0.38}
{'loss': 0.0, 'grad_norm': 3.1622776985168457, 'learning_rate': 0.0, 'epoch': 0.38}
{'loss': 0.0, 'grad_norm': 3.1622776985168457, 'learning_rate': 0.0, 'epoch': 0.38}
{'loss': 0.0, 'grad_norm': 3.1622776985168457, 'learning_rate': 0.0, 'epoch': 0.38}
{'loss': 0.0, 'grad_norm': 3.1622776985168457, 'learning_rate': 0.0, 'epoch': 0.38}
{'loss': 0.0, 'grad_norm': 3.1622776985168457, 'learning_rate': 0.0, 'epoch': 0.38}
{'loss': 0.0, 'grad_norm': 3.1622776985168457, 'learning_rate': 0.0, 'epoch': 0.38}
{'loss': 0.0, 'grad_norm': 3.1622776985168457, 'learning_rate': 0.0, 'epoch': 0.38}
{'loss': 0.0, 'grad_norm': 3.1622776985168457, 'learning_rate': 0.0, 'epoch': 0.38}
{'loss': 0.0, 'grad_norm': 3.1622776985168457, 'learning_rate': 0.0, 'epoch': 0.39}
{'loss': 0.0, 'grad_norm': 3.1622776985168457, 'learning_rate': 0.0, 'epoch': 0.39}
{'loss': 0.0, 'grad_norm': 3.1622776985168457, 'learning_rate': 0.0, 'epoch': 0.39}
{'loss': 0.0, 'grad_norm': 3.1622776985168457, 'learning_rate': 0.0, 'epoch': 0.39}
{'loss': 0.0, 'grad_norm': 3.1622776985168457, 'learning_rate': 0.0, 'epoch': 0.39}
{'loss': 0.0, 'grad_norm': 3.1622776985168457, 'learning_rate': 0.0, 'epoch': 0.39}
{'loss': 0.0, 'grad_norm': 3.1622776985168457, 'learning_rate': 0.0, 'epoch': 0.39}
{'loss': 0.0, 'grad_norm': 3.1622776985168457, 'learning_rate': 0.0, 'epoch': 0.39}
{'loss': 0.0, 'grad_norm': 3.1622776985168457, 'learning_rate': 0.0, 'epoch': 0.39}
{'loss': 0.0, 'grad_norm': 3.1622776985168457, 'learning_rate': 0.0, 'epoch': 0.39}
{'loss': 0.0, 'grad_norm': 3.1622776985168457, 'learning_rate': 0.0, 'epoch': 0.39}
{'loss': 0.0, 'grad_norm': 3.1622776985168457, 'learning_rate': 0.0, 'epoch': 0.39}
{'loss': 0.0, 'grad_norm': 3.1622776985168457, 'learning_rate': 0.0, 'epoch': 0.39}
{'loss': 0.0, 'grad_norm': 3.1622776985168457, 'learning_rate': 0.0, 'epoch': 0.39}
{'loss': 0.0, 'grad_norm': 3.1622776985168457, 'learning_rate': 0.0, 'epoch': 0.39}
{'loss': 0.0, 'grad_norm': 3.1622776985168457, 'learning_rate': 0.0, 'epoch': 0.39}
{'loss': 0.0, 'grad_norm': 3.1622776985168457, 'learning_rate': 0.0, 'epoch': 0.39}
{'loss': 0.0, 'grad_norm': 3.1622776985168457, 'learning_rate': 0.0, 'epoch': 0.39}
{'loss': 0.0, 'grad_norm': 3.1622776985168457, 'learning_rate': 0.0, 'epoch': 0.39}
{'loss': 0.0, 'grad_norm': 3.1622776985168457, 'learning_rate': 0.0, 'epoch': 0.39}
{'loss': 0.0, 'grad_norm': 3.1622776985168457, 'learning_rate': 0.0, 'epoch': 0.39}
{'loss': 0.0, 'grad_norm': 3.1622776985168457, 'learning_rate': 0.0, 'epoch': 0.39}
{'loss': 0.0, 'grad_norm': 3.1622776985168457, 'learning_rate': 0.0, 'epoch': 0.39}
{'loss': 0.0, 'grad_norm': 3.1622776985168457, 'learning_rate': 0.0, 'epoch': 0.39}
{'loss': 0.0, 'grad_norm': 3.1622776985168457, 'learning_rate': 0.0, 'epoch': 0.39}
{'loss': 0.0, 'grad_norm': 3.1622776985168457, 'learning_rate': 0.0, 'epoch': 0.39}
{'loss': 0.0, 'grad_norm': 3.1622776985168457, 'learning_rate': 0.0, 'epoch': 0.39}
{'loss': 0.0, 'grad_norm': 3.1622776985168457, 'learning_rate': 0.0, 'epoch': 0.39}
{'loss': 0.0, 'grad_norm': 3.1622776985168457, 'learning_rate': 0.0, 'epoch': 0.39}
{'loss': 0.0, 'grad_norm': 3.1622776985168457, 'learning_rate': 0.0, 'epoch': 0.39}
{'loss': 0.0, 'grad_norm': 3.1622776985168457, 'learning_rate': 0.0, 'epoch': 0.39}
{'loss': 0.0, 'grad_norm': 3.1622776985168457, 'learning_rate': 0.0, 'epoch': 0.39}
{'loss': 0.0, 'grad_norm': 3.1622776985168457, 'learning_rate': 0.0, 'epoch': 0.39}
{'loss': 0.0, 'grad_norm': 3.1622776985168457, 'learning_rate': 0.0, 'epoch': 0.39}
{'loss': 0.0, 'grad_norm': 3.1622776985168457, 'learning_rate': 0.0, 'epoch': 0.39}
{'loss': 0.0, 'grad_norm': 3.1622776985168457, 'learning_rate': 0.0, 'epoch': 0.39}
{'loss': 0.0, 'grad_norm': 3.1622776985168457, 'learning_rate': 0.0, 'epoch': 0.39}
{'loss': 0.0, 'grad_norm': 3.1622776985168457, 'learning_rate': 0.0, 'epoch': 0.39}
{'loss': 0.0, 'grad_norm': 3.1622776985168457, 'learning_rate': 0.0, 'epoch': 0.39}
{'loss': 0.0, 'grad_norm': 3.1622776985168457, 'learning_rate': 0.0, 'epoch': 0.39}
{'loss': 0.0, 'grad_norm': 3.1622776985168457, 'learning_rate': 0.0, 'epoch': 0.39}
{'loss': 0.0, 'grad_norm': 3.1622776985168457, 'learning_rate': 0.0, 'epoch': 0.39}
{'loss': 0.0, 'grad_norm': 3.1622776985168457, 'learning_rate': 0.0, 'epoch': 0.39}
{'loss': 0.0, 'grad_norm': 3.1622776985168457, 'learning_rate': 0.0, 'epoch': 0.39}
{'loss': 0.0, 'grad_norm': 3.1622776985168457, 'learning_rate': 0.0, 'epoch': 0.39}
{'loss': 0.0, 'grad_norm': 3.1622776985168457, 'learning_rate': 0.0, 'epoch': 0.39}
{'loss': 0.0, 'grad_norm': 3.1622776985168457, 'learning_rate': 0.0, 'epoch': 0.39}
{'loss': 0.0, 'grad_norm': 3.1622776985168457, 'learning_rate': 0.0, 'epoch': 0.39}
{'loss': 0.0, 'grad_norm': 3.1622776985168457, 'learning_rate': 0.0, 'epoch': 0.39}
{'loss': 0.0, 'grad_norm': 3.1622776985168457, 'learning_rate': 0.0, 'epoch': 0.39}
{'loss': 0.0, 'grad_norm': 3.1622776985168457, 'learning_rate': 0.0, 'epoch': 0.39}
{'loss': 0.0, 'grad_norm': 3.1622776985168457, 'learning_rate': 0.0, 'epoch': 0.39}
{'loss': 0.0, 'grad_norm': 3.1622776985168457, 'learning_rate': 0.0, 'epoch': 0.4}
{'loss': 0.0, 'grad_norm': 3.1622776985168457, 'learning_rate': 0.0, 'epoch': 0.4}
{'loss': 0.0, 'grad_norm': 3.1622776985168457, 'learning_rate': 0.0, 'epoch': 0.4}
{'loss': 0.0, 'grad_norm': 3.1622776985168457, 'learning_rate': 0.0, 'epoch': 0.4}
{'loss': 0.0, 'grad_norm': 3.1622776985168457, 'learning_rate': 0.0, 'epoch': 0.4}
{'loss': 0.0, 'grad_norm': 3.1622776985168457, 'learning_rate': 0.0, 'epoch': 0.4}
{'loss': 0.0, 'grad_norm': 3.1622776985168457, 'learning_rate': 0.0, 'epoch': 0.4}
{'loss': 0.0, 'grad_norm': 3.1622776985168457, 'learning_rate': 0.0, 'epoch': 0.4}
{'loss': 0.0, 'grad_norm': 3.1622776985168457, 'learning_rate': 0.0, 'epoch': 0.4}
{'loss': 0.0, 'grad_norm': 3.1622776985168457, 'learning_rate': 0.0, 'epoch': 0.4}
{'loss': 0.0, 'grad_norm': 3.1622776985168457, 'learning_rate': 0.0, 'epoch': 0.4}
{'loss': 0.0, 'grad_norm': 3.1622776985168457, 'learning_rate': 0.0, 'epoch': 0.4}
{'loss': 0.0, 'grad_norm': 3.1622776985168457, 'learning_rate': 0.0, 'epoch': 0.4}
{'loss': 0.0, 'grad_norm': 3.1622776985168457, 'learning_rate': 0.0, 'epoch': 0.4}
{'loss': 0.0, 'grad_norm': 3.1622776985168457, 'learning_rate': 0.0, 'epoch': 0.4}
{'loss': 0.0, 'grad_norm': 3.1622776985168457, 'learning_rate': 0.0, 'epoch': 0.4}
{'loss': 0.0, 'grad_norm': 3.1622776985168457, 'learning_rate': 0.0, 'epoch': 0.4}
{'loss': 0.0, 'grad_norm': 3.1622776985168457, 'learning_rate': 0.0, 'epoch': 0.4}
{'loss': 0.0, 'grad_norm': 3.1622776985168457, 'learning_rate': 0.0, 'epoch': 0.4}
{'loss': 0.0, 'grad_norm': 3.1622776985168457, 'learning_rate': 0.0, 'epoch': 0.4}
{'loss': 0.0, 'grad_norm': 3.1622776985168457, 'learning_rate': 0.0, 'epoch': 0.4}
WARNING: tokenization mismatch: 0 vs. 1275. (ignored)
{'loss': 0.0, 'grad_norm': 3.1622776985168457, 'learning_rate': 0.0, 'epoch': 0.4}
{'loss': 0.0, 'grad_norm': 3.1622776985168457, 'learning_rate': 0.0, 'epoch': 0.4}
{'loss': 0.0, 'grad_norm': 3.1622776985168457, 'learning_rate': 0.0, 'epoch': 0.4}
{'loss': 0.0, 'grad_norm': 3.1622776985168457, 'learning_rate': 0.0, 'epoch': 0.4}
{'loss': 0.0, 'grad_norm': 3.1622776985168457, 'learning_rate': 0.0, 'epoch': 0.4}
{'loss': 0.0, 'grad_norm': 3.1622776985168457, 'learning_rate': 0.0, 'epoch': 0.4}
{'loss': 0.0, 'grad_norm': 3.1622776985168457, 'learning_rate': 0.0, 'epoch': 0.4}
{'loss': 0.0, 'grad_norm': 3.1622776985168457, 'learning_rate': 0.0, 'epoch': 0.4}
{'loss': 0.0, 'grad_norm': 3.1622776985168457, 'learning_rate': 0.0, 'epoch': 0.4}
{'loss': 0.0, 'grad_norm': 3.1622776985168457, 'learning_rate': 0.0, 'epoch': 0.4}
{'loss': 0.0, 'grad_norm': 3.1622776985168457, 'learning_rate': 0.0, 'epoch': 0.4}
{'loss': 0.0, 'grad_norm': 3.1622776985168457, 'learning_rate': 0.0, 'epoch': 0.4}
{'loss': 0.0, 'grad_norm': 3.1622776985168457, 'learning_rate': 0.0, 'epoch': 0.4}
{'loss': 0.0, 'grad_norm': 3.1622776985168457, 'learning_rate': 0.0, 'epoch': 0.4}
{'loss': 0.0, 'grad_norm': 3.1622776985168457, 'learning_rate': 0.0, 'epoch': 0.4}
{'loss': 0.0, 'grad_norm': 3.1622776985168457, 'learning_rate': 0.0, 'epoch': 0.4}
{'loss': 0.0, 'grad_norm': 3.1622776985168457, 'learning_rate': 0.0, 'epoch': 0.4}
{'loss': 0.0, 'grad_norm': 3.1622776985168457, 'learning_rate': 0.0, 'epoch': 0.4}
{'loss': 0.0, 'grad_norm': 3.1622776985168457, 'learning_rate': 0.0, 'epoch': 0.4}
{'loss': 0.0, 'grad_norm': 3.1622776985168457, 'learning_rate': 0.0, 'epoch': 0.4}
{'loss': 0.0, 'grad_norm': 3.1622776985168457, 'learning_rate': 0.0, 'epoch': 0.4}
{'loss': 0.0, 'grad_norm': 3.1622776985168457, 'learning_rate': 0.0, 'epoch': 0.4}
{'loss': 0.0, 'grad_norm': 3.1622776985168457, 'learning_rate': 0.0, 'epoch': 0.4}
{'loss': 0.0, 'grad_norm': 3.1622776985168457, 'learning_rate': 0.0, 'epoch': 0.4}
{'loss': 0.0, 'grad_norm': 3.1622776985168457, 'learning_rate': 0.0, 'epoch': 0.4}
{'loss': 0.0, 'grad_norm': 3.1622776985168457, 'learning_rate': 0.0, 'epoch': 0.4}
{'loss': 0.0, 'grad_norm': 3.1622776985168457, 'learning_rate': 0.0, 'epoch': 0.4}
{'loss': 0.0, 'grad_norm': 3.1622776985168457, 'learning_rate': 0.0, 'epoch': 0.4}
{'loss': 0.0, 'grad_norm': 3.1622776985168457, 'learning_rate': 0.0, 'epoch': 0.4}
{'loss': 0.0, 'grad_norm': 3.1622776985168457, 'learning_rate': 0.0, 'epoch': 0.4}
{'loss': 0.0, 'grad_norm': 3.1622776985168457, 'learning_rate': 0.0, 'epoch': 0.4}
{'loss': 0.0, 'grad_norm': 3.1622776985168457, 'learning_rate': 0.0, 'epoch': 0.41}
{'loss': 0.0, 'grad_norm': 3.1622776985168457, 'learning_rate': 0.0, 'epoch': 0.41}
{'loss': 0.0, 'grad_norm': 3.1622776985168457, 'learning_rate': 0.0, 'epoch': 0.41}
{'loss': 0.0, 'grad_norm': 3.1622776985168457, 'learning_rate': 0.0, 'epoch': 0.41}
{'loss': 0.0, 'grad_norm': 3.1622776985168457, 'learning_rate': 0.0, 'epoch': 0.41}
{'loss': 0.0, 'grad_norm': 3.1622776985168457, 'learning_rate': 0.0, 'epoch': 0.41}
{'loss': 0.0, 'grad_norm': 3.1622776985168457, 'learning_rate': 0.0, 'epoch': 0.41}
{'loss': 0.0, 'grad_norm': 3.1622776985168457, 'learning_rate': 0.0, 'epoch': 0.41}
{'loss': 0.0, 'grad_norm': 3.1622776985168457, 'learning_rate': 0.0, 'epoch': 0.41}
{'loss': 0.0, 'grad_norm': 3.1622776985168457, 'learning_rate': 0.0, 'epoch': 0.41}
{'loss': 0.0, 'grad_norm': 3.1622776985168457, 'learning_rate': 0.0, 'epoch': 0.41}
{'loss': 0.0, 'grad_norm': 3.1622776985168457, 'learning_rate': 0.0, 'epoch': 0.41}
{'loss': 0.0, 'grad_norm': 3.1622776985168457, 'learning_rate': 0.0, 'epoch': 0.41}
{'loss': 0.0, 'grad_norm': 3.1622776985168457, 'learning_rate': 0.0, 'epoch': 0.41}
{'loss': 0.0, 'grad_norm': 3.1622776985168457, 'learning_rate': 0.0, 'epoch': 0.41}
{'loss': 0.0, 'grad_norm': 3.1622776985168457, 'learning_rate': 0.0, 'epoch': 0.41}
{'loss': 0.0, 'grad_norm': 3.1622776985168457, 'learning_rate': 0.0, 'epoch': 0.41}
{'loss': 0.0, 'grad_norm': 3.1622776985168457, 'learning_rate': 0.0, 'epoch': 0.41}
{'loss': 0.0, 'grad_norm': 3.1622776985168457, 'learning_rate': 0.0, 'epoch': 0.41}
{'loss': 0.0, 'grad_norm': 3.1622776985168457, 'learning_rate': 0.0, 'epoch': 0.41}
{'loss': 0.0, 'grad_norm': 3.1622776985168457, 'learning_rate': 0.0, 'epoch': 0.41}
{'loss': 0.0, 'grad_norm': 3.1622776985168457, 'learning_rate': 0.0, 'epoch': 0.41}
{'loss': 0.0, 'grad_norm': 3.1622776985168457, 'learning_rate': 0.0, 'epoch': 0.41}
{'loss': 0.0, 'grad_norm': 3.1622776985168457, 'learning_rate': 0.0, 'epoch': 0.41}
{'loss': 0.0, 'grad_norm': 3.1622776985168457, 'learning_rate': 0.0, 'epoch': 0.41}
{'loss': 0.0, 'grad_norm': 3.1622776985168457, 'learning_rate': 0.0, 'epoch': 0.41}
{'loss': 0.0, 'grad_norm': 3.1622776985168457, 'learning_rate': 0.0, 'epoch': 0.41}
{'loss': 0.0, 'grad_norm': 3.1622776985168457, 'learning_rate': 0.0, 'epoch': 0.41}
{'loss': 0.0, 'grad_norm': 3.1622776985168457, 'learning_rate': 0.0, 'epoch': 0.41}
{'loss': 0.0, 'grad_norm': 3.1622776985168457, 'learning_rate': 0.0, 'epoch': 0.41}
{'loss': 0.0, 'grad_norm': 3.1622776985168457, 'learning_rate': 0.0, 'epoch': 0.41}
{'loss': 0.0, 'grad_norm': 3.1622776985168457, 'learning_rate': 0.0, 'epoch': 0.41}
{'loss': 0.0, 'grad_norm': 3.1622776985168457, 'learning_rate': 0.0, 'epoch': 0.41}
{'loss': 0.0, 'grad_norm': 3.1622776985168457, 'learning_rate': 0.0, 'epoch': 0.41}
{'loss': 0.0, 'grad_norm': 3.1622776985168457, 'learning_rate': 0.0, 'epoch': 0.41}
{'loss': 0.0, 'grad_norm': 3.1622776985168457, 'learning_rate': 0.0, 'epoch': 0.41}
{'loss': 0.0, 'grad_norm': 3.1622776985168457, 'learning_rate': 0.0, 'epoch': 0.41}
{'loss': 0.0, 'grad_norm': 3.1622776985168457, 'learning_rate': 0.0, 'epoch': 0.41}
{'loss': 0.0, 'grad_norm': 3.1622776985168457, 'learning_rate': 0.0, 'epoch': 0.41}
{'loss': 0.0, 'grad_norm': 3.1622776985168457, 'learning_rate': 0.0, 'epoch': 0.41}
{'loss': 0.0, 'grad_norm': 3.1622776985168457, 'learning_rate': 0.0, 'epoch': 0.41}
{'loss': 0.0, 'grad_norm': 3.1622776985168457, 'learning_rate': 0.0, 'epoch': 0.41}
{'loss': 0.0, 'grad_norm': 3.1622776985168457, 'learning_rate': 0.0, 'epoch': 0.41}
{'loss': 0.0, 'grad_norm': 3.1622776985168457, 'learning_rate': 0.0, 'epoch': 0.41}
{'loss': 0.0, 'grad_norm': 3.1622776985168457, 'learning_rate': 0.0, 'epoch': 0.41}
{'loss': 0.0, 'grad_norm': 3.1622776985168457, 'learning_rate': 0.0, 'epoch': 0.41}
{'loss': 0.0, 'grad_norm': 3.1622776985168457, 'learning_rate': 0.0, 'epoch': 0.41}
{'loss': 0.0, 'grad_norm': 3.1622776985168457, 'learning_rate': 0.0, 'epoch': 0.41}
{'loss': 0.0, 'grad_norm': 3.1622776985168457, 'learning_rate': 0.0, 'epoch': 0.41}
{'loss': 0.0, 'grad_norm': 3.1622776985168457, 'learning_rate': 0.0, 'epoch': 0.41}
{'loss': 0.0, 'grad_norm': 3.1622776985168457, 'learning_rate': 0.0, 'epoch': 0.41}
{'loss': 0.0, 'grad_norm': 3.1622776985168457, 'learning_rate': 0.0, 'epoch': 0.41}
{'loss': 0.0, 'grad_norm': 3.1622776985168457, 'learning_rate': 0.0, 'epoch': 0.42}
{'loss': 0.0, 'grad_norm': 3.1622776985168457, 'learning_rate': 0.0, 'epoch': 0.42}
{'loss': 0.0, 'grad_norm': 3.1622776985168457, 'learning_rate': 0.0, 'epoch': 0.42}
{'loss': 0.0, 'grad_norm': 3.1622776985168457, 'learning_rate': 0.0, 'epoch': 0.42}
{'loss': 0.0, 'grad_norm': 3.1622776985168457, 'learning_rate': 0.0, 'epoch': 0.42}
{'loss': 0.0, 'grad_norm': 3.1622776985168457, 'learning_rate': 0.0, 'epoch': 0.42}
{'loss': 0.0, 'grad_norm': 3.1622776985168457, 'learning_rate': 0.0, 'epoch': 0.42}
{'loss': 0.0, 'grad_norm': 3.1622776985168457, 'learning_rate': 0.0, 'epoch': 0.42}
{'loss': 0.0, 'grad_norm': 3.1622776985168457, 'learning_rate': 0.0, 'epoch': 0.42}
{'loss': 0.0, 'grad_norm': 3.1622776985168457, 'learning_rate': 0.0, 'epoch': 0.42}
{'loss': 0.0, 'grad_norm': 3.1622776985168457, 'learning_rate': 0.0, 'epoch': 0.42}
{'loss': 0.0, 'grad_norm': 3.1622776985168457, 'learning_rate': 0.0, 'epoch': 0.42}
{'loss': 0.0, 'grad_norm': 3.1622776985168457, 'learning_rate': 0.0, 'epoch': 0.42}
{'loss': 0.0, 'grad_norm': 3.1622776985168457, 'learning_rate': 0.0, 'epoch': 0.42}
{'loss': 0.0, 'grad_norm': 3.1622776985168457, 'learning_rate': 0.0, 'epoch': 0.42}
{'loss': 0.0, 'grad_norm': 3.1622776985168457, 'learning_rate': 0.0, 'epoch': 0.42}
WARNING: tokenization mismatch: 80 vs. 81. (ignored)
{'loss': 0.0, 'grad_norm': 3.1622776985168457, 'learning_rate': 0.0, 'epoch': 0.42}
{'loss': 0.0, 'grad_norm': 3.1622776985168457, 'learning_rate': 0.0, 'epoch': 0.42}
{'loss': 0.0, 'grad_norm': 3.1622776985168457, 'learning_rate': 0.0, 'epoch': 0.42}
{'loss': 0.0, 'grad_norm': 3.1622776985168457, 'learning_rate': 0.0, 'epoch': 0.42}
{'loss': 0.0, 'grad_norm': 3.1622776985168457, 'learning_rate': 0.0, 'epoch': 0.42}
{'loss': 0.0, 'grad_norm': 3.1622776985168457, 'learning_rate': 0.0, 'epoch': 0.42}
{'loss': 0.0, 'grad_norm': 3.1622776985168457, 'learning_rate': 0.0, 'epoch': 0.42}
{'loss': 0.0, 'grad_norm': 3.1622776985168457, 'learning_rate': 0.0, 'epoch': 0.42}
{'loss': 0.0, 'grad_norm': 3.1622776985168457, 'learning_rate': 0.0, 'epoch': 0.42}
{'loss': 0.0, 'grad_norm': 3.1622776985168457, 'learning_rate': 0.0, 'epoch': 0.42}
{'loss': 0.0, 'grad_norm': 3.1622776985168457, 'learning_rate': 0.0, 'epoch': 0.42}
{'loss': 0.0, 'grad_norm': 3.1622776985168457, 'learning_rate': 0.0, 'epoch': 0.42}
{'loss': 0.0, 'grad_norm': 3.1622776985168457, 'learning_rate': 0.0, 'epoch': 0.42}
{'loss': 0.0, 'grad_norm': 3.1622776985168457, 'learning_rate': 0.0, 'epoch': 0.42}
{'loss': 0.0, 'grad_norm': 3.1622776985168457, 'learning_rate': 0.0, 'epoch': 0.42}
{'loss': 0.0, 'grad_norm': 3.1622776985168457, 'learning_rate': 0.0, 'epoch': 0.42}
{'loss': 0.0, 'grad_norm': 3.1622776985168457, 'learning_rate': 0.0, 'epoch': 0.42}
{'loss': 0.0, 'grad_norm': 3.1622776985168457, 'learning_rate': 0.0, 'epoch': 0.42}
{'loss': 0.0, 'grad_norm': 3.1622776985168457, 'learning_rate': 0.0, 'epoch': 0.42}
{'loss': 0.0, 'grad_norm': 3.1622776985168457, 'learning_rate': 0.0, 'epoch': 0.42}
{'loss': 0.0, 'grad_norm': 3.1622776985168457, 'learning_rate': 0.0, 'epoch': 0.42}
{'loss': 0.0, 'grad_norm': 3.1622776985168457, 'learning_rate': 0.0, 'epoch': 0.42}
{'loss': 0.0, 'grad_norm': 3.1622776985168457, 'learning_rate': 0.0, 'epoch': 0.42}
{'loss': 0.0, 'grad_norm': 3.1622776985168457, 'learning_rate': 0.0, 'epoch': 0.42}
{'loss': 0.0, 'grad_norm': 3.1622776985168457, 'learning_rate': 0.0, 'epoch': 0.42}
{'loss': 0.0, 'grad_norm': 3.1622776985168457, 'learning_rate': 0.0, 'epoch': 0.42}
{'loss': 0.0, 'grad_norm': 3.1622776985168457, 'learning_rate': 0.0, 'epoch': 0.42}
{'loss': 0.0, 'grad_norm': 3.1622776985168457, 'learning_rate': 0.0, 'epoch': 0.42}
{'loss': 0.0, 'grad_norm': 3.1622776985168457, 'learning_rate': 0.0, 'epoch': 0.42}
{'loss': 0.0, 'grad_norm': 3.1622776985168457, 'learning_rate': 0.0, 'epoch': 0.42}
{'loss': 0.0, 'grad_norm': 3.1622776985168457, 'learning_rate': 0.0, 'epoch': 0.42}
{'loss': 0.0, 'grad_norm': 3.1622776985168457, 'learning_rate': 0.0, 'epoch': 0.42}
{'loss': 0.0, 'grad_norm': 3.1622776985168457, 'learning_rate': 0.0, 'epoch': 0.42}
{'loss': 0.0, 'grad_norm': 3.1622776985168457, 'learning_rate': 0.0, 'epoch': 0.42}
{'loss': 0.0, 'grad_norm': 3.1622776985168457, 'learning_rate': 0.0, 'epoch': 0.42}
{'loss': 0.0, 'grad_norm': 3.1622776985168457, 'learning_rate': 0.0, 'epoch': 0.42}
{'loss': 0.0, 'grad_norm': 3.1622776985168457, 'learning_rate': 0.0, 'epoch': 0.43}
{'loss': 0.0, 'grad_norm': 3.1622776985168457, 'learning_rate': 0.0, 'epoch': 0.43}
{'loss': 0.0, 'grad_norm': 3.1622776985168457, 'learning_rate': 0.0, 'epoch': 0.43}
{'loss': 0.0, 'grad_norm': 3.1622776985168457, 'learning_rate': 0.0, 'epoch': 0.43}
{'loss': 0.0, 'grad_norm': 3.1622776985168457, 'learning_rate': 0.0, 'epoch': 0.43}
{'loss': 0.0, 'grad_norm': 3.1622776985168457, 'learning_rate': 0.0, 'epoch': 0.43}
{'loss': 0.0, 'grad_norm': 3.1622776985168457, 'learning_rate': 0.0, 'epoch': 0.43}
{'loss': 0.0, 'grad_norm': 3.1622776985168457, 'learning_rate': 0.0, 'epoch': 0.43}
{'loss': 0.0, 'grad_norm': 3.1622776985168457, 'learning_rate': 0.0, 'epoch': 0.43}
{'loss': 0.0, 'grad_norm': 3.1622776985168457, 'learning_rate': 0.0, 'epoch': 0.43}
{'loss': 0.0, 'grad_norm': 3.1622776985168457, 'learning_rate': 0.0, 'epoch': 0.43}
{'loss': 0.0, 'grad_norm': 3.1622776985168457, 'learning_rate': 0.0, 'epoch': 0.43}
{'loss': 0.0, 'grad_norm': 3.1622776985168457, 'learning_rate': 0.0, 'epoch': 0.43}
{'loss': 0.0, 'grad_norm': 3.1622776985168457, 'learning_rate': 0.0, 'epoch': 0.43}
{'loss': 0.0, 'grad_norm': 3.1622776985168457, 'learning_rate': 0.0, 'epoch': 0.43}
{'loss': 0.0, 'grad_norm': 3.1622776985168457, 'learning_rate': 0.0, 'epoch': 0.43}
{'loss': 0.0, 'grad_norm': 3.1622776985168457, 'learning_rate': 0.0, 'epoch': 0.43}
{'loss': 0.0, 'grad_norm': 3.1622776985168457, 'learning_rate': 0.0, 'epoch': 0.43}
{'loss': 0.0, 'grad_norm': 3.1622776985168457, 'learning_rate': 0.0, 'epoch': 0.43}
{'loss': 0.0, 'grad_norm': 3.1622776985168457, 'learning_rate': 0.0, 'epoch': 0.43}
{'loss': 0.0, 'grad_norm': 3.1622776985168457, 'learning_rate': 0.0, 'epoch': 0.43}
{'loss': 0.0, 'grad_norm': 3.1622776985168457, 'learning_rate': 0.0, 'epoch': 0.43}
{'loss': 0.0, 'grad_norm': 3.1622776985168457, 'learning_rate': 0.0, 'epoch': 0.43}
{'loss': 0.0, 'grad_norm': 3.1622776985168457, 'learning_rate': 0.0, 'epoch': 0.43}
{'loss': 0.0, 'grad_norm': 3.1622776985168457, 'learning_rate': 0.0, 'epoch': 0.43}
{'loss': 0.0, 'grad_norm': 3.1622776985168457, 'learning_rate': 0.0, 'epoch': 0.43}
{'loss': 0.0, 'grad_norm': 3.1622776985168457, 'learning_rate': 0.0, 'epoch': 0.43}
{'loss': 0.0, 'grad_norm': 3.1622776985168457, 'learning_rate': 0.0, 'epoch': 0.43}
{'loss': 0.0, 'grad_norm': 3.1622776985168457, 'learning_rate': 0.0, 'epoch': 0.43}
{'loss': 0.0, 'grad_norm': 3.1622776985168457, 'learning_rate': 0.0, 'epoch': 0.43}
{'loss': 0.0, 'grad_norm': 3.1622776985168457, 'learning_rate': 0.0, 'epoch': 0.43}
{'loss': 0.0, 'grad_norm': 3.1622776985168457, 'learning_rate': 0.0, 'epoch': 0.43}
{'loss': 0.0, 'grad_norm': 3.1622776985168457, 'learning_rate': 0.0, 'epoch': 0.43}
{'loss': 0.0, 'grad_norm': 3.1622776985168457, 'learning_rate': 0.0, 'epoch': 0.43}
{'loss': 0.0, 'grad_norm': 3.1622776985168457, 'learning_rate': 0.0, 'epoch': 0.43}
{'loss': 0.0, 'grad_norm': 3.1622776985168457, 'learning_rate': 0.0, 'epoch': 0.43}
{'loss': 0.0, 'grad_norm': 3.1622776985168457, 'learning_rate': 0.0, 'epoch': 0.43}
{'loss': 0.0, 'grad_norm': 3.1622776985168457, 'learning_rate': 0.0, 'epoch': 0.43}
{'loss': 0.0, 'grad_norm': 3.1622776985168457, 'learning_rate': 0.0, 'epoch': 0.43}
{'loss': 0.0, 'grad_norm': 3.1622776985168457, 'learning_rate': 0.0, 'epoch': 0.43}
{'loss': 0.0, 'grad_norm': 3.1622776985168457, 'learning_rate': 0.0, 'epoch': 0.43}
{'loss': 0.0, 'grad_norm': 3.1622776985168457, 'learning_rate': 0.0, 'epoch': 0.43}
{'loss': 0.0, 'grad_norm': 3.1622776985168457, 'learning_rate': 0.0, 'epoch': 0.43}
{'loss': 0.0, 'grad_norm': 3.1622776985168457, 'learning_rate': 0.0, 'epoch': 0.43}
{'loss': 0.0, 'grad_norm': 3.1622776985168457, 'learning_rate': 0.0, 'epoch': 0.43}
{'loss': 0.0, 'grad_norm': 3.1622776985168457, 'learning_rate': 0.0, 'epoch': 0.43}
{'loss': 0.0, 'grad_norm': 3.1622776985168457, 'learning_rate': 0.0, 'epoch': 0.43}
{'loss': 0.0, 'grad_norm': 3.1622776985168457, 'learning_rate': 0.0, 'epoch': 0.43}
{'loss': 0.0, 'grad_norm': 3.1622776985168457, 'learning_rate': 0.0, 'epoch': 0.43}
{'loss': 0.0, 'grad_norm': 3.1622776985168457, 'learning_rate': 0.0, 'epoch': 0.43}
{'loss': 0.0, 'grad_norm': 3.1622776985168457, 'learning_rate': 0.0, 'epoch': 0.43}
{'loss': 0.0, 'grad_norm': 3.1622776985168457, 'learning_rate': 0.0, 'epoch': 0.43}
{'loss': 0.0, 'grad_norm': 3.1622776985168457, 'learning_rate': 0.0, 'epoch': 0.44}
{'loss': 0.0, 'grad_norm': 3.1622776985168457, 'learning_rate': 0.0, 'epoch': 0.44}
{'loss': 0.0, 'grad_norm': 3.1622776985168457, 'learning_rate': 0.0, 'epoch': 0.44}
{'loss': 0.0, 'grad_norm': 3.1622776985168457, 'learning_rate': 0.0, 'epoch': 0.44}
{'loss': 0.0, 'grad_norm': 3.1622776985168457, 'learning_rate': 0.0, 'epoch': 0.44}
{'loss': 0.0, 'grad_norm': 3.1622776985168457, 'learning_rate': 0.0, 'epoch': 0.44}
{'loss': 0.0, 'grad_norm': 3.1622776985168457, 'learning_rate': 0.0, 'epoch': 0.44}
{'loss': 0.0, 'grad_norm': 3.1622776985168457, 'learning_rate': 0.0, 'epoch': 0.44}
{'loss': 0.0, 'grad_norm': 3.1622776985168457, 'learning_rate': 0.0, 'epoch': 0.44}
{'loss': 0.0, 'grad_norm': 3.1622776985168457, 'learning_rate': 0.0, 'epoch': 0.44}
Error with image file is truncated (152 bytes not processed)
{'loss': 0.0, 'grad_norm': 3.1622776985168457, 'learning_rate': 0.0, 'epoch': 0.44}
{'loss': 0.0, 'grad_norm': 3.1622776985168457, 'learning_rate': 0.0, 'epoch': 0.44}
{'loss': 0.0, 'grad_norm': 3.1622776985168457, 'learning_rate': 0.0, 'epoch': 0.44}
{'loss': 0.0, 'grad_norm': 3.1622776985168457, 'learning_rate': 0.0, 'epoch': 0.44}
{'loss': 0.0, 'grad_norm': 3.1622776985168457, 'learning_rate': 0.0, 'epoch': 0.44}
{'loss': 0.0, 'grad_norm': 3.1622776985168457, 'learning_rate': 0.0, 'epoch': 0.44}
{'loss': 0.0, 'grad_norm': 3.1622776985168457, 'learning_rate': 0.0, 'epoch': 0.44}
{'loss': 0.0, 'grad_norm': 3.1622776985168457, 'learning_rate': 0.0, 'epoch': 0.44}
{'loss': 0.0, 'grad_norm': 3.1622776985168457, 'learning_rate': 0.0, 'epoch': 0.44}
{'loss': 0.0, 'grad_norm': 3.1622776985168457, 'learning_rate': 0.0, 'epoch': 0.44}
{'loss': 0.0, 'grad_norm': 3.1622776985168457, 'learning_rate': 0.0, 'epoch': 0.44}
{'loss': 0.0, 'grad_norm': 3.1622776985168457, 'learning_rate': 0.0, 'epoch': 0.44}
{'loss': 0.0, 'grad_norm': 3.1622776985168457, 'learning_rate': 0.0, 'epoch': 0.44}
{'loss': 0.0, 'grad_norm': 3.1622776985168457, 'learning_rate': 0.0, 'epoch': 0.44}
{'loss': 0.0, 'grad_norm': 3.1622776985168457, 'learning_rate': 0.0, 'epoch': 0.44}
{'loss': 0.0, 'grad_norm': 3.1622776985168457, 'learning_rate': 0.0, 'epoch': 0.44}
{'loss': 0.0, 'grad_norm': 3.1622776985168457, 'learning_rate': 0.0, 'epoch': 0.44}
{'loss': 0.0, 'grad_norm': 3.1622776985168457, 'learning_rate': 0.0, 'epoch': 0.44}
{'loss': 0.0, 'grad_norm': 3.1622776985168457, 'learning_rate': 0.0, 'epoch': 0.44}
{'loss': 0.0, 'grad_norm': 3.1622776985168457, 'learning_rate': 0.0, 'epoch': 0.44}
{'loss': 0.0, 'grad_norm': 3.1622776985168457, 'learning_rate': 0.0, 'epoch': 0.44}
{'loss': 0.0, 'grad_norm': 3.1622776985168457, 'learning_rate': 0.0, 'epoch': 0.44}
{'loss': 0.0, 'grad_norm': 3.1622776985168457, 'learning_rate': 0.0, 'epoch': 0.44}
{'loss': 0.0, 'grad_norm': 3.1622776985168457, 'learning_rate': 0.0, 'epoch': 0.44}
{'loss': 0.0, 'grad_norm': 3.1622776985168457, 'learning_rate': 0.0, 'epoch': 0.44}
{'loss': 0.0, 'grad_norm': 3.1622776985168457, 'learning_rate': 0.0, 'epoch': 0.44}
{'loss': 0.0, 'grad_norm': 3.1622776985168457, 'learning_rate': 0.0, 'epoch': 0.44}
{'loss': 0.0, 'grad_norm': 3.1622776985168457, 'learning_rate': 0.0, 'epoch': 0.44}
{'loss': 0.0, 'grad_norm': 3.1622776985168457, 'learning_rate': 0.0, 'epoch': 0.44}
{'loss': 0.0, 'grad_norm': 3.1622776985168457, 'learning_rate': 0.0, 'epoch': 0.44}
{'loss': 0.0, 'grad_norm': 3.1622776985168457, 'learning_rate': 0.0, 'epoch': 0.44}
{'loss': 0.0, 'grad_norm': 3.1622776985168457, 'learning_rate': 0.0, 'epoch': 0.44}
{'loss': 0.0, 'grad_norm': 3.1622776985168457, 'learning_rate': 0.0, 'epoch': 0.44}
{'loss': 0.0, 'grad_norm': 3.1622776985168457, 'learning_rate': 0.0, 'epoch': 0.44}
{'loss': 0.0, 'grad_norm': 3.1622776985168457, 'learning_rate': 0.0, 'epoch': 0.44}
{'loss': 0.0, 'grad_norm': 3.1622776985168457, 'learning_rate': 0.0, 'epoch': 0.44}
{'loss': 0.0, 'grad_norm': 3.1622776985168457, 'learning_rate': 0.0, 'epoch': 0.44}
{'loss': 0.0, 'grad_norm': 3.1622776985168457, 'learning_rate': 0.0, 'epoch': 0.44}
{'loss': 0.0, 'grad_norm': 3.1622776985168457, 'learning_rate': 0.0, 'epoch': 0.44}
{'loss': 0.0, 'grad_norm': 3.1622776985168457, 'learning_rate': 0.0, 'epoch': 0.44}
{'loss': 0.0, 'grad_norm': 3.1622776985168457, 'learning_rate': 0.0, 'epoch': 0.44}
{'loss': 0.0, 'grad_norm': 3.1622776985168457, 'learning_rate': 0.0, 'epoch': 0.44}
{'loss': 0.0, 'grad_norm': 3.1622776985168457, 'learning_rate': 0.0, 'epoch': 0.45}
{'loss': 0.0, 'grad_norm': 3.1622776985168457, 'learning_rate': 0.0, 'epoch': 0.45}
{'loss': 0.0, 'grad_norm': 3.1622776985168457, 'learning_rate': 0.0, 'epoch': 0.45}
{'loss': 0.0, 'grad_norm': 3.1622776985168457, 'learning_rate': 0.0, 'epoch': 0.45}
{'loss': 0.0, 'grad_norm': 3.1622776985168457, 'learning_rate': 0.0, 'epoch': 0.45}
{'loss': 0.0, 'grad_norm': 3.1622776985168457, 'learning_rate': 0.0, 'epoch': 0.45}
{'loss': 0.0, 'grad_norm': 3.1622776985168457, 'learning_rate': 0.0, 'epoch': 0.45}
{'loss': 0.0, 'grad_norm': 3.1622776985168457, 'learning_rate': 0.0, 'epoch': 0.45}
{'loss': 0.0, 'grad_norm': 3.1622776985168457, 'learning_rate': 0.0, 'epoch': 0.45}
{'loss': 0.0, 'grad_norm': 3.1622776985168457, 'learning_rate': 0.0, 'epoch': 0.45}
{'loss': 0.0, 'grad_norm': 3.1622776985168457, 'learning_rate': 0.0, 'epoch': 0.45}
{'loss': 0.0, 'grad_norm': 3.1622776985168457, 'learning_rate': 0.0, 'epoch': 0.45}
{'loss': 0.0, 'grad_norm': 3.1622776985168457, 'learning_rate': 0.0, 'epoch': 0.45}
{'loss': 0.0, 'grad_norm': 3.1622776985168457, 'learning_rate': 0.0, 'epoch': 0.45}
{'loss': 0.0, 'grad_norm': 3.1622776985168457, 'learning_rate': 0.0, 'epoch': 0.45}
{'loss': 0.0, 'grad_norm': 3.1622776985168457, 'learning_rate': 0.0, 'epoch': 0.45}
{'loss': 0.0, 'grad_norm': 3.1622776985168457, 'learning_rate': 0.0, 'epoch': 0.45}
{'loss': 0.0, 'grad_norm': 3.1622776985168457, 'learning_rate': 0.0, 'epoch': 0.45}
{'loss': 0.0, 'grad_norm': 3.1622776985168457, 'learning_rate': 0.0, 'epoch': 0.45}
{'loss': 0.0, 'grad_norm': 3.1622776985168457, 'learning_rate': 0.0, 'epoch': 0.45}
{'loss': 0.0, 'grad_norm': 3.1622776985168457, 'learning_rate': 0.0, 'epoch': 0.45}
{'loss': 0.0, 'grad_norm': 3.1622776985168457, 'learning_rate': 0.0, 'epoch': 0.45}
{'loss': 0.0, 'grad_norm': 3.1622776985168457, 'learning_rate': 0.0, 'epoch': 0.45}
{'loss': 0.0, 'grad_norm': 3.1622776985168457, 'learning_rate': 0.0, 'epoch': 0.45}
{'loss': 0.0, 'grad_norm': 3.1622776985168457, 'learning_rate': 0.0, 'epoch': 0.45}
{'loss': 0.0, 'grad_norm': 3.1622776985168457, 'learning_rate': 0.0, 'epoch': 0.45}
{'loss': 0.0, 'grad_norm': 3.1622776985168457, 'learning_rate': 0.0, 'epoch': 0.45}
{'loss': 0.0, 'grad_norm': 3.1622776985168457, 'learning_rate': 0.0, 'epoch': 0.45}
{'loss': 0.0, 'grad_norm': 3.1622776985168457, 'learning_rate': 0.0, 'epoch': 0.45}
{'loss': 0.0, 'grad_norm': 3.1622776985168457, 'learning_rate': 0.0, 'epoch': 0.45}
{'loss': 0.0, 'grad_norm': 3.1622776985168457, 'learning_rate': 0.0, 'epoch': 0.45}
{'loss': 0.0, 'grad_norm': 3.1622776985168457, 'learning_rate': 0.0, 'epoch': 0.45}
{'loss': 0.0, 'grad_norm': 3.1622776985168457, 'learning_rate': 0.0, 'epoch': 0.45}
{'loss': 0.0, 'grad_norm': 3.1622776985168457, 'learning_rate': 0.0, 'epoch': 0.45}
{'loss': 0.0, 'grad_norm': 3.1622776985168457, 'learning_rate': 0.0, 'epoch': 0.45}
{'loss': 0.0, 'grad_norm': 3.1622776985168457, 'learning_rate': 0.0, 'epoch': 0.45}
{'loss': 0.0, 'grad_norm': 3.1622776985168457, 'learning_rate': 0.0, 'epoch': 0.45}
{'loss': 0.0, 'grad_norm': 3.1622776985168457, 'learning_rate': 0.0, 'epoch': 0.45}
{'loss': 0.0, 'grad_norm': 3.1622776985168457, 'learning_rate': 0.0, 'epoch': 0.45}
{'loss': 0.0, 'grad_norm': 3.1622776985168457, 'learning_rate': 0.0, 'epoch': 0.45}
{'loss': 0.0, 'grad_norm': 3.1622776985168457, 'learning_rate': 0.0, 'epoch': 0.45}
{'loss': 0.0, 'grad_norm': 3.1622776985168457, 'learning_rate': 0.0, 'epoch': 0.45}
{'loss': 0.0, 'grad_norm': 3.1622776985168457, 'learning_rate': 0.0, 'epoch': 0.45}
{'loss': 0.0, 'grad_norm': 3.1622776985168457, 'learning_rate': 0.0, 'epoch': 0.45}
{'loss': 0.0, 'grad_norm': 3.1622776985168457, 'learning_rate': 0.0, 'epoch': 0.45}
{'loss': 0.0, 'grad_norm': 3.1622776985168457, 'learning_rate': 0.0, 'epoch': 0.45}
{'loss': 0.0, 'grad_norm': 3.1622776985168457, 'learning_rate': 0.0, 'epoch': 0.45}
{'loss': 0.0, 'grad_norm': 3.1622776985168457, 'learning_rate': 0.0, 'epoch': 0.45}
{'loss': 0.0, 'grad_norm': 3.1622776985168457, 'learning_rate': 0.0, 'epoch': 0.45}
{'loss': 0.0, 'grad_norm': 3.1622776985168457, 'learning_rate': 0.0, 'epoch': 0.45}
{'loss': 0.0, 'grad_norm': 3.1622776985168457, 'learning_rate': 0.0, 'epoch': 0.45}
{'loss': 0.0, 'grad_norm': 3.1622776985168457, 'learning_rate': 0.0, 'epoch': 0.45}
{'loss': 0.0, 'grad_norm': 3.1622776985168457, 'learning_rate': 0.0, 'epoch': 0.46}
{'loss': 0.0, 'grad_norm': 3.1622776985168457, 'learning_rate': 0.0, 'epoch': 0.46}
{'loss': 0.0, 'grad_norm': 3.1622776985168457, 'learning_rate': 0.0, 'epoch': 0.46}
{'loss': 0.0, 'grad_norm': 3.1622776985168457, 'learning_rate': 0.0, 'epoch': 0.46}
{'loss': 0.0, 'grad_norm': 3.1622776985168457, 'learning_rate': 0.0, 'epoch': 0.46}
{'loss': 0.0, 'grad_norm': 3.1622776985168457, 'learning_rate': 0.0, 'epoch': 0.46}
{'loss': 0.0, 'grad_norm': 3.1622776985168457, 'learning_rate': 0.0, 'epoch': 0.46}
{'loss': 0.0, 'grad_norm': 3.1622776985168457, 'learning_rate': 0.0, 'epoch': 0.46}
{'loss': 0.0, 'grad_norm': 3.1622776985168457, 'learning_rate': 0.0, 'epoch': 0.46}
{'loss': 0.0, 'grad_norm': 3.1622776985168457, 'learning_rate': 0.0, 'epoch': 0.46}
{'loss': 0.0, 'grad_norm': 3.1622776985168457, 'learning_rate': 0.0, 'epoch': 0.46}
{'loss': 0.0, 'grad_norm': 3.1622776985168457, 'learning_rate': 0.0, 'epoch': 0.46}
{'loss': 0.0, 'grad_norm': 3.1622776985168457, 'learning_rate': 0.0, 'epoch': 0.46}
{'loss': 0.0, 'grad_norm': 3.1622776985168457, 'learning_rate': 0.0, 'epoch': 0.46}
{'loss': 0.0, 'grad_norm': 3.1622776985168457, 'learning_rate': 0.0, 'epoch': 0.46}
{'loss': 0.0, 'grad_norm': 3.1622776985168457, 'learning_rate': 0.0, 'epoch': 0.46}
{'loss': 0.0, 'grad_norm': 3.1622776985168457, 'learning_rate': 0.0, 'epoch': 0.46}
{'loss': 0.0, 'grad_norm': 3.1622776985168457, 'learning_rate': 0.0, 'epoch': 0.46}
{'loss': 0.0, 'grad_norm': 3.1622776985168457, 'learning_rate': 0.0, 'epoch': 0.46}
{'loss': 0.0, 'grad_norm': 3.1622776985168457, 'learning_rate': 0.0, 'epoch': 0.46}
{'loss': 0.0, 'grad_norm': 3.1622776985168457, 'learning_rate': 0.0, 'epoch': 0.46}
{'loss': 0.0, 'grad_norm': 3.1622776985168457, 'learning_rate': 0.0, 'epoch': 0.46}
{'loss': 0.0, 'grad_norm': 3.1622776985168457, 'learning_rate': 0.0, 'epoch': 0.46}
{'loss': 0.0, 'grad_norm': 3.1622776985168457, 'learning_rate': 0.0, 'epoch': 0.46}
{'loss': 0.0, 'grad_norm': 3.1622776985168457, 'learning_rate': 0.0, 'epoch': 0.46}
{'loss': 0.0, 'grad_norm': 3.1622776985168457, 'learning_rate': 0.0, 'epoch': 0.46}
{'loss': 0.0, 'grad_norm': 3.1622776985168457, 'learning_rate': 0.0, 'epoch': 0.46}
{'loss': 0.0, 'grad_norm': 3.1622776985168457, 'learning_rate': 0.0, 'epoch': 0.46}
{'loss': 0.0, 'grad_norm': 3.1622776985168457, 'learning_rate': 0.0, 'epoch': 0.46}
{'loss': 0.0, 'grad_norm': 3.1622776985168457, 'learning_rate': 0.0, 'epoch': 0.46}
{'loss': 0.0, 'grad_norm': 3.1622776985168457, 'learning_rate': 0.0, 'epoch': 0.46}
{'loss': 0.0, 'grad_norm': 3.1622776985168457, 'learning_rate': 0.0, 'epoch': 0.46}
{'loss': 0.0, 'grad_norm': 3.1622776985168457, 'learning_rate': 0.0, 'epoch': 0.46}
{'loss': 0.0, 'grad_norm': 3.1622776985168457, 'learning_rate': 0.0, 'epoch': 0.46}
{'loss': 0.0, 'grad_norm': 3.1622776985168457, 'learning_rate': 0.0, 'epoch': 0.46}
{'loss': 0.0, 'grad_norm': 3.1622776985168457, 'learning_rate': 0.0, 'epoch': 0.46}
{'loss': 0.0, 'grad_norm': 3.1622776985168457, 'learning_rate': 0.0, 'epoch': 0.46}
{'loss': 0.0, 'grad_norm': 3.1622776985168457, 'learning_rate': 0.0, 'epoch': 0.46}
{'loss': 0.0, 'grad_norm': 3.1622776985168457, 'learning_rate': 0.0, 'epoch': 0.46}
{'loss': 0.0, 'grad_norm': 3.1622776985168457, 'learning_rate': 0.0, 'epoch': 0.46}
{'loss': 0.0, 'grad_norm': 3.1622776985168457, 'learning_rate': 0.0, 'epoch': 0.46}
{'loss': 0.0, 'grad_norm': 3.1622776985168457, 'learning_rate': 0.0, 'epoch': 0.46}
{'loss': 0.0, 'grad_norm': 3.1622776985168457, 'learning_rate': 0.0, 'epoch': 0.46}
{'loss': 0.0, 'grad_norm': 3.1622776985168457, 'learning_rate': 0.0, 'epoch': 0.46}
{'loss': 0.0, 'grad_norm': 3.1622776985168457, 'learning_rate': 0.0, 'epoch': 0.46}
{'loss': 0.0, 'grad_norm': 3.1622776985168457, 'learning_rate': 0.0, 'epoch': 0.46}
{'loss': 0.0, 'grad_norm': 3.1622776985168457, 'learning_rate': 0.0, 'epoch': 0.46}
{'loss': 0.0, 'grad_norm': 3.1622776985168457, 'learning_rate': 0.0, 'epoch': 0.46}
{'loss': 0.0, 'grad_norm': 3.1622776985168457, 'learning_rate': 0.0, 'epoch': 0.46}
{'loss': 0.0, 'grad_norm': 3.1622776985168457, 'learning_rate': 0.0, 'epoch': 0.46}
{'loss': 0.0, 'grad_norm': 3.1622776985168457, 'learning_rate': 0.0, 'epoch': 0.46}
{'loss': 0.0, 'grad_norm': 3.1622776985168457, 'learning_rate': 0.0, 'epoch': 0.46}
{'loss': 0.0, 'grad_norm': 3.1622776985168457, 'learning_rate': 0.0, 'epoch': 0.47}
{'loss': 0.0, 'grad_norm': 3.1622776985168457, 'learning_rate': 0.0, 'epoch': 0.47}
{'loss': 0.0, 'grad_norm': 3.1622776985168457, 'learning_rate': 0.0, 'epoch': 0.47}
{'loss': 0.0, 'grad_norm': 3.1622776985168457, 'learning_rate': 0.0, 'epoch': 0.47}
{'loss': 0.0, 'grad_norm': 3.1622776985168457, 'learning_rate': 0.0, 'epoch': 0.47}
{'loss': 0.0, 'grad_norm': 3.1622776985168457, 'learning_rate': 0.0, 'epoch': 0.47}
{'loss': 0.0, 'grad_norm': 3.1622776985168457, 'learning_rate': 0.0, 'epoch': 0.47}
{'loss': 0.0, 'grad_norm': 3.1622776985168457, 'learning_rate': 0.0, 'epoch': 0.47}
{'loss': 0.0, 'grad_norm': 3.1622776985168457, 'learning_rate': 0.0, 'epoch': 0.47}
{'loss': 0.0, 'grad_norm': 3.1622776985168457, 'learning_rate': 0.0, 'epoch': 0.47}
{'loss': 0.0, 'grad_norm': 3.1622776985168457, 'learning_rate': 0.0, 'epoch': 0.47}
{'loss': 0.0, 'grad_norm': 3.1622776985168457, 'learning_rate': 0.0, 'epoch': 0.47}
{'loss': 0.0, 'grad_norm': 3.1622776985168457, 'learning_rate': 0.0, 'epoch': 0.47}
{'loss': 0.0, 'grad_norm': 3.1622776985168457, 'learning_rate': 0.0, 'epoch': 0.47}
{'loss': 0.0, 'grad_norm': 3.1622776985168457, 'learning_rate': 0.0, 'epoch': 0.47}
{'loss': 0.0, 'grad_norm': 3.1622776985168457, 'learning_rate': 0.0, 'epoch': 0.47}
{'loss': 0.0, 'grad_norm': 3.1622776985168457, 'learning_rate': 0.0, 'epoch': 0.47}
{'loss': 0.0, 'grad_norm': 3.1622776985168457, 'learning_rate': 0.0, 'epoch': 0.47}
{'loss': 0.0, 'grad_norm': 3.1622776985168457, 'learning_rate': 0.0, 'epoch': 0.47}
{'loss': 0.0, 'grad_norm': 3.1622776985168457, 'learning_rate': 0.0, 'epoch': 0.47}
{'loss': 0.0, 'grad_norm': 3.1622776985168457, 'learning_rate': 0.0, 'epoch': 0.47}
{'loss': 0.0, 'grad_norm': 3.1622776985168457, 'learning_rate': 0.0, 'epoch': 0.47}
{'loss': 0.0, 'grad_norm': 3.1622776985168457, 'learning_rate': 0.0, 'epoch': 0.47}
{'loss': 0.0, 'grad_norm': 3.1622776985168457, 'learning_rate': 0.0, 'epoch': 0.47}
{'loss': 0.0, 'grad_norm': 3.1622776985168457, 'learning_rate': 0.0, 'epoch': 0.47}
{'loss': 0.0, 'grad_norm': 3.1622776985168457, 'learning_rate': 0.0, 'epoch': 0.47}
{'loss': 0.0, 'grad_norm': 3.1622776985168457, 'learning_rate': 0.0, 'epoch': 0.47}
{'loss': 0.0, 'grad_norm': 3.1622776985168457, 'learning_rate': 0.0, 'epoch': 0.47}
{'loss': 0.0, 'grad_norm': 3.1622776985168457, 'learning_rate': 0.0, 'epoch': 0.47}
{'loss': 0.0, 'grad_norm': 3.1622776985168457, 'learning_rate': 0.0, 'epoch': 0.47}
{'loss': 0.0, 'grad_norm': 3.1622776985168457, 'learning_rate': 0.0, 'epoch': 0.47}
{'loss': 0.0, 'grad_norm': 3.1622776985168457, 'learning_rate': 0.0, 'epoch': 0.47}
{'loss': 0.0, 'grad_norm': 3.1622776985168457, 'learning_rate': 0.0, 'epoch': 0.47}
{'loss': 0.0, 'grad_norm': 3.1622776985168457, 'learning_rate': 0.0, 'epoch': 0.47}
{'loss': 0.0, 'grad_norm': 3.1622776985168457, 'learning_rate': 0.0, 'epoch': 0.47}
{'loss': 0.0, 'grad_norm': 3.1622776985168457, 'learning_rate': 0.0, 'epoch': 0.47}
{'loss': 0.0, 'grad_norm': 3.1622776985168457, 'learning_rate': 0.0, 'epoch': 0.47}
{'loss': 0.0, 'grad_norm': 3.1622776985168457, 'learning_rate': 0.0, 'epoch': 0.47}
{'loss': 0.0, 'grad_norm': 3.1622776985168457, 'learning_rate': 0.0, 'epoch': 0.47}
{'loss': 0.0, 'grad_norm': 3.1622776985168457, 'learning_rate': 0.0, 'epoch': 0.47}
{'loss': 0.0, 'grad_norm': 3.1622776985168457, 'learning_rate': 0.0, 'epoch': 0.47}
{'loss': 0.0, 'grad_norm': 3.1622776985168457, 'learning_rate': 0.0, 'epoch': 0.47}
{'loss': 0.0, 'grad_norm': 3.1622776985168457, 'learning_rate': 0.0, 'epoch': 0.47}
{'loss': 0.0, 'grad_norm': 3.1622776985168457, 'learning_rate': 0.0, 'epoch': 0.47}
{'loss': 0.0, 'grad_norm': 3.1622776985168457, 'learning_rate': 0.0, 'epoch': 0.47}
{'loss': 0.0, 'grad_norm': 3.1622776985168457, 'learning_rate': 0.0, 'epoch': 0.47}
{'loss': 0.0, 'grad_norm': 3.1622776985168457, 'learning_rate': 0.0, 'epoch': 0.47}
{'loss': 0.0, 'grad_norm': 3.1622776985168457, 'learning_rate': 0.0, 'epoch': 0.47}
{'loss': 0.0, 'grad_norm': 3.1622776985168457, 'learning_rate': 0.0, 'epoch': 0.47}
{'loss': 0.0, 'grad_norm': 3.1622776985168457, 'learning_rate': 0.0, 'epoch': 0.47}
{'loss': 0.0, 'grad_norm': 3.1622776985168457, 'learning_rate': 0.0, 'epoch': 0.47}
{'loss': 0.0, 'grad_norm': 3.1622776985168457, 'learning_rate': 0.0, 'epoch': 0.47}
{'loss': 0.0, 'grad_norm': 3.1622776985168457, 'learning_rate': 0.0, 'epoch': 0.48}
{'loss': 0.0, 'grad_norm': 3.1622776985168457, 'learning_rate': 0.0, 'epoch': 0.48}
WARNING: tokenization mismatch: 0 vs. 676. (ignored)
{'loss': 0.0, 'grad_norm': 3.1622776985168457, 'learning_rate': 0.0, 'epoch': 0.48}
{'loss': 0.0, 'grad_norm': 3.1622776985168457, 'learning_rate': 0.0, 'epoch': 0.48}
{'loss': 0.0, 'grad_norm': 3.1622776985168457, 'learning_rate': 0.0, 'epoch': 0.48}
{'loss': 0.0, 'grad_norm': 3.1622776985168457, 'learning_rate': 0.0, 'epoch': 0.48}
{'loss': 0.0, 'grad_norm': 3.1622776985168457, 'learning_rate': 0.0, 'epoch': 0.48}
{'loss': 0.0, 'grad_norm': 3.1622776985168457, 'learning_rate': 0.0, 'epoch': 0.48}
{'loss': 0.0, 'grad_norm': 3.1622776985168457, 'learning_rate': 0.0, 'epoch': 0.48}
{'loss': 0.0, 'grad_norm': 3.1622776985168457, 'learning_rate': 0.0, 'epoch': 0.48}
{'loss': 0.0, 'grad_norm': 3.1622776985168457, 'learning_rate': 0.0, 'epoch': 0.48}
{'loss': 0.0, 'grad_norm': 3.1622776985168457, 'learning_rate': 0.0, 'epoch': 0.48}
{'loss': 0.0, 'grad_norm': 3.1622776985168457, 'learning_rate': 0.0, 'epoch': 0.48}
{'loss': 0.0, 'grad_norm': 3.1622776985168457, 'learning_rate': 0.0, 'epoch': 0.48}
{'loss': 0.0, 'grad_norm': 3.1622776985168457, 'learning_rate': 0.0, 'epoch': 0.48}
{'loss': 0.0, 'grad_norm': 3.1622776985168457, 'learning_rate': 0.0, 'epoch': 0.48}
{'loss': 0.0, 'grad_norm': 3.1622776985168457, 'learning_rate': 0.0, 'epoch': 0.48}
{'loss': 0.0, 'grad_norm': 3.1622776985168457, 'learning_rate': 0.0, 'epoch': 0.48}
{'loss': 0.0, 'grad_norm': 3.1622776985168457, 'learning_rate': 0.0, 'epoch': 0.48}
{'loss': 0.0, 'grad_norm': 3.1622776985168457, 'learning_rate': 0.0, 'epoch': 0.48}
{'loss': 0.0, 'grad_norm': 3.1622776985168457, 'learning_rate': 0.0, 'epoch': 0.48}
{'loss': 0.0, 'grad_norm': 3.1622776985168457, 'learning_rate': 0.0, 'epoch': 0.48}
{'loss': 0.0, 'grad_norm': 3.1622776985168457, 'learning_rate': 0.0, 'epoch': 0.48}
{'loss': 0.0, 'grad_norm': 3.1622776985168457, 'learning_rate': 0.0, 'epoch': 0.48}
{'loss': 0.0, 'grad_norm': 3.1622776985168457, 'learning_rate': 0.0, 'epoch': 0.48}
{'loss': 0.0, 'grad_norm': 3.1622776985168457, 'learning_rate': 0.0, 'epoch': 0.48}
{'loss': 0.0, 'grad_norm': 3.1622776985168457, 'learning_rate': 0.0, 'epoch': 0.48}
{'loss': 0.0, 'grad_norm': 3.1622776985168457, 'learning_rate': 0.0, 'epoch': 0.48}
{'loss': 0.0, 'grad_norm': 3.1622776985168457, 'learning_rate': 0.0, 'epoch': 0.48}
{'loss': 0.0, 'grad_norm': 3.1622776985168457, 'learning_rate': 0.0, 'epoch': 0.48}
{'loss': 0.0, 'grad_norm': 3.1622776985168457, 'learning_rate': 0.0, 'epoch': 0.48}
{'loss': 0.0, 'grad_norm': 3.1622776985168457, 'learning_rate': 0.0, 'epoch': 0.48}
{'loss': 0.0, 'grad_norm': 3.1622776985168457, 'learning_rate': 0.0, 'epoch': 0.48}
{'loss': 0.0, 'grad_norm': 3.1622776985168457, 'learning_rate': 0.0, 'epoch': 0.48}
{'loss': 0.0, 'grad_norm': 3.1622776985168457, 'learning_rate': 0.0, 'epoch': 0.48}
{'loss': 0.0, 'grad_norm': 3.1622776985168457, 'learning_rate': 0.0, 'epoch': 0.48}
{'loss': 0.0, 'grad_norm': 3.1622776985168457, 'learning_rate': 0.0, 'epoch': 0.48}
{'loss': 0.0, 'grad_norm': 3.1622776985168457, 'learning_rate': 0.0, 'epoch': 0.48}
{'loss': 0.0, 'grad_norm': 3.1622776985168457, 'learning_rate': 0.0, 'epoch': 0.48}
{'loss': 0.0, 'grad_norm': 3.1622776985168457, 'learning_rate': 0.0, 'epoch': 0.48}
{'loss': 0.0, 'grad_norm': 3.1622776985168457, 'learning_rate': 0.0, 'epoch': 0.48}
{'loss': 0.0, 'grad_norm': 3.1622776985168457, 'learning_rate': 0.0, 'epoch': 0.48}
{'loss': 0.0, 'grad_norm': 3.1622776985168457, 'learning_rate': 0.0, 'epoch': 0.48}
{'loss': 0.0, 'grad_norm': 3.1622776985168457, 'learning_rate': 0.0, 'epoch': 0.48}
{'loss': 0.0, 'grad_norm': 3.1622776985168457, 'learning_rate': 0.0, 'epoch': 0.48}
{'loss': 0.0, 'grad_norm': 3.1622776985168457, 'learning_rate': 0.0, 'epoch': 0.48}
{'loss': 0.0, 'grad_norm': 3.1622776985168457, 'learning_rate': 0.0, 'epoch': 0.48}
{'loss': 0.0, 'grad_norm': 3.1622776985168457, 'learning_rate': 0.0, 'epoch': 0.48}
{'loss': 0.0, 'grad_norm': 3.1622776985168457, 'learning_rate': 0.0, 'epoch': 0.48}
{'loss': 0.0, 'grad_norm': 3.1622776985168457, 'learning_rate': 0.0, 'epoch': 0.48}
{'loss': 0.0, 'grad_norm': 3.1622776985168457, 'learning_rate': 0.0, 'epoch': 0.48}
{'loss': 0.0, 'grad_norm': 3.1622776985168457, 'learning_rate': 0.0, 'epoch': 0.48}
{'loss': 0.0, 'grad_norm': 3.1622776985168457, 'learning_rate': 0.0, 'epoch': 0.49}
{'loss': 0.0, 'grad_norm': 3.1622776985168457, 'learning_rate': 0.0, 'epoch': 0.49}
{'loss': 0.0, 'grad_norm': 3.1622776985168457, 'learning_rate': 0.0, 'epoch': 0.49}
{'loss': 0.0, 'grad_norm': 3.1622776985168457, 'learning_rate': 0.0, 'epoch': 0.49}
{'loss': 0.0, 'grad_norm': 3.1622776985168457, 'learning_rate': 0.0, 'epoch': 0.49}
{'loss': 0.0, 'grad_norm': 3.1622776985168457, 'learning_rate': 0.0, 'epoch': 0.49}
{'loss': 0.0, 'grad_norm': 3.1622776985168457, 'learning_rate': 0.0, 'epoch': 0.49}
{'loss': 0.0, 'grad_norm': 3.1622776985168457, 'learning_rate': 0.0, 'epoch': 0.49}
{'loss': 0.0, 'grad_norm': 3.1622776985168457, 'learning_rate': 0.0, 'epoch': 0.49}
{'loss': 0.0, 'grad_norm': 3.1622776985168457, 'learning_rate': 0.0, 'epoch': 0.49}
{'loss': 0.0, 'grad_norm': 3.1622776985168457, 'learning_rate': 0.0, 'epoch': 0.49}
{'loss': 0.0, 'grad_norm': 3.1622776985168457, 'learning_rate': 0.0, 'epoch': 0.49}
{'loss': 0.0, 'grad_norm': 3.1622776985168457, 'learning_rate': 0.0, 'epoch': 0.49}
{'loss': 0.0, 'grad_norm': 3.1622776985168457, 'learning_rate': 0.0, 'epoch': 0.49}
{'loss': 0.0, 'grad_norm': 3.1622776985168457, 'learning_rate': 0.0, 'epoch': 0.49}
{'loss': 0.0, 'grad_norm': 3.1622776985168457, 'learning_rate': 0.0, 'epoch': 0.49}
{'loss': 0.0, 'grad_norm': 3.1622776985168457, 'learning_rate': 0.0, 'epoch': 0.49}
{'loss': 0.0, 'grad_norm': 3.1622776985168457, 'learning_rate': 0.0, 'epoch': 0.49}
{'loss': 0.0, 'grad_norm': 3.1622776985168457, 'learning_rate': 0.0, 'epoch': 0.49}
{'loss': 0.0, 'grad_norm': 3.1622776985168457, 'learning_rate': 0.0, 'epoch': 0.49}
{'loss': 0.0, 'grad_norm': 3.1622776985168457, 'learning_rate': 0.0, 'epoch': 0.49}
{'loss': 0.0, 'grad_norm': 3.1622776985168457, 'learning_rate': 0.0, 'epoch': 0.49}
{'loss': 0.0, 'grad_norm': 3.1622776985168457, 'learning_rate': 0.0, 'epoch': 0.49}
{'loss': 0.0, 'grad_norm': 3.1622776985168457, 'learning_rate': 0.0, 'epoch': 0.49}
{'loss': 0.0, 'grad_norm': 3.1622776985168457, 'learning_rate': 0.0, 'epoch': 0.49}
{'loss': 0.0, 'grad_norm': 3.1622776985168457, 'learning_rate': 0.0, 'epoch': 0.49}
{'loss': 0.0, 'grad_norm': 3.1622776985168457, 'learning_rate': 0.0, 'epoch': 0.49}
{'loss': 0.0, 'grad_norm': 3.1622776985168457, 'learning_rate': 0.0, 'epoch': 0.49}
{'loss': 0.0, 'grad_norm': 3.1622776985168457, 'learning_rate': 0.0, 'epoch': 0.49}
{'loss': 0.0, 'grad_norm': 3.1622776985168457, 'learning_rate': 0.0, 'epoch': 0.49}
{'loss': 0.0, 'grad_norm': 3.1622776985168457, 'learning_rate': 0.0, 'epoch': 0.49}
{'loss': 0.0, 'grad_norm': 3.1622776985168457, 'learning_rate': 0.0, 'epoch': 0.49}
{'loss': 0.0, 'grad_norm': 3.1622776985168457, 'learning_rate': 0.0, 'epoch': 0.49}
{'loss': 0.0, 'grad_norm': 3.1622776985168457, 'learning_rate': 0.0, 'epoch': 0.49}
{'loss': 0.0, 'grad_norm': 3.1622776985168457, 'learning_rate': 0.0, 'epoch': 0.49}
{'loss': 0.0, 'grad_norm': 3.1622776985168457, 'learning_rate': 0.0, 'epoch': 0.49}
{'loss': 0.0, 'grad_norm': 3.1622776985168457, 'learning_rate': 0.0, 'epoch': 0.49}
{'loss': 0.0, 'grad_norm': 3.1622776985168457, 'learning_rate': 0.0, 'epoch': 0.49}
{'loss': 0.0, 'grad_norm': 3.1622776985168457, 'learning_rate': 0.0, 'epoch': 0.49}
{'loss': 0.0, 'grad_norm': 3.1622776985168457, 'learning_rate': 0.0, 'epoch': 0.49}
{'loss': 0.0, 'grad_norm': 3.1622776985168457, 'learning_rate': 0.0, 'epoch': 0.49}
{'loss': 0.0, 'grad_norm': 3.1622776985168457, 'learning_rate': 0.0, 'epoch': 0.49}
{'loss': 0.0, 'grad_norm': 3.1622776985168457, 'learning_rate': 0.0, 'epoch': 0.49}
{'loss': 0.0, 'grad_norm': 3.1622776985168457, 'learning_rate': 0.0, 'epoch': 0.49}
{'loss': 0.0, 'grad_norm': 3.1622776985168457, 'learning_rate': 0.0, 'epoch': 0.49}
{'loss': 0.0, 'grad_norm': 3.1622776985168457, 'learning_rate': 0.0, 'epoch': 0.49}
{'loss': 0.0, 'grad_norm': 3.1622776985168457, 'learning_rate': 0.0, 'epoch': 0.49}
{'loss': 0.0, 'grad_norm': 3.1622776985168457, 'learning_rate': 0.0, 'epoch': 0.49}
{'loss': 0.0, 'grad_norm': 3.1622776985168457, 'learning_rate': 0.0, 'epoch': 0.49}
{'loss': 0.0, 'grad_norm': 3.1622776985168457, 'learning_rate': 0.0, 'epoch': 0.49}
{'loss': 0.0, 'grad_norm': 3.1622776985168457, 'learning_rate': 0.0, 'epoch': 0.49}
{'loss': 0.0, 'grad_norm': 3.1622776985168457, 'learning_rate': 0.0, 'epoch': 0.49}
{'loss': 0.0, 'grad_norm': 3.1622776985168457, 'learning_rate': 0.0, 'epoch': 0.5}
{'loss': 0.0, 'grad_norm': 3.1622776985168457, 'learning_rate': 0.0, 'epoch': 0.5}
{'loss': 0.0, 'grad_norm': 3.1622776985168457, 'learning_rate': 0.0, 'epoch': 0.5}
{'loss': 0.0, 'grad_norm': 3.1622776985168457, 'learning_rate': 0.0, 'epoch': 0.5}
{'loss': 0.0, 'grad_norm': 3.1622776985168457, 'learning_rate': 0.0, 'epoch': 0.5}
{'loss': 0.0, 'grad_norm': 3.1622776985168457, 'learning_rate': 0.0, 'epoch': 0.5}
{'loss': 0.0, 'grad_norm': 3.1622776985168457, 'learning_rate': 0.0, 'epoch': 0.5}
{'loss': 0.0, 'grad_norm': 3.1622776985168457, 'learning_rate': 0.0, 'epoch': 0.5}
{'loss': 0.0, 'grad_norm': 3.1622776985168457, 'learning_rate': 0.0, 'epoch': 0.5}
{'loss': 0.0, 'grad_norm': 3.1622776985168457, 'learning_rate': 0.0, 'epoch': 0.5}
{'loss': 0.0, 'grad_norm': 3.1622776985168457, 'learning_rate': 0.0, 'epoch': 0.5}
{'loss': 0.0, 'grad_norm': 3.1622776985168457, 'learning_rate': 0.0, 'epoch': 0.5}
{'loss': 0.0, 'grad_norm': 3.1622776985168457, 'learning_rate': 0.0, 'epoch': 0.5}
{'loss': 0.0, 'grad_norm': 3.1622776985168457, 'learning_rate': 0.0, 'epoch': 0.5}
{'loss': 0.0, 'grad_norm': 3.1622776985168457, 'learning_rate': 0.0, 'epoch': 0.5}
{'loss': 0.0, 'grad_norm': 3.1622776985168457, 'learning_rate': 0.0, 'epoch': 0.5}
{'loss': 0.0, 'grad_norm': 3.1622776985168457, 'learning_rate': 0.0, 'epoch': 0.5}
{'loss': 0.0, 'grad_norm': 3.1622776985168457, 'learning_rate': 0.0, 'epoch': 0.5}
{'loss': 0.0, 'grad_norm': 3.1622776985168457, 'learning_rate': 0.0, 'epoch': 0.5}
{'loss': 0.0, 'grad_norm': 3.1622776985168457, 'learning_rate': 0.0, 'epoch': 0.5}
{'loss': 0.0, 'grad_norm': 3.1622776985168457, 'learning_rate': 0.0, 'epoch': 0.5}
{'loss': 0.0, 'grad_norm': 3.1622776985168457, 'learning_rate': 0.0, 'epoch': 0.5}
{'loss': 0.0, 'grad_norm': 3.1622776985168457, 'learning_rate': 0.0, 'epoch': 0.5}
{'loss': 0.0, 'grad_norm': 3.1622776985168457, 'learning_rate': 0.0, 'epoch': 0.5}
{'loss': 0.0, 'grad_norm': 3.1622776985168457, 'learning_rate': 0.0, 'epoch': 0.5}
{'loss': 0.0, 'grad_norm': 3.1622776985168457, 'learning_rate': 0.0, 'epoch': 0.5}
{'loss': 0.0, 'grad_norm': 3.1622776985168457, 'learning_rate': 0.0, 'epoch': 0.5}
{'loss': 0.0, 'grad_norm': 3.1622776985168457, 'learning_rate': 0.0, 'epoch': 0.5}
{'loss': 0.0, 'grad_norm': 3.1622776985168457, 'learning_rate': 0.0, 'epoch': 0.5}
{'loss': 0.0, 'grad_norm': 3.1622776985168457, 'learning_rate': 0.0, 'epoch': 0.5}
{'loss': 0.0, 'grad_norm': 3.1622776985168457, 'learning_rate': 0.0, 'epoch': 0.5}
{'loss': 0.0, 'grad_norm': 3.1622776985168457, 'learning_rate': 0.0, 'epoch': 0.5}
{'loss': 0.0, 'grad_norm': 3.1622776985168457, 'learning_rate': 0.0, 'epoch': 0.5}
{'loss': 0.0, 'grad_norm': 3.1622776985168457, 'learning_rate': 0.0, 'epoch': 0.5}
{'loss': 0.0, 'grad_norm': 3.1622776985168457, 'learning_rate': 0.0, 'epoch': 0.5}
{'loss': 0.0, 'grad_norm': 3.1622776985168457, 'learning_rate': 0.0, 'epoch': 0.5}
{'loss': 0.0, 'grad_norm': 3.1622776985168457, 'learning_rate': 0.0, 'epoch': 0.5}
{'loss': 0.0, 'grad_norm': 3.1622776985168457, 'learning_rate': 0.0, 'epoch': 0.5}
{'loss': 0.0, 'grad_norm': 3.1622776985168457, 'learning_rate': 0.0, 'epoch': 0.5}
{'loss': 0.0, 'grad_norm': 3.1622776985168457, 'learning_rate': 0.0, 'epoch': 0.5}
{'loss': 0.0, 'grad_norm': 3.1622776985168457, 'learning_rate': 0.0, 'epoch': 0.5}
{'loss': 0.0, 'grad_norm': 3.1622776985168457, 'learning_rate': 0.0, 'epoch': 0.5}
{'loss': 0.0, 'grad_norm': 3.1622776985168457, 'learning_rate': 0.0, 'epoch': 0.5}
{'loss': 0.0, 'grad_norm': 3.1622776985168457, 'learning_rate': 0.0, 'epoch': 0.5}
{'loss': 0.0, 'grad_norm': 3.1622776985168457, 'learning_rate': 0.0, 'epoch': 0.5}
{'loss': 0.0, 'grad_norm': 3.1622776985168457, 'learning_rate': 0.0, 'epoch': 0.5}
{'loss': 0.0, 'grad_norm': 3.1622776985168457, 'learning_rate': 0.0, 'epoch': 0.5}
{'loss': 0.0, 'grad_norm': 3.1622776985168457, 'learning_rate': 0.0, 'epoch': 0.5}
{'loss': 0.0, 'grad_norm': 3.1622776985168457, 'learning_rate': 0.0, 'epoch': 0.5}
{'loss': 0.0, 'grad_norm': 3.1622776985168457, 'learning_rate': 0.0, 'epoch': 0.5}
{'loss': 0.0, 'grad_norm': 3.1622776985168457, 'learning_rate': 0.0, 'epoch': 0.5}
{'loss': 0.0, 'grad_norm': 3.1622776985168457, 'learning_rate': 0.0, 'epoch': 0.51}
{'loss': 0.0, 'grad_norm': 3.1622776985168457, 'learning_rate': 0.0, 'epoch': 0.51}
{'loss': 0.0, 'grad_norm': 3.1622776985168457, 'learning_rate': 0.0, 'epoch': 0.51}
{'loss': 0.0, 'grad_norm': 3.1622776985168457, 'learning_rate': 0.0, 'epoch': 0.51}
{'loss': 0.0, 'grad_norm': 3.1622776985168457, 'learning_rate': 0.0, 'epoch': 0.51}
{'loss': 0.0, 'grad_norm': 3.1622776985168457, 'learning_rate': 0.0, 'epoch': 0.51}
{'loss': 0.0, 'grad_norm': 3.1622776985168457, 'learning_rate': 0.0, 'epoch': 0.51}
{'loss': 0.0, 'grad_norm': 3.1622776985168457, 'learning_rate': 0.0, 'epoch': 0.51}
{'loss': 0.0, 'grad_norm': 3.1622776985168457, 'learning_rate': 0.0, 'epoch': 0.51}
{'loss': 0.0, 'grad_norm': 3.1622776985168457, 'learning_rate': 0.0, 'epoch': 0.51}
{'loss': 0.0, 'grad_norm': 3.1622776985168457, 'learning_rate': 0.0, 'epoch': 0.51}
{'loss': 0.0, 'grad_norm': 3.1622776985168457, 'learning_rate': 0.0, 'epoch': 0.51}
{'loss': 0.0, 'grad_norm': 3.1622776985168457, 'learning_rate': 0.0, 'epoch': 0.51}
{'loss': 0.0, 'grad_norm': 3.1622776985168457, 'learning_rate': 0.0, 'epoch': 0.51}
{'loss': 0.0, 'grad_norm': 3.1622776985168457, 'learning_rate': 0.0, 'epoch': 0.51}
{'loss': 0.0, 'grad_norm': 3.1622776985168457, 'learning_rate': 0.0, 'epoch': 0.51}
{'loss': 0.0, 'grad_norm': 3.1622776985168457, 'learning_rate': 0.0, 'epoch': 0.51}
{'loss': 0.0, 'grad_norm': 3.1622776985168457, 'learning_rate': 0.0, 'epoch': 0.51}
{'loss': 0.0, 'grad_norm': 3.1622776985168457, 'learning_rate': 0.0, 'epoch': 0.51}
{'loss': 0.0, 'grad_norm': 3.1622776985168457, 'learning_rate': 0.0, 'epoch': 0.51}
{'loss': 0.0, 'grad_norm': 3.1622776985168457, 'learning_rate': 0.0, 'epoch': 0.51}
{'loss': 0.0, 'grad_norm': 3.1622776985168457, 'learning_rate': 0.0, 'epoch': 0.51}
{'loss': 0.0, 'grad_norm': 3.1622776985168457, 'learning_rate': 0.0, 'epoch': 0.51}
{'loss': 0.0, 'grad_norm': 3.1622776985168457, 'learning_rate': 0.0, 'epoch': 0.51}
{'loss': 0.0, 'grad_norm': 3.1622776985168457, 'learning_rate': 0.0, 'epoch': 0.51}
{'loss': 0.0, 'grad_norm': 3.1622776985168457, 'learning_rate': 0.0, 'epoch': 0.51}
{'loss': 0.0, 'grad_norm': 3.1622776985168457, 'learning_rate': 0.0, 'epoch': 0.51}
{'loss': 0.0, 'grad_norm': 3.1622776985168457, 'learning_rate': 0.0, 'epoch': 0.51}
{'loss': 0.0, 'grad_norm': 3.1622776985168457, 'learning_rate': 0.0, 'epoch': 0.51}
{'loss': 0.0, 'grad_norm': 3.1622776985168457, 'learning_rate': 0.0, 'epoch': 0.51}
{'loss': 0.0, 'grad_norm': 3.1622776985168457, 'learning_rate': 0.0, 'epoch': 0.51}
{'loss': 0.0, 'grad_norm': 3.1622776985168457, 'learning_rate': 0.0, 'epoch': 0.51}
{'loss': 0.0, 'grad_norm': 3.1622776985168457, 'learning_rate': 0.0, 'epoch': 0.51}
{'loss': 0.0, 'grad_norm': 3.1622776985168457, 'learning_rate': 0.0, 'epoch': 0.51}
{'loss': 0.0, 'grad_norm': 3.1622776985168457, 'learning_rate': 0.0, 'epoch': 0.51}
{'loss': 0.0, 'grad_norm': 3.1622776985168457, 'learning_rate': 0.0, 'epoch': 0.51}
{'loss': 0.0, 'grad_norm': 3.1622776985168457, 'learning_rate': 0.0, 'epoch': 0.51}
{'loss': 0.0, 'grad_norm': 3.1622776985168457, 'learning_rate': 0.0, 'epoch': 0.51}
{'loss': 0.0, 'grad_norm': 3.1622776985168457, 'learning_rate': 0.0, 'epoch': 0.51}
{'loss': 0.0, 'grad_norm': 3.1622776985168457, 'learning_rate': 0.0, 'epoch': 0.51}
{'loss': 0.0, 'grad_norm': 3.1622776985168457, 'learning_rate': 0.0, 'epoch': 0.51}
{'loss': 0.0, 'grad_norm': 3.1622776985168457, 'learning_rate': 0.0, 'epoch': 0.51}
{'loss': 0.0, 'grad_norm': 3.1622776985168457, 'learning_rate': 0.0, 'epoch': 0.51}
{'loss': 0.0, 'grad_norm': 3.1622776985168457, 'learning_rate': 0.0, 'epoch': 0.51}
{'loss': 0.0, 'grad_norm': 3.1622776985168457, 'learning_rate': 0.0, 'epoch': 0.51}
{'loss': 0.0, 'grad_norm': 3.1622776985168457, 'learning_rate': 0.0, 'epoch': 0.51}
{'loss': 0.0, 'grad_norm': 3.1622776985168457, 'learning_rate': 0.0, 'epoch': 0.51}
{'loss': 0.0, 'grad_norm': 3.1622776985168457, 'learning_rate': 0.0, 'epoch': 0.51}
{'loss': 0.0, 'grad_norm': 3.1622776985168457, 'learning_rate': 0.0, 'epoch': 0.51}
{'loss': 0.0, 'grad_norm': 3.1622776985168457, 'learning_rate': 0.0, 'epoch': 0.51}
{'loss': 0.0, 'grad_norm': 3.1622776985168457, 'learning_rate': 0.0, 'epoch': 0.51}
{'loss': 0.0, 'grad_norm': 3.1622776985168457, 'learning_rate': 0.0, 'epoch': 0.51}
{'loss': 0.0, 'grad_norm': 3.1622776985168457, 'learning_rate': 0.0, 'epoch': 0.52}
{'loss': 0.0, 'grad_norm': 3.1622776985168457, 'learning_rate': 0.0, 'epoch': 0.52}
{'loss': 0.0, 'grad_norm': 3.1622776985168457, 'learning_rate': 0.0, 'epoch': 0.52}
{'loss': 0.0, 'grad_norm': 3.1622776985168457, 'learning_rate': 0.0, 'epoch': 0.52}
{'loss': 0.0, 'grad_norm': 3.1622776985168457, 'learning_rate': 0.0, 'epoch': 0.52}
{'loss': 0.0, 'grad_norm': 3.1622776985168457, 'learning_rate': 0.0, 'epoch': 0.52}
{'loss': 0.0, 'grad_norm': 3.1622776985168457, 'learning_rate': 0.0, 'epoch': 0.52}
{'loss': 0.0, 'grad_norm': 3.1622776985168457, 'learning_rate': 0.0, 'epoch': 0.52}
{'loss': 0.0, 'grad_norm': 3.1622776985168457, 'learning_rate': 0.0, 'epoch': 0.52}
{'loss': 0.0, 'grad_norm': 3.1622776985168457, 'learning_rate': 0.0, 'epoch': 0.52}
{'loss': 0.0, 'grad_norm': 3.1622776985168457, 'learning_rate': 0.0, 'epoch': 0.52}
{'loss': 0.0, 'grad_norm': 3.1622776985168457, 'learning_rate': 0.0, 'epoch': 0.52}
{'loss': 0.0, 'grad_norm': 3.1622776985168457, 'learning_rate': 0.0, 'epoch': 0.52}
{'loss': 0.0, 'grad_norm': 3.1622776985168457, 'learning_rate': 0.0, 'epoch': 0.52}
{'loss': 0.0, 'grad_norm': 3.1622776985168457, 'learning_rate': 0.0, 'epoch': 0.52}
{'loss': 0.0, 'grad_norm': 3.1622776985168457, 'learning_rate': 0.0, 'epoch': 0.52}
{'loss': 0.0, 'grad_norm': 3.1622776985168457, 'learning_rate': 0.0, 'epoch': 0.52}
{'loss': 0.0, 'grad_norm': 3.1622776985168457, 'learning_rate': 0.0, 'epoch': 0.52}
{'loss': 0.0, 'grad_norm': 3.1622776985168457, 'learning_rate': 0.0, 'epoch': 0.52}
{'loss': 0.0, 'grad_norm': 3.1622776985168457, 'learning_rate': 0.0, 'epoch': 0.52}
{'loss': 0.0, 'grad_norm': 3.1622776985168457, 'learning_rate': 0.0, 'epoch': 0.52}
{'loss': 0.0, 'grad_norm': 3.1622776985168457, 'learning_rate': 0.0, 'epoch': 0.52}
{'loss': 0.0, 'grad_norm': 3.1622776985168457, 'learning_rate': 0.0, 'epoch': 0.52}
{'loss': 0.0, 'grad_norm': 3.1622776985168457, 'learning_rate': 0.0, 'epoch': 0.52}
{'loss': 0.0, 'grad_norm': 3.1622776985168457, 'learning_rate': 0.0, 'epoch': 0.52}
{'loss': 0.0, 'grad_norm': 3.1622776985168457, 'learning_rate': 0.0, 'epoch': 0.52}
{'loss': 0.0, 'grad_norm': 3.1622776985168457, 'learning_rate': 0.0, 'epoch': 0.52}
{'loss': 0.0, 'grad_norm': 3.1622776985168457, 'learning_rate': 0.0, 'epoch': 0.52}
{'loss': 0.0, 'grad_norm': 3.1622776985168457, 'learning_rate': 0.0, 'epoch': 0.52}
{'loss': 0.0, 'grad_norm': 3.1622776985168457, 'learning_rate': 0.0, 'epoch': 0.52}
{'loss': 0.0, 'grad_norm': 3.1622776985168457, 'learning_rate': 0.0, 'epoch': 0.52}
{'loss': 0.0, 'grad_norm': 3.1622776985168457, 'learning_rate': 0.0, 'epoch': 0.52}
{'loss': 0.0, 'grad_norm': 3.1622776985168457, 'learning_rate': 0.0, 'epoch': 0.52}
{'loss': 0.0, 'grad_norm': 3.1622776985168457, 'learning_rate': 0.0, 'epoch': 0.52}
{'loss': 0.0, 'grad_norm': 3.1622776985168457, 'learning_rate': 0.0, 'epoch': 0.52}
{'loss': 0.0, 'grad_norm': 3.1622776985168457, 'learning_rate': 0.0, 'epoch': 0.52}
{'loss': 0.0, 'grad_norm': 3.1622776985168457, 'learning_rate': 0.0, 'epoch': 0.52}
{'loss': 0.0, 'grad_norm': 3.1622776985168457, 'learning_rate': 0.0, 'epoch': 0.52}
{'loss': 0.0, 'grad_norm': 3.1622776985168457, 'learning_rate': 0.0, 'epoch': 0.52}
{'loss': 0.0, 'grad_norm': 3.1622776985168457, 'learning_rate': 0.0, 'epoch': 0.52}
{'loss': 0.0, 'grad_norm': 3.1622776985168457, 'learning_rate': 0.0, 'epoch': 0.52}
{'loss': 0.0, 'grad_norm': 3.1622776985168457, 'learning_rate': 0.0, 'epoch': 0.52}
{'loss': 0.0, 'grad_norm': 3.1622776985168457, 'learning_rate': 0.0, 'epoch': 0.52}
{'loss': 0.0, 'grad_norm': 3.1622776985168457, 'learning_rate': 0.0, 'epoch': 0.52}
{'loss': 0.0, 'grad_norm': 3.1622776985168457, 'learning_rate': 0.0, 'epoch': 0.52}
{'loss': 0.0, 'grad_norm': 3.1622776985168457, 'learning_rate': 0.0, 'epoch': 0.52}
{'loss': 0.0, 'grad_norm': 3.1622776985168457, 'learning_rate': 0.0, 'epoch': 0.52}
{'loss': 0.0, 'grad_norm': 3.1622776985168457, 'learning_rate': 0.0, 'epoch': 0.52}
{'loss': 0.0, 'grad_norm': 3.1622776985168457, 'learning_rate': 0.0, 'epoch': 0.52}
{'loss': 0.0, 'grad_norm': 3.1622776985168457, 'learning_rate': 0.0, 'epoch': 0.52}
{'loss': 0.0, 'grad_norm': 3.1622776985168457, 'learning_rate': 0.0, 'epoch': 0.52}
{'loss': 0.0, 'grad_norm': 3.1622776985168457, 'learning_rate': 0.0, 'epoch': 0.52}
{'loss': 0.0, 'grad_norm': 3.1622776985168457, 'learning_rate': 0.0, 'epoch': 0.53}
{'loss': 0.0, 'grad_norm': 3.1622776985168457, 'learning_rate': 0.0, 'epoch': 0.53}
{'loss': 0.0, 'grad_norm': 3.1622776985168457, 'learning_rate': 0.0, 'epoch': 0.53}
{'loss': 0.0, 'grad_norm': 3.1622776985168457, 'learning_rate': 0.0, 'epoch': 0.53}
{'loss': 0.0, 'grad_norm': 3.1622776985168457, 'learning_rate': 0.0, 'epoch': 0.53}
{'loss': 0.0, 'grad_norm': 3.1622776985168457, 'learning_rate': 0.0, 'epoch': 0.53}
{'loss': 0.0, 'grad_norm': 3.1622776985168457, 'learning_rate': 0.0, 'epoch': 0.53}
{'loss': 0.0, 'grad_norm': 3.1622776985168457, 'learning_rate': 0.0, 'epoch': 0.53}
{'loss': 0.0, 'grad_norm': 3.1622776985168457, 'learning_rate': 0.0, 'epoch': 0.53}
{'loss': 0.0, 'grad_norm': 3.1622776985168457, 'learning_rate': 0.0, 'epoch': 0.53}
{'loss': 0.0, 'grad_norm': 3.1622776985168457, 'learning_rate': 0.0, 'epoch': 0.53}
{'loss': 0.0, 'grad_norm': 3.1622776985168457, 'learning_rate': 0.0, 'epoch': 0.53}
{'loss': 0.0, 'grad_norm': 3.1622776985168457, 'learning_rate': 0.0, 'epoch': 0.53}
{'loss': 0.0, 'grad_norm': 3.1622776985168457, 'learning_rate': 0.0, 'epoch': 0.53}
{'loss': 0.0, 'grad_norm': 3.1622776985168457, 'learning_rate': 0.0, 'epoch': 0.53}
{'loss': 0.0, 'grad_norm': 3.1622776985168457, 'learning_rate': 0.0, 'epoch': 0.53}
{'loss': 0.0, 'grad_norm': 3.1622776985168457, 'learning_rate': 0.0, 'epoch': 0.53}
{'loss': 0.0, 'grad_norm': 3.1622776985168457, 'learning_rate': 0.0, 'epoch': 0.53}
{'loss': 0.0, 'grad_norm': 3.1622776985168457, 'learning_rate': 0.0, 'epoch': 0.53}
{'loss': 0.0, 'grad_norm': 3.1622776985168457, 'learning_rate': 0.0, 'epoch': 0.53}
{'loss': 0.0, 'grad_norm': 3.1622776985168457, 'learning_rate': 0.0, 'epoch': 0.53}
{'loss': 0.0, 'grad_norm': 3.1622776985168457, 'learning_rate': 0.0, 'epoch': 0.53}
{'loss': 0.0, 'grad_norm': 3.1622776985168457, 'learning_rate': 0.0, 'epoch': 0.53}
{'loss': 0.0, 'grad_norm': 3.1622776985168457, 'learning_rate': 0.0, 'epoch': 0.53}
{'loss': 0.0, 'grad_norm': 3.1622776985168457, 'learning_rate': 0.0, 'epoch': 0.53}
{'loss': 0.0, 'grad_norm': 3.1622776985168457, 'learning_rate': 0.0, 'epoch': 0.53}
{'loss': 0.0, 'grad_norm': 3.1622776985168457, 'learning_rate': 0.0, 'epoch': 0.53}
{'loss': 0.0, 'grad_norm': 3.1622776985168457, 'learning_rate': 0.0, 'epoch': 0.53}
{'loss': 0.0, 'grad_norm': 3.1622776985168457, 'learning_rate': 0.0, 'epoch': 0.53}
{'loss': 0.0, 'grad_norm': 3.1622776985168457, 'learning_rate': 0.0, 'epoch': 0.53}
{'loss': 0.0, 'grad_norm': 3.1622776985168457, 'learning_rate': 0.0, 'epoch': 0.53}
{'loss': 0.0, 'grad_norm': 3.1622776985168457, 'learning_rate': 0.0, 'epoch': 0.53}
{'loss': 0.0, 'grad_norm': 3.1622776985168457, 'learning_rate': 0.0, 'epoch': 0.53}
{'loss': 0.0, 'grad_norm': 3.1622776985168457, 'learning_rate': 0.0, 'epoch': 0.53}
{'loss': 0.0, 'grad_norm': 3.1622776985168457, 'learning_rate': 0.0, 'epoch': 0.53}
{'loss': 0.0, 'grad_norm': 3.1622776985168457, 'learning_rate': 0.0, 'epoch': 0.53}
{'loss': 0.0, 'grad_norm': 3.1622776985168457, 'learning_rate': 0.0, 'epoch': 0.53}
{'loss': 0.0, 'grad_norm': 3.1622776985168457, 'learning_rate': 0.0, 'epoch': 0.53}
{'loss': 0.0, 'grad_norm': 3.1622776985168457, 'learning_rate': 0.0, 'epoch': 0.53}
{'loss': 0.0, 'grad_norm': 3.1622776985168457, 'learning_rate': 0.0, 'epoch': 0.53}
{'loss': 0.0, 'grad_norm': 3.1622776985168457, 'learning_rate': 0.0, 'epoch': 0.53}
{'loss': 0.0, 'grad_norm': 3.1622776985168457, 'learning_rate': 0.0, 'epoch': 0.53}
{'loss': 0.0, 'grad_norm': 3.1622776985168457, 'learning_rate': 0.0, 'epoch': 0.53}
{'loss': 0.0, 'grad_norm': 3.1622776985168457, 'learning_rate': 0.0, 'epoch': 0.53}
{'loss': 0.0, 'grad_norm': 3.1622776985168457, 'learning_rate': 0.0, 'epoch': 0.53}
{'loss': 0.0, 'grad_norm': 3.1622776985168457, 'learning_rate': 0.0, 'epoch': 0.53}
{'loss': 0.0, 'grad_norm': 3.1622776985168457, 'learning_rate': 0.0, 'epoch': 0.53}
{'loss': 0.0, 'grad_norm': 3.1622776985168457, 'learning_rate': 0.0, 'epoch': 0.53}
{'loss': 0.0, 'grad_norm': 3.1622776985168457, 'learning_rate': 0.0, 'epoch': 0.53}
{'loss': 0.0, 'grad_norm': 3.1622776985168457, 'learning_rate': 0.0, 'epoch': 0.53}
{'loss': 0.0, 'grad_norm': 3.1622776985168457, 'learning_rate': 0.0, 'epoch': 0.53}
{'loss': 0.0, 'grad_norm': 3.1622776985168457, 'learning_rate': 0.0, 'epoch': 0.53}
{'loss': 0.0, 'grad_norm': 3.1622776985168457, 'learning_rate': 0.0, 'epoch': 0.54}
{'loss': 0.0, 'grad_norm': 3.1622776985168457, 'learning_rate': 0.0, 'epoch': 0.54}
{'loss': 0.0, 'grad_norm': 3.1622776985168457, 'learning_rate': 0.0, 'epoch': 0.54}
{'loss': 0.0, 'grad_norm': 3.1622776985168457, 'learning_rate': 0.0, 'epoch': 0.54}
{'loss': 0.0, 'grad_norm': 3.1622776985168457, 'learning_rate': 0.0, 'epoch': 0.54}
{'loss': 0.0, 'grad_norm': 3.1622776985168457, 'learning_rate': 0.0, 'epoch': 0.54}
{'loss': 0.0, 'grad_norm': 3.1622776985168457, 'learning_rate': 0.0, 'epoch': 0.54}
{'loss': 0.0, 'grad_norm': 3.1622776985168457, 'learning_rate': 0.0, 'epoch': 0.54}
{'loss': 0.0, 'grad_norm': 3.1622776985168457, 'learning_rate': 0.0, 'epoch': 0.54}
{'loss': 0.0, 'grad_norm': 3.1622776985168457, 'learning_rate': 0.0, 'epoch': 0.54}
{'loss': 0.0, 'grad_norm': 3.1622776985168457, 'learning_rate': 0.0, 'epoch': 0.54}
{'loss': 0.0, 'grad_norm': 3.1622776985168457, 'learning_rate': 0.0, 'epoch': 0.54}
{'loss': 0.0, 'grad_norm': 3.1622776985168457, 'learning_rate': 0.0, 'epoch': 0.54}
{'loss': 0.0, 'grad_norm': 3.1622776985168457, 'learning_rate': 0.0, 'epoch': 0.54}
{'loss': 0.0, 'grad_norm': 3.1622776985168457, 'learning_rate': 0.0, 'epoch': 0.54}
{'loss': 0.0, 'grad_norm': 3.1622776985168457, 'learning_rate': 0.0, 'epoch': 0.54}
{'loss': 0.0, 'grad_norm': 3.1622776985168457, 'learning_rate': 0.0, 'epoch': 0.54}
{'loss': 0.0, 'grad_norm': 3.1622776985168457, 'learning_rate': 0.0, 'epoch': 0.54}
{'loss': 0.0, 'grad_norm': 3.1622776985168457, 'learning_rate': 0.0, 'epoch': 0.54}
{'loss': 0.0, 'grad_norm': 3.1622776985168457, 'learning_rate': 0.0, 'epoch': 0.54}
{'loss': 0.0, 'grad_norm': 3.1622776985168457, 'learning_rate': 0.0, 'epoch': 0.54}
{'loss': 0.0, 'grad_norm': 3.1622776985168457, 'learning_rate': 0.0, 'epoch': 0.54}
{'loss': 0.0, 'grad_norm': 3.1622776985168457, 'learning_rate': 0.0, 'epoch': 0.54}
{'loss': 0.0, 'grad_norm': 3.1622776985168457, 'learning_rate': 0.0, 'epoch': 0.54}
{'loss': 0.0, 'grad_norm': 3.1622776985168457, 'learning_rate': 0.0, 'epoch': 0.54}
{'loss': 0.0, 'grad_norm': 3.1622776985168457, 'learning_rate': 0.0, 'epoch': 0.54}
{'loss': 0.0, 'grad_norm': 3.1622776985168457, 'learning_rate': 0.0, 'epoch': 0.54}
{'loss': 0.0, 'grad_norm': 3.1622776985168457, 'learning_rate': 0.0, 'epoch': 0.54}
{'loss': 0.0, 'grad_norm': 3.1622776985168457, 'learning_rate': 0.0, 'epoch': 0.54}
{'loss': 0.0, 'grad_norm': 3.1622776985168457, 'learning_rate': 0.0, 'epoch': 0.54}
{'loss': 0.0, 'grad_norm': 3.1622776985168457, 'learning_rate': 0.0, 'epoch': 0.54}
{'loss': 0.0, 'grad_norm': 3.1622776985168457, 'learning_rate': 0.0, 'epoch': 0.54}
{'loss': 0.0, 'grad_norm': 3.1622776985168457, 'learning_rate': 0.0, 'epoch': 0.54}
{'loss': 0.0, 'grad_norm': 3.1622776985168457, 'learning_rate': 0.0, 'epoch': 0.54}
{'loss': 0.0, 'grad_norm': 3.1622776985168457, 'learning_rate': 0.0, 'epoch': 0.54}
{'loss': 0.0, 'grad_norm': 3.1622776985168457, 'learning_rate': 0.0, 'epoch': 0.54}
{'loss': 0.0, 'grad_norm': 3.1622776985168457, 'learning_rate': 0.0, 'epoch': 0.54}
{'loss': 0.0, 'grad_norm': 3.1622776985168457, 'learning_rate': 0.0, 'epoch': 0.54}
{'loss': 0.0, 'grad_norm': 3.1622776985168457, 'learning_rate': 0.0, 'epoch': 0.54}
Error with image file is truncated (8 bytes not processed)
{'loss': 0.0, 'grad_norm': 3.1622776985168457, 'learning_rate': 0.0, 'epoch': 0.54}
{'loss': 0.0, 'grad_norm': 3.1622776985168457, 'learning_rate': 0.0, 'epoch': 0.54}
{'loss': 0.0, 'grad_norm': 3.1622776985168457, 'learning_rate': 0.0, 'epoch': 0.54}
{'loss': 0.0, 'grad_norm': 3.1622776985168457, 'learning_rate': 0.0, 'epoch': 0.54}
{'loss': 0.0, 'grad_norm': 3.1622776985168457, 'learning_rate': 0.0, 'epoch': 0.54}
{'loss': 0.0, 'grad_norm': 3.1622776985168457, 'learning_rate': 0.0, 'epoch': 0.54}
{'loss': 0.0, 'grad_norm': 3.1622776985168457, 'learning_rate': 0.0, 'epoch': 0.54}
{'loss': 0.0, 'grad_norm': 3.1622776985168457, 'learning_rate': 0.0, 'epoch': 0.54}
{'loss': 0.0, 'grad_norm': 3.1622776985168457, 'learning_rate': 0.0, 'epoch': 0.54}
{'loss': 0.0, 'grad_norm': 3.1622776985168457, 'learning_rate': 0.0, 'epoch': 0.54}
{'loss': 0.0, 'grad_norm': 3.1622776985168457, 'learning_rate': 0.0, 'epoch': 0.54}
{'loss': 0.0, 'grad_norm': 3.1622776985168457, 'learning_rate': 0.0, 'epoch': 0.54}
{'loss': 0.0, 'grad_norm': 3.1622776985168457, 'learning_rate': 0.0, 'epoch': 0.54}
{'loss': 0.0, 'grad_norm': 3.1622776985168457, 'learning_rate': 0.0, 'epoch': 0.55}
{'loss': 0.0, 'grad_norm': 3.1622776985168457, 'learning_rate': 0.0, 'epoch': 0.55}
{'loss': 0.0, 'grad_norm': 3.1622776985168457, 'learning_rate': 0.0, 'epoch': 0.55}
{'loss': 0.0, 'grad_norm': 3.1622776985168457, 'learning_rate': 0.0, 'epoch': 0.55}
{'loss': 0.0, 'grad_norm': 3.1622776985168457, 'learning_rate': 0.0, 'epoch': 0.55}
{'loss': 0.0, 'grad_norm': 3.1622776985168457, 'learning_rate': 0.0, 'epoch': 0.55}
{'loss': 0.0, 'grad_norm': 3.1622776985168457, 'learning_rate': 0.0, 'epoch': 0.55}
{'loss': 0.0, 'grad_norm': 3.1622776985168457, 'learning_rate': 0.0, 'epoch': 0.55}
{'loss': 0.0, 'grad_norm': 3.1622776985168457, 'learning_rate': 0.0, 'epoch': 0.55}
{'loss': 0.0, 'grad_norm': 3.1622776985168457, 'learning_rate': 0.0, 'epoch': 0.55}
{'loss': 0.0, 'grad_norm': 3.1622776985168457, 'learning_rate': 0.0, 'epoch': 0.55}
{'loss': 0.0, 'grad_norm': 3.1622776985168457, 'learning_rate': 0.0, 'epoch': 0.55}
{'loss': 0.0, 'grad_norm': 3.1622776985168457, 'learning_rate': 0.0, 'epoch': 0.55}
{'loss': 0.0, 'grad_norm': 3.1622776985168457, 'learning_rate': 0.0, 'epoch': 0.55}
{'loss': 0.0, 'grad_norm': 3.1622776985168457, 'learning_rate': 0.0, 'epoch': 0.55}
{'loss': 0.0, 'grad_norm': 3.1622776985168457, 'learning_rate': 0.0, 'epoch': 0.55}
{'loss': 0.0, 'grad_norm': 3.1622776985168457, 'learning_rate': 0.0, 'epoch': 0.55}
{'loss': 0.0, 'grad_norm': 3.1622776985168457, 'learning_rate': 0.0, 'epoch': 0.55}
{'loss': 0.0, 'grad_norm': 3.1622776985168457, 'learning_rate': 0.0, 'epoch': 0.55}
{'loss': 0.0, 'grad_norm': 3.1622776985168457, 'learning_rate': 0.0, 'epoch': 0.55}
{'loss': 0.0, 'grad_norm': 3.1622776985168457, 'learning_rate': 0.0, 'epoch': 0.55}
{'loss': 0.0, 'grad_norm': 3.1622776985168457, 'learning_rate': 0.0, 'epoch': 0.55}
{'loss': 0.0, 'grad_norm': 3.1622776985168457, 'learning_rate': 0.0, 'epoch': 0.55}
{'loss': 0.0, 'grad_norm': 3.1622776985168457, 'learning_rate': 0.0, 'epoch': 0.55}
{'loss': 0.0, 'grad_norm': 3.1622776985168457, 'learning_rate': 0.0, 'epoch': 0.55}
{'loss': 0.0, 'grad_norm': 3.1622776985168457, 'learning_rate': 0.0, 'epoch': 0.55}
{'loss': 0.0, 'grad_norm': 3.1622776985168457, 'learning_rate': 0.0, 'epoch': 0.55}
{'loss': 0.0, 'grad_norm': 3.1622776985168457, 'learning_rate': 0.0, 'epoch': 0.55}
{'loss': 0.0, 'grad_norm': 3.1622776985168457, 'learning_rate': 0.0, 'epoch': 0.55}
{'loss': 0.0, 'grad_norm': 3.1622776985168457, 'learning_rate': 0.0, 'epoch': 0.55}
{'loss': 0.0, 'grad_norm': 3.1622776985168457, 'learning_rate': 0.0, 'epoch': 0.55}
{'loss': 0.0, 'grad_norm': 3.1622776985168457, 'learning_rate': 0.0, 'epoch': 0.55}
{'loss': 0.0, 'grad_norm': 3.1622776985168457, 'learning_rate': 0.0, 'epoch': 0.55}
{'loss': 0.0, 'grad_norm': 3.1622776985168457, 'learning_rate': 0.0, 'epoch': 0.55}
{'loss': 0.0, 'grad_norm': 3.1622776985168457, 'learning_rate': 0.0, 'epoch': 0.55}
{'loss': 0.0, 'grad_norm': 3.1622776985168457, 'learning_rate': 0.0, 'epoch': 0.55}
{'loss': 0.0, 'grad_norm': 3.1622776985168457, 'learning_rate': 0.0, 'epoch': 0.55}
{'loss': 0.0, 'grad_norm': 3.1622776985168457, 'learning_rate': 0.0, 'epoch': 0.55}
{'loss': 0.0, 'grad_norm': 3.1622776985168457, 'learning_rate': 0.0, 'epoch': 0.55}
{'loss': 0.0, 'grad_norm': 3.1622776985168457, 'learning_rate': 0.0, 'epoch': 0.55}
{'loss': 0.0, 'grad_norm': 3.1622776985168457, 'learning_rate': 0.0, 'epoch': 0.55}
{'loss': 0.0, 'grad_norm': 3.1622776985168457, 'learning_rate': 0.0, 'epoch': 0.55}
{'loss': 0.0, 'grad_norm': 3.1622776985168457, 'learning_rate': 0.0, 'epoch': 0.55}
{'loss': 0.0, 'grad_norm': 3.1622776985168457, 'learning_rate': 0.0, 'epoch': 0.55}
{'loss': 0.0, 'grad_norm': 3.1622776985168457, 'learning_rate': 0.0, 'epoch': 0.55}
{'loss': 0.0, 'grad_norm': 3.1622776985168457, 'learning_rate': 0.0, 'epoch': 0.55}
{'loss': 0.0, 'grad_norm': 3.1622776985168457, 'learning_rate': 0.0, 'epoch': 0.55}
{'loss': 0.0, 'grad_norm': 3.1622776985168457, 'learning_rate': 0.0, 'epoch': 0.55}
{'loss': 0.0, 'grad_norm': 3.1622776985168457, 'learning_rate': 0.0, 'epoch': 0.55}
{'loss': 0.0, 'grad_norm': 3.1622776985168457, 'learning_rate': 0.0, 'epoch': 0.55}
{'loss': 0.0, 'grad_norm': 3.1622776985168457, 'learning_rate': 0.0, 'epoch': 0.55}
{'loss': 0.0, 'grad_norm': 3.1622776985168457, 'learning_rate': 0.0, 'epoch': 0.55}
{'loss': 0.0, 'grad_norm': 3.1622776985168457, 'learning_rate': 0.0, 'epoch': 0.56}
{'loss': 0.0, 'grad_norm': 3.1622776985168457, 'learning_rate': 0.0, 'epoch': 0.56}
{'loss': 0.0, 'grad_norm': 3.1622776985168457, 'learning_rate': 0.0, 'epoch': 0.56}
{'loss': 0.0, 'grad_norm': 3.1622776985168457, 'learning_rate': 0.0, 'epoch': 0.56}
{'loss': 0.0, 'grad_norm': 3.1622776985168457, 'learning_rate': 0.0, 'epoch': 0.56}
{'loss': 0.0, 'grad_norm': 3.1622776985168457, 'learning_rate': 0.0, 'epoch': 0.56}
{'loss': 0.0, 'grad_norm': 3.1622776985168457, 'learning_rate': 0.0, 'epoch': 0.56}
{'loss': 0.0, 'grad_norm': 3.1622776985168457, 'learning_rate': 0.0, 'epoch': 0.56}
{'loss': 0.0, 'grad_norm': 3.1622776985168457, 'learning_rate': 0.0, 'epoch': 0.56}
{'loss': 0.0, 'grad_norm': 3.1622776985168457, 'learning_rate': 0.0, 'epoch': 0.56}
{'loss': 0.0, 'grad_norm': 3.1622776985168457, 'learning_rate': 0.0, 'epoch': 0.56}
{'loss': 0.0, 'grad_norm': 3.1622776985168457, 'learning_rate': 0.0, 'epoch': 0.56}
{'loss': 0.0, 'grad_norm': 3.1622776985168457, 'learning_rate': 0.0, 'epoch': 0.56}
{'loss': 0.0, 'grad_norm': 3.1622776985168457, 'learning_rate': 0.0, 'epoch': 0.56}
{'loss': 0.0, 'grad_norm': 3.1622776985168457, 'learning_rate': 0.0, 'epoch': 0.56}
{'loss': 0.0, 'grad_norm': 3.1622776985168457, 'learning_rate': 0.0, 'epoch': 0.56}
{'loss': 0.0, 'grad_norm': 3.1622776985168457, 'learning_rate': 0.0, 'epoch': 0.56}
{'loss': 0.0, 'grad_norm': 3.1622776985168457, 'learning_rate': 0.0, 'epoch': 0.56}
{'loss': 0.0, 'grad_norm': 3.1622776985168457, 'learning_rate': 0.0, 'epoch': 0.56}
{'loss': 0.0, 'grad_norm': 3.1622776985168457, 'learning_rate': 0.0, 'epoch': 0.56}
{'loss': 0.0, 'grad_norm': 3.1622776985168457, 'learning_rate': 0.0, 'epoch': 0.56}
{'loss': 0.0, 'grad_norm': 3.1622776985168457, 'learning_rate': 0.0, 'epoch': 0.56}
{'loss': 0.0, 'grad_norm': 3.1622776985168457, 'learning_rate': 0.0, 'epoch': 0.56}
{'loss': 0.0, 'grad_norm': 3.1622776985168457, 'learning_rate': 0.0, 'epoch': 0.56}
{'loss': 0.0, 'grad_norm': 3.1622776985168457, 'learning_rate': 0.0, 'epoch': 0.56}
{'loss': 0.0, 'grad_norm': 3.1622776985168457, 'learning_rate': 0.0, 'epoch': 0.56}
{'loss': 0.0, 'grad_norm': 3.1622776985168457, 'learning_rate': 0.0, 'epoch': 0.56}
{'loss': 0.0, 'grad_norm': 3.1622776985168457, 'learning_rate': 0.0, 'epoch': 0.56}
{'loss': 0.0, 'grad_norm': 3.1622776985168457, 'learning_rate': 0.0, 'epoch': 0.56}
{'loss': 0.0, 'grad_norm': 3.1622776985168457, 'learning_rate': 0.0, 'epoch': 0.56}
{'loss': 0.0, 'grad_norm': 3.1622776985168457, 'learning_rate': 0.0, 'epoch': 0.56}
{'loss': 0.0, 'grad_norm': 3.1622776985168457, 'learning_rate': 0.0, 'epoch': 0.56}
{'loss': 0.0, 'grad_norm': 3.1622776985168457, 'learning_rate': 0.0, 'epoch': 0.56}
{'loss': 0.0, 'grad_norm': 3.1622776985168457, 'learning_rate': 0.0, 'epoch': 0.56}
{'loss': 0.0, 'grad_norm': 3.1622776985168457, 'learning_rate': 0.0, 'epoch': 0.56}
{'loss': 0.0, 'grad_norm': 3.1622776985168457, 'learning_rate': 0.0, 'epoch': 0.56}
{'loss': 0.0, 'grad_norm': 3.1622776985168457, 'learning_rate': 0.0, 'epoch': 0.56}
{'loss': 0.0, 'grad_norm': 3.1622776985168457, 'learning_rate': 0.0, 'epoch': 0.56}
{'loss': 0.0, 'grad_norm': 3.1622776985168457, 'learning_rate': 0.0, 'epoch': 0.56}
{'loss': 0.0, 'grad_norm': 3.1622776985168457, 'learning_rate': 0.0, 'epoch': 0.56}
{'loss': 0.0, 'grad_norm': 3.1622776985168457, 'learning_rate': 0.0, 'epoch': 0.56}
{'loss': 0.0, 'grad_norm': 3.1622776985168457, 'learning_rate': 0.0, 'epoch': 0.56}
{'loss': 0.0, 'grad_norm': 3.1622776985168457, 'learning_rate': 0.0, 'epoch': 0.56}
{'loss': 0.0, 'grad_norm': 3.1622776985168457, 'learning_rate': 0.0, 'epoch': 0.56}
{'loss': 0.0, 'grad_norm': 3.1622776985168457, 'learning_rate': 0.0, 'epoch': 0.56}
{'loss': 0.0, 'grad_norm': 3.1622776985168457, 'learning_rate': 0.0, 'epoch': 0.56}
{'loss': 0.0, 'grad_norm': 3.1622776985168457, 'learning_rate': 0.0, 'epoch': 0.56}
{'loss': 0.0, 'grad_norm': 3.1622776985168457, 'learning_rate': 0.0, 'epoch': 0.56}
{'loss': 0.0, 'grad_norm': 3.1622776985168457, 'learning_rate': 0.0, 'epoch': 0.56}
{'loss': 0.0, 'grad_norm': 3.1622776985168457, 'learning_rate': 0.0, 'epoch': 0.56}
{'loss': 0.0, 'grad_norm': 3.1622776985168457, 'learning_rate': 0.0, 'epoch': 0.56}
{'loss': 0.0, 'grad_norm': 3.1622776985168457, 'learning_rate': 0.0, 'epoch': 0.56}
{'loss': 0.0, 'grad_norm': 3.1622776985168457, 'learning_rate': 0.0, 'epoch': 0.57}
{'loss': 0.0, 'grad_norm': 3.1622776985168457, 'learning_rate': 0.0, 'epoch': 0.57}
{'loss': 0.0, 'grad_norm': 3.1622776985168457, 'learning_rate': 0.0, 'epoch': 0.57}
{'loss': 0.0, 'grad_norm': 3.1622776985168457, 'learning_rate': 0.0, 'epoch': 0.57}
{'loss': 0.0, 'grad_norm': 3.1622776985168457, 'learning_rate': 0.0, 'epoch': 0.57}
{'loss': 0.0, 'grad_norm': 3.1622776985168457, 'learning_rate': 0.0, 'epoch': 0.57}
{'loss': 0.0, 'grad_norm': 3.1622776985168457, 'learning_rate': 0.0, 'epoch': 0.57}
{'loss': 0.0, 'grad_norm': 3.1622776985168457, 'learning_rate': 0.0, 'epoch': 0.57}
{'loss': 0.0, 'grad_norm': 3.1622776985168457, 'learning_rate': 0.0, 'epoch': 0.57}
{'loss': 0.0, 'grad_norm': 3.1622776985168457, 'learning_rate': 0.0, 'epoch': 0.57}
{'loss': 0.0, 'grad_norm': 3.1622776985168457, 'learning_rate': 0.0, 'epoch': 0.57}
{'loss': 0.0, 'grad_norm': 3.1622776985168457, 'learning_rate': 0.0, 'epoch': 0.57}
{'loss': 0.0, 'grad_norm': 3.1622776985168457, 'learning_rate': 0.0, 'epoch': 0.57}
{'loss': 0.0, 'grad_norm': 3.1622776985168457, 'learning_rate': 0.0, 'epoch': 0.57}
{'loss': 0.0, 'grad_norm': 3.1622776985168457, 'learning_rate': 0.0, 'epoch': 0.57}
{'loss': 0.0, 'grad_norm': 3.1622776985168457, 'learning_rate': 0.0, 'epoch': 0.57}
{'loss': 0.0, 'grad_norm': 3.1622776985168457, 'learning_rate': 0.0, 'epoch': 0.57}
{'loss': 0.0, 'grad_norm': 3.1622776985168457, 'learning_rate': 0.0, 'epoch': 0.57}
{'loss': 0.0, 'grad_norm': 3.1622776985168457, 'learning_rate': 0.0, 'epoch': 0.57}
Error with image file is truncated (43 bytes not processed)
{'loss': 0.0, 'grad_norm': 3.1622776985168457, 'learning_rate': 0.0, 'epoch': 0.57}
{'loss': 0.0, 'grad_norm': 3.1622776985168457, 'learning_rate': 0.0, 'epoch': 0.57}
{'loss': 0.0, 'grad_norm': 3.1622776985168457, 'learning_rate': 0.0, 'epoch': 0.57}
{'loss': 0.0, 'grad_norm': 3.1622776985168457, 'learning_rate': 0.0, 'epoch': 0.57}
{'loss': 0.0, 'grad_norm': 3.1622776985168457, 'learning_rate': 0.0, 'epoch': 0.57}
{'loss': 0.0, 'grad_norm': 3.1622776985168457, 'learning_rate': 0.0, 'epoch': 0.57}
{'loss': 0.0, 'grad_norm': 3.1622776985168457, 'learning_rate': 0.0, 'epoch': 0.57}
{'loss': 0.0, 'grad_norm': 3.1622776985168457, 'learning_rate': 0.0, 'epoch': 0.57}
{'loss': 0.0, 'grad_norm': 3.1622776985168457, 'learning_rate': 0.0, 'epoch': 0.57}
{'loss': 0.0, 'grad_norm': 3.1622776985168457, 'learning_rate': 0.0, 'epoch': 0.57}
{'loss': 0.0, 'grad_norm': 3.1622776985168457, 'learning_rate': 0.0, 'epoch': 0.57}
{'loss': 0.0, 'grad_norm': 3.1622776985168457, 'learning_rate': 0.0, 'epoch': 0.57}
{'loss': 0.0, 'grad_norm': 3.1622776985168457, 'learning_rate': 0.0, 'epoch': 0.57}
{'loss': 0.0, 'grad_norm': 3.1622776985168457, 'learning_rate': 0.0, 'epoch': 0.57}
{'loss': 0.0, 'grad_norm': 3.1622776985168457, 'learning_rate': 0.0, 'epoch': 0.57}
{'loss': 0.0, 'grad_norm': 3.1622776985168457, 'learning_rate': 0.0, 'epoch': 0.57}
{'loss': 0.0, 'grad_norm': 3.1622776985168457, 'learning_rate': 0.0, 'epoch': 0.57}
{'loss': 0.0, 'grad_norm': 3.1622776985168457, 'learning_rate': 0.0, 'epoch': 0.57}
{'loss': 0.0, 'grad_norm': 3.1622776985168457, 'learning_rate': 0.0, 'epoch': 0.57}
{'loss': 0.0, 'grad_norm': 3.1622776985168457, 'learning_rate': 0.0, 'epoch': 0.57}
{'loss': 0.0, 'grad_norm': 3.1622776985168457, 'learning_rate': 0.0, 'epoch': 0.57}
{'loss': 0.0, 'grad_norm': 3.1622776985168457, 'learning_rate': 0.0, 'epoch': 0.57}
{'loss': 0.0, 'grad_norm': 3.1622776985168457, 'learning_rate': 0.0, 'epoch': 0.57}
{'loss': 0.0, 'grad_norm': 3.1622776985168457, 'learning_rate': 0.0, 'epoch': 0.57}
{'loss': 0.0, 'grad_norm': 3.1622776985168457, 'learning_rate': 0.0, 'epoch': 0.57}
{'loss': 0.0, 'grad_norm': 3.1622776985168457, 'learning_rate': 0.0, 'epoch': 0.57}
{'loss': 0.0, 'grad_norm': 3.1622776985168457, 'learning_rate': 0.0, 'epoch': 0.57}
{'loss': 0.0, 'grad_norm': 3.1622776985168457, 'learning_rate': 0.0, 'epoch': 0.57}
{'loss': 0.0, 'grad_norm': 3.1622776985168457, 'learning_rate': 0.0, 'epoch': 0.57}
{'loss': 0.0, 'grad_norm': 3.1622776985168457, 'learning_rate': 0.0, 'epoch': 0.57}
{'loss': 0.0, 'grad_norm': 3.1622776985168457, 'learning_rate': 0.0, 'epoch': 0.57}
{'loss': 0.0, 'grad_norm': 3.1622776985168457, 'learning_rate': 0.0, 'epoch': 0.57}
{'loss': 0.0, 'grad_norm': 3.1622776985168457, 'learning_rate': 0.0, 'epoch': 0.57}
{'loss': 0.0, 'grad_norm': 3.1622776985168457, 'learning_rate': 0.0, 'epoch': 0.58}
{'loss': 0.0, 'grad_norm': 3.1622776985168457, 'learning_rate': 0.0, 'epoch': 0.58}
{'loss': 0.0, 'grad_norm': 3.1622776985168457, 'learning_rate': 0.0, 'epoch': 0.58}
{'loss': 0.0, 'grad_norm': 3.1622776985168457, 'learning_rate': 0.0, 'epoch': 0.58}
{'loss': 0.0, 'grad_norm': 3.1622776985168457, 'learning_rate': 0.0, 'epoch': 0.58}
{'loss': 0.0, 'grad_norm': 3.1622776985168457, 'learning_rate': 0.0, 'epoch': 0.58}
{'loss': 0.0, 'grad_norm': 3.1622776985168457, 'learning_rate': 0.0, 'epoch': 0.58}
{'loss': 0.0, 'grad_norm': 3.1622776985168457, 'learning_rate': 0.0, 'epoch': 0.58}
{'loss': 0.0, 'grad_norm': 3.1622776985168457, 'learning_rate': 0.0, 'epoch': 0.58}
{'loss': 0.0, 'grad_norm': 3.1622776985168457, 'learning_rate': 0.0, 'epoch': 0.58}
WARNING: tokenization mismatch: 0 vs. 55. (ignored)
{'loss': 0.0, 'grad_norm': 3.1622776985168457, 'learning_rate': 0.0, 'epoch': 0.58}
{'loss': 0.0, 'grad_norm': 3.1622776985168457, 'learning_rate': 0.0, 'epoch': 0.58}
{'loss': 0.0, 'grad_norm': 3.1622776985168457, 'learning_rate': 0.0, 'epoch': 0.58}
{'loss': 0.0, 'grad_norm': 3.1622776985168457, 'learning_rate': 0.0, 'epoch': 0.58}
{'loss': 0.0, 'grad_norm': 3.1622776985168457, 'learning_rate': 0.0, 'epoch': 0.58}
{'loss': 0.0, 'grad_norm': 3.1622776985168457, 'learning_rate': 0.0, 'epoch': 0.58}
{'loss': 0.0, 'grad_norm': 3.1622776985168457, 'learning_rate': 0.0, 'epoch': 0.58}
{'loss': 0.0, 'grad_norm': 3.1622776985168457, 'learning_rate': 0.0, 'epoch': 0.58}
{'loss': 0.0, 'grad_norm': 3.1622776985168457, 'learning_rate': 0.0, 'epoch': 0.58}
{'loss': 0.0, 'grad_norm': 3.1622776985168457, 'learning_rate': 0.0, 'epoch': 0.58}
{'loss': 0.0, 'grad_norm': 3.1622776985168457, 'learning_rate': 0.0, 'epoch': 0.58}
{'loss': 0.0, 'grad_norm': 3.1622776985168457, 'learning_rate': 0.0, 'epoch': 0.58}
{'loss': 0.0, 'grad_norm': 3.1622776985168457, 'learning_rate': 0.0, 'epoch': 0.58}
{'loss': 0.0, 'grad_norm': 3.1622776985168457, 'learning_rate': 0.0, 'epoch': 0.58}
{'loss': 0.0, 'grad_norm': 3.1622776985168457, 'learning_rate': 0.0, 'epoch': 0.58}
{'loss': 0.0, 'grad_norm': 3.1622776985168457, 'learning_rate': 0.0, 'epoch': 0.58}
{'loss': 0.0, 'grad_norm': 3.1622776985168457, 'learning_rate': 0.0, 'epoch': 0.58}
{'loss': 0.0, 'grad_norm': 3.1622776985168457, 'learning_rate': 0.0, 'epoch': 0.58}
{'loss': 0.0, 'grad_norm': 3.1622776985168457, 'learning_rate': 0.0, 'epoch': 0.58}
{'loss': 0.0, 'grad_norm': 3.1622776985168457, 'learning_rate': 0.0, 'epoch': 0.58}
{'loss': 0.0, 'grad_norm': 3.1622776985168457, 'learning_rate': 0.0, 'epoch': 0.58}
{'loss': 0.0, 'grad_norm': 3.1622776985168457, 'learning_rate': 0.0, 'epoch': 0.58}
{'loss': 0.0, 'grad_norm': 3.1622776985168457, 'learning_rate': 0.0, 'epoch': 0.58}
{'loss': 0.0, 'grad_norm': 3.1622776985168457, 'learning_rate': 0.0, 'epoch': 0.58}
{'loss': 0.0, 'grad_norm': 3.1622776985168457, 'learning_rate': 0.0, 'epoch': 0.58}
{'loss': 0.0, 'grad_norm': 3.1622776985168457, 'learning_rate': 0.0, 'epoch': 0.58}
{'loss': 0.0, 'grad_norm': 3.1622776985168457, 'learning_rate': 0.0, 'epoch': 0.58}
{'loss': 0.0, 'grad_norm': 3.1622776985168457, 'learning_rate': 0.0, 'epoch': 0.58}
{'loss': 0.0, 'grad_norm': 3.1622776985168457, 'learning_rate': 0.0, 'epoch': 0.58}
{'loss': 0.0, 'grad_norm': 3.1622776985168457, 'learning_rate': 0.0, 'epoch': 0.58}
{'loss': 0.0, 'grad_norm': 3.1622776985168457, 'learning_rate': 0.0, 'epoch': 0.58}
{'loss': 0.0, 'grad_norm': 3.1622776985168457, 'learning_rate': 0.0, 'epoch': 0.58}
{'loss': 0.0, 'grad_norm': 3.1622776985168457, 'learning_rate': 0.0, 'epoch': 0.58}
{'loss': 0.0, 'grad_norm': 3.1622776985168457, 'learning_rate': 0.0, 'epoch': 0.58}
{'loss': 0.0, 'grad_norm': 3.1622776985168457, 'learning_rate': 0.0, 'epoch': 0.58}
{'loss': 0.0, 'grad_norm': 3.1622776985168457, 'learning_rate': 0.0, 'epoch': 0.58}
{'loss': 0.0, 'grad_norm': 3.1622776985168457, 'learning_rate': 0.0, 'epoch': 0.58}
{'loss': 0.0, 'grad_norm': 3.1622776985168457, 'learning_rate': 0.0, 'epoch': 0.58}
{'loss': 0.0, 'grad_norm': 3.1622776985168457, 'learning_rate': 0.0, 'epoch': 0.58}
{'loss': 0.0, 'grad_norm': 3.1622776985168457, 'learning_rate': 0.0, 'epoch': 0.58}
{'loss': 0.0, 'grad_norm': 3.1622776985168457, 'learning_rate': 0.0, 'epoch': 0.58}
{'loss': 0.0, 'grad_norm': 3.1622776985168457, 'learning_rate': 0.0, 'epoch': 0.58}
{'loss': 0.0, 'grad_norm': 3.1622776985168457, 'learning_rate': 0.0, 'epoch': 0.59}
{'loss': 0.0, 'grad_norm': 3.1622776985168457, 'learning_rate': 0.0, 'epoch': 0.59}
{'loss': 0.0, 'grad_norm': 3.1622776985168457, 'learning_rate': 0.0, 'epoch': 0.59}
{'loss': 0.0, 'grad_norm': 3.1622776985168457, 'learning_rate': 0.0, 'epoch': 0.59}
{'loss': 0.0, 'grad_norm': 3.1622776985168457, 'learning_rate': 0.0, 'epoch': 0.59}
{'loss': 0.0, 'grad_norm': 3.1622776985168457, 'learning_rate': 0.0, 'epoch': 0.59}
{'loss': 0.0, 'grad_norm': 3.1622776985168457, 'learning_rate': 0.0, 'epoch': 0.59}
{'loss': 0.0, 'grad_norm': 3.1622776985168457, 'learning_rate': 0.0, 'epoch': 0.59}
{'loss': 0.0, 'grad_norm': 3.1622776985168457, 'learning_rate': 0.0, 'epoch': 0.59}
{'loss': 0.0, 'grad_norm': 3.1622776985168457, 'learning_rate': 0.0, 'epoch': 0.59}
{'loss': 0.0, 'grad_norm': 3.1622776985168457, 'learning_rate': 0.0, 'epoch': 0.59}
{'loss': 0.0, 'grad_norm': 3.1622776985168457, 'learning_rate': 0.0, 'epoch': 0.59}
{'loss': 0.0, 'grad_norm': 3.1622776985168457, 'learning_rate': 0.0, 'epoch': 0.59}
{'loss': 0.0, 'grad_norm': 3.1622776985168457, 'learning_rate': 0.0, 'epoch': 0.59}
{'loss': 0.0, 'grad_norm': 3.1622776985168457, 'learning_rate': 0.0, 'epoch': 0.59}
{'loss': 0.0, 'grad_norm': 3.1622776985168457, 'learning_rate': 0.0, 'epoch': 0.59}
{'loss': 0.0, 'grad_norm': 3.1622776985168457, 'learning_rate': 0.0, 'epoch': 0.59}
{'loss': 0.0, 'grad_norm': 3.1622776985168457, 'learning_rate': 0.0, 'epoch': 0.59}
{'loss': 0.0, 'grad_norm': 3.1622776985168457, 'learning_rate': 0.0, 'epoch': 0.59}
{'loss': 0.0, 'grad_norm': 3.1622776985168457, 'learning_rate': 0.0, 'epoch': 0.59}
{'loss': 0.0, 'grad_norm': 3.1622776985168457, 'learning_rate': 0.0, 'epoch': 0.59}
{'loss': 0.0, 'grad_norm': 3.1622776985168457, 'learning_rate': 0.0, 'epoch': 0.59}
{'loss': 0.0, 'grad_norm': 3.1622776985168457, 'learning_rate': 0.0, 'epoch': 0.59}
{'loss': 0.0, 'grad_norm': 3.1622776985168457, 'learning_rate': 0.0, 'epoch': 0.59}
{'loss': 0.0, 'grad_norm': 3.1622776985168457, 'learning_rate': 0.0, 'epoch': 0.59}
{'loss': 0.0, 'grad_norm': 3.1622776985168457, 'learning_rate': 0.0, 'epoch': 0.59}
{'loss': 0.0, 'grad_norm': 3.1622776985168457, 'learning_rate': 0.0, 'epoch': 0.59}
{'loss': 0.0, 'grad_norm': 3.1622776985168457, 'learning_rate': 0.0, 'epoch': 0.59}
{'loss': 0.0, 'grad_norm': 3.1622776985168457, 'learning_rate': 0.0, 'epoch': 0.59}
{'loss': 0.0, 'grad_norm': 3.1622776985168457, 'learning_rate': 0.0, 'epoch': 0.59}
{'loss': 0.0, 'grad_norm': 3.1622776985168457, 'learning_rate': 0.0, 'epoch': 0.59}
{'loss': 0.0, 'grad_norm': 3.1622776985168457, 'learning_rate': 0.0, 'epoch': 0.59}
{'loss': 0.0, 'grad_norm': 3.1622776985168457, 'learning_rate': 0.0, 'epoch': 0.59}
{'loss': 0.0, 'grad_norm': 3.1622776985168457, 'learning_rate': 0.0, 'epoch': 0.59}
{'loss': 0.0, 'grad_norm': 3.1622776985168457, 'learning_rate': 0.0, 'epoch': 0.59}
{'loss': 0.0, 'grad_norm': 3.1622776985168457, 'learning_rate': 0.0, 'epoch': 0.59}
{'loss': 0.0, 'grad_norm': 3.1622776985168457, 'learning_rate': 0.0, 'epoch': 0.59}
{'loss': 0.0, 'grad_norm': 3.1622776985168457, 'learning_rate': 0.0, 'epoch': 0.59}
{'loss': 0.0, 'grad_norm': 3.1622776985168457, 'learning_rate': 0.0, 'epoch': 0.59}
{'loss': 0.0, 'grad_norm': 3.1622776985168457, 'learning_rate': 0.0, 'epoch': 0.59}
{'loss': 0.0, 'grad_norm': 3.1622776985168457, 'learning_rate': 0.0, 'epoch': 0.59}
{'loss': 0.0, 'grad_norm': 3.1622776985168457, 'learning_rate': 0.0, 'epoch': 0.59}
{'loss': 0.0, 'grad_norm': 3.1622776985168457, 'learning_rate': 0.0, 'epoch': 0.59}
{'loss': 0.0, 'grad_norm': 3.1622776985168457, 'learning_rate': 0.0, 'epoch': 0.59}
{'loss': 0.0, 'grad_norm': 3.1622776985168457, 'learning_rate': 0.0, 'epoch': 0.59}
{'loss': 0.0, 'grad_norm': 3.1622776985168457, 'learning_rate': 0.0, 'epoch': 0.59}
{'loss': 0.0, 'grad_norm': 3.1622776985168457, 'learning_rate': 0.0, 'epoch': 0.59}
{'loss': 0.0, 'grad_norm': 3.1622776985168457, 'learning_rate': 0.0, 'epoch': 0.59}
{'loss': 0.0, 'grad_norm': 3.1622776985168457, 'learning_rate': 0.0, 'epoch': 0.59}
{'loss': 0.0, 'grad_norm': 3.1622776985168457, 'learning_rate': 0.0, 'epoch': 0.59}
{'loss': 0.0, 'grad_norm': 3.1622776985168457, 'learning_rate': 0.0, 'epoch': 0.59}
{'loss': 0.0, 'grad_norm': 3.1622776985168457, 'learning_rate': 0.0, 'epoch': 0.59}
{'loss': 0.0, 'grad_norm': 3.1622776985168457, 'learning_rate': 0.0, 'epoch': 0.6}
{'loss': 0.0, 'grad_norm': 3.1622776985168457, 'learning_rate': 0.0, 'epoch': 0.6}
{'loss': 0.0, 'grad_norm': 3.1622776985168457, 'learning_rate': 0.0, 'epoch': 0.6}
{'loss': 0.0, 'grad_norm': 3.1622776985168457, 'learning_rate': 0.0, 'epoch': 0.6}
{'loss': 0.0, 'grad_norm': 3.1622776985168457, 'learning_rate': 0.0, 'epoch': 0.6}
{'loss': 0.0, 'grad_norm': 3.1622776985168457, 'learning_rate': 0.0, 'epoch': 0.6}
{'loss': 0.0, 'grad_norm': 3.1622776985168457, 'learning_rate': 0.0, 'epoch': 0.6}
{'loss': 0.0, 'grad_norm': 3.1622776985168457, 'learning_rate': 0.0, 'epoch': 0.6}
{'loss': 0.0, 'grad_norm': 3.1622776985168457, 'learning_rate': 0.0, 'epoch': 0.6}
{'loss': 0.0, 'grad_norm': 3.1622776985168457, 'learning_rate': 0.0, 'epoch': 0.6}
{'loss': 0.0, 'grad_norm': 3.1622776985168457, 'learning_rate': 0.0, 'epoch': 0.6}
{'loss': 0.0, 'grad_norm': 3.1622776985168457, 'learning_rate': 0.0, 'epoch': 0.6}
{'loss': 0.0, 'grad_norm': 3.1622776985168457, 'learning_rate': 0.0, 'epoch': 0.6}
{'loss': 0.0, 'grad_norm': 3.1622776985168457, 'learning_rate': 0.0, 'epoch': 0.6}
{'loss': 0.0, 'grad_norm': 3.1622776985168457, 'learning_rate': 0.0, 'epoch': 0.6}
{'loss': 0.0, 'grad_norm': 3.1622776985168457, 'learning_rate': 0.0, 'epoch': 0.6}
{'loss': 0.0, 'grad_norm': 3.1622776985168457, 'learning_rate': 0.0, 'epoch': 0.6}
{'loss': 0.0, 'grad_norm': 3.1622776985168457, 'learning_rate': 0.0, 'epoch': 0.6}
{'loss': 0.0, 'grad_norm': 3.1622776985168457, 'learning_rate': 0.0, 'epoch': 0.6}
{'loss': 0.0, 'grad_norm': 3.1622776985168457, 'learning_rate': 0.0, 'epoch': 0.6}
{'loss': 0.0, 'grad_norm': 3.1622776985168457, 'learning_rate': 0.0, 'epoch': 0.6}
{'loss': 0.0, 'grad_norm': 3.1622776985168457, 'learning_rate': 0.0, 'epoch': 0.6}
{'loss': 0.0, 'grad_norm': 3.1622776985168457, 'learning_rate': 0.0, 'epoch': 0.6}
{'loss': 0.0, 'grad_norm': 3.1622776985168457, 'learning_rate': 0.0, 'epoch': 0.6}
{'loss': 0.0, 'grad_norm': 3.1622776985168457, 'learning_rate': 0.0, 'epoch': 0.6}
{'loss': 0.0, 'grad_norm': 3.1622776985168457, 'learning_rate': 0.0, 'epoch': 0.6}
{'loss': 0.0, 'grad_norm': 3.1622776985168457, 'learning_rate': 0.0, 'epoch': 0.6}
{'loss': 0.0, 'grad_norm': 3.1622776985168457, 'learning_rate': 0.0, 'epoch': 0.6}
{'loss': 0.0, 'grad_norm': 3.1622776985168457, 'learning_rate': 0.0, 'epoch': 0.6}
{'loss': 0.0, 'grad_norm': 3.1622776985168457, 'learning_rate': 0.0, 'epoch': 0.6}
{'loss': 0.0, 'grad_norm': 3.1622776985168457, 'learning_rate': 0.0, 'epoch': 0.6}
{'loss': 0.0, 'grad_norm': 3.1622776985168457, 'learning_rate': 0.0, 'epoch': 0.6}
{'loss': 0.0, 'grad_norm': 3.1622776985168457, 'learning_rate': 0.0, 'epoch': 0.6}
{'loss': 0.0, 'grad_norm': 3.1622776985168457, 'learning_rate': 0.0, 'epoch': 0.6}
{'loss': 0.0, 'grad_norm': 3.1622776985168457, 'learning_rate': 0.0, 'epoch': 0.6}
{'loss': 0.0, 'grad_norm': 3.1622776985168457, 'learning_rate': 0.0, 'epoch': 0.6}
{'loss': 0.0, 'grad_norm': 3.1622776985168457, 'learning_rate': 0.0, 'epoch': 0.6}
{'loss': 0.0, 'grad_norm': 3.1622776985168457, 'learning_rate': 0.0, 'epoch': 0.6}
{'loss': 0.0, 'grad_norm': 3.1622776985168457, 'learning_rate': 0.0, 'epoch': 0.6}
{'loss': 0.0, 'grad_norm': 3.1622776985168457, 'learning_rate': 0.0, 'epoch': 0.6}
{'loss': 0.0, 'grad_norm': 3.1622776985168457, 'learning_rate': 0.0, 'epoch': 0.6}
{'loss': 0.0, 'grad_norm': 3.1622776985168457, 'learning_rate': 0.0, 'epoch': 0.6}
{'loss': 0.0, 'grad_norm': 3.1622776985168457, 'learning_rate': 0.0, 'epoch': 0.6}
{'loss': 0.0, 'grad_norm': 3.1622776985168457, 'learning_rate': 0.0, 'epoch': 0.6}
{'loss': 0.0, 'grad_norm': 3.1622776985168457, 'learning_rate': 0.0, 'epoch': 0.6}
{'loss': 0.0, 'grad_norm': 3.1622776985168457, 'learning_rate': 0.0, 'epoch': 0.6}
{'loss': 0.0, 'grad_norm': 3.1622776985168457, 'learning_rate': 0.0, 'epoch': 0.6}
{'loss': 0.0, 'grad_norm': 3.1622776985168457, 'learning_rate': 0.0, 'epoch': 0.6}
{'loss': 0.0, 'grad_norm': 3.1622776985168457, 'learning_rate': 0.0, 'epoch': 0.6}
{'loss': 0.0, 'grad_norm': 3.1622776985168457, 'learning_rate': 0.0, 'epoch': 0.6}
{'loss': 0.0, 'grad_norm': 3.1622776985168457, 'learning_rate': 0.0, 'epoch': 0.6}
{'loss': 0.0, 'grad_norm': 3.1622776985168457, 'learning_rate': 0.0, 'epoch': 0.6}
{'loss': 0.0, 'grad_norm': 3.1622776985168457, 'learning_rate': 0.0, 'epoch': 0.61}
{'loss': 0.0, 'grad_norm': 3.1622776985168457, 'learning_rate': 0.0, 'epoch': 0.61}
{'loss': 0.0, 'grad_norm': 3.1622776985168457, 'learning_rate': 0.0, 'epoch': 0.61}
{'loss': 0.0, 'grad_norm': 3.1622776985168457, 'learning_rate': 0.0, 'epoch': 0.61}
{'loss': 0.0, 'grad_norm': 3.1622776985168457, 'learning_rate': 0.0, 'epoch': 0.61}
{'loss': 0.0, 'grad_norm': 3.1622776985168457, 'learning_rate': 0.0, 'epoch': 0.61}
{'loss': 0.0, 'grad_norm': 3.1622776985168457, 'learning_rate': 0.0, 'epoch': 0.61}
{'loss': 0.0, 'grad_norm': 3.1622776985168457, 'learning_rate': 0.0, 'epoch': 0.61}
{'loss': 0.0, 'grad_norm': 3.1622776985168457, 'learning_rate': 0.0, 'epoch': 0.61}
{'loss': 0.0, 'grad_norm': 3.1622776985168457, 'learning_rate': 0.0, 'epoch': 0.61}
{'loss': 0.0, 'grad_norm': 3.1622776985168457, 'learning_rate': 0.0, 'epoch': 0.61}
{'loss': 0.0, 'grad_norm': 3.1622776985168457, 'learning_rate': 0.0, 'epoch': 0.61}
{'loss': 0.0, 'grad_norm': 3.1622776985168457, 'learning_rate': 0.0, 'epoch': 0.61}
{'loss': 0.0, 'grad_norm': 3.1622776985168457, 'learning_rate': 0.0, 'epoch': 0.61}
{'loss': 0.0, 'grad_norm': 3.1622776985168457, 'learning_rate': 0.0, 'epoch': 0.61}
{'loss': 0.0, 'grad_norm': 3.1622776985168457, 'learning_rate': 0.0, 'epoch': 0.61}
{'loss': 0.0, 'grad_norm': 3.1622776985168457, 'learning_rate': 0.0, 'epoch': 0.61}
{'loss': 0.0, 'grad_norm': 3.1622776985168457, 'learning_rate': 0.0, 'epoch': 0.61}
{'loss': 0.0, 'grad_norm': 3.1622776985168457, 'learning_rate': 0.0, 'epoch': 0.61}
{'loss': 0.0, 'grad_norm': 3.1622776985168457, 'learning_rate': 0.0, 'epoch': 0.61}
{'loss': 0.0, 'grad_norm': 3.1622776985168457, 'learning_rate': 0.0, 'epoch': 0.61}
{'loss': 0.0, 'grad_norm': 3.1622776985168457, 'learning_rate': 0.0, 'epoch': 0.61}
{'loss': 0.0, 'grad_norm': 3.1622776985168457, 'learning_rate': 0.0, 'epoch': 0.61}
{'loss': 0.0, 'grad_norm': 3.1622776985168457, 'learning_rate': 0.0, 'epoch': 0.61}
{'loss': 0.0, 'grad_norm': 3.1622776985168457, 'learning_rate': 0.0, 'epoch': 0.61}
{'loss': 0.0, 'grad_norm': 3.1622776985168457, 'learning_rate': 0.0, 'epoch': 0.61}
{'loss': 0.0, 'grad_norm': 3.1622776985168457, 'learning_rate': 0.0, 'epoch': 0.61}
{'loss': 0.0, 'grad_norm': 3.1622776985168457, 'learning_rate': 0.0, 'epoch': 0.61}
{'loss': 0.0, 'grad_norm': 3.1622776985168457, 'learning_rate': 0.0, 'epoch': 0.61}
{'loss': 0.0, 'grad_norm': 3.1622776985168457, 'learning_rate': 0.0, 'epoch': 0.61}
{'loss': 0.0, 'grad_norm': 3.1622776985168457, 'learning_rate': 0.0, 'epoch': 0.61}
{'loss': 0.0, 'grad_norm': 3.1622776985168457, 'learning_rate': 0.0, 'epoch': 0.61}
{'loss': 0.0, 'grad_norm': 3.1622776985168457, 'learning_rate': 0.0, 'epoch': 0.61}
{'loss': 0.0, 'grad_norm': 3.1622776985168457, 'learning_rate': 0.0, 'epoch': 0.61}
{'loss': 0.0, 'grad_norm': 3.1622776985168457, 'learning_rate': 0.0, 'epoch': 0.61}
{'loss': 0.0, 'grad_norm': 3.1622776985168457, 'learning_rate': 0.0, 'epoch': 0.61}
{'loss': 0.0, 'grad_norm': 3.1622776985168457, 'learning_rate': 0.0, 'epoch': 0.61}
{'loss': 0.0, 'grad_norm': 3.1622776985168457, 'learning_rate': 0.0, 'epoch': 0.61}
{'loss': 0.0, 'grad_norm': 3.1622776985168457, 'learning_rate': 0.0, 'epoch': 0.61}
{'loss': 0.0, 'grad_norm': 3.1622776985168457, 'learning_rate': 0.0, 'epoch': 0.61}
{'loss': 0.0, 'grad_norm': 3.1622776985168457, 'learning_rate': 0.0, 'epoch': 0.61}
{'loss': 0.0, 'grad_norm': 3.1622776985168457, 'learning_rate': 0.0, 'epoch': 0.61}
{'loss': 0.0, 'grad_norm': 3.1622776985168457, 'learning_rate': 0.0, 'epoch': 0.61}
{'loss': 0.0, 'grad_norm': 3.1622776985168457, 'learning_rate': 0.0, 'epoch': 0.61}
{'loss': 0.0, 'grad_norm': 3.1622776985168457, 'learning_rate': 0.0, 'epoch': 0.61}
{'loss': 0.0, 'grad_norm': 3.1622776985168457, 'learning_rate': 0.0, 'epoch': 0.61}
{'loss': 0.0, 'grad_norm': 3.1622776985168457, 'learning_rate': 0.0, 'epoch': 0.61}
{'loss': 0.0, 'grad_norm': 3.1622776985168457, 'learning_rate': 0.0, 'epoch': 0.61}
{'loss': 0.0, 'grad_norm': 3.1622776985168457, 'learning_rate': 0.0, 'epoch': 0.61}
{'loss': 0.0, 'grad_norm': 3.1622776985168457, 'learning_rate': 0.0, 'epoch': 0.61}
{'loss': 0.0, 'grad_norm': 3.1622776985168457, 'learning_rate': 0.0, 'epoch': 0.61}
{'loss': 0.0, 'grad_norm': 3.1622776985168457, 'learning_rate': 0.0, 'epoch': 0.61}
{'loss': 0.0, 'grad_norm': 3.1622776985168457, 'learning_rate': 0.0, 'epoch': 0.62}
{'loss': 0.0, 'grad_norm': 3.1622776985168457, 'learning_rate': 0.0, 'epoch': 0.62}
{'loss': 0.0, 'grad_norm': 3.1622776985168457, 'learning_rate': 0.0, 'epoch': 0.62}
{'loss': 0.0, 'grad_norm': 3.1622776985168457, 'learning_rate': 0.0, 'epoch': 0.62}
{'loss': 0.0, 'grad_norm': 3.1622776985168457, 'learning_rate': 0.0, 'epoch': 0.62}
{'loss': 0.0, 'grad_norm': 3.1622776985168457, 'learning_rate': 0.0, 'epoch': 0.62}
{'loss': 0.0, 'grad_norm': 3.1622776985168457, 'learning_rate': 0.0, 'epoch': 0.62}
{'loss': 0.0, 'grad_norm': 3.1622776985168457, 'learning_rate': 0.0, 'epoch': 0.62}
{'loss': 0.0, 'grad_norm': 3.1622776985168457, 'learning_rate': 0.0, 'epoch': 0.62}
{'loss': 0.0, 'grad_norm': 3.1622776985168457, 'learning_rate': 0.0, 'epoch': 0.62}
{'loss': 0.0, 'grad_norm': 3.1622776985168457, 'learning_rate': 0.0, 'epoch': 0.62}
{'loss': 0.0, 'grad_norm': 3.1622776985168457, 'learning_rate': 0.0, 'epoch': 0.62}
{'loss': 0.0, 'grad_norm': 3.1622776985168457, 'learning_rate': 0.0, 'epoch': 0.62}
{'loss': 0.0, 'grad_norm': 3.1622776985168457, 'learning_rate': 0.0, 'epoch': 0.62}
{'loss': 0.0, 'grad_norm': 3.1622776985168457, 'learning_rate': 0.0, 'epoch': 0.62}
{'loss': 0.0, 'grad_norm': 3.1622776985168457, 'learning_rate': 0.0, 'epoch': 0.62}
{'loss': 0.0, 'grad_norm': 3.1622776985168457, 'learning_rate': 0.0, 'epoch': 0.62}
{'loss': 0.0, 'grad_norm': 3.1622776985168457, 'learning_rate': 0.0, 'epoch': 0.62}
{'loss': 0.0, 'grad_norm': 3.1622776985168457, 'learning_rate': 0.0, 'epoch': 0.62}
{'loss': 0.0, 'grad_norm': 3.1622776985168457, 'learning_rate': 0.0, 'epoch': 0.62}
{'loss': 0.0, 'grad_norm': 3.1622776985168457, 'learning_rate': 0.0, 'epoch': 0.62}
{'loss': 0.0, 'grad_norm': 3.1622776985168457, 'learning_rate': 0.0, 'epoch': 0.62}
{'loss': 0.0, 'grad_norm': 3.1622776985168457, 'learning_rate': 0.0, 'epoch': 0.62}
{'loss': 0.0, 'grad_norm': 3.1622776985168457, 'learning_rate': 0.0, 'epoch': 0.62}
{'loss': 0.0, 'grad_norm': 3.1622776985168457, 'learning_rate': 0.0, 'epoch': 0.62}
{'loss': 0.0, 'grad_norm': 3.1622776985168457, 'learning_rate': 0.0, 'epoch': 0.62}
{'loss': 0.0, 'grad_norm': 3.1622776985168457, 'learning_rate': 0.0, 'epoch': 0.62}
{'loss': 0.0, 'grad_norm': 3.1622776985168457, 'learning_rate': 0.0, 'epoch': 0.62}
{'loss': 0.0, 'grad_norm': 3.1622776985168457, 'learning_rate': 0.0, 'epoch': 0.62}
{'loss': 0.0, 'grad_norm': 3.1622776985168457, 'learning_rate': 0.0, 'epoch': 0.62}
{'loss': 0.0, 'grad_norm': 3.1622776985168457, 'learning_rate': 0.0, 'epoch': 0.62}
{'loss': 0.0, 'grad_norm': 3.1622776985168457, 'learning_rate': 0.0, 'epoch': 0.62}
{'loss': 0.0, 'grad_norm': 3.1622776985168457, 'learning_rate': 0.0, 'epoch': 0.62}
{'loss': 0.0, 'grad_norm': 3.1622776985168457, 'learning_rate': 0.0, 'epoch': 0.62}
{'loss': 0.0, 'grad_norm': 3.1622776985168457, 'learning_rate': 0.0, 'epoch': 0.62}
{'loss': 0.0, 'grad_norm': 3.1622776985168457, 'learning_rate': 0.0, 'epoch': 0.62}
{'loss': 0.0, 'grad_norm': 3.1622776985168457, 'learning_rate': 0.0, 'epoch': 0.62}
{'loss': 0.0, 'grad_norm': 3.1622776985168457, 'learning_rate': 0.0, 'epoch': 0.62}
{'loss': 0.0, 'grad_norm': 3.1622776985168457, 'learning_rate': 0.0, 'epoch': 0.62}
{'loss': 0.0, 'grad_norm': 3.1622776985168457, 'learning_rate': 0.0, 'epoch': 0.62}
{'loss': 0.0, 'grad_norm': 3.1622776985168457, 'learning_rate': 0.0, 'epoch': 0.62}
{'loss': 0.0, 'grad_norm': 3.1622776985168457, 'learning_rate': 0.0, 'epoch': 0.62}
{'loss': 0.0, 'grad_norm': 3.1622776985168457, 'learning_rate': 0.0, 'epoch': 0.62}
{'loss': 0.0, 'grad_norm': 3.1622776985168457, 'learning_rate': 0.0, 'epoch': 0.62}
{'loss': 0.0, 'grad_norm': 3.1622776985168457, 'learning_rate': 0.0, 'epoch': 0.62}
{'loss': 0.0, 'grad_norm': 3.1622776985168457, 'learning_rate': 0.0, 'epoch': 0.62}
{'loss': 0.0, 'grad_norm': 3.1622776985168457, 'learning_rate': 0.0, 'epoch': 0.62}
{'loss': 0.0, 'grad_norm': 3.1622776985168457, 'learning_rate': 0.0, 'epoch': 0.62}
{'loss': 0.0, 'grad_norm': 3.1622776985168457, 'learning_rate': 0.0, 'epoch': 0.62}
{'loss': 0.0, 'grad_norm': 3.1622776985168457, 'learning_rate': 0.0, 'epoch': 0.62}
{'loss': 0.0, 'grad_norm': 3.1622776985168457, 'learning_rate': 0.0, 'epoch': 0.62}
{'loss': 0.0, 'grad_norm': 3.1622776985168457, 'learning_rate': 0.0, 'epoch': 0.62}
{'loss': 0.0, 'grad_norm': 3.1622776985168457, 'learning_rate': 0.0, 'epoch': 0.63}
{'loss': 0.0, 'grad_norm': 3.1622776985168457, 'learning_rate': 0.0, 'epoch': 0.63}
{'loss': 0.0, 'grad_norm': 3.1622776985168457, 'learning_rate': 0.0, 'epoch': 0.63}
{'loss': 0.0, 'grad_norm': 3.1622776985168457, 'learning_rate': 0.0, 'epoch': 0.63}
{'loss': 0.0, 'grad_norm': 3.1622776985168457, 'learning_rate': 0.0, 'epoch': 0.63}
{'loss': 0.0, 'grad_norm': 3.1622776985168457, 'learning_rate': 0.0, 'epoch': 0.63}
{'loss': 0.0, 'grad_norm': 3.1622776985168457, 'learning_rate': 0.0, 'epoch': 0.63}
{'loss': 0.0, 'grad_norm': 3.1622776985168457, 'learning_rate': 0.0, 'epoch': 0.63}
{'loss': 0.0, 'grad_norm': 3.1622776985168457, 'learning_rate': 0.0, 'epoch': 0.63}
{'loss': 0.0, 'grad_norm': 3.1622776985168457, 'learning_rate': 0.0, 'epoch': 0.63}
{'loss': 0.0, 'grad_norm': 3.1622776985168457, 'learning_rate': 0.0, 'epoch': 0.63}
{'loss': 0.0, 'grad_norm': 3.1622776985168457, 'learning_rate': 0.0, 'epoch': 0.63}
{'loss': 0.0, 'grad_norm': 3.1622776985168457, 'learning_rate': 0.0, 'epoch': 0.63}
{'loss': 0.0, 'grad_norm': 3.1622776985168457, 'learning_rate': 0.0, 'epoch': 0.63}
{'loss': 0.0, 'grad_norm': 3.1622776985168457, 'learning_rate': 0.0, 'epoch': 0.63}
{'loss': 0.0, 'grad_norm': 3.1622776985168457, 'learning_rate': 0.0, 'epoch': 0.63}
{'loss': 0.0, 'grad_norm': 3.1622776985168457, 'learning_rate': 0.0, 'epoch': 0.63}
{'loss': 0.0, 'grad_norm': 3.1622776985168457, 'learning_rate': 0.0, 'epoch': 0.63}
{'loss': 0.0, 'grad_norm': 3.1622776985168457, 'learning_rate': 0.0, 'epoch': 0.63}
{'loss': 0.0, 'grad_norm': 3.1622776985168457, 'learning_rate': 0.0, 'epoch': 0.63}
{'loss': 0.0, 'grad_norm': 3.1622776985168457, 'learning_rate': 0.0, 'epoch': 0.63}
{'loss': 0.0, 'grad_norm': 3.1622776985168457, 'learning_rate': 0.0, 'epoch': 0.63}
{'loss': 0.0, 'grad_norm': 3.1622776985168457, 'learning_rate': 0.0, 'epoch': 0.63}
{'loss': 0.0, 'grad_norm': 3.1622776985168457, 'learning_rate': 0.0, 'epoch': 0.63}
{'loss': 0.0, 'grad_norm': 3.1622776985168457, 'learning_rate': 0.0, 'epoch': 0.63}
{'loss': 0.0, 'grad_norm': 3.1622776985168457, 'learning_rate': 0.0, 'epoch': 0.63}
{'loss': 0.0, 'grad_norm': 3.1622776985168457, 'learning_rate': 0.0, 'epoch': 0.63}
{'loss': 0.0, 'grad_norm': 3.1622776985168457, 'learning_rate': 0.0, 'epoch': 0.63}
{'loss': 0.0, 'grad_norm': 3.1622776985168457, 'learning_rate': 0.0, 'epoch': 0.63}
{'loss': 0.0, 'grad_norm': 3.1622776985168457, 'learning_rate': 0.0, 'epoch': 0.63}
{'loss': 0.0, 'grad_norm': 3.1622776985168457, 'learning_rate': 0.0, 'epoch': 0.63}
{'loss': 0.0, 'grad_norm': 3.1622776985168457, 'learning_rate': 0.0, 'epoch': 0.63}
{'loss': 0.0, 'grad_norm': 3.1622776985168457, 'learning_rate': 0.0, 'epoch': 0.63}
{'loss': 0.0, 'grad_norm': 3.1622776985168457, 'learning_rate': 0.0, 'epoch': 0.63}
{'loss': 0.0, 'grad_norm': 3.1622776985168457, 'learning_rate': 0.0, 'epoch': 0.63}
{'loss': 0.0, 'grad_norm': 3.1622776985168457, 'learning_rate': 0.0, 'epoch': 0.63}
{'loss': 0.0, 'grad_norm': 3.1622776985168457, 'learning_rate': 0.0, 'epoch': 0.63}
{'loss': 0.0, 'grad_norm': 3.1622776985168457, 'learning_rate': 0.0, 'epoch': 0.63}
{'loss': 0.0, 'grad_norm': 3.1622776985168457, 'learning_rate': 0.0, 'epoch': 0.63}
{'loss': 0.0, 'grad_norm': 3.1622776985168457, 'learning_rate': 0.0, 'epoch': 0.63}
{'loss': 0.0, 'grad_norm': 3.1622776985168457, 'learning_rate': 0.0, 'epoch': 0.63}
{'loss': 0.0, 'grad_norm': 3.1622776985168457, 'learning_rate': 0.0, 'epoch': 0.63}
{'loss': 0.0, 'grad_norm': 3.1622776985168457, 'learning_rate': 0.0, 'epoch': 0.63}
{'loss': 0.0, 'grad_norm': 3.1622776985168457, 'learning_rate': 0.0, 'epoch': 0.63}
{'loss': 0.0, 'grad_norm': 3.1622776985168457, 'learning_rate': 0.0, 'epoch': 0.63}
{'loss': 0.0, 'grad_norm': 3.1622776985168457, 'learning_rate': 0.0, 'epoch': 0.63}
{'loss': 0.0, 'grad_norm': 3.1622776985168457, 'learning_rate': 0.0, 'epoch': 0.63}
{'loss': 0.0, 'grad_norm': 3.1622776985168457, 'learning_rate': 0.0, 'epoch': 0.63}
{'loss': 0.0, 'grad_norm': 3.1622776985168457, 'learning_rate': 0.0, 'epoch': 0.63}
{'loss': 0.0, 'grad_norm': 3.1622776985168457, 'learning_rate': 0.0, 'epoch': 0.63}
{'loss': 0.0, 'grad_norm': 3.1622776985168457, 'learning_rate': 0.0, 'epoch': 0.63}
{'loss': 0.0, 'grad_norm': 3.1622776985168457, 'learning_rate': 0.0, 'epoch': 0.63}
{'loss': 0.0, 'grad_norm': 3.1622776985168457, 'learning_rate': 0.0, 'epoch': 0.64}
{'loss': 0.0, 'grad_norm': 3.1622776985168457, 'learning_rate': 0.0, 'epoch': 0.64}
{'loss': 0.0, 'grad_norm': 3.1622776985168457, 'learning_rate': 0.0, 'epoch': 0.64}
{'loss': 0.0, 'grad_norm': 3.1622776985168457, 'learning_rate': 0.0, 'epoch': 0.64}
{'loss': 0.0, 'grad_norm': 3.1622776985168457, 'learning_rate': 0.0, 'epoch': 0.64}
{'loss': 0.0, 'grad_norm': 3.1622776985168457, 'learning_rate': 0.0, 'epoch': 0.64}
{'loss': 0.0, 'grad_norm': 3.1622776985168457, 'learning_rate': 0.0, 'epoch': 0.64}
{'loss': 0.0, 'grad_norm': 3.1622776985168457, 'learning_rate': 0.0, 'epoch': 0.64}
{'loss': 0.0, 'grad_norm': 3.1622776985168457, 'learning_rate': 0.0, 'epoch': 0.64}
{'loss': 0.0, 'grad_norm': 3.1622776985168457, 'learning_rate': 0.0, 'epoch': 0.64}
{'loss': 0.0, 'grad_norm': 3.1622776985168457, 'learning_rate': 0.0, 'epoch': 0.64}
{'loss': 0.0, 'grad_norm': 3.1622776985168457, 'learning_rate': 0.0, 'epoch': 0.64}
{'loss': 0.0, 'grad_norm': 3.1622776985168457, 'learning_rate': 0.0, 'epoch': 0.64}
{'loss': 0.0, 'grad_norm': 3.1622776985168457, 'learning_rate': 0.0, 'epoch': 0.64}
{'loss': 0.0, 'grad_norm': 3.1622776985168457, 'learning_rate': 0.0, 'epoch': 0.64}
{'loss': 0.0, 'grad_norm': 3.1622776985168457, 'learning_rate': 0.0, 'epoch': 0.64}
{'loss': 0.0, 'grad_norm': 3.1622776985168457, 'learning_rate': 0.0, 'epoch': 0.64}
{'loss': 0.0, 'grad_norm': 3.1622776985168457, 'learning_rate': 0.0, 'epoch': 0.64}
{'loss': 0.0, 'grad_norm': 3.1622776985168457, 'learning_rate': 0.0, 'epoch': 0.64}
{'loss': 0.0, 'grad_norm': 3.1622776985168457, 'learning_rate': 0.0, 'epoch': 0.64}
{'loss': 0.0, 'grad_norm': 3.1622776985168457, 'learning_rate': 0.0, 'epoch': 0.64}
{'loss': 0.0, 'grad_norm': 3.1622776985168457, 'learning_rate': 0.0, 'epoch': 0.64}
{'loss': 0.0, 'grad_norm': 3.1622776985168457, 'learning_rate': 0.0, 'epoch': 0.64}
{'loss': 0.0, 'grad_norm': 3.1622776985168457, 'learning_rate': 0.0, 'epoch': 0.64}
{'loss': 0.0, 'grad_norm': 3.1622776985168457, 'learning_rate': 0.0, 'epoch': 0.64}
{'loss': 0.0, 'grad_norm': 3.1622776985168457, 'learning_rate': 0.0, 'epoch': 0.64}
{'loss': 0.0, 'grad_norm': 3.1622776985168457, 'learning_rate': 0.0, 'epoch': 0.64}
{'loss': 0.0, 'grad_norm': 3.1622776985168457, 'learning_rate': 0.0, 'epoch': 0.64}
{'loss': 0.0, 'grad_norm': 3.1622776985168457, 'learning_rate': 0.0, 'epoch': 0.64}
{'loss': 0.0, 'grad_norm': 3.1622776985168457, 'learning_rate': 0.0, 'epoch': 0.64}
{'loss': 0.0, 'grad_norm': 3.1622776985168457, 'learning_rate': 0.0, 'epoch': 0.64}
{'loss': 0.0, 'grad_norm': 3.1622776985168457, 'learning_rate': 0.0, 'epoch': 0.64}
{'loss': 0.0, 'grad_norm': 3.1622776985168457, 'learning_rate': 0.0, 'epoch': 0.64}
{'loss': 0.0, 'grad_norm': 3.1622776985168457, 'learning_rate': 0.0, 'epoch': 0.64}
{'loss': 0.0, 'grad_norm': 3.1622776985168457, 'learning_rate': 0.0, 'epoch': 0.64}
{'loss': 0.0, 'grad_norm': 3.1622776985168457, 'learning_rate': 0.0, 'epoch': 0.64}
{'loss': 0.0, 'grad_norm': 3.1622776985168457, 'learning_rate': 0.0, 'epoch': 0.64}
{'loss': 0.0, 'grad_norm': 3.1622776985168457, 'learning_rate': 0.0, 'epoch': 0.64}
{'loss': 0.0, 'grad_norm': 3.1622776985168457, 'learning_rate': 0.0, 'epoch': 0.64}
{'loss': 0.0, 'grad_norm': 3.1622776985168457, 'learning_rate': 0.0, 'epoch': 0.64}
{'loss': 0.0, 'grad_norm': 3.1622776985168457, 'learning_rate': 0.0, 'epoch': 0.64}
{'loss': 0.0, 'grad_norm': 3.1622776985168457, 'learning_rate': 0.0, 'epoch': 0.64}
{'loss': 0.0, 'grad_norm': 3.1622776985168457, 'learning_rate': 0.0, 'epoch': 0.64}
{'loss': 0.0, 'grad_norm': 3.1622776985168457, 'learning_rate': 0.0, 'epoch': 0.64}
{'loss': 0.0, 'grad_norm': 3.1622776985168457, 'learning_rate': 0.0, 'epoch': 0.64}
{'loss': 0.0, 'grad_norm': 3.1622776985168457, 'learning_rate': 0.0, 'epoch': 0.64}
{'loss': 0.0, 'grad_norm': 3.1622776985168457, 'learning_rate': 0.0, 'epoch': 0.64}
{'loss': 0.0, 'grad_norm': 3.1622776985168457, 'learning_rate': 0.0, 'epoch': 0.64}
{'loss': 0.0, 'grad_norm': 3.1622776985168457, 'learning_rate': 0.0, 'epoch': 0.64}
{'loss': 0.0, 'grad_norm': 3.1622776985168457, 'learning_rate': 0.0, 'epoch': 0.64}
{'loss': 0.0, 'grad_norm': 3.1622776985168457, 'learning_rate': 0.0, 'epoch': 0.64}
{'loss': 0.0, 'grad_norm': 3.1622776985168457, 'learning_rate': 0.0, 'epoch': 0.64}
{'loss': 0.0, 'grad_norm': 3.1622776985168457, 'learning_rate': 0.0, 'epoch': 0.65}
{'loss': 0.0, 'grad_norm': 3.1622776985168457, 'learning_rate': 0.0, 'epoch': 0.65}
{'loss': 0.0, 'grad_norm': 3.1622776985168457, 'learning_rate': 0.0, 'epoch': 0.65}
{'loss': 0.0, 'grad_norm': 3.1622776985168457, 'learning_rate': 0.0, 'epoch': 0.65}
{'loss': 0.0, 'grad_norm': 3.1622776985168457, 'learning_rate': 0.0, 'epoch': 0.65}
{'loss': 0.0, 'grad_norm': 3.1622776985168457, 'learning_rate': 0.0, 'epoch': 0.65}
{'loss': 0.0, 'grad_norm': 3.1622776985168457, 'learning_rate': 0.0, 'epoch': 0.65}
{'loss': 0.0, 'grad_norm': 3.1622776985168457, 'learning_rate': 0.0, 'epoch': 0.65}
{'loss': 0.0, 'grad_norm': 3.1622776985168457, 'learning_rate': 0.0, 'epoch': 0.65}
{'loss': 0.0, 'grad_norm': 3.1622776985168457, 'learning_rate': 0.0, 'epoch': 0.65}
{'loss': 0.0, 'grad_norm': 3.1622776985168457, 'learning_rate': 0.0, 'epoch': 0.65}
{'loss': 0.0, 'grad_norm': 3.1622776985168457, 'learning_rate': 0.0, 'epoch': 0.65}
{'loss': 0.0, 'grad_norm': 3.1622776985168457, 'learning_rate': 0.0, 'epoch': 0.65}
{'loss': 0.0, 'grad_norm': 3.1622776985168457, 'learning_rate': 0.0, 'epoch': 0.65}
{'loss': 0.0, 'grad_norm': 3.1622776985168457, 'learning_rate': 0.0, 'epoch': 0.65}
{'loss': 0.0, 'grad_norm': 3.1622776985168457, 'learning_rate': 0.0, 'epoch': 0.65}
{'loss': 0.0, 'grad_norm': 3.1622776985168457, 'learning_rate': 0.0, 'epoch': 0.65}
{'loss': 0.0, 'grad_norm': 3.1622776985168457, 'learning_rate': 0.0, 'epoch': 0.65}
{'loss': 0.0, 'grad_norm': 3.1622776985168457, 'learning_rate': 0.0, 'epoch': 0.65}
{'loss': 0.0, 'grad_norm': 3.1622776985168457, 'learning_rate': 0.0, 'epoch': 0.65}
{'loss': 0.0, 'grad_norm': 3.1622776985168457, 'learning_rate': 0.0, 'epoch': 0.65}
{'loss': 0.0, 'grad_norm': 3.1622776985168457, 'learning_rate': 0.0, 'epoch': 0.65}
{'loss': 0.0, 'grad_norm': 3.1622776985168457, 'learning_rate': 0.0, 'epoch': 0.65}
{'loss': 0.0, 'grad_norm': 3.1622776985168457, 'learning_rate': 0.0, 'epoch': 0.65}
{'loss': 0.0, 'grad_norm': 3.1622776985168457, 'learning_rate': 0.0, 'epoch': 0.65}
{'loss': 0.0, 'grad_norm': 3.1622776985168457, 'learning_rate': 0.0, 'epoch': 0.65}
{'loss': 0.0, 'grad_norm': 3.1622776985168457, 'learning_rate': 0.0, 'epoch': 0.65}
{'loss': 0.0, 'grad_norm': 3.1622776985168457, 'learning_rate': 0.0, 'epoch': 0.65}
{'loss': 0.0, 'grad_norm': 3.1622776985168457, 'learning_rate': 0.0, 'epoch': 0.65}
{'loss': 0.0, 'grad_norm': 3.1622776985168457, 'learning_rate': 0.0, 'epoch': 0.65}
{'loss': 0.0, 'grad_norm': 3.1622776985168457, 'learning_rate': 0.0, 'epoch': 0.65}
{'loss': 0.0, 'grad_norm': 3.1622776985168457, 'learning_rate': 0.0, 'epoch': 0.65}
{'loss': 0.0, 'grad_norm': 3.1622776985168457, 'learning_rate': 0.0, 'epoch': 0.65}
{'loss': 0.0, 'grad_norm': 3.1622776985168457, 'learning_rate': 0.0, 'epoch': 0.65}
{'loss': 0.0, 'grad_norm': 3.1622776985168457, 'learning_rate': 0.0, 'epoch': 0.65}
{'loss': 0.0, 'grad_norm': 3.1622776985168457, 'learning_rate': 0.0, 'epoch': 0.65}
{'loss': 0.0, 'grad_norm': 3.1622776985168457, 'learning_rate': 0.0, 'epoch': 0.65}
{'loss': 0.0, 'grad_norm': 3.1622776985168457, 'learning_rate': 0.0, 'epoch': 0.65}
{'loss': 0.0, 'grad_norm': 3.1622776985168457, 'learning_rate': 0.0, 'epoch': 0.65}
{'loss': 0.0, 'grad_norm': 3.1622776985168457, 'learning_rate': 0.0, 'epoch': 0.65}
{'loss': 0.0, 'grad_norm': 3.1622776985168457, 'learning_rate': 0.0, 'epoch': 0.65}
{'loss': 0.0, 'grad_norm': 3.1622776985168457, 'learning_rate': 0.0, 'epoch': 0.65}
{'loss': 0.0, 'grad_norm': 3.1622776985168457, 'learning_rate': 0.0, 'epoch': 0.65}
{'loss': 0.0, 'grad_norm': 3.1622776985168457, 'learning_rate': 0.0, 'epoch': 0.65}
{'loss': 0.0, 'grad_norm': 3.1622776985168457, 'learning_rate': 0.0, 'epoch': 0.65}
{'loss': 0.0, 'grad_norm': 3.1622776985168457, 'learning_rate': 0.0, 'epoch': 0.65}
{'loss': 0.0, 'grad_norm': 3.1622776985168457, 'learning_rate': 0.0, 'epoch': 0.65}
{'loss': 0.0, 'grad_norm': 3.1622776985168457, 'learning_rate': 0.0, 'epoch': 0.65}
{'loss': 0.0, 'grad_norm': 3.1622776985168457, 'learning_rate': 0.0, 'epoch': 0.65}
{'loss': 0.0, 'grad_norm': 3.1622776985168457, 'learning_rate': 0.0, 'epoch': 0.65}
{'loss': 0.0, 'grad_norm': 3.1622776985168457, 'learning_rate': 0.0, 'epoch': 0.65}
{'loss': 0.0, 'grad_norm': 3.1622776985168457, 'learning_rate': 0.0, 'epoch': 0.65}
{'loss': 0.0, 'grad_norm': 3.1622776985168457, 'learning_rate': 0.0, 'epoch': 0.66}
{'loss': 0.0, 'grad_norm': 3.1622776985168457, 'learning_rate': 0.0, 'epoch': 0.66}
{'loss': 0.0, 'grad_norm': 3.1622776985168457, 'learning_rate': 0.0, 'epoch': 0.66}
{'loss': 0.0, 'grad_norm': 3.1622776985168457, 'learning_rate': 0.0, 'epoch': 0.66}
{'loss': 0.0, 'grad_norm': 3.1622776985168457, 'learning_rate': 0.0, 'epoch': 0.66}
{'loss': 0.0, 'grad_norm': 3.1622776985168457, 'learning_rate': 0.0, 'epoch': 0.66}
{'loss': 0.0, 'grad_norm': 3.1622776985168457, 'learning_rate': 0.0, 'epoch': 0.66}
{'loss': 0.0, 'grad_norm': 3.1622776985168457, 'learning_rate': 0.0, 'epoch': 0.66}
{'loss': 0.0, 'grad_norm': 3.1622776985168457, 'learning_rate': 0.0, 'epoch': 0.66}
{'loss': 0.0, 'grad_norm': 3.1622776985168457, 'learning_rate': 0.0, 'epoch': 0.66}
{'loss': 0.0, 'grad_norm': 3.1622776985168457, 'learning_rate': 0.0, 'epoch': 0.66}
{'loss': 0.0, 'grad_norm': 3.1622776985168457, 'learning_rate': 0.0, 'epoch': 0.66}
{'loss': 0.0, 'grad_norm': 3.1622776985168457, 'learning_rate': 0.0, 'epoch': 0.66}
{'loss': 0.0, 'grad_norm': 3.1622776985168457, 'learning_rate': 0.0, 'epoch': 0.66}
{'loss': 0.0, 'grad_norm': 3.1622776985168457, 'learning_rate': 0.0, 'epoch': 0.66}
{'loss': 0.0, 'grad_norm': 3.1622776985168457, 'learning_rate': 0.0, 'epoch': 0.66}
{'loss': 0.0, 'grad_norm': 3.1622776985168457, 'learning_rate': 0.0, 'epoch': 0.66}
{'loss': 0.0, 'grad_norm': 3.1622776985168457, 'learning_rate': 0.0, 'epoch': 0.66}
{'loss': 0.0, 'grad_norm': 3.1622776985168457, 'learning_rate': 0.0, 'epoch': 0.66}
{'loss': 0.0, 'grad_norm': 3.1622776985168457, 'learning_rate': 0.0, 'epoch': 0.66}
{'loss': 0.0, 'grad_norm': 3.1622776985168457, 'learning_rate': 0.0, 'epoch': 0.66}
{'loss': 0.0, 'grad_norm': 3.1622776985168457, 'learning_rate': 0.0, 'epoch': 0.66}
Error with image file is truncated (2 bytes not processed)
{'loss': 0.0, 'grad_norm': 3.1622776985168457, 'learning_rate': 0.0, 'epoch': 0.66}
{'loss': 0.0, 'grad_norm': 3.1622776985168457, 'learning_rate': 0.0, 'epoch': 0.66}
{'loss': 0.0, 'grad_norm': 3.1622776985168457, 'learning_rate': 0.0, 'epoch': 0.66}
{'loss': 0.0, 'grad_norm': 3.1622776985168457, 'learning_rate': 0.0, 'epoch': 0.66}
{'loss': 0.0, 'grad_norm': 3.1622776985168457, 'learning_rate': 0.0, 'epoch': 0.66}
{'loss': 0.0, 'grad_norm': 3.1622776985168457, 'learning_rate': 0.0, 'epoch': 0.66}
{'loss': 0.0, 'grad_norm': 3.1622776985168457, 'learning_rate': 0.0, 'epoch': 0.66}
{'loss': 0.0, 'grad_norm': 3.1622776985168457, 'learning_rate': 0.0, 'epoch': 0.66}
{'loss': 0.0, 'grad_norm': 3.1622776985168457, 'learning_rate': 0.0, 'epoch': 0.66}
{'loss': 0.0, 'grad_norm': 3.1622776985168457, 'learning_rate': 0.0, 'epoch': 0.66}
{'loss': 0.0, 'grad_norm': 3.1622776985168457, 'learning_rate': 0.0, 'epoch': 0.66}
{'loss': 0.0, 'grad_norm': 3.1622776985168457, 'learning_rate': 0.0, 'epoch': 0.66}
{'loss': 0.0, 'grad_norm': 3.1622776985168457, 'learning_rate': 0.0, 'epoch': 0.66}
{'loss': 0.0, 'grad_norm': 3.1622776985168457, 'learning_rate': 0.0, 'epoch': 0.66}
{'loss': 0.0, 'grad_norm': 3.1622776985168457, 'learning_rate': 0.0, 'epoch': 0.66}
{'loss': 0.0, 'grad_norm': 3.1622776985168457, 'learning_rate': 0.0, 'epoch': 0.66}
{'loss': 0.0, 'grad_norm': 3.1622776985168457, 'learning_rate': 0.0, 'epoch': 0.66}
{'loss': 0.0, 'grad_norm': 3.1622776985168457, 'learning_rate': 0.0, 'epoch': 0.66}
{'loss': 0.0, 'grad_norm': 3.1622776985168457, 'learning_rate': 0.0, 'epoch': 0.66}
{'loss': 0.0, 'grad_norm': 3.1622776985168457, 'learning_rate': 0.0, 'epoch': 0.66}
{'loss': 0.0, 'grad_norm': 3.1622776985168457, 'learning_rate': 0.0, 'epoch': 0.66}
{'loss': 0.0, 'grad_norm': 3.1622776985168457, 'learning_rate': 0.0, 'epoch': 0.66}
{'loss': 0.0, 'grad_norm': 3.1622776985168457, 'learning_rate': 0.0, 'epoch': 0.66}
{'loss': 0.0, 'grad_norm': 3.1622776985168457, 'learning_rate': 0.0, 'epoch': 0.66}
{'loss': 0.0, 'grad_norm': 3.1622776985168457, 'learning_rate': 0.0, 'epoch': 0.66}
{'loss': 0.0, 'grad_norm': 3.1622776985168457, 'learning_rate': 0.0, 'epoch': 0.66}
{'loss': 0.0, 'grad_norm': 3.1622776985168457, 'learning_rate': 0.0, 'epoch': 0.66}
{'loss': 0.0, 'grad_norm': 3.1622776985168457, 'learning_rate': 0.0, 'epoch': 0.66}
{'loss': 0.0, 'grad_norm': 3.1622776985168457, 'learning_rate': 0.0, 'epoch': 0.66}
{'loss': 0.0, 'grad_norm': 3.1622776985168457, 'learning_rate': 0.0, 'epoch': 0.66}
{'loss': 0.0, 'grad_norm': 3.1622776985168457, 'learning_rate': 0.0, 'epoch': 0.67}
{'loss': 0.0, 'grad_norm': 3.1622776985168457, 'learning_rate': 0.0, 'epoch': 0.67}
{'loss': 0.0, 'grad_norm': 3.1622776985168457, 'learning_rate': 0.0, 'epoch': 0.67}
{'loss': 0.0, 'grad_norm': 3.1622776985168457, 'learning_rate': 0.0, 'epoch': 0.67}
{'loss': 0.0, 'grad_norm': 3.1622776985168457, 'learning_rate': 0.0, 'epoch': 0.67}
{'loss': 0.0, 'grad_norm': 3.1622776985168457, 'learning_rate': 0.0, 'epoch': 0.67}
{'loss': 0.0, 'grad_norm': 3.1622776985168457, 'learning_rate': 0.0, 'epoch': 0.67}
{'loss': 0.0, 'grad_norm': 3.1622776985168457, 'learning_rate': 0.0, 'epoch': 0.67}
{'loss': 0.0, 'grad_norm': 3.1622776985168457, 'learning_rate': 0.0, 'epoch': 0.67}
{'loss': 0.0, 'grad_norm': 3.1622776985168457, 'learning_rate': 0.0, 'epoch': 0.67}
{'loss': 0.0, 'grad_norm': 3.1622776985168457, 'learning_rate': 0.0, 'epoch': 0.67}
{'loss': 0.0, 'grad_norm': 3.1622776985168457, 'learning_rate': 0.0, 'epoch': 0.67}
{'loss': 0.0, 'grad_norm': 3.1622776985168457, 'learning_rate': 0.0, 'epoch': 0.67}
{'loss': 0.0, 'grad_norm': 3.1622776985168457, 'learning_rate': 0.0, 'epoch': 0.67}
{'loss': 0.0, 'grad_norm': 3.1622776985168457, 'learning_rate': 0.0, 'epoch': 0.67}
{'loss': 0.0, 'grad_norm': 3.1622776985168457, 'learning_rate': 0.0, 'epoch': 0.67}
{'loss': 0.0, 'grad_norm': 3.1622776985168457, 'learning_rate': 0.0, 'epoch': 0.67}
{'loss': 0.0, 'grad_norm': 3.1622776985168457, 'learning_rate': 0.0, 'epoch': 0.67}
{'loss': 0.0, 'grad_norm': 3.1622776985168457, 'learning_rate': 0.0, 'epoch': 0.67}
{'loss': 0.0, 'grad_norm': 3.1622776985168457, 'learning_rate': 0.0, 'epoch': 0.67}
{'loss': 0.0, 'grad_norm': 3.1622776985168457, 'learning_rate': 0.0, 'epoch': 0.67}
{'loss': 0.0, 'grad_norm': 3.1622776985168457, 'learning_rate': 0.0, 'epoch': 0.67}
{'loss': 0.0, 'grad_norm': 3.1622776985168457, 'learning_rate': 0.0, 'epoch': 0.67}
{'loss': 0.0, 'grad_norm': 3.1622776985168457, 'learning_rate': 0.0, 'epoch': 0.67}
{'loss': 0.0, 'grad_norm': 3.1622776985168457, 'learning_rate': 0.0, 'epoch': 0.67}
{'loss': 0.0, 'grad_norm': 3.1622776985168457, 'learning_rate': 0.0, 'epoch': 0.67}
{'loss': 0.0, 'grad_norm': 3.1622776985168457, 'learning_rate': 0.0, 'epoch': 0.67}
{'loss': 0.0, 'grad_norm': 3.1622776985168457, 'learning_rate': 0.0, 'epoch': 0.67}
{'loss': 0.0, 'grad_norm': 3.1622776985168457, 'learning_rate': 0.0, 'epoch': 0.67}
{'loss': 0.0, 'grad_norm': 3.1622776985168457, 'learning_rate': 0.0, 'epoch': 0.67}
{'loss': 0.0, 'grad_norm': 3.1622776985168457, 'learning_rate': 0.0, 'epoch': 0.67}
{'loss': 0.0, 'grad_norm': 3.1622776985168457, 'learning_rate': 0.0, 'epoch': 0.67}
{'loss': 0.0, 'grad_norm': 3.1622776985168457, 'learning_rate': 0.0, 'epoch': 0.67}
{'loss': 0.0, 'grad_norm': 3.1622776985168457, 'learning_rate': 0.0, 'epoch': 0.67}
{'loss': 0.0, 'grad_norm': 3.1622776985168457, 'learning_rate': 0.0, 'epoch': 0.67}
{'loss': 0.0, 'grad_norm': 3.1622776985168457, 'learning_rate': 0.0, 'epoch': 0.67}
{'loss': 0.0, 'grad_norm': 3.1622776985168457, 'learning_rate': 0.0, 'epoch': 0.67}
{'loss': 0.0, 'grad_norm': 3.1622776985168457, 'learning_rate': 0.0, 'epoch': 0.67}
{'loss': 0.0, 'grad_norm': 3.1622776985168457, 'learning_rate': 0.0, 'epoch': 0.67}
{'loss': 0.0, 'grad_norm': 3.1622776985168457, 'learning_rate': 0.0, 'epoch': 0.67}
{'loss': 0.0, 'grad_norm': 3.1622776985168457, 'learning_rate': 0.0, 'epoch': 0.67}
{'loss': 0.0, 'grad_norm': 3.1622776985168457, 'learning_rate': 0.0, 'epoch': 0.67}
{'loss': 0.0, 'grad_norm': 3.1622776985168457, 'learning_rate': 0.0, 'epoch': 0.67}
{'loss': 0.0, 'grad_norm': 3.1622776985168457, 'learning_rate': 0.0, 'epoch': 0.67}
{'loss': 0.0, 'grad_norm': 3.1622776985168457, 'learning_rate': 0.0, 'epoch': 0.67}
{'loss': 0.0, 'grad_norm': 3.1622776985168457, 'learning_rate': 0.0, 'epoch': 0.67}
{'loss': 0.0, 'grad_norm': 3.1622776985168457, 'learning_rate': 0.0, 'epoch': 0.67}
{'loss': 0.0, 'grad_norm': 3.1622776985168457, 'learning_rate': 0.0, 'epoch': 0.67}
{'loss': 0.0, 'grad_norm': 3.1622776985168457, 'learning_rate': 0.0, 'epoch': 0.67}
{'loss': 0.0, 'grad_norm': 3.1622776985168457, 'learning_rate': 0.0, 'epoch': 0.67}
{'loss': 0.0, 'grad_norm': 3.1622776985168457, 'learning_rate': 0.0, 'epoch': 0.67}
{'loss': 0.0, 'grad_norm': 3.1622776985168457, 'learning_rate': 0.0, 'epoch': 0.67}
{'loss': 0.0, 'grad_norm': 3.1622776985168457, 'learning_rate': 0.0, 'epoch': 0.68}
{'loss': 0.0, 'grad_norm': 3.1622776985168457, 'learning_rate': 0.0, 'epoch': 0.68}
{'loss': 0.0, 'grad_norm': 3.1622776985168457, 'learning_rate': 0.0, 'epoch': 0.68}
{'loss': 0.0, 'grad_norm': 3.1622776985168457, 'learning_rate': 0.0, 'epoch': 0.68}
{'loss': 0.0, 'grad_norm': 3.1622776985168457, 'learning_rate': 0.0, 'epoch': 0.68}
{'loss': 0.0, 'grad_norm': 3.1622776985168457, 'learning_rate': 0.0, 'epoch': 0.68}
{'loss': 0.0, 'grad_norm': 3.1622776985168457, 'learning_rate': 0.0, 'epoch': 0.68}
{'loss': 0.0, 'grad_norm': 3.1622776985168457, 'learning_rate': 0.0, 'epoch': 0.68}
{'loss': 0.0, 'grad_norm': 3.1622776985168457, 'learning_rate': 0.0, 'epoch': 0.68}
{'loss': 0.0, 'grad_norm': 3.1622776985168457, 'learning_rate': 0.0, 'epoch': 0.68}
{'loss': 0.0, 'grad_norm': 3.1622776985168457, 'learning_rate': 0.0, 'epoch': 0.68}
{'loss': 0.0, 'grad_norm': 3.1622776985168457, 'learning_rate': 0.0, 'epoch': 0.68}
{'loss': 0.0, 'grad_norm': 3.1622776985168457, 'learning_rate': 0.0, 'epoch': 0.68}
{'loss': 0.0, 'grad_norm': 3.1622776985168457, 'learning_rate': 0.0, 'epoch': 0.68}
{'loss': 0.0, 'grad_norm': 3.1622776985168457, 'learning_rate': 0.0, 'epoch': 0.68}
{'loss': 0.0, 'grad_norm': 3.1622776985168457, 'learning_rate': 0.0, 'epoch': 0.68}
{'loss': 0.0, 'grad_norm': 3.1622776985168457, 'learning_rate': 0.0, 'epoch': 0.68}
{'loss': 0.0, 'grad_norm': 3.1622776985168457, 'learning_rate': 0.0, 'epoch': 0.68}
{'loss': 0.0, 'grad_norm': 3.1622776985168457, 'learning_rate': 0.0, 'epoch': 0.68}
{'loss': 0.0, 'grad_norm': 3.1622776985168457, 'learning_rate': 0.0, 'epoch': 0.68}
Error with image file is truncated (41 bytes not processed)
{'loss': 0.0, 'grad_norm': 3.1622776985168457, 'learning_rate': 0.0, 'epoch': 0.68}
{'loss': 0.0, 'grad_norm': 3.1622776985168457, 'learning_rate': 0.0, 'epoch': 0.68}
{'loss': 0.0, 'grad_norm': 3.1622776985168457, 'learning_rate': 0.0, 'epoch': 0.68}
{'loss': 0.0, 'grad_norm': 3.1622776985168457, 'learning_rate': 0.0, 'epoch': 0.68}
{'loss': 0.0, 'grad_norm': 3.1622776985168457, 'learning_rate': 0.0, 'epoch': 0.68}
{'loss': 0.0, 'grad_norm': 3.1622776985168457, 'learning_rate': 0.0, 'epoch': 0.68}
{'loss': 0.0, 'grad_norm': 3.1622776985168457, 'learning_rate': 0.0, 'epoch': 0.68}
{'loss': 0.0, 'grad_norm': 3.1622776985168457, 'learning_rate': 0.0, 'epoch': 0.68}
{'loss': 0.0, 'grad_norm': 3.1622776985168457, 'learning_rate': 0.0, 'epoch': 0.68}
{'loss': 0.0, 'grad_norm': 3.1622776985168457, 'learning_rate': 0.0, 'epoch': 0.68}
{'loss': 0.0, 'grad_norm': 3.1622776985168457, 'learning_rate': 0.0, 'epoch': 0.68}
{'loss': 0.0, 'grad_norm': 3.1622776985168457, 'learning_rate': 0.0, 'epoch': 0.68}
{'loss': 0.0, 'grad_norm': 3.1622776985168457, 'learning_rate': 0.0, 'epoch': 0.68}
{'loss': 0.0, 'grad_norm': 3.1622776985168457, 'learning_rate': 0.0, 'epoch': 0.68}
{'loss': 0.0, 'grad_norm': 3.1622776985168457, 'learning_rate': 0.0, 'epoch': 0.68}
{'loss': 0.0, 'grad_norm': 3.1622776985168457, 'learning_rate': 0.0, 'epoch': 0.68}
{'loss': 0.0, 'grad_norm': 3.1622776985168457, 'learning_rate': 0.0, 'epoch': 0.68}
{'loss': 0.0, 'grad_norm': 3.1622776985168457, 'learning_rate': 0.0, 'epoch': 0.68}
{'loss': 0.0, 'grad_norm': 3.1622776985168457, 'learning_rate': 0.0, 'epoch': 0.68}
{'loss': 0.0, 'grad_norm': 3.1622776985168457, 'learning_rate': 0.0, 'epoch': 0.68}
{'loss': 0.0, 'grad_norm': 3.1622776985168457, 'learning_rate': 0.0, 'epoch': 0.68}
{'loss': 0.0, 'grad_norm': 3.1622776985168457, 'learning_rate': 0.0, 'epoch': 0.68}
{'loss': 0.0, 'grad_norm': 3.1622776985168457, 'learning_rate': 0.0, 'epoch': 0.68}
{'loss': 0.0, 'grad_norm': 3.1622776985168457, 'learning_rate': 0.0, 'epoch': 0.68}
{'loss': 0.0, 'grad_norm': 3.1622776985168457, 'learning_rate': 0.0, 'epoch': 0.68}
{'loss': 0.0, 'grad_norm': 3.1622776985168457, 'learning_rate': 0.0, 'epoch': 0.68}
{'loss': 0.0, 'grad_norm': 3.1622776985168457, 'learning_rate': 0.0, 'epoch': 0.68}
{'loss': 0.0, 'grad_norm': 3.1622776985168457, 'learning_rate': 0.0, 'epoch': 0.68}
{'loss': 0.0, 'grad_norm': 3.1622776985168457, 'learning_rate': 0.0, 'epoch': 0.68}
Error with image file is truncated (60 bytes not processed)
{'loss': 0.0, 'grad_norm': 3.1622776985168457, 'learning_rate': 0.0, 'epoch': 0.68}
{'loss': 0.0, 'grad_norm': 3.1622776985168457, 'learning_rate': 0.0, 'epoch': 0.68}
{'loss': 0.0, 'grad_norm': 3.1622776985168457, 'learning_rate': 0.0, 'epoch': 0.68}
{'loss': 0.0, 'grad_norm': 3.1622776985168457, 'learning_rate': 0.0, 'epoch': 0.69}
{'loss': 0.0, 'grad_norm': 3.1622776985168457, 'learning_rate': 0.0, 'epoch': 0.69}
{'loss': 0.0, 'grad_norm': 3.1622776985168457, 'learning_rate': 0.0, 'epoch': 0.69}
{'loss': 0.0, 'grad_norm': 3.1622776985168457, 'learning_rate': 0.0, 'epoch': 0.69}
{'loss': 0.0, 'grad_norm': 3.1622776985168457, 'learning_rate': 0.0, 'epoch': 0.69}
{'loss': 0.0, 'grad_norm': 3.1622776985168457, 'learning_rate': 0.0, 'epoch': 0.69}
{'loss': 0.0, 'grad_norm': 3.1622776985168457, 'learning_rate': 0.0, 'epoch': 0.69}
{'loss': 0.0, 'grad_norm': 3.1622776985168457, 'learning_rate': 0.0, 'epoch': 0.69}
{'loss': 0.0, 'grad_norm': 3.1622776985168457, 'learning_rate': 0.0, 'epoch': 0.69}
{'loss': 0.0, 'grad_norm': 3.1622776985168457, 'learning_rate': 0.0, 'epoch': 0.69}
{'loss': 0.0, 'grad_norm': 3.1622776985168457, 'learning_rate': 0.0, 'epoch': 0.69}
{'loss': 0.0, 'grad_norm': 3.1622776985168457, 'learning_rate': 0.0, 'epoch': 0.69}
{'loss': 0.0, 'grad_norm': 3.1622776985168457, 'learning_rate': 0.0, 'epoch': 0.69}
{'loss': 0.0, 'grad_norm': 3.1622776985168457, 'learning_rate': 0.0, 'epoch': 0.69}
{'loss': 0.0, 'grad_norm': 3.1622776985168457, 'learning_rate': 0.0, 'epoch': 0.69}
{'loss': 0.0, 'grad_norm': 3.1622776985168457, 'learning_rate': 0.0, 'epoch': 0.69}
{'loss': 0.0, 'grad_norm': 3.1622776985168457, 'learning_rate': 0.0, 'epoch': 0.69}
{'loss': 0.0, 'grad_norm': 3.1622776985168457, 'learning_rate': 0.0, 'epoch': 0.69}
{'loss': 0.0, 'grad_norm': 3.1622776985168457, 'learning_rate': 0.0, 'epoch': 0.69}
{'loss': 0.0, 'grad_norm': 3.1622776985168457, 'learning_rate': 0.0, 'epoch': 0.69}
{'loss': 0.0, 'grad_norm': 3.1622776985168457, 'learning_rate': 0.0, 'epoch': 0.69}
{'loss': 0.0, 'grad_norm': 3.1622776985168457, 'learning_rate': 0.0, 'epoch': 0.69}
{'loss': 0.0, 'grad_norm': 3.1622776985168457, 'learning_rate': 0.0, 'epoch': 0.69}
{'loss': 0.0, 'grad_norm': 3.1622776985168457, 'learning_rate': 0.0, 'epoch': 0.69}
{'loss': 0.0, 'grad_norm': 3.1622776985168457, 'learning_rate': 0.0, 'epoch': 0.69}
{'loss': 0.0, 'grad_norm': 3.1622776985168457, 'learning_rate': 0.0, 'epoch': 0.69}
{'loss': 0.0, 'grad_norm': 3.1622776985168457, 'learning_rate': 0.0, 'epoch': 0.69}
{'loss': 0.0, 'grad_norm': 3.1622776985168457, 'learning_rate': 0.0, 'epoch': 0.69}
{'loss': 0.0, 'grad_norm': 3.1622776985168457, 'learning_rate': 0.0, 'epoch': 0.69}
{'loss': 0.0, 'grad_norm': 3.1622776985168457, 'learning_rate': 0.0, 'epoch': 0.69}
{'loss': 0.0, 'grad_norm': 3.1622776985168457, 'learning_rate': 0.0, 'epoch': 0.69}
{'loss': 0.0, 'grad_norm': 3.1622776985168457, 'learning_rate': 0.0, 'epoch': 0.69}
{'loss': 0.0, 'grad_norm': 3.1622776985168457, 'learning_rate': 0.0, 'epoch': 0.69}
{'loss': 0.0, 'grad_norm': 3.1622776985168457, 'learning_rate': 0.0, 'epoch': 0.69}
{'loss': 0.0, 'grad_norm': 3.1622776985168457, 'learning_rate': 0.0, 'epoch': 0.69}
{'loss': 0.0, 'grad_norm': 3.1622776985168457, 'learning_rate': 0.0, 'epoch': 0.69}
{'loss': 0.0, 'grad_norm': 3.1622776985168457, 'learning_rate': 0.0, 'epoch': 0.69}
{'loss': 0.0, 'grad_norm': 3.1622776985168457, 'learning_rate': 0.0, 'epoch': 0.69}
{'loss': 0.0, 'grad_norm': 3.1622776985168457, 'learning_rate': 0.0, 'epoch': 0.69}
{'loss': 0.0, 'grad_norm': 3.1622776985168457, 'learning_rate': 0.0, 'epoch': 0.69}
{'loss': 0.0, 'grad_norm': 3.1622776985168457, 'learning_rate': 0.0, 'epoch': 0.69}
{'loss': 0.0, 'grad_norm': 3.1622776985168457, 'learning_rate': 0.0, 'epoch': 0.69}
{'loss': 0.0, 'grad_norm': 3.1622776985168457, 'learning_rate': 0.0, 'epoch': 0.69}
{'loss': 0.0, 'grad_norm': 3.1622776985168457, 'learning_rate': 0.0, 'epoch': 0.69}
{'loss': 0.0, 'grad_norm': 3.1622776985168457, 'learning_rate': 0.0, 'epoch': 0.69}
{'loss': 0.0, 'grad_norm': 3.1622776985168457, 'learning_rate': 0.0, 'epoch': 0.69}
{'loss': 0.0, 'grad_norm': 3.1622776985168457, 'learning_rate': 0.0, 'epoch': 0.69}
{'loss': 0.0, 'grad_norm': 3.1622776985168457, 'learning_rate': 0.0, 'epoch': 0.69}
{'loss': 0.0, 'grad_norm': 3.1622776985168457, 'learning_rate': 0.0, 'epoch': 0.69}
{'loss': 0.0, 'grad_norm': 3.1622776985168457, 'learning_rate': 0.0, 'epoch': 0.69}
{'loss': 0.0, 'grad_norm': 3.1622776985168457, 'learning_rate': 0.0, 'epoch': 0.69}
{'loss': 0.0, 'grad_norm': 3.1622776985168457, 'learning_rate': 0.0, 'epoch': 0.69}
{'loss': 0.0, 'grad_norm': 3.1622776985168457, 'learning_rate': 0.0, 'epoch': 0.7}
{'loss': 0.0, 'grad_norm': 3.1622776985168457, 'learning_rate': 0.0, 'epoch': 0.7}
{'loss': 0.0, 'grad_norm': 3.1622776985168457, 'learning_rate': 0.0, 'epoch': 0.7}
{'loss': 0.0, 'grad_norm': 3.1622776985168457, 'learning_rate': 0.0, 'epoch': 0.7}
{'loss': 0.0, 'grad_norm': 3.1622776985168457, 'learning_rate': 0.0, 'epoch': 0.7}
{'loss': 0.0, 'grad_norm': 3.1622776985168457, 'learning_rate': 0.0, 'epoch': 0.7}
{'loss': 0.0, 'grad_norm': 3.1622776985168457, 'learning_rate': 0.0, 'epoch': 0.7}
{'loss': 0.0, 'grad_norm': 3.1622776985168457, 'learning_rate': 0.0, 'epoch': 0.7}
{'loss': 0.0, 'grad_norm': 3.1622776985168457, 'learning_rate': 0.0, 'epoch': 0.7}
{'loss': 0.0, 'grad_norm': 3.1622776985168457, 'learning_rate': 0.0, 'epoch': 0.7}
{'loss': 0.0, 'grad_norm': 3.1622776985168457, 'learning_rate': 0.0, 'epoch': 0.7}
{'loss': 0.0, 'grad_norm': 3.1622776985168457, 'learning_rate': 0.0, 'epoch': 0.7}
{'loss': 0.0, 'grad_norm': 3.1622776985168457, 'learning_rate': 0.0, 'epoch': 0.7}
{'loss': 0.0, 'grad_norm': 3.1622776985168457, 'learning_rate': 0.0, 'epoch': 0.7}
{'loss': 0.0, 'grad_norm': 3.1622776985168457, 'learning_rate': 0.0, 'epoch': 0.7}
{'loss': 0.0, 'grad_norm': 3.1622776985168457, 'learning_rate': 0.0, 'epoch': 0.7}
{'loss': 0.0, 'grad_norm': 3.1622776985168457, 'learning_rate': 0.0, 'epoch': 0.7}
{'loss': 0.0, 'grad_norm': 3.1622776985168457, 'learning_rate': 0.0, 'epoch': 0.7}
{'loss': 0.0, 'grad_norm': 3.1622776985168457, 'learning_rate': 0.0, 'epoch': 0.7}
{'loss': 0.0, 'grad_norm': 3.1622776985168457, 'learning_rate': 0.0, 'epoch': 0.7}
{'loss': 0.0, 'grad_norm': 3.1622776985168457, 'learning_rate': 0.0, 'epoch': 0.7}
{'loss': 0.0, 'grad_norm': 3.1622776985168457, 'learning_rate': 0.0, 'epoch': 0.7}
{'loss': 0.0, 'grad_norm': 3.1622776985168457, 'learning_rate': 0.0, 'epoch': 0.7}
{'loss': 0.0, 'grad_norm': 3.1622776985168457, 'learning_rate': 0.0, 'epoch': 0.7}
{'loss': 0.0, 'grad_norm': 3.1622776985168457, 'learning_rate': 0.0, 'epoch': 0.7}
{'loss': 0.0, 'grad_norm': 3.1622776985168457, 'learning_rate': 0.0, 'epoch': 0.7}
{'loss': 0.0, 'grad_norm': 3.1622776985168457, 'learning_rate': 0.0, 'epoch': 0.7}
{'loss': 0.0, 'grad_norm': 3.1622776985168457, 'learning_rate': 0.0, 'epoch': 0.7}
{'loss': 0.0, 'grad_norm': 3.1622776985168457, 'learning_rate': 0.0, 'epoch': 0.7}
{'loss': 0.0, 'grad_norm': 3.1622776985168457, 'learning_rate': 0.0, 'epoch': 0.7}
{'loss': 0.0, 'grad_norm': 3.1622776985168457, 'learning_rate': 0.0, 'epoch': 0.7}
{'loss': 0.0, 'grad_norm': 3.1622776985168457, 'learning_rate': 0.0, 'epoch': 0.7}
{'loss': 0.0, 'grad_norm': 3.1622776985168457, 'learning_rate': 0.0, 'epoch': 0.7}
{'loss': 0.0, 'grad_norm': 3.1622776985168457, 'learning_rate': 0.0, 'epoch': 0.7}
{'loss': 0.0, 'grad_norm': 3.1622776985168457, 'learning_rate': 0.0, 'epoch': 0.7}
{'loss': 0.0, 'grad_norm': 3.1622776985168457, 'learning_rate': 0.0, 'epoch': 0.7}
{'loss': 0.0, 'grad_norm': 3.1622776985168457, 'learning_rate': 0.0, 'epoch': 0.7}
{'loss': 0.0, 'grad_norm': 3.1622776985168457, 'learning_rate': 0.0, 'epoch': 0.7}
{'loss': 0.0, 'grad_norm': 3.1622776985168457, 'learning_rate': 0.0, 'epoch': 0.7}
{'loss': 0.0, 'grad_norm': 3.1622776985168457, 'learning_rate': 0.0, 'epoch': 0.7}
{'loss': 0.0, 'grad_norm': 3.1622776985168457, 'learning_rate': 0.0, 'epoch': 0.7}
{'loss': 0.0, 'grad_norm': 3.1622776985168457, 'learning_rate': 0.0, 'epoch': 0.7}
{'loss': 0.0, 'grad_norm': 3.1622776985168457, 'learning_rate': 0.0, 'epoch': 0.7}
{'loss': 0.0, 'grad_norm': 3.1622776985168457, 'learning_rate': 0.0, 'epoch': 0.7}
{'loss': 0.0, 'grad_norm': 3.1622776985168457, 'learning_rate': 0.0, 'epoch': 0.7}
{'loss': 0.0, 'grad_norm': 3.1622776985168457, 'learning_rate': 0.0, 'epoch': 0.7}
{'loss': 0.0, 'grad_norm': 3.1622776985168457, 'learning_rate': 0.0, 'epoch': 0.7}
{'loss': 0.0, 'grad_norm': 3.1622776985168457, 'learning_rate': 0.0, 'epoch': 0.7}
{'loss': 0.0, 'grad_norm': 3.1622776985168457, 'learning_rate': 0.0, 'epoch': 0.7}
{'loss': 0.0, 'grad_norm': 3.1622776985168457, 'learning_rate': 0.0, 'epoch': 0.7}
{'loss': 0.0, 'grad_norm': 3.1622776985168457, 'learning_rate': 0.0, 'epoch': 0.7}
{'loss': 0.0, 'grad_norm': 3.1622776985168457, 'learning_rate': 0.0, 'epoch': 0.7}
{'loss': 0.0, 'grad_norm': 3.1622776985168457, 'learning_rate': 0.0, 'epoch': 0.71}
{'loss': 0.0, 'grad_norm': 3.1622776985168457, 'learning_rate': 0.0, 'epoch': 0.71}
{'loss': 0.0, 'grad_norm': 3.1622776985168457, 'learning_rate': 0.0, 'epoch': 0.71}
{'loss': 0.0, 'grad_norm': 3.1622776985168457, 'learning_rate': 0.0, 'epoch': 0.71}
{'loss': 0.0, 'grad_norm': 3.1622776985168457, 'learning_rate': 0.0, 'epoch': 0.71}
{'loss': 0.0, 'grad_norm': 3.1622776985168457, 'learning_rate': 0.0, 'epoch': 0.71}
{'loss': 0.0, 'grad_norm': 3.1622776985168457, 'learning_rate': 0.0, 'epoch': 0.71}
{'loss': 0.0, 'grad_norm': 3.1622776985168457, 'learning_rate': 0.0, 'epoch': 0.71}
{'loss': 0.0, 'grad_norm': 3.1622776985168457, 'learning_rate': 0.0, 'epoch': 0.71}
{'loss': 0.0, 'grad_norm': 3.1622776985168457, 'learning_rate': 0.0, 'epoch': 0.71}
{'loss': 0.0, 'grad_norm': 3.1622776985168457, 'learning_rate': 0.0, 'epoch': 0.71}
{'loss': 0.0, 'grad_norm': 3.1622776985168457, 'learning_rate': 0.0, 'epoch': 0.71}
{'loss': 0.0, 'grad_norm': 3.1622776985168457, 'learning_rate': 0.0, 'epoch': 0.71}
{'loss': 0.0, 'grad_norm': 3.1622776985168457, 'learning_rate': 0.0, 'epoch': 0.71}
{'loss': 0.0, 'grad_norm': 3.1622776985168457, 'learning_rate': 0.0, 'epoch': 0.71}
{'loss': 0.0, 'grad_norm': 3.1622776985168457, 'learning_rate': 0.0, 'epoch': 0.71}
{'loss': 0.0, 'grad_norm': 3.1622776985168457, 'learning_rate': 0.0, 'epoch': 0.71}
{'loss': 0.0, 'grad_norm': 3.1622776985168457, 'learning_rate': 0.0, 'epoch': 0.71}
{'loss': 0.0, 'grad_norm': 3.1622776985168457, 'learning_rate': 0.0, 'epoch': 0.71}
{'loss': 0.0, 'grad_norm': 3.1622776985168457, 'learning_rate': 0.0, 'epoch': 0.71}
{'loss': 0.0, 'grad_norm': 3.1622776985168457, 'learning_rate': 0.0, 'epoch': 0.71}
{'loss': 0.0, 'grad_norm': 3.1622776985168457, 'learning_rate': 0.0, 'epoch': 0.71}
{'loss': 0.0, 'grad_norm': 3.1622776985168457, 'learning_rate': 0.0, 'epoch': 0.71}
{'loss': 0.0, 'grad_norm': 3.1622776985168457, 'learning_rate': 0.0, 'epoch': 0.71}
{'loss': 0.0, 'grad_norm': 3.1622776985168457, 'learning_rate': 0.0, 'epoch': 0.71}
{'loss': 0.0, 'grad_norm': 3.1622776985168457, 'learning_rate': 0.0, 'epoch': 0.71}
{'loss': 0.0, 'grad_norm': 3.1622776985168457, 'learning_rate': 0.0, 'epoch': 0.71}
{'loss': 0.0, 'grad_norm': 3.1622776985168457, 'learning_rate': 0.0, 'epoch': 0.71}
{'loss': 0.0, 'grad_norm': 3.1622776985168457, 'learning_rate': 0.0, 'epoch': 0.71}
{'loss': 0.0, 'grad_norm': 3.1622776985168457, 'learning_rate': 0.0, 'epoch': 0.71}
{'loss': 0.0, 'grad_norm': 3.1622776985168457, 'learning_rate': 0.0, 'epoch': 0.71}
{'loss': 0.0, 'grad_norm': 3.1622776985168457, 'learning_rate': 0.0, 'epoch': 0.71}
{'loss': 0.0, 'grad_norm': 3.1622776985168457, 'learning_rate': 0.0, 'epoch': 0.71}
{'loss': 0.0, 'grad_norm': 3.1622776985168457, 'learning_rate': 0.0, 'epoch': 0.71}
{'loss': 0.0, 'grad_norm': 3.1622776985168457, 'learning_rate': 0.0, 'epoch': 0.71}
{'loss': 0.0, 'grad_norm': 3.1622776985168457, 'learning_rate': 0.0, 'epoch': 0.71}
{'loss': 0.0, 'grad_norm': 3.1622776985168457, 'learning_rate': 0.0, 'epoch': 0.71}
{'loss': 0.0, 'grad_norm': 3.1622776985168457, 'learning_rate': 0.0, 'epoch': 0.71}
{'loss': 0.0, 'grad_norm': 3.1622776985168457, 'learning_rate': 0.0, 'epoch': 0.71}
{'loss': 0.0, 'grad_norm': 3.1622776985168457, 'learning_rate': 0.0, 'epoch': 0.71}
{'loss': 0.0, 'grad_norm': 3.1622776985168457, 'learning_rate': 0.0, 'epoch': 0.71}
{'loss': 0.0, 'grad_norm': 3.1622776985168457, 'learning_rate': 0.0, 'epoch': 0.71}
{'loss': 0.0, 'grad_norm': 3.1622776985168457, 'learning_rate': 0.0, 'epoch': 0.71}
{'loss': 0.0, 'grad_norm': 3.1622776985168457, 'learning_rate': 0.0, 'epoch': 0.71}
{'loss': 0.0, 'grad_norm': 3.1622776985168457, 'learning_rate': 0.0, 'epoch': 0.71}
{'loss': 0.0, 'grad_norm': 3.1622776985168457, 'learning_rate': 0.0, 'epoch': 0.71}
{'loss': 0.0, 'grad_norm': 3.1622776985168457, 'learning_rate': 0.0, 'epoch': 0.71}
{'loss': 0.0, 'grad_norm': 3.1622776985168457, 'learning_rate': 0.0, 'epoch': 0.71}
{'loss': 0.0, 'grad_norm': 3.1622776985168457, 'learning_rate': 0.0, 'epoch': 0.71}
{'loss': 0.0, 'grad_norm': 3.1622776985168457, 'learning_rate': 0.0, 'epoch': 0.71}
{'loss': 0.0, 'grad_norm': 3.1622776985168457, 'learning_rate': 0.0, 'epoch': 0.71}
{'loss': 0.0, 'grad_norm': 3.1622776985168457, 'learning_rate': 0.0, 'epoch': 0.71}
{'loss': 0.0, 'grad_norm': 3.1622776985168457, 'learning_rate': 0.0, 'epoch': 0.72}
{'loss': 0.0, 'grad_norm': 3.1622776985168457, 'learning_rate': 0.0, 'epoch': 0.72}
{'loss': 0.0, 'grad_norm': 3.1622776985168457, 'learning_rate': 0.0, 'epoch': 0.72}
{'loss': 0.0, 'grad_norm': 3.1622776985168457, 'learning_rate': 0.0, 'epoch': 0.72}
{'loss': 0.0, 'grad_norm': 3.1622776985168457, 'learning_rate': 0.0, 'epoch': 0.72}
{'loss': 0.0, 'grad_norm': 3.1622776985168457, 'learning_rate': 0.0, 'epoch': 0.72}
{'loss': 0.0, 'grad_norm': 3.1622776985168457, 'learning_rate': 0.0, 'epoch': 0.72}
{'loss': 0.0, 'grad_norm': 3.1622776985168457, 'learning_rate': 0.0, 'epoch': 0.72}
{'loss': 0.0, 'grad_norm': 3.1622776985168457, 'learning_rate': 0.0, 'epoch': 0.72}
{'loss': 0.0, 'grad_norm': 3.1622776985168457, 'learning_rate': 0.0, 'epoch': 0.72}
{'loss': 0.0, 'grad_norm': 3.1622776985168457, 'learning_rate': 0.0, 'epoch': 0.72}
{'loss': 0.0, 'grad_norm': 3.1622776985168457, 'learning_rate': 0.0, 'epoch': 0.72}
{'loss': 0.0, 'grad_norm': 3.1622776985168457, 'learning_rate': 0.0, 'epoch': 0.72}
{'loss': 0.0, 'grad_norm': 3.1622776985168457, 'learning_rate': 0.0, 'epoch': 0.72}
{'loss': 0.0, 'grad_norm': 3.1622776985168457, 'learning_rate': 0.0, 'epoch': 0.72}
{'loss': 0.0, 'grad_norm': 3.1622776985168457, 'learning_rate': 0.0, 'epoch': 0.72}
{'loss': 0.0, 'grad_norm': 3.1622776985168457, 'learning_rate': 0.0, 'epoch': 0.72}
{'loss': 0.0, 'grad_norm': 3.1622776985168457, 'learning_rate': 0.0, 'epoch': 0.72}
{'loss': 0.0, 'grad_norm': 3.1622776985168457, 'learning_rate': 0.0, 'epoch': 0.72}
{'loss': 0.0, 'grad_norm': 3.1622776985168457, 'learning_rate': 0.0, 'epoch': 0.72}
{'loss': 0.0, 'grad_norm': 3.1622776985168457, 'learning_rate': 0.0, 'epoch': 0.72}
{'loss': 0.0, 'grad_norm': 3.1622776985168457, 'learning_rate': 0.0, 'epoch': 0.72}
{'loss': 0.0, 'grad_norm': 3.1622776985168457, 'learning_rate': 0.0, 'epoch': 0.72}
{'loss': 0.0, 'grad_norm': 3.1622776985168457, 'learning_rate': 0.0, 'epoch': 0.72}
{'loss': 0.0, 'grad_norm': 3.1622776985168457, 'learning_rate': 0.0, 'epoch': 0.72}
{'loss': 0.0, 'grad_norm': 3.1622776985168457, 'learning_rate': 0.0, 'epoch': 0.72}
{'loss': 0.0, 'grad_norm': 3.1622776985168457, 'learning_rate': 0.0, 'epoch': 0.72}
{'loss': 0.0, 'grad_norm': 3.1622776985168457, 'learning_rate': 0.0, 'epoch': 0.72}
{'loss': 0.0, 'grad_norm': 3.1622776985168457, 'learning_rate': 0.0, 'epoch': 0.72}
{'loss': 0.0, 'grad_norm': 3.1622776985168457, 'learning_rate': 0.0, 'epoch': 0.72}
{'loss': 0.0, 'grad_norm': 3.1622776985168457, 'learning_rate': 0.0, 'epoch': 0.72}
{'loss': 0.0, 'grad_norm': 3.1622776985168457, 'learning_rate': 0.0, 'epoch': 0.72}
{'loss': 0.0, 'grad_norm': 3.1622776985168457, 'learning_rate': 0.0, 'epoch': 0.72}
{'loss': 0.0, 'grad_norm': 3.1622776985168457, 'learning_rate': 0.0, 'epoch': 0.72}
{'loss': 0.0, 'grad_norm': 3.1622776985168457, 'learning_rate': 0.0, 'epoch': 0.72}
{'loss': 0.0, 'grad_norm': 3.1622776985168457, 'learning_rate': 0.0, 'epoch': 0.72}
{'loss': 0.0, 'grad_norm': 3.1622776985168457, 'learning_rate': 0.0, 'epoch': 0.72}
{'loss': 0.0, 'grad_norm': 3.1622776985168457, 'learning_rate': 0.0, 'epoch': 0.72}
{'loss': 0.0, 'grad_norm': 3.1622776985168457, 'learning_rate': 0.0, 'epoch': 0.72}
{'loss': 0.0, 'grad_norm': 3.1622776985168457, 'learning_rate': 0.0, 'epoch': 0.72}
{'loss': 0.0, 'grad_norm': 3.1622776985168457, 'learning_rate': 0.0, 'epoch': 0.72}
{'loss': 0.0, 'grad_norm': 3.1622776985168457, 'learning_rate': 0.0, 'epoch': 0.72}
{'loss': 0.0, 'grad_norm': 3.1622776985168457, 'learning_rate': 0.0, 'epoch': 0.72}
{'loss': 0.0, 'grad_norm': 3.1622776985168457, 'learning_rate': 0.0, 'epoch': 0.72}
{'loss': 0.0, 'grad_norm': 3.1622776985168457, 'learning_rate': 0.0, 'epoch': 0.72}
{'loss': 0.0, 'grad_norm': 3.1622776985168457, 'learning_rate': 0.0, 'epoch': 0.72}
{'loss': 0.0, 'grad_norm': 3.1622776985168457, 'learning_rate': 0.0, 'epoch': 0.72}
{'loss': 0.0, 'grad_norm': 3.1622776985168457, 'learning_rate': 0.0, 'epoch': 0.72}
{'loss': 0.0, 'grad_norm': 3.1622776985168457, 'learning_rate': 0.0, 'epoch': 0.72}
{'loss': 0.0, 'grad_norm': 3.1622776985168457, 'learning_rate': 0.0, 'epoch': 0.72}
{'loss': 0.0, 'grad_norm': 3.1622776985168457, 'learning_rate': 0.0, 'epoch': 0.72}
{'loss': 0.0, 'grad_norm': 3.1622776985168457, 'learning_rate': 0.0, 'epoch': 0.72}
{'loss': 0.0, 'grad_norm': 3.1622776985168457, 'learning_rate': 0.0, 'epoch': 0.73}
{'loss': 0.0, 'grad_norm': 3.1622776985168457, 'learning_rate': 0.0, 'epoch': 0.73}
{'loss': 0.0, 'grad_norm': 3.1622776985168457, 'learning_rate': 0.0, 'epoch': 0.73}
{'loss': 0.0, 'grad_norm': 3.1622776985168457, 'learning_rate': 0.0, 'epoch': 0.73}
{'loss': 0.0, 'grad_norm': 3.1622776985168457, 'learning_rate': 0.0, 'epoch': 0.73}
{'loss': 0.0, 'grad_norm': 3.1622776985168457, 'learning_rate': 0.0, 'epoch': 0.73}
{'loss': 0.0, 'grad_norm': 3.1622776985168457, 'learning_rate': 0.0, 'epoch': 0.73}
{'loss': 0.0, 'grad_norm': 3.1622776985168457, 'learning_rate': 0.0, 'epoch': 0.73}
{'loss': 0.0, 'grad_norm': 3.1622776985168457, 'learning_rate': 0.0, 'epoch': 0.73}
{'loss': 0.0, 'grad_norm': 3.1622776985168457, 'learning_rate': 0.0, 'epoch': 0.73}
{'loss': 0.0, 'grad_norm': 3.1622776985168457, 'learning_rate': 0.0, 'epoch': 0.73}
{'loss': 0.0, 'grad_norm': 3.1622776985168457, 'learning_rate': 0.0, 'epoch': 0.73}
{'loss': 0.0, 'grad_norm': 3.1622776985168457, 'learning_rate': 0.0, 'epoch': 0.73}
{'loss': 0.0, 'grad_norm': 3.1622776985168457, 'learning_rate': 0.0, 'epoch': 0.73}
{'loss': 0.0, 'grad_norm': 3.1622776985168457, 'learning_rate': 0.0, 'epoch': 0.73}
{'loss': 0.0, 'grad_norm': 3.1622776985168457, 'learning_rate': 0.0, 'epoch': 0.73}
{'loss': 0.0, 'grad_norm': 3.1622776985168457, 'learning_rate': 0.0, 'epoch': 0.73}
{'loss': 0.0, 'grad_norm': 3.1622776985168457, 'learning_rate': 0.0, 'epoch': 0.73}
{'loss': 0.0, 'grad_norm': 3.1622776985168457, 'learning_rate': 0.0, 'epoch': 0.73}
{'loss': 0.0, 'grad_norm': 3.1622776985168457, 'learning_rate': 0.0, 'epoch': 0.73}
{'loss': 0.0, 'grad_norm': 3.1622776985168457, 'learning_rate': 0.0, 'epoch': 0.73}
{'loss': 0.0, 'grad_norm': 3.1622776985168457, 'learning_rate': 0.0, 'epoch': 0.73}
{'loss': 0.0, 'grad_norm': 3.1622776985168457, 'learning_rate': 0.0, 'epoch': 0.73}
{'loss': 0.0, 'grad_norm': 3.1622776985168457, 'learning_rate': 0.0, 'epoch': 0.73}
{'loss': 0.0, 'grad_norm': 3.1622776985168457, 'learning_rate': 0.0, 'epoch': 0.73}
{'loss': 0.0, 'grad_norm': 3.1622776985168457, 'learning_rate': 0.0, 'epoch': 0.73}
{'loss': 0.0, 'grad_norm': 3.1622776985168457, 'learning_rate': 0.0, 'epoch': 0.73}
{'loss': 0.0, 'grad_norm': 3.1622776985168457, 'learning_rate': 0.0, 'epoch': 0.73}
{'loss': 0.0, 'grad_norm': 3.1622776985168457, 'learning_rate': 0.0, 'epoch': 0.73}
{'loss': 0.0, 'grad_norm': 3.1622776985168457, 'learning_rate': 0.0, 'epoch': 0.73}
{'loss': 0.0, 'grad_norm': 3.1622776985168457, 'learning_rate': 0.0, 'epoch': 0.73}
{'loss': 0.0, 'grad_norm': 3.1622776985168457, 'learning_rate': 0.0, 'epoch': 0.73}
{'loss': 0.0, 'grad_norm': 3.1622776985168457, 'learning_rate': 0.0, 'epoch': 0.73}
{'loss': 0.0, 'grad_norm': 3.1622776985168457, 'learning_rate': 0.0, 'epoch': 0.73}
{'loss': 0.0, 'grad_norm': 3.1622776985168457, 'learning_rate': 0.0, 'epoch': 0.73}
{'loss': 0.0, 'grad_norm': 3.1622776985168457, 'learning_rate': 0.0, 'epoch': 0.73}
{'loss': 0.0, 'grad_norm': 3.1622776985168457, 'learning_rate': 0.0, 'epoch': 0.73}
{'loss': 0.0, 'grad_norm': 3.1622776985168457, 'learning_rate': 0.0, 'epoch': 0.73}
{'loss': 0.0, 'grad_norm': 3.1622776985168457, 'learning_rate': 0.0, 'epoch': 0.73}
{'loss': 0.0, 'grad_norm': 3.1622776985168457, 'learning_rate': 0.0, 'epoch': 0.73}
{'loss': 0.0, 'grad_norm': 3.1622776985168457, 'learning_rate': 0.0, 'epoch': 0.73}
{'loss': 0.0, 'grad_norm': 3.1622776985168457, 'learning_rate': 0.0, 'epoch': 0.73}
{'loss': 0.0, 'grad_norm': 3.1622776985168457, 'learning_rate': 0.0, 'epoch': 0.73}
{'loss': 0.0, 'grad_norm': 3.1622776985168457, 'learning_rate': 0.0, 'epoch': 0.73}
{'loss': 0.0, 'grad_norm': 3.1622776985168457, 'learning_rate': 0.0, 'epoch': 0.73}
{'loss': 0.0, 'grad_norm': 3.1622776985168457, 'learning_rate': 0.0, 'epoch': 0.73}
{'loss': 0.0, 'grad_norm': 3.1622776985168457, 'learning_rate': 0.0, 'epoch': 0.73}
{'loss': 0.0, 'grad_norm': 3.1622776985168457, 'learning_rate': 0.0, 'epoch': 0.73}
{'loss': 0.0, 'grad_norm': 3.1622776985168457, 'learning_rate': 0.0, 'epoch': 0.73}
{'loss': 0.0, 'grad_norm': 3.1622776985168457, 'learning_rate': 0.0, 'epoch': 0.73}
{'loss': 0.0, 'grad_norm': 3.1622776985168457, 'learning_rate': 0.0, 'epoch': 0.73}
{'loss': 0.0, 'grad_norm': 3.1622776985168457, 'learning_rate': 0.0, 'epoch': 0.73}
{'loss': 0.0, 'grad_norm': 3.1622776985168457, 'learning_rate': 0.0, 'epoch': 0.74}
{'loss': 0.0, 'grad_norm': 3.1622776985168457, 'learning_rate': 0.0, 'epoch': 0.74}
{'loss': 0.0, 'grad_norm': 3.1622776985168457, 'learning_rate': 0.0, 'epoch': 0.74}
{'loss': 0.0, 'grad_norm': 3.1622776985168457, 'learning_rate': 0.0, 'epoch': 0.74}
{'loss': 0.0, 'grad_norm': 3.1622776985168457, 'learning_rate': 0.0, 'epoch': 0.74}
{'loss': 0.0, 'grad_norm': 3.1622776985168457, 'learning_rate': 0.0, 'epoch': 0.74}
{'loss': 0.0, 'grad_norm': 3.1622776985168457, 'learning_rate': 0.0, 'epoch': 0.74}
{'loss': 0.0, 'grad_norm': 3.1622776985168457, 'learning_rate': 0.0, 'epoch': 0.74}
{'loss': 0.0, 'grad_norm': 3.1622776985168457, 'learning_rate': 0.0, 'epoch': 0.74}
{'loss': 0.0, 'grad_norm': 3.1622776985168457, 'learning_rate': 0.0, 'epoch': 0.74}
{'loss': 0.0, 'grad_norm': 3.1622776985168457, 'learning_rate': 0.0, 'epoch': 0.74}
{'loss': 0.0, 'grad_norm': 3.1622776985168457, 'learning_rate': 0.0, 'epoch': 0.74}
{'loss': 0.0, 'grad_norm': 3.1622776985168457, 'learning_rate': 0.0, 'epoch': 0.74}
{'loss': 0.0, 'grad_norm': 3.1622776985168457, 'learning_rate': 0.0, 'epoch': 0.74}
{'loss': 0.0, 'grad_norm': 3.1622776985168457, 'learning_rate': 0.0, 'epoch': 0.74}
{'loss': 0.0, 'grad_norm': 3.1622776985168457, 'learning_rate': 0.0, 'epoch': 0.74}
{'loss': 0.0, 'grad_norm': 3.1622776985168457, 'learning_rate': 0.0, 'epoch': 0.74}
{'loss': 0.0, 'grad_norm': 3.1622776985168457, 'learning_rate': 0.0, 'epoch': 0.74}
{'loss': 0.0, 'grad_norm': 3.1622776985168457, 'learning_rate': 0.0, 'epoch': 0.74}
{'loss': 0.0, 'grad_norm': 3.1622776985168457, 'learning_rate': 0.0, 'epoch': 0.74}
{'loss': 0.0, 'grad_norm': 3.1622776985168457, 'learning_rate': 0.0, 'epoch': 0.74}
{'loss': 0.0, 'grad_norm': 3.1622776985168457, 'learning_rate': 0.0, 'epoch': 0.74}
{'loss': 0.0, 'grad_norm': 3.1622776985168457, 'learning_rate': 0.0, 'epoch': 0.74}
{'loss': 0.0, 'grad_norm': 3.1622776985168457, 'learning_rate': 0.0, 'epoch': 0.74}
{'loss': 0.0, 'grad_norm': 3.1622776985168457, 'learning_rate': 0.0, 'epoch': 0.74}
{'loss': 0.0, 'grad_norm': 3.1622776985168457, 'learning_rate': 0.0, 'epoch': 0.74}
{'loss': 0.0, 'grad_norm': 3.1622776985168457, 'learning_rate': 0.0, 'epoch': 0.74}
{'loss': 0.0, 'grad_norm': 3.1622776985168457, 'learning_rate': 0.0, 'epoch': 0.74}
{'loss': 0.0, 'grad_norm': 3.1622776985168457, 'learning_rate': 0.0, 'epoch': 0.74}
{'loss': 0.0, 'grad_norm': 3.1622776985168457, 'learning_rate': 0.0, 'epoch': 0.74}
{'loss': 0.0, 'grad_norm': 3.1622776985168457, 'learning_rate': 0.0, 'epoch': 0.74}
{'loss': 0.0, 'grad_norm': 3.1622776985168457, 'learning_rate': 0.0, 'epoch': 0.74}
{'loss': 0.0, 'grad_norm': 3.1622776985168457, 'learning_rate': 0.0, 'epoch': 0.74}
{'loss': 0.0, 'grad_norm': 3.1622776985168457, 'learning_rate': 0.0, 'epoch': 0.74}
{'loss': 0.0, 'grad_norm': 3.1622776985168457, 'learning_rate': 0.0, 'epoch': 0.74}
{'loss': 0.0, 'grad_norm': 3.1622776985168457, 'learning_rate': 0.0, 'epoch': 0.74}
{'loss': 0.0, 'grad_norm': 3.1622776985168457, 'learning_rate': 0.0, 'epoch': 0.74}
{'loss': 0.0, 'grad_norm': 3.1622776985168457, 'learning_rate': 0.0, 'epoch': 0.74}
{'loss': 0.0, 'grad_norm': 3.1622776985168457, 'learning_rate': 0.0, 'epoch': 0.74}
{'loss': 0.0, 'grad_norm': 3.1622776985168457, 'learning_rate': 0.0, 'epoch': 0.74}
{'loss': 0.0, 'grad_norm': 3.1622776985168457, 'learning_rate': 0.0, 'epoch': 0.74}
{'loss': 0.0, 'grad_norm': 3.1622776985168457, 'learning_rate': 0.0, 'epoch': 0.74}
{'loss': 0.0, 'grad_norm': 3.1622776985168457, 'learning_rate': 0.0, 'epoch': 0.74}
{'loss': 0.0, 'grad_norm': 3.1622776985168457, 'learning_rate': 0.0, 'epoch': 0.74}
{'loss': 0.0, 'grad_norm': 3.1622776985168457, 'learning_rate': 0.0, 'epoch': 0.74}
{'loss': 0.0, 'grad_norm': 3.1622776985168457, 'learning_rate': 0.0, 'epoch': 0.74}
{'loss': 0.0, 'grad_norm': 3.1622776985168457, 'learning_rate': 0.0, 'epoch': 0.74}
{'loss': 0.0, 'grad_norm': 3.1622776985168457, 'learning_rate': 0.0, 'epoch': 0.74}
{'loss': 0.0, 'grad_norm': 3.1622776985168457, 'learning_rate': 0.0, 'epoch': 0.74}
{'loss': 0.0, 'grad_norm': 3.1622776985168457, 'learning_rate': 0.0, 'epoch': 0.74}
{'loss': 0.0, 'grad_norm': 3.1622776985168457, 'learning_rate': 0.0, 'epoch': 0.74}
{'loss': 0.0, 'grad_norm': 3.1622776985168457, 'learning_rate': 0.0, 'epoch': 0.74}
{'loss': 0.0, 'grad_norm': 3.1622776985168457, 'learning_rate': 0.0, 'epoch': 0.75}
{'loss': 0.0, 'grad_norm': 3.1622776985168457, 'learning_rate': 0.0, 'epoch': 0.75}
{'loss': 0.0, 'grad_norm': 3.1622776985168457, 'learning_rate': 0.0, 'epoch': 0.75}
{'loss': 0.0, 'grad_norm': 3.1622776985168457, 'learning_rate': 0.0, 'epoch': 0.75}
{'loss': 0.0, 'grad_norm': 3.1622776985168457, 'learning_rate': 0.0, 'epoch': 0.75}
{'loss': 0.0, 'grad_norm': 3.1622776985168457, 'learning_rate': 0.0, 'epoch': 0.75}
{'loss': 0.0, 'grad_norm': 3.1622776985168457, 'learning_rate': 0.0, 'epoch': 0.75}
{'loss': 0.0, 'grad_norm': 3.1622776985168457, 'learning_rate': 0.0, 'epoch': 0.75}
{'loss': 0.0, 'grad_norm': 3.1622776985168457, 'learning_rate': 0.0, 'epoch': 0.75}
{'loss': 0.0, 'grad_norm': 3.1622776985168457, 'learning_rate': 0.0, 'epoch': 0.75}
{'loss': 0.0, 'grad_norm': 3.1622776985168457, 'learning_rate': 0.0, 'epoch': 0.75}
{'loss': 0.0, 'grad_norm': 3.1622776985168457, 'learning_rate': 0.0, 'epoch': 0.75}
{'loss': 0.0, 'grad_norm': 3.1622776985168457, 'learning_rate': 0.0, 'epoch': 0.75}
{'loss': 0.0, 'grad_norm': 3.1622776985168457, 'learning_rate': 0.0, 'epoch': 0.75}
{'loss': 0.0, 'grad_norm': 3.1622776985168457, 'learning_rate': 0.0, 'epoch': 0.75}
{'loss': 0.0, 'grad_norm': 3.1622776985168457, 'learning_rate': 0.0, 'epoch': 0.75}
{'loss': 0.0, 'grad_norm': 3.1622776985168457, 'learning_rate': 0.0, 'epoch': 0.75}
{'loss': 0.0, 'grad_norm': 3.1622776985168457, 'learning_rate': 0.0, 'epoch': 0.75}
{'loss': 0.0, 'grad_norm': 3.1622776985168457, 'learning_rate': 0.0, 'epoch': 0.75}
{'loss': 0.0, 'grad_norm': 3.1622776985168457, 'learning_rate': 0.0, 'epoch': 0.75}
{'loss': 0.0, 'grad_norm': 3.1622776985168457, 'learning_rate': 0.0, 'epoch': 0.75}
{'loss': 0.0, 'grad_norm': 3.1622776985168457, 'learning_rate': 0.0, 'epoch': 0.75}
{'loss': 0.0, 'grad_norm': 3.1622776985168457, 'learning_rate': 0.0, 'epoch': 0.75}
{'loss': 0.0, 'grad_norm': 3.1622776985168457, 'learning_rate': 0.0, 'epoch': 0.75}
{'loss': 0.0, 'grad_norm': 3.1622776985168457, 'learning_rate': 0.0, 'epoch': 0.75}
{'loss': 0.0, 'grad_norm': 3.1622776985168457, 'learning_rate': 0.0, 'epoch': 0.75}
{'loss': 0.0, 'grad_norm': 3.1622776985168457, 'learning_rate': 0.0, 'epoch': 0.75}
{'loss': 0.0, 'grad_norm': 3.1622776985168457, 'learning_rate': 0.0, 'epoch': 0.75}
{'loss': 0.0, 'grad_norm': 3.1622776985168457, 'learning_rate': 0.0, 'epoch': 0.75}
{'loss': 0.0, 'grad_norm': 3.1622776985168457, 'learning_rate': 0.0, 'epoch': 0.75}
{'loss': 0.0, 'grad_norm': 3.1622776985168457, 'learning_rate': 0.0, 'epoch': 0.75}
{'loss': 0.0, 'grad_norm': 3.1622776985168457, 'learning_rate': 0.0, 'epoch': 0.75}
{'loss': 0.0, 'grad_norm': 3.1622776985168457, 'learning_rate': 0.0, 'epoch': 0.75}
{'loss': 0.0, 'grad_norm': 3.1622776985168457, 'learning_rate': 0.0, 'epoch': 0.75}
{'loss': 0.0, 'grad_norm': 3.1622776985168457, 'learning_rate': 0.0, 'epoch': 0.75}
{'loss': 0.0, 'grad_norm': 3.1622776985168457, 'learning_rate': 0.0, 'epoch': 0.75}
{'loss': 0.0, 'grad_norm': 3.1622776985168457, 'learning_rate': 0.0, 'epoch': 0.75}
{'loss': 0.0, 'grad_norm': 3.1622776985168457, 'learning_rate': 0.0, 'epoch': 0.75}
{'loss': 0.0, 'grad_norm': 3.1622776985168457, 'learning_rate': 0.0, 'epoch': 0.75}
{'loss': 0.0, 'grad_norm': 3.1622776985168457, 'learning_rate': 0.0, 'epoch': 0.75}
{'loss': 0.0, 'grad_norm': 3.1622776985168457, 'learning_rate': 0.0, 'epoch': 0.75}
{'loss': 0.0, 'grad_norm': 3.1622776985168457, 'learning_rate': 0.0, 'epoch': 0.75}
{'loss': 0.0, 'grad_norm': 3.1622776985168457, 'learning_rate': 0.0, 'epoch': 0.75}
{'loss': 0.0, 'grad_norm': 3.1622776985168457, 'learning_rate': 0.0, 'epoch': 0.75}
{'loss': 0.0, 'grad_norm': 3.1622776985168457, 'learning_rate': 0.0, 'epoch': 0.75}
{'loss': 0.0, 'grad_norm': 3.1622776985168457, 'learning_rate': 0.0, 'epoch': 0.75}
{'loss': 0.0, 'grad_norm': 3.1622776985168457, 'learning_rate': 0.0, 'epoch': 0.75}
{'loss': 0.0, 'grad_norm': 3.1622776985168457, 'learning_rate': 0.0, 'epoch': 0.75}
{'loss': 0.0, 'grad_norm': 3.1622776985168457, 'learning_rate': 0.0, 'epoch': 0.75}
{'loss': 0.0, 'grad_norm': 3.1622776985168457, 'learning_rate': 0.0, 'epoch': 0.75}
{'loss': 0.0, 'grad_norm': 3.1622776985168457, 'learning_rate': 0.0, 'epoch': 0.75}
{'loss': 0.0, 'grad_norm': 3.1622776985168457, 'learning_rate': 0.0, 'epoch': 0.75}
{'loss': 0.0, 'grad_norm': 3.1622776985168457, 'learning_rate': 0.0, 'epoch': 0.76}
{'loss': 0.0, 'grad_norm': 3.1622776985168457, 'learning_rate': 0.0, 'epoch': 0.76}
{'loss': 0.0, 'grad_norm': 3.1622776985168457, 'learning_rate': 0.0, 'epoch': 0.76}
{'loss': 0.0, 'grad_norm': 3.1622776985168457, 'learning_rate': 0.0, 'epoch': 0.76}
{'loss': 0.0, 'grad_norm': 3.1622776985168457, 'learning_rate': 0.0, 'epoch': 0.76}
{'loss': 0.0, 'grad_norm': 3.1622776985168457, 'learning_rate': 0.0, 'epoch': 0.76}
{'loss': 0.0, 'grad_norm': 3.1622776985168457, 'learning_rate': 0.0, 'epoch': 0.76}
{'loss': 0.0, 'grad_norm': 3.1622776985168457, 'learning_rate': 0.0, 'epoch': 0.76}
{'loss': 0.0, 'grad_norm': 3.1622776985168457, 'learning_rate': 0.0, 'epoch': 0.76}
{'loss': 0.0, 'grad_norm': 3.1622776985168457, 'learning_rate': 0.0, 'epoch': 0.76}
{'loss': 0.0, 'grad_norm': 3.1622776985168457, 'learning_rate': 0.0, 'epoch': 0.76}
{'loss': 0.0, 'grad_norm': 3.1622776985168457, 'learning_rate': 0.0, 'epoch': 0.76}
{'loss': 0.0, 'grad_norm': 3.1622776985168457, 'learning_rate': 0.0, 'epoch': 0.76}
{'loss': 0.0, 'grad_norm': 3.1622776985168457, 'learning_rate': 0.0, 'epoch': 0.76}
{'loss': 0.0, 'grad_norm': 3.1622776985168457, 'learning_rate': 0.0, 'epoch': 0.76}
{'loss': 0.0, 'grad_norm': 3.1622776985168457, 'learning_rate': 0.0, 'epoch': 0.76}
{'loss': 0.0, 'grad_norm': 3.1622776985168457, 'learning_rate': 0.0, 'epoch': 0.76}
{'loss': 0.0, 'grad_norm': 3.1622776985168457, 'learning_rate': 0.0, 'epoch': 0.76}
{'loss': 0.0, 'grad_norm': 3.1622776985168457, 'learning_rate': 0.0, 'epoch': 0.76}
{'loss': 0.0, 'grad_norm': 3.1622776985168457, 'learning_rate': 0.0, 'epoch': 0.76}
{'loss': 0.0, 'grad_norm': 3.1622776985168457, 'learning_rate': 0.0, 'epoch': 0.76}
{'loss': 0.0, 'grad_norm': 3.1622776985168457, 'learning_rate': 0.0, 'epoch': 0.76}
{'loss': 0.0, 'grad_norm': 3.1622776985168457, 'learning_rate': 0.0, 'epoch': 0.76}
{'loss': 0.0, 'grad_norm': 3.1622776985168457, 'learning_rate': 0.0, 'epoch': 0.76}
{'loss': 0.0, 'grad_norm': 3.1622776985168457, 'learning_rate': 0.0, 'epoch': 0.76}
{'loss': 0.0, 'grad_norm': 3.1622776985168457, 'learning_rate': 0.0, 'epoch': 0.76}
{'loss': 0.0, 'grad_norm': 3.1622776985168457, 'learning_rate': 0.0, 'epoch': 0.76}
{'loss': 0.0, 'grad_norm': 3.1622776985168457, 'learning_rate': 0.0, 'epoch': 0.76}
{'loss': 0.0, 'grad_norm': 3.1622776985168457, 'learning_rate': 0.0, 'epoch': 0.76}
{'loss': 0.0, 'grad_norm': 3.1622776985168457, 'learning_rate': 0.0, 'epoch': 0.76}
{'loss': 0.0, 'grad_norm': 3.1622776985168457, 'learning_rate': 0.0, 'epoch': 0.76}
{'loss': 0.0, 'grad_norm': 3.1622776985168457, 'learning_rate': 0.0, 'epoch': 0.76}
{'loss': 0.0, 'grad_norm': 3.1622776985168457, 'learning_rate': 0.0, 'epoch': 0.76}
{'loss': 0.0, 'grad_norm': 3.1622776985168457, 'learning_rate': 0.0, 'epoch': 0.76}
{'loss': 0.0, 'grad_norm': 3.1622776985168457, 'learning_rate': 0.0, 'epoch': 0.76}
{'loss': 0.0, 'grad_norm': 3.1622776985168457, 'learning_rate': 0.0, 'epoch': 0.76}
{'loss': 0.0, 'grad_norm': 3.1622776985168457, 'learning_rate': 0.0, 'epoch': 0.76}
{'loss': 0.0, 'grad_norm': 3.1622776985168457, 'learning_rate': 0.0, 'epoch': 0.76}
{'loss': 0.0, 'grad_norm': 3.1622776985168457, 'learning_rate': 0.0, 'epoch': 0.76}
{'loss': 0.0, 'grad_norm': 3.1622776985168457, 'learning_rate': 0.0, 'epoch': 0.76}
{'loss': 0.0, 'grad_norm': 3.1622776985168457, 'learning_rate': 0.0, 'epoch': 0.76}
{'loss': 0.0, 'grad_norm': 3.1622776985168457, 'learning_rate': 0.0, 'epoch': 0.76}
{'loss': 0.0, 'grad_norm': 3.1622776985168457, 'learning_rate': 0.0, 'epoch': 0.76}
{'loss': 0.0, 'grad_norm': 3.1622776985168457, 'learning_rate': 0.0, 'epoch': 0.76}
WARNING: tokenization mismatch: 0 vs. 62. (ignored)
{'loss': 0.0, 'grad_norm': 3.1622776985168457, 'learning_rate': 0.0, 'epoch': 0.76}
{'loss': 0.0, 'grad_norm': 3.1622776985168457, 'learning_rate': 0.0, 'epoch': 0.76}
{'loss': 0.0, 'grad_norm': 3.1622776985168457, 'learning_rate': 0.0, 'epoch': 0.76}
{'loss': 0.0, 'grad_norm': 3.1622776985168457, 'learning_rate': 0.0, 'epoch': 0.76}
{'loss': 0.0, 'grad_norm': 3.1622776985168457, 'learning_rate': 0.0, 'epoch': 0.76}
{'loss': 0.0, 'grad_norm': 3.1622776985168457, 'learning_rate': 0.0, 'epoch': 0.76}
{'loss': 0.0, 'grad_norm': 3.1622776985168457, 'learning_rate': 0.0, 'epoch': 0.76}
{'loss': 0.0, 'grad_norm': 3.1622776985168457, 'learning_rate': 0.0, 'epoch': 0.76}
{'loss': 0.0, 'grad_norm': 3.1622776985168457, 'learning_rate': 0.0, 'epoch': 0.77}
{'loss': 0.0, 'grad_norm': 3.1622776985168457, 'learning_rate': 0.0, 'epoch': 0.77}
{'loss': 0.0, 'grad_norm': 3.1622776985168457, 'learning_rate': 0.0, 'epoch': 0.77}
{'loss': 0.0, 'grad_norm': 3.1622776985168457, 'learning_rate': 0.0, 'epoch': 0.77}
{'loss': 0.0, 'grad_norm': 3.1622776985168457, 'learning_rate': 0.0, 'epoch': 0.77}
{'loss': 0.0, 'grad_norm': 3.1622776985168457, 'learning_rate': 0.0, 'epoch': 0.77}
{'loss': 0.0, 'grad_norm': 3.1622776985168457, 'learning_rate': 0.0, 'epoch': 0.77}
{'loss': 0.0, 'grad_norm': 3.1622776985168457, 'learning_rate': 0.0, 'epoch': 0.77}
{'loss': 0.0, 'grad_norm': 3.1622776985168457, 'learning_rate': 0.0, 'epoch': 0.77}
{'loss': 0.0, 'grad_norm': 3.1622776985168457, 'learning_rate': 0.0, 'epoch': 0.77}
{'loss': 0.0, 'grad_norm': 3.1622776985168457, 'learning_rate': 0.0, 'epoch': 0.77}
{'loss': 0.0, 'grad_norm': 3.1622776985168457, 'learning_rate': 0.0, 'epoch': 0.77}
{'loss': 0.0, 'grad_norm': 3.1622776985168457, 'learning_rate': 0.0, 'epoch': 0.77}
{'loss': 0.0, 'grad_norm': 3.1622776985168457, 'learning_rate': 0.0, 'epoch': 0.77}
{'loss': 0.0, 'grad_norm': 3.1622776985168457, 'learning_rate': 0.0, 'epoch': 0.77}
{'loss': 0.0, 'grad_norm': 3.1622776985168457, 'learning_rate': 0.0, 'epoch': 0.77}
{'loss': 0.0, 'grad_norm': 3.1622776985168457, 'learning_rate': 0.0, 'epoch': 0.77}
{'loss': 0.0, 'grad_norm': 3.1622776985168457, 'learning_rate': 0.0, 'epoch': 0.77}
{'loss': 0.0, 'grad_norm': 3.1622776985168457, 'learning_rate': 0.0, 'epoch': 0.77}
{'loss': 0.0, 'grad_norm': 3.1622776985168457, 'learning_rate': 0.0, 'epoch': 0.77}
{'loss': 0.0, 'grad_norm': 3.1622776985168457, 'learning_rate': 0.0, 'epoch': 0.77}
{'loss': 0.0, 'grad_norm': 3.1622776985168457, 'learning_rate': 0.0, 'epoch': 0.77}
{'loss': 0.0, 'grad_norm': 3.1622776985168457, 'learning_rate': 0.0, 'epoch': 0.77}
{'loss': 0.0, 'grad_norm': 3.1622776985168457, 'learning_rate': 0.0, 'epoch': 0.77}
{'loss': 0.0, 'grad_norm': 3.1622776985168457, 'learning_rate': 0.0, 'epoch': 0.77}
{'loss': 0.0, 'grad_norm': 3.1622776985168457, 'learning_rate': 0.0, 'epoch': 0.77}
{'loss': 0.0, 'grad_norm': 3.1622776985168457, 'learning_rate': 0.0, 'epoch': 0.77}
{'loss': 0.0, 'grad_norm': 3.1622776985168457, 'learning_rate': 0.0, 'epoch': 0.77}
{'loss': 0.0, 'grad_norm': 3.1622776985168457, 'learning_rate': 0.0, 'epoch': 0.77}
{'loss': 0.0, 'grad_norm': 3.1622776985168457, 'learning_rate': 0.0, 'epoch': 0.77}
{'loss': 0.0, 'grad_norm': 3.1622776985168457, 'learning_rate': 0.0, 'epoch': 0.77}
{'loss': 0.0, 'grad_norm': 3.1622776985168457, 'learning_rate': 0.0, 'epoch': 0.77}
{'loss': 0.0, 'grad_norm': 3.1622776985168457, 'learning_rate': 0.0, 'epoch': 0.77}
{'loss': 0.0, 'grad_norm': 3.1622776985168457, 'learning_rate': 0.0, 'epoch': 0.77}
{'loss': 0.0, 'grad_norm': 3.1622776985168457, 'learning_rate': 0.0, 'epoch': 0.77}
{'loss': 0.0, 'grad_norm': 3.1622776985168457, 'learning_rate': 0.0, 'epoch': 0.77}
{'loss': 0.0, 'grad_norm': 3.1622776985168457, 'learning_rate': 0.0, 'epoch': 0.77}
{'loss': 0.0, 'grad_norm': 3.1622776985168457, 'learning_rate': 0.0, 'epoch': 0.77}
{'loss': 0.0, 'grad_norm': 3.1622776985168457, 'learning_rate': 0.0, 'epoch': 0.77}
{'loss': 0.0, 'grad_norm': 3.1622776985168457, 'learning_rate': 0.0, 'epoch': 0.77}
{'loss': 0.0, 'grad_norm': 3.1622776985168457, 'learning_rate': 0.0, 'epoch': 0.77}
{'loss': 0.0, 'grad_norm': 3.1622776985168457, 'learning_rate': 0.0, 'epoch': 0.77}
{'loss': 0.0, 'grad_norm': 3.1622776985168457, 'learning_rate': 0.0, 'epoch': 0.77}
{'loss': 0.0, 'grad_norm': 3.1622776985168457, 'learning_rate': 0.0, 'epoch': 0.77}
{'loss': 0.0, 'grad_norm': 3.1622776985168457, 'learning_rate': 0.0, 'epoch': 0.77}
{'loss': 0.0, 'grad_norm': 3.1622776985168457, 'learning_rate': 0.0, 'epoch': 0.77}
{'loss': 0.0, 'grad_norm': 3.1622776985168457, 'learning_rate': 0.0, 'epoch': 0.77}
{'loss': 0.0, 'grad_norm': 3.1622776985168457, 'learning_rate': 0.0, 'epoch': 0.77}
{'loss': 0.0, 'grad_norm': 3.1622776985168457, 'learning_rate': 0.0, 'epoch': 0.77}
{'loss': 0.0, 'grad_norm': 3.1622776985168457, 'learning_rate': 0.0, 'epoch': 0.77}
{'loss': 0.0, 'grad_norm': 3.1622776985168457, 'learning_rate': 0.0, 'epoch': 0.77}
{'loss': 0.0, 'grad_norm': 3.1622776985168457, 'learning_rate': 0.0, 'epoch': 0.77}
{'loss': 0.0, 'grad_norm': 3.1622776985168457, 'learning_rate': 0.0, 'epoch': 0.78}
{'loss': 0.0, 'grad_norm': 3.1622776985168457, 'learning_rate': 0.0, 'epoch': 0.78}
{'loss': 0.0, 'grad_norm': 3.1622776985168457, 'learning_rate': 0.0, 'epoch': 0.78}
{'loss': 0.0, 'grad_norm': 3.1622776985168457, 'learning_rate': 0.0, 'epoch': 0.78}
{'loss': 0.0, 'grad_norm': 3.1622776985168457, 'learning_rate': 0.0, 'epoch': 0.78}
{'loss': 0.0, 'grad_norm': 3.1622776985168457, 'learning_rate': 0.0, 'epoch': 0.78}
{'loss': 0.0, 'grad_norm': 3.1622776985168457, 'learning_rate': 0.0, 'epoch': 0.78}
{'loss': 0.0, 'grad_norm': 3.1622776985168457, 'learning_rate': 0.0, 'epoch': 0.78}
{'loss': 0.0, 'grad_norm': 3.1622776985168457, 'learning_rate': 0.0, 'epoch': 0.78}
{'loss': 0.0, 'grad_norm': 3.1622776985168457, 'learning_rate': 0.0, 'epoch': 0.78}
{'loss': 0.0, 'grad_norm': 3.1622776985168457, 'learning_rate': 0.0, 'epoch': 0.78}
{'loss': 0.0, 'grad_norm': 3.1622776985168457, 'learning_rate': 0.0, 'epoch': 0.78}
{'loss': 0.0, 'grad_norm': 3.1622776985168457, 'learning_rate': 0.0, 'epoch': 0.78}
{'loss': 0.0, 'grad_norm': 3.1622776985168457, 'learning_rate': 0.0, 'epoch': 0.78}
{'loss': 0.0, 'grad_norm': 3.1622776985168457, 'learning_rate': 0.0, 'epoch': 0.78}
{'loss': 0.0, 'grad_norm': 3.1622776985168457, 'learning_rate': 0.0, 'epoch': 0.78}
{'loss': 0.0, 'grad_norm': 3.1622776985168457, 'learning_rate': 0.0, 'epoch': 0.78}
{'loss': 0.0, 'grad_norm': 3.1622776985168457, 'learning_rate': 0.0, 'epoch': 0.78}
{'loss': 0.0, 'grad_norm': 3.1622776985168457, 'learning_rate': 0.0, 'epoch': 0.78}
{'loss': 0.0, 'grad_norm': 3.1622776985168457, 'learning_rate': 0.0, 'epoch': 0.78}
{'loss': 0.0, 'grad_norm': 3.1622776985168457, 'learning_rate': 0.0, 'epoch': 0.78}
{'loss': 0.0, 'grad_norm': 3.1622776985168457, 'learning_rate': 0.0, 'epoch': 0.78}
{'loss': 0.0, 'grad_norm': 3.1622776985168457, 'learning_rate': 0.0, 'epoch': 0.78}
{'loss': 0.0, 'grad_norm': 3.1622776985168457, 'learning_rate': 0.0, 'epoch': 0.78}
{'loss': 0.0, 'grad_norm': 3.1622776985168457, 'learning_rate': 0.0, 'epoch': 0.78}
{'loss': 0.0, 'grad_norm': 3.1622776985168457, 'learning_rate': 0.0, 'epoch': 0.78}
{'loss': 0.0, 'grad_norm': 3.1622776985168457, 'learning_rate': 0.0, 'epoch': 0.78}
{'loss': 0.0, 'grad_norm': 3.1622776985168457, 'learning_rate': 0.0, 'epoch': 0.78}
{'loss': 0.0, 'grad_norm': 3.1622776985168457, 'learning_rate': 0.0, 'epoch': 0.78}
{'loss': 0.0, 'grad_norm': 3.1622776985168457, 'learning_rate': 0.0, 'epoch': 0.78}
{'loss': 0.0, 'grad_norm': 3.1622776985168457, 'learning_rate': 0.0, 'epoch': 0.78}
{'loss': 0.0, 'grad_norm': 3.1622776985168457, 'learning_rate': 0.0, 'epoch': 0.78}
{'loss': 0.0, 'grad_norm': 3.1622776985168457, 'learning_rate': 0.0, 'epoch': 0.78}
{'loss': 0.0, 'grad_norm': 3.1622776985168457, 'learning_rate': 0.0, 'epoch': 0.78}
{'loss': 0.0, 'grad_norm': 3.1622776985168457, 'learning_rate': 0.0, 'epoch': 0.78}
{'loss': 0.0, 'grad_norm': 3.1622776985168457, 'learning_rate': 0.0, 'epoch': 0.78}
{'loss': 0.0, 'grad_norm': 3.1622776985168457, 'learning_rate': 0.0, 'epoch': 0.78}
{'loss': 0.0, 'grad_norm': 3.1622776985168457, 'learning_rate': 0.0, 'epoch': 0.78}
{'loss': 0.0, 'grad_norm': 3.1622776985168457, 'learning_rate': 0.0, 'epoch': 0.78}
{'loss': 0.0, 'grad_norm': 3.1622776985168457, 'learning_rate': 0.0, 'epoch': 0.78}
{'loss': 0.0, 'grad_norm': 3.1622776985168457, 'learning_rate': 0.0, 'epoch': 0.78}
{'loss': 0.0, 'grad_norm': 3.1622776985168457, 'learning_rate': 0.0, 'epoch': 0.78}
{'loss': 0.0, 'grad_norm': 3.1622776985168457, 'learning_rate': 0.0, 'epoch': 0.78}
{'loss': 0.0, 'grad_norm': 3.1622776985168457, 'learning_rate': 0.0, 'epoch': 0.78}
{'loss': 0.0, 'grad_norm': 3.1622776985168457, 'learning_rate': 0.0, 'epoch': 0.78}
{'loss': 0.0, 'grad_norm': 3.1622776985168457, 'learning_rate': 0.0, 'epoch': 0.78}
{'loss': 0.0, 'grad_norm': 3.1622776985168457, 'learning_rate': 0.0, 'epoch': 0.78}
{'loss': 0.0, 'grad_norm': 3.1622776985168457, 'learning_rate': 0.0, 'epoch': 0.78}
{'loss': 0.0, 'grad_norm': 3.1622776985168457, 'learning_rate': 0.0, 'epoch': 0.78}
{'loss': 0.0, 'grad_norm': 3.1622776985168457, 'learning_rate': 0.0, 'epoch': 0.78}
{'loss': 0.0, 'grad_norm': 3.1622776985168457, 'learning_rate': 0.0, 'epoch': 0.78}
{'loss': 0.0, 'grad_norm': 3.1622776985168457, 'learning_rate': 0.0, 'epoch': 0.78}
{'loss': 0.0, 'grad_norm': 3.1622776985168457, 'learning_rate': 0.0, 'epoch': 0.79}
{'loss': 0.0, 'grad_norm': 3.1622776985168457, 'learning_rate': 0.0, 'epoch': 0.79}
{'loss': 0.0, 'grad_norm': 3.1622776985168457, 'learning_rate': 0.0, 'epoch': 0.79}
{'loss': 0.0, 'grad_norm': 3.1622776985168457, 'learning_rate': 0.0, 'epoch': 0.79}
{'loss': 0.0, 'grad_norm': 3.1622776985168457, 'learning_rate': 0.0, 'epoch': 0.79}
{'loss': 0.0, 'grad_norm': 3.1622776985168457, 'learning_rate': 0.0, 'epoch': 0.79}
{'loss': 0.0, 'grad_norm': 3.1622776985168457, 'learning_rate': 0.0, 'epoch': 0.79}
{'loss': 0.0, 'grad_norm': 3.1622776985168457, 'learning_rate': 0.0, 'epoch': 0.79}
{'loss': 0.0, 'grad_norm': 3.1622776985168457, 'learning_rate': 0.0, 'epoch': 0.79}
{'loss': 0.0, 'grad_norm': 3.1622776985168457, 'learning_rate': 0.0, 'epoch': 0.79}
{'loss': 0.0, 'grad_norm': 3.1622776985168457, 'learning_rate': 0.0, 'epoch': 0.79}
{'loss': 0.0, 'grad_norm': 3.1622776985168457, 'learning_rate': 0.0, 'epoch': 0.79}
{'loss': 0.0, 'grad_norm': 3.1622776985168457, 'learning_rate': 0.0, 'epoch': 0.79}
{'loss': 0.0, 'grad_norm': 3.1622776985168457, 'learning_rate': 0.0, 'epoch': 0.79}
{'loss': 0.0, 'grad_norm': 3.1622776985168457, 'learning_rate': 0.0, 'epoch': 0.79}
{'loss': 0.0, 'grad_norm': 3.1622776985168457, 'learning_rate': 0.0, 'epoch': 0.79}
{'loss': 0.0, 'grad_norm': 3.1622776985168457, 'learning_rate': 0.0, 'epoch': 0.79}
{'loss': 0.0, 'grad_norm': 3.1622776985168457, 'learning_rate': 0.0, 'epoch': 0.79}
{'loss': 0.0, 'grad_norm': 3.1622776985168457, 'learning_rate': 0.0, 'epoch': 0.79}
{'loss': 0.0, 'grad_norm': 3.1622776985168457, 'learning_rate': 0.0, 'epoch': 0.79}
{'loss': 0.0, 'grad_norm': 3.1622776985168457, 'learning_rate': 0.0, 'epoch': 0.79}
{'loss': 0.0, 'grad_norm': 3.1622776985168457, 'learning_rate': 0.0, 'epoch': 0.79}
{'loss': 0.0, 'grad_norm': 3.1622776985168457, 'learning_rate': 0.0, 'epoch': 0.79}
{'loss': 0.0, 'grad_norm': 3.1622776985168457, 'learning_rate': 0.0, 'epoch': 0.79}
{'loss': 0.0, 'grad_norm': 3.1622776985168457, 'learning_rate': 0.0, 'epoch': 0.79}
{'loss': 0.0, 'grad_norm': 3.1622776985168457, 'learning_rate': 0.0, 'epoch': 0.79}
{'loss': 0.0, 'grad_norm': 3.1622776985168457, 'learning_rate': 0.0, 'epoch': 0.79}
{'loss': 0.0, 'grad_norm': 3.1622776985168457, 'learning_rate': 0.0, 'epoch': 0.79}
{'loss': 0.0, 'grad_norm': 3.1622776985168457, 'learning_rate': 0.0, 'epoch': 0.79}
{'loss': 0.0, 'grad_norm': 3.1622776985168457, 'learning_rate': 0.0, 'epoch': 0.79}
{'loss': 0.0, 'grad_norm': 3.1622776985168457, 'learning_rate': 0.0, 'epoch': 0.79}
{'loss': 0.0, 'grad_norm': 3.1622776985168457, 'learning_rate': 0.0, 'epoch': 0.79}
{'loss': 0.0, 'grad_norm': 3.1622776985168457, 'learning_rate': 0.0, 'epoch': 0.79}
{'loss': 0.0, 'grad_norm': 3.1622776985168457, 'learning_rate': 0.0, 'epoch': 0.79}
{'loss': 0.0, 'grad_norm': 3.1622776985168457, 'learning_rate': 0.0, 'epoch': 0.79}
{'loss': 0.0, 'grad_norm': 3.1622776985168457, 'learning_rate': 0.0, 'epoch': 0.79}
{'loss': 0.0, 'grad_norm': 3.1622776985168457, 'learning_rate': 0.0, 'epoch': 0.79}
{'loss': 0.0, 'grad_norm': 3.1622776985168457, 'learning_rate': 0.0, 'epoch': 0.79}
{'loss': 0.0, 'grad_norm': 3.1622776985168457, 'learning_rate': 0.0, 'epoch': 0.79}
{'loss': 0.0, 'grad_norm': 3.1622776985168457, 'learning_rate': 0.0, 'epoch': 0.79}
{'loss': 0.0, 'grad_norm': 3.1622776985168457, 'learning_rate': 0.0, 'epoch': 0.79}
{'loss': 0.0, 'grad_norm': 3.1622776985168457, 'learning_rate': 0.0, 'epoch': 0.79}
{'loss': 0.0, 'grad_norm': 3.1622776985168457, 'learning_rate': 0.0, 'epoch': 0.79}
{'loss': 0.0, 'grad_norm': 3.1622776985168457, 'learning_rate': 0.0, 'epoch': 0.79}
{'loss': 0.0, 'grad_norm': 3.1622776985168457, 'learning_rate': 0.0, 'epoch': 0.79}
Error with image file is truncated (35 bytes not processed)
{'loss': 0.0, 'grad_norm': 3.1622776985168457, 'learning_rate': 0.0, 'epoch': 0.79}
{'loss': 0.0, 'grad_norm': 3.1622776985168457, 'learning_rate': 0.0, 'epoch': 0.79}
{'loss': 0.0, 'grad_norm': 3.1622776985168457, 'learning_rate': 0.0, 'epoch': 0.79}
{'loss': 0.0, 'grad_norm': 3.1622776985168457, 'learning_rate': 0.0, 'epoch': 0.79}
{'loss': 0.0, 'grad_norm': 3.1622776985168457, 'learning_rate': 0.0, 'epoch': 0.79}
{'loss': 0.0, 'grad_norm': 3.1622776985168457, 'learning_rate': 0.0, 'epoch': 0.79}
{'loss': 0.0, 'grad_norm': 3.1622776985168457, 'learning_rate': 0.0, 'epoch': 0.79}
{'loss': 0.0, 'grad_norm': 3.1622776985168457, 'learning_rate': 0.0, 'epoch': 0.8}
{'loss': 0.0, 'grad_norm': 3.1622776985168457, 'learning_rate': 0.0, 'epoch': 0.8}
{'loss': 0.0, 'grad_norm': 3.1622776985168457, 'learning_rate': 0.0, 'epoch': 0.8}
{'loss': 0.0, 'grad_norm': 3.1622776985168457, 'learning_rate': 0.0, 'epoch': 0.8}
{'loss': 0.0, 'grad_norm': 3.1622776985168457, 'learning_rate': 0.0, 'epoch': 0.8}
{'loss': 0.0, 'grad_norm': 3.1622776985168457, 'learning_rate': 0.0, 'epoch': 0.8}
{'loss': 0.0, 'grad_norm': 3.1622776985168457, 'learning_rate': 0.0, 'epoch': 0.8}
{'loss': 0.0, 'grad_norm': 3.1622776985168457, 'learning_rate': 0.0, 'epoch': 0.8}
{'loss': 0.0, 'grad_norm': 3.1622776985168457, 'learning_rate': 0.0, 'epoch': 0.8}
{'loss': 0.0, 'grad_norm': 3.1622776985168457, 'learning_rate': 0.0, 'epoch': 0.8}
{'loss': 0.0, 'grad_norm': 3.1622776985168457, 'learning_rate': 0.0, 'epoch': 0.8}
{'loss': 0.0, 'grad_norm': 3.1622776985168457, 'learning_rate': 0.0, 'epoch': 0.8}
{'loss': 0.0, 'grad_norm': 3.1622776985168457, 'learning_rate': 0.0, 'epoch': 0.8}
{'loss': 0.0, 'grad_norm': 3.1622776985168457, 'learning_rate': 0.0, 'epoch': 0.8}
{'loss': 0.0, 'grad_norm': 3.1622776985168457, 'learning_rate': 0.0, 'epoch': 0.8}
{'loss': 0.0, 'grad_norm': 3.1622776985168457, 'learning_rate': 0.0, 'epoch': 0.8}
{'loss': 0.0, 'grad_norm': 3.1622776985168457, 'learning_rate': 0.0, 'epoch': 0.8}
{'loss': 0.0, 'grad_norm': 3.1622776985168457, 'learning_rate': 0.0, 'epoch': 0.8}
{'loss': 0.0, 'grad_norm': 3.1622776985168457, 'learning_rate': 0.0, 'epoch': 0.8}
{'loss': 0.0, 'grad_norm': 3.1622776985168457, 'learning_rate': 0.0, 'epoch': 0.8}
{'loss': 0.0, 'grad_norm': 3.1622776985168457, 'learning_rate': 0.0, 'epoch': 0.8}
{'loss': 0.0, 'grad_norm': 3.1622776985168457, 'learning_rate': 0.0, 'epoch': 0.8}
{'loss': 0.0, 'grad_norm': 3.1622776985168457, 'learning_rate': 0.0, 'epoch': 0.8}
{'loss': 0.0, 'grad_norm': 3.1622776985168457, 'learning_rate': 0.0, 'epoch': 0.8}
{'loss': 0.0, 'grad_norm': 3.1622776985168457, 'learning_rate': 0.0, 'epoch': 0.8}
{'loss': 0.0, 'grad_norm': 3.1622776985168457, 'learning_rate': 0.0, 'epoch': 0.8}
{'loss': 0.0, 'grad_norm': 3.1622776985168457, 'learning_rate': 0.0, 'epoch': 0.8}
{'loss': 0.0, 'grad_norm': 3.1622776985168457, 'learning_rate': 0.0, 'epoch': 0.8}
{'loss': 0.0, 'grad_norm': 3.1622776985168457, 'learning_rate': 0.0, 'epoch': 0.8}
{'loss': 0.0, 'grad_norm': 3.1622776985168457, 'learning_rate': 0.0, 'epoch': 0.8}
{'loss': 0.0, 'grad_norm': 3.1622776985168457, 'learning_rate': 0.0, 'epoch': 0.8}
{'loss': 0.0, 'grad_norm': 3.1622776985168457, 'learning_rate': 0.0, 'epoch': 0.8}
{'loss': 0.0, 'grad_norm': 3.1622776985168457, 'learning_rate': 0.0, 'epoch': 0.8}
{'loss': 0.0, 'grad_norm': 3.1622776985168457, 'learning_rate': 0.0, 'epoch': 0.8}
{'loss': 0.0, 'grad_norm': 3.1622776985168457, 'learning_rate': 0.0, 'epoch': 0.8}
{'loss': 0.0, 'grad_norm': 3.1622776985168457, 'learning_rate': 0.0, 'epoch': 0.8}
{'loss': 0.0, 'grad_norm': 3.1622776985168457, 'learning_rate': 0.0, 'epoch': 0.8}
{'loss': 0.0, 'grad_norm': 3.1622776985168457, 'learning_rate': 0.0, 'epoch': 0.8}
{'loss': 0.0, 'grad_norm': 3.1622776985168457, 'learning_rate': 0.0, 'epoch': 0.8}
{'loss': 0.0, 'grad_norm': 3.1622776985168457, 'learning_rate': 0.0, 'epoch': 0.8}
{'loss': 0.0, 'grad_norm': 3.1622776985168457, 'learning_rate': 0.0, 'epoch': 0.8}
{'loss': 0.0, 'grad_norm': 3.1622776985168457, 'learning_rate': 0.0, 'epoch': 0.8}
{'loss': 0.0, 'grad_norm': 3.1622776985168457, 'learning_rate': 0.0, 'epoch': 0.8}
{'loss': 0.0, 'grad_norm': 3.1622776985168457, 'learning_rate': 0.0, 'epoch': 0.8}
{'loss': 0.0, 'grad_norm': 3.1622776985168457, 'learning_rate': 0.0, 'epoch': 0.8}
{'loss': 0.0, 'grad_norm': 3.1622776985168457, 'learning_rate': 0.0, 'epoch': 0.8}
{'loss': 0.0, 'grad_norm': 3.1622776985168457, 'learning_rate': 0.0, 'epoch': 0.8}
{'loss': 0.0, 'grad_norm': 3.1622776985168457, 'learning_rate': 0.0, 'epoch': 0.8}
{'loss': 0.0, 'grad_norm': 3.1622776985168457, 'learning_rate': 0.0, 'epoch': 0.8}
{'loss': 0.0, 'grad_norm': 3.1622776985168457, 'learning_rate': 0.0, 'epoch': 0.8}
{'loss': 0.0, 'grad_norm': 3.1622776985168457, 'learning_rate': 0.0, 'epoch': 0.8}
{'loss': 0.0, 'grad_norm': 3.1622776985168457, 'learning_rate': 0.0, 'epoch': 0.8}
{'loss': 0.0, 'grad_norm': 3.1622776985168457, 'learning_rate': 0.0, 'epoch': 0.81}
{'loss': 0.0, 'grad_norm': 3.1622776985168457, 'learning_rate': 0.0, 'epoch': 0.81}
{'loss': 0.0, 'grad_norm': 3.1622776985168457, 'learning_rate': 0.0, 'epoch': 0.81}
{'loss': 0.0, 'grad_norm': 3.1622776985168457, 'learning_rate': 0.0, 'epoch': 0.81}
{'loss': 0.0, 'grad_norm': 3.1622776985168457, 'learning_rate': 0.0, 'epoch': 0.81}
{'loss': 0.0, 'grad_norm': 3.1622776985168457, 'learning_rate': 0.0, 'epoch': 0.81}
{'loss': 0.0, 'grad_norm': 3.1622776985168457, 'learning_rate': 0.0, 'epoch': 0.81}
{'loss': 0.0, 'grad_norm': 3.1622776985168457, 'learning_rate': 0.0, 'epoch': 0.81}
{'loss': 0.0, 'grad_norm': 3.1622776985168457, 'learning_rate': 0.0, 'epoch': 0.81}
{'loss': 0.0, 'grad_norm': 3.1622776985168457, 'learning_rate': 0.0, 'epoch': 0.81}
{'loss': 0.0, 'grad_norm': 3.1622776985168457, 'learning_rate': 0.0, 'epoch': 0.81}
{'loss': 0.0, 'grad_norm': 3.1622776985168457, 'learning_rate': 0.0, 'epoch': 0.81}
{'loss': 0.0, 'grad_norm': 3.1622776985168457, 'learning_rate': 0.0, 'epoch': 0.81}
{'loss': 0.0, 'grad_norm': 3.1622776985168457, 'learning_rate': 0.0, 'epoch': 0.81}
{'loss': 0.0, 'grad_norm': 3.1622776985168457, 'learning_rate': 0.0, 'epoch': 0.81}
{'loss': 0.0, 'grad_norm': 3.1622776985168457, 'learning_rate': 0.0, 'epoch': 0.81}
{'loss': 0.0, 'grad_norm': 3.1622776985168457, 'learning_rate': 0.0, 'epoch': 0.81}
{'loss': 0.0, 'grad_norm': 3.1622776985168457, 'learning_rate': 0.0, 'epoch': 0.81}
{'loss': 0.0, 'grad_norm': 3.1622776985168457, 'learning_rate': 0.0, 'epoch': 0.81}
{'loss': 0.0, 'grad_norm': 3.1622776985168457, 'learning_rate': 0.0, 'epoch': 0.81}
{'loss': 0.0, 'grad_norm': 3.1622776985168457, 'learning_rate': 0.0, 'epoch': 0.81}
{'loss': 0.0, 'grad_norm': 3.1622776985168457, 'learning_rate': 0.0, 'epoch': 0.81}
{'loss': 0.0, 'grad_norm': 3.1622776985168457, 'learning_rate': 0.0, 'epoch': 0.81}
{'loss': 0.0, 'grad_norm': 3.1622776985168457, 'learning_rate': 0.0, 'epoch': 0.81}
{'loss': 0.0, 'grad_norm': 3.1622776985168457, 'learning_rate': 0.0, 'epoch': 0.81}
{'loss': 0.0, 'grad_norm': 3.1622776985168457, 'learning_rate': 0.0, 'epoch': 0.81}
{'loss': 0.0, 'grad_norm': 3.1622776985168457, 'learning_rate': 0.0, 'epoch': 0.81}
{'loss': 0.0, 'grad_norm': 3.1622776985168457, 'learning_rate': 0.0, 'epoch': 0.81}
{'loss': 0.0, 'grad_norm': 3.1622776985168457, 'learning_rate': 0.0, 'epoch': 0.81}
{'loss': 0.0, 'grad_norm': 3.1622776985168457, 'learning_rate': 0.0, 'epoch': 0.81}
{'loss': 0.0, 'grad_norm': 3.1622776985168457, 'learning_rate': 0.0, 'epoch': 0.81}
{'loss': 0.0, 'grad_norm': 3.1622776985168457, 'learning_rate': 0.0, 'epoch': 0.81}
{'loss': 0.0, 'grad_norm': 3.1622776985168457, 'learning_rate': 0.0, 'epoch': 0.81}
{'loss': 0.0, 'grad_norm': 3.1622776985168457, 'learning_rate': 0.0, 'epoch': 0.81}
{'loss': 0.0, 'grad_norm': 3.1622776985168457, 'learning_rate': 0.0, 'epoch': 0.81}
{'loss': 0.0, 'grad_norm': 3.1622776985168457, 'learning_rate': 0.0, 'epoch': 0.81}
{'loss': 0.0, 'grad_norm': 3.1622776985168457, 'learning_rate': 0.0, 'epoch': 0.81}
{'loss': 0.0, 'grad_norm': 3.1622776985168457, 'learning_rate': 0.0, 'epoch': 0.81}
{'loss': 0.0, 'grad_norm': 3.1622776985168457, 'learning_rate': 0.0, 'epoch': 0.81}
{'loss': 0.0, 'grad_norm': 3.1622776985168457, 'learning_rate': 0.0, 'epoch': 0.81}
{'loss': 0.0, 'grad_norm': 3.1622776985168457, 'learning_rate': 0.0, 'epoch': 0.81}
{'loss': 0.0, 'grad_norm': 3.1622776985168457, 'learning_rate': 0.0, 'epoch': 0.81}
{'loss': 0.0, 'grad_norm': 3.1622776985168457, 'learning_rate': 0.0, 'epoch': 0.81}
{'loss': 0.0, 'grad_norm': 3.1622776985168457, 'learning_rate': 0.0, 'epoch': 0.81}
{'loss': 0.0, 'grad_norm': 3.1622776985168457, 'learning_rate': 0.0, 'epoch': 0.81}
{'loss': 0.0, 'grad_norm': 3.1622776985168457, 'learning_rate': 0.0, 'epoch': 0.81}
{'loss': 0.0, 'grad_norm': 3.1622776985168457, 'learning_rate': 0.0, 'epoch': 0.81}
{'loss': 0.0, 'grad_norm': 3.1622776985168457, 'learning_rate': 0.0, 'epoch': 0.81}
{'loss': 0.0, 'grad_norm': 3.1622776985168457, 'learning_rate': 0.0, 'epoch': 0.81}
{'loss': 0.0, 'grad_norm': 3.1622776985168457, 'learning_rate': 0.0, 'epoch': 0.81}
{'loss': 0.0, 'grad_norm': 3.1622776985168457, 'learning_rate': 0.0, 'epoch': 0.81}
{'loss': 0.0, 'grad_norm': 3.1622776985168457, 'learning_rate': 0.0, 'epoch': 0.81}
{'loss': 0.0, 'grad_norm': 3.1622776985168457, 'learning_rate': 0.0, 'epoch': 0.82}
{'loss': 0.0, 'grad_norm': 3.1622776985168457, 'learning_rate': 0.0, 'epoch': 0.82}
{'loss': 0.0, 'grad_norm': 3.1622776985168457, 'learning_rate': 0.0, 'epoch': 0.82}
{'loss': 0.0, 'grad_norm': 3.1622776985168457, 'learning_rate': 0.0, 'epoch': 0.82}
{'loss': 0.0, 'grad_norm': 3.1622776985168457, 'learning_rate': 0.0, 'epoch': 0.82}
{'loss': 0.0, 'grad_norm': 3.1622776985168457, 'learning_rate': 0.0, 'epoch': 0.82}
{'loss': 0.0, 'grad_norm': 3.1622776985168457, 'learning_rate': 0.0, 'epoch': 0.82}
{'loss': 0.0, 'grad_norm': 3.1622776985168457, 'learning_rate': 0.0, 'epoch': 0.82}
{'loss': 0.0, 'grad_norm': 3.1622776985168457, 'learning_rate': 0.0, 'epoch': 0.82}
{'loss': 0.0, 'grad_norm': 3.1622776985168457, 'learning_rate': 0.0, 'epoch': 0.82}
{'loss': 0.0, 'grad_norm': 3.1622776985168457, 'learning_rate': 0.0, 'epoch': 0.82}
{'loss': 0.0, 'grad_norm': 3.1622776985168457, 'learning_rate': 0.0, 'epoch': 0.82}
{'loss': 0.0, 'grad_norm': 3.1622776985168457, 'learning_rate': 0.0, 'epoch': 0.82}
{'loss': 0.0, 'grad_norm': 3.1622776985168457, 'learning_rate': 0.0, 'epoch': 0.82}
{'loss': 0.0, 'grad_norm': 3.1622776985168457, 'learning_rate': 0.0, 'epoch': 0.82}
{'loss': 0.0, 'grad_norm': 3.1622776985168457, 'learning_rate': 0.0, 'epoch': 0.82}
{'loss': 0.0, 'grad_norm': 3.1622776985168457, 'learning_rate': 0.0, 'epoch': 0.82}
{'loss': 0.0, 'grad_norm': 3.1622776985168457, 'learning_rate': 0.0, 'epoch': 0.82}
{'loss': 0.0, 'grad_norm': 3.1622776985168457, 'learning_rate': 0.0, 'epoch': 0.82}
{'loss': 0.0, 'grad_norm': 3.1622776985168457, 'learning_rate': 0.0, 'epoch': 0.82}
{'loss': 0.0, 'grad_norm': 3.1622776985168457, 'learning_rate': 0.0, 'epoch': 0.82}
{'loss': 0.0, 'grad_norm': 3.1622776985168457, 'learning_rate': 0.0, 'epoch': 0.82}
{'loss': 0.0, 'grad_norm': 3.1622776985168457, 'learning_rate': 0.0, 'epoch': 0.82}
{'loss': 0.0, 'grad_norm': 3.1622776985168457, 'learning_rate': 0.0, 'epoch': 0.82}
{'loss': 0.0, 'grad_norm': 3.1622776985168457, 'learning_rate': 0.0, 'epoch': 0.82}
{'loss': 0.0, 'grad_norm': 3.1622776985168457, 'learning_rate': 0.0, 'epoch': 0.82}
{'loss': 0.0, 'grad_norm': 3.1622776985168457, 'learning_rate': 0.0, 'epoch': 0.82}
{'loss': 0.0, 'grad_norm': 3.1622776985168457, 'learning_rate': 0.0, 'epoch': 0.82}
{'loss': 0.0, 'grad_norm': 3.1622776985168457, 'learning_rate': 0.0, 'epoch': 0.82}
{'loss': 0.0, 'grad_norm': 3.1622776985168457, 'learning_rate': 0.0, 'epoch': 0.82}
{'loss': 0.0, 'grad_norm': 3.1622776985168457, 'learning_rate': 0.0, 'epoch': 0.82}
{'loss': 0.0, 'grad_norm': 3.1622776985168457, 'learning_rate': 0.0, 'epoch': 0.82}
{'loss': 0.0, 'grad_norm': 3.1622776985168457, 'learning_rate': 0.0, 'epoch': 0.82}
{'loss': 0.0, 'grad_norm': 3.1622776985168457, 'learning_rate': 0.0, 'epoch': 0.82}
{'loss': 0.0, 'grad_norm': 3.1622776985168457, 'learning_rate': 0.0, 'epoch': 0.82}
{'loss': 0.0, 'grad_norm': 3.1622776985168457, 'learning_rate': 0.0, 'epoch': 0.82}
{'loss': 0.0, 'grad_norm': 3.1622776985168457, 'learning_rate': 0.0, 'epoch': 0.82}
{'loss': 0.0, 'grad_norm': 3.1622776985168457, 'learning_rate': 0.0, 'epoch': 0.82}
{'loss': 0.0, 'grad_norm': 3.1622776985168457, 'learning_rate': 0.0, 'epoch': 0.82}
{'loss': 0.0, 'grad_norm': 3.1622776985168457, 'learning_rate': 0.0, 'epoch': 0.82}
{'loss': 0.0, 'grad_norm': 3.1622776985168457, 'learning_rate': 0.0, 'epoch': 0.82}
{'loss': 0.0, 'grad_norm': 3.1622776985168457, 'learning_rate': 0.0, 'epoch': 0.82}
{'loss': 0.0, 'grad_norm': 3.1622776985168457, 'learning_rate': 0.0, 'epoch': 0.82}
{'loss': 0.0, 'grad_norm': 3.1622776985168457, 'learning_rate': 0.0, 'epoch': 0.82}
{'loss': 0.0, 'grad_norm': 3.1622776985168457, 'learning_rate': 0.0, 'epoch': 0.82}
{'loss': 0.0, 'grad_norm': 3.1622776985168457, 'learning_rate': 0.0, 'epoch': 0.82}
{'loss': 0.0, 'grad_norm': 3.1622776985168457, 'learning_rate': 0.0, 'epoch': 0.82}
{'loss': 0.0, 'grad_norm': 3.1622776985168457, 'learning_rate': 0.0, 'epoch': 0.82}
{'loss': 0.0, 'grad_norm': 3.1622776985168457, 'learning_rate': 0.0, 'epoch': 0.82}
{'loss': 0.0, 'grad_norm': 3.1622776985168457, 'learning_rate': 0.0, 'epoch': 0.82}
{'loss': 0.0, 'grad_norm': 3.1622776985168457, 'learning_rate': 0.0, 'epoch': 0.82}
{'loss': 0.0, 'grad_norm': 3.1622776985168457, 'learning_rate': 0.0, 'epoch': 0.82}
{'loss': 0.0, 'grad_norm': 3.1622776985168457, 'learning_rate': 0.0, 'epoch': 0.83}
{'loss': 0.0, 'grad_norm': 3.1622776985168457, 'learning_rate': 0.0, 'epoch': 0.83}
{'loss': 0.0, 'grad_norm': 3.1622776985168457, 'learning_rate': 0.0, 'epoch': 0.83}
{'loss': 0.0, 'grad_norm': 3.1622776985168457, 'learning_rate': 0.0, 'epoch': 0.83}
{'loss': 0.0, 'grad_norm': 3.1622776985168457, 'learning_rate': 0.0, 'epoch': 0.83}
{'loss': 0.0, 'grad_norm': 3.1622776985168457, 'learning_rate': 0.0, 'epoch': 0.83}
{'loss': 0.0, 'grad_norm': 3.1622776985168457, 'learning_rate': 0.0, 'epoch': 0.83}
{'loss': 0.0, 'grad_norm': 3.1622776985168457, 'learning_rate': 0.0, 'epoch': 0.83}
{'loss': 0.0, 'grad_norm': 3.1622776985168457, 'learning_rate': 0.0, 'epoch': 0.83}
{'loss': 0.0, 'grad_norm': 3.1622776985168457, 'learning_rate': 0.0, 'epoch': 0.83}
{'loss': 0.0, 'grad_norm': 3.1622776985168457, 'learning_rate': 0.0, 'epoch': 0.83}
{'loss': 0.0, 'grad_norm': 3.1622776985168457, 'learning_rate': 0.0, 'epoch': 0.83}
{'loss': 0.0, 'grad_norm': 3.1622776985168457, 'learning_rate': 0.0, 'epoch': 0.83}
{'loss': 0.0, 'grad_norm': 3.1622776985168457, 'learning_rate': 0.0, 'epoch': 0.83}
{'loss': 0.0, 'grad_norm': 3.1622776985168457, 'learning_rate': 0.0, 'epoch': 0.83}
{'loss': 0.0, 'grad_norm': 3.1622776985168457, 'learning_rate': 0.0, 'epoch': 0.83}
{'loss': 0.0, 'grad_norm': 3.1622776985168457, 'learning_rate': 0.0, 'epoch': 0.83}
{'loss': 0.0, 'grad_norm': 3.1622776985168457, 'learning_rate': 0.0, 'epoch': 0.83}
{'loss': 0.0, 'grad_norm': 3.1622776985168457, 'learning_rate': 0.0, 'epoch': 0.83}
{'loss': 0.0, 'grad_norm': 3.1622776985168457, 'learning_rate': 0.0, 'epoch': 0.83}
{'loss': 0.0, 'grad_norm': 3.1622776985168457, 'learning_rate': 0.0, 'epoch': 0.83}
{'loss': 0.0, 'grad_norm': 3.1622776985168457, 'learning_rate': 0.0, 'epoch': 0.83}
{'loss': 0.0, 'grad_norm': 3.1622776985168457, 'learning_rate': 0.0, 'epoch': 0.83}
{'loss': 0.0, 'grad_norm': 3.1622776985168457, 'learning_rate': 0.0, 'epoch': 0.83}
{'loss': 0.0, 'grad_norm': 3.1622776985168457, 'learning_rate': 0.0, 'epoch': 0.83}
{'loss': 0.0, 'grad_norm': 3.1622776985168457, 'learning_rate': 0.0, 'epoch': 0.83}
{'loss': 0.0, 'grad_norm': 3.1622776985168457, 'learning_rate': 0.0, 'epoch': 0.83}
{'loss': 0.0, 'grad_norm': 3.1622776985168457, 'learning_rate': 0.0, 'epoch': 0.83}
{'loss': 0.0, 'grad_norm': 3.1622776985168457, 'learning_rate': 0.0, 'epoch': 0.83}
{'loss': 0.0, 'grad_norm': 3.1622776985168457, 'learning_rate': 0.0, 'epoch': 0.83}
{'loss': 0.0, 'grad_norm': 3.1622776985168457, 'learning_rate': 0.0, 'epoch': 0.83}
{'loss': 0.0, 'grad_norm': 3.1622776985168457, 'learning_rate': 0.0, 'epoch': 0.83}
{'loss': 0.0, 'grad_norm': 3.1622776985168457, 'learning_rate': 0.0, 'epoch': 0.83}
{'loss': 0.0, 'grad_norm': 3.1622776985168457, 'learning_rate': 0.0, 'epoch': 0.83}
{'loss': 0.0, 'grad_norm': 3.1622776985168457, 'learning_rate': 0.0, 'epoch': 0.83}
{'loss': 0.0, 'grad_norm': 3.1622776985168457, 'learning_rate': 0.0, 'epoch': 0.83}
{'loss': 0.0, 'grad_norm': 3.1622776985168457, 'learning_rate': 0.0, 'epoch': 0.83}
{'loss': 0.0, 'grad_norm': 3.1622776985168457, 'learning_rate': 0.0, 'epoch': 0.83}
{'loss': 0.0, 'grad_norm': 3.1622776985168457, 'learning_rate': 0.0, 'epoch': 0.83}
{'loss': 0.0, 'grad_norm': 3.1622776985168457, 'learning_rate': 0.0, 'epoch': 0.83}
{'loss': 0.0, 'grad_norm': 3.1622776985168457, 'learning_rate': 0.0, 'epoch': 0.83}
{'loss': 0.0, 'grad_norm': 3.1622776985168457, 'learning_rate': 0.0, 'epoch': 0.83}
{'loss': 0.0, 'grad_norm': 3.1622776985168457, 'learning_rate': 0.0, 'epoch': 0.83}
{'loss': 0.0, 'grad_norm': 3.1622776985168457, 'learning_rate': 0.0, 'epoch': 0.83}
{'loss': 0.0, 'grad_norm': 3.1622776985168457, 'learning_rate': 0.0, 'epoch': 0.83}
{'loss': 0.0, 'grad_norm': 3.1622776985168457, 'learning_rate': 0.0, 'epoch': 0.83}
{'loss': 0.0, 'grad_norm': 3.1622776985168457, 'learning_rate': 0.0, 'epoch': 0.83}
{'loss': 0.0, 'grad_norm': 3.1622776985168457, 'learning_rate': 0.0, 'epoch': 0.83}
{'loss': 0.0, 'grad_norm': 3.1622776985168457, 'learning_rate': 0.0, 'epoch': 0.83}
{'loss': 0.0, 'grad_norm': 3.1622776985168457, 'learning_rate': 0.0, 'epoch': 0.83}
{'loss': 0.0, 'grad_norm': 3.1622776985168457, 'learning_rate': 0.0, 'epoch': 0.83}
{'loss': 0.0, 'grad_norm': 3.1622776985168457, 'learning_rate': 0.0, 'epoch': 0.83}
{'loss': 0.0, 'grad_norm': 3.1622776985168457, 'learning_rate': 0.0, 'epoch': 0.84}
{'loss': 0.0, 'grad_norm': 3.1622776985168457, 'learning_rate': 0.0, 'epoch': 0.84}
{'loss': 0.0, 'grad_norm': 3.1622776985168457, 'learning_rate': 0.0, 'epoch': 0.84}
{'loss': 0.0, 'grad_norm': 3.1622776985168457, 'learning_rate': 0.0, 'epoch': 0.84}
{'loss': 0.0, 'grad_norm': 3.1622776985168457, 'learning_rate': 0.0, 'epoch': 0.84}
{'loss': 0.0, 'grad_norm': 3.1622776985168457, 'learning_rate': 0.0, 'epoch': 0.84}
{'loss': 0.0, 'grad_norm': 3.1622776985168457, 'learning_rate': 0.0, 'epoch': 0.84}
{'loss': 0.0, 'grad_norm': 3.1622776985168457, 'learning_rate': 0.0, 'epoch': 0.84}
{'loss': 0.0, 'grad_norm': 3.1622776985168457, 'learning_rate': 0.0, 'epoch': 0.84}
{'loss': 0.0, 'grad_norm': 3.1622776985168457, 'learning_rate': 0.0, 'epoch': 0.84}
{'loss': 0.0, 'grad_norm': 3.1622776985168457, 'learning_rate': 0.0, 'epoch': 0.84}
{'loss': 0.0, 'grad_norm': 3.1622776985168457, 'learning_rate': 0.0, 'epoch': 0.84}
{'loss': 0.0, 'grad_norm': 3.1622776985168457, 'learning_rate': 0.0, 'epoch': 0.84}
{'loss': 0.0, 'grad_norm': 3.1622776985168457, 'learning_rate': 0.0, 'epoch': 0.84}
{'loss': 0.0, 'grad_norm': 3.1622776985168457, 'learning_rate': 0.0, 'epoch': 0.84}
{'loss': 0.0, 'grad_norm': 3.1622776985168457, 'learning_rate': 0.0, 'epoch': 0.84}
{'loss': 0.0, 'grad_norm': 3.1622776985168457, 'learning_rate': 0.0, 'epoch': 0.84}
{'loss': 0.0, 'grad_norm': 3.1622776985168457, 'learning_rate': 0.0, 'epoch': 0.84}
{'loss': 0.0, 'grad_norm': 3.1622776985168457, 'learning_rate': 0.0, 'epoch': 0.84}
{'loss': 0.0, 'grad_norm': 3.1622776985168457, 'learning_rate': 0.0, 'epoch': 0.84}
{'loss': 0.0, 'grad_norm': 3.1622776985168457, 'learning_rate': 0.0, 'epoch': 0.84}
{'loss': 0.0, 'grad_norm': 3.1622776985168457, 'learning_rate': 0.0, 'epoch': 0.84}
{'loss': 0.0, 'grad_norm': 3.1622776985168457, 'learning_rate': 0.0, 'epoch': 0.84}
{'loss': 0.0, 'grad_norm': 3.1622776985168457, 'learning_rate': 0.0, 'epoch': 0.84}
{'loss': 0.0, 'grad_norm': 3.1622776985168457, 'learning_rate': 0.0, 'epoch': 0.84}
{'loss': 0.0, 'grad_norm': 3.1622776985168457, 'learning_rate': 0.0, 'epoch': 0.84}
{'loss': 0.0, 'grad_norm': 3.1622776985168457, 'learning_rate': 0.0, 'epoch': 0.84}
{'loss': 0.0, 'grad_norm': 3.1622776985168457, 'learning_rate': 0.0, 'epoch': 0.84}
{'loss': 0.0, 'grad_norm': 3.1622776985168457, 'learning_rate': 0.0, 'epoch': 0.84}
{'loss': 0.0, 'grad_norm': 3.1622776985168457, 'learning_rate': 0.0, 'epoch': 0.84}
{'loss': 0.0, 'grad_norm': 3.1622776985168457, 'learning_rate': 0.0, 'epoch': 0.84}
{'loss': 0.0, 'grad_norm': 3.1622776985168457, 'learning_rate': 0.0, 'epoch': 0.84}
{'loss': 0.0, 'grad_norm': 3.1622776985168457, 'learning_rate': 0.0, 'epoch': 0.84}
{'loss': 0.0, 'grad_norm': 3.1622776985168457, 'learning_rate': 0.0, 'epoch': 0.84}
{'loss': 0.0, 'grad_norm': 3.1622776985168457, 'learning_rate': 0.0, 'epoch': 0.84}
{'loss': 0.0, 'grad_norm': 3.1622776985168457, 'learning_rate': 0.0, 'epoch': 0.84}
{'loss': 0.0, 'grad_norm': 3.1622776985168457, 'learning_rate': 0.0, 'epoch': 0.84}
{'loss': 0.0, 'grad_norm': 3.1622776985168457, 'learning_rate': 0.0, 'epoch': 0.84}
{'loss': 0.0, 'grad_norm': 3.1622776985168457, 'learning_rate': 0.0, 'epoch': 0.84}
{'loss': 0.0, 'grad_norm': 3.1622776985168457, 'learning_rate': 0.0, 'epoch': 0.84}
{'loss': 0.0, 'grad_norm': 3.1622776985168457, 'learning_rate': 0.0, 'epoch': 0.84}
{'loss': 0.0, 'grad_norm': 3.1622776985168457, 'learning_rate': 0.0, 'epoch': 0.84}
{'loss': 0.0, 'grad_norm': 3.1622776985168457, 'learning_rate': 0.0, 'epoch': 0.84}
{'loss': 0.0, 'grad_norm': 3.1622776985168457, 'learning_rate': 0.0, 'epoch': 0.84}
{'loss': 0.0, 'grad_norm': 3.1622776985168457, 'learning_rate': 0.0, 'epoch': 0.84}
{'loss': 0.0, 'grad_norm': 3.1622776985168457, 'learning_rate': 0.0, 'epoch': 0.84}
{'loss': 0.0, 'grad_norm': 3.1622776985168457, 'learning_rate': 0.0, 'epoch': 0.84}
{'loss': 0.0, 'grad_norm': 3.1622776985168457, 'learning_rate': 0.0, 'epoch': 0.84}
{'loss': 0.0, 'grad_norm': 3.1622776985168457, 'learning_rate': 0.0, 'epoch': 0.84}
{'loss': 0.0, 'grad_norm': 3.1622776985168457, 'learning_rate': 0.0, 'epoch': 0.84}
{'loss': 0.0, 'grad_norm': 3.1622776985168457, 'learning_rate': 0.0, 'epoch': 0.84}
WARNING: tokenization mismatch: 0 vs. 680. (ignored)
{'loss': 0.0, 'grad_norm': 3.1622776985168457, 'learning_rate': 0.0, 'epoch': 0.84}
{'loss': 0.0, 'grad_norm': 3.1622776985168457, 'learning_rate': 0.0, 'epoch': 0.85}
{'loss': 0.0, 'grad_norm': 3.1622776985168457, 'learning_rate': 0.0, 'epoch': 0.85}
{'loss': 0.0, 'grad_norm': 3.1622776985168457, 'learning_rate': 0.0, 'epoch': 0.85}
{'loss': 0.0, 'grad_norm': 3.1622776985168457, 'learning_rate': 0.0, 'epoch': 0.85}
{'loss': 0.0, 'grad_norm': 3.1622776985168457, 'learning_rate': 0.0, 'epoch': 0.85}
{'loss': 0.0, 'grad_norm': 3.1622776985168457, 'learning_rate': 0.0, 'epoch': 0.85}
{'loss': 0.0, 'grad_norm': 3.1622776985168457, 'learning_rate': 0.0, 'epoch': 0.85}
{'loss': 0.0, 'grad_norm': 3.1622776985168457, 'learning_rate': 0.0, 'epoch': 0.85}
{'loss': 0.0, 'grad_norm': 3.1622776985168457, 'learning_rate': 0.0, 'epoch': 0.85}
{'loss': 0.0, 'grad_norm': 3.1622776985168457, 'learning_rate': 0.0, 'epoch': 0.85}
{'loss': 0.0, 'grad_norm': 3.1622776985168457, 'learning_rate': 0.0, 'epoch': 0.85}
{'loss': 0.0, 'grad_norm': 3.1622776985168457, 'learning_rate': 0.0, 'epoch': 0.85}
{'loss': 0.0, 'grad_norm': 3.1622776985168457, 'learning_rate': 0.0, 'epoch': 0.85}
{'loss': 0.0, 'grad_norm': 3.1622776985168457, 'learning_rate': 0.0, 'epoch': 0.85}
{'loss': 0.0, 'grad_norm': 3.1622776985168457, 'learning_rate': 0.0, 'epoch': 0.85}
{'loss': 0.0, 'grad_norm': 3.1622776985168457, 'learning_rate': 0.0, 'epoch': 0.85}
{'loss': 0.0, 'grad_norm': 3.1622776985168457, 'learning_rate': 0.0, 'epoch': 0.85}
{'loss': 0.0, 'grad_norm': 3.1622776985168457, 'learning_rate': 0.0, 'epoch': 0.85}
{'loss': 0.0, 'grad_norm': 3.1622776985168457, 'learning_rate': 0.0, 'epoch': 0.85}
{'loss': 0.0, 'grad_norm': 3.1622776985168457, 'learning_rate': 0.0, 'epoch': 0.85}
{'loss': 0.0, 'grad_norm': 3.1622776985168457, 'learning_rate': 0.0, 'epoch': 0.85}
{'loss': 0.0, 'grad_norm': 3.1622776985168457, 'learning_rate': 0.0, 'epoch': 0.85}
{'loss': 0.0, 'grad_norm': 3.1622776985168457, 'learning_rate': 0.0, 'epoch': 0.85}
{'loss': 0.0, 'grad_norm': 3.1622776985168457, 'learning_rate': 0.0, 'epoch': 0.85}
WARNING: tokenization mismatch: 0 vs. 1286. (ignored)
{'loss': 0.0, 'grad_norm': 3.1622776985168457, 'learning_rate': 0.0, 'epoch': 0.85}
{'loss': 0.0, 'grad_norm': 3.1622776985168457, 'learning_rate': 0.0, 'epoch': 0.85}
{'loss': 0.0, 'grad_norm': 3.1622776985168457, 'learning_rate': 0.0, 'epoch': 0.85}
{'loss': 0.0, 'grad_norm': 3.1622776985168457, 'learning_rate': 0.0, 'epoch': 0.85}
{'loss': 0.0, 'grad_norm': 3.1622776985168457, 'learning_rate': 0.0, 'epoch': 0.85}
{'loss': 0.0, 'grad_norm': 3.1622776985168457, 'learning_rate': 0.0, 'epoch': 0.85}
{'loss': 0.0, 'grad_norm': 3.1622776985168457, 'learning_rate': 0.0, 'epoch': 0.85}
{'loss': 0.0, 'grad_norm': 3.1622776985168457, 'learning_rate': 0.0, 'epoch': 0.85}
{'loss': 0.0, 'grad_norm': 3.1622776985168457, 'learning_rate': 0.0, 'epoch': 0.85}
{'loss': 0.0, 'grad_norm': 3.1622776985168457, 'learning_rate': 0.0, 'epoch': 0.85}
{'loss': 0.0, 'grad_norm': 3.1622776985168457, 'learning_rate': 0.0, 'epoch': 0.85}
{'loss': 0.0, 'grad_norm': 3.1622776985168457, 'learning_rate': 0.0, 'epoch': 0.85}
{'loss': 0.0, 'grad_norm': 3.1622776985168457, 'learning_rate': 0.0, 'epoch': 0.85}
{'loss': 0.0, 'grad_norm': 3.1622776985168457, 'learning_rate': 0.0, 'epoch': 0.85}
{'loss': 0.0, 'grad_norm': 3.1622776985168457, 'learning_rate': 0.0, 'epoch': 0.85}
{'loss': 0.0, 'grad_norm': 3.1622776985168457, 'learning_rate': 0.0, 'epoch': 0.85}
{'loss': 0.0, 'grad_norm': 3.1622776985168457, 'learning_rate': 0.0, 'epoch': 0.85}
{'loss': 0.0, 'grad_norm': 3.1622776985168457, 'learning_rate': 0.0, 'epoch': 0.85}
{'loss': 0.0, 'grad_norm': 3.1622776985168457, 'learning_rate': 0.0, 'epoch': 0.85}
{'loss': 0.0, 'grad_norm': 3.1622776985168457, 'learning_rate': 0.0, 'epoch': 0.85}
{'loss': 0.0, 'grad_norm': 3.1622776985168457, 'learning_rate': 0.0, 'epoch': 0.85}
{'loss': 0.0, 'grad_norm': 3.1622776985168457, 'learning_rate': 0.0, 'epoch': 0.85}
{'loss': 0.0, 'grad_norm': 3.1622776985168457, 'learning_rate': 0.0, 'epoch': 0.85}
{'loss': 0.0, 'grad_norm': 3.1622776985168457, 'learning_rate': 0.0, 'epoch': 0.85}
{'loss': 0.0, 'grad_norm': 3.1622776985168457, 'learning_rate': 0.0, 'epoch': 0.85}
{'loss': 0.0, 'grad_norm': 3.1622776985168457, 'learning_rate': 0.0, 'epoch': 0.85}
{'loss': 0.0, 'grad_norm': 3.1622776985168457, 'learning_rate': 0.0, 'epoch': 0.85}
{'loss': 0.0, 'grad_norm': 3.1622776985168457, 'learning_rate': 0.0, 'epoch': 0.85}
{'loss': 0.0, 'grad_norm': 3.1622776985168457, 'learning_rate': 0.0, 'epoch': 0.86}
{'loss': 0.0, 'grad_norm': 3.1622776985168457, 'learning_rate': 0.0, 'epoch': 0.86}
{'loss': 0.0, 'grad_norm': 3.1622776985168457, 'learning_rate': 0.0, 'epoch': 0.86}
{'loss': 0.0, 'grad_norm': 3.1622776985168457, 'learning_rate': 0.0, 'epoch': 0.86}
{'loss': 0.0, 'grad_norm': 3.1622776985168457, 'learning_rate': 0.0, 'epoch': 0.86}
{'loss': 0.0, 'grad_norm': 3.1622776985168457, 'learning_rate': 0.0, 'epoch': 0.86}
{'loss': 0.0, 'grad_norm': 3.1622776985168457, 'learning_rate': 0.0, 'epoch': 0.86}
{'loss': 0.0, 'grad_norm': 3.1622776985168457, 'learning_rate': 0.0, 'epoch': 0.86}
{'loss': 0.0, 'grad_norm': 3.1622776985168457, 'learning_rate': 0.0, 'epoch': 0.86}
{'loss': 0.0, 'grad_norm': 3.1622776985168457, 'learning_rate': 0.0, 'epoch': 0.86}
{'loss': 0.0, 'grad_norm': 3.1622776985168457, 'learning_rate': 0.0, 'epoch': 0.86}
{'loss': 0.0, 'grad_norm': 3.1622776985168457, 'learning_rate': 0.0, 'epoch': 0.86}
{'loss': 0.0, 'grad_norm': 3.1622776985168457, 'learning_rate': 0.0, 'epoch': 0.86}
{'loss': 0.0, 'grad_norm': 3.1622776985168457, 'learning_rate': 0.0, 'epoch': 0.86}
{'loss': 0.0, 'grad_norm': 3.1622776985168457, 'learning_rate': 0.0, 'epoch': 0.86}
{'loss': 0.0, 'grad_norm': 3.1622776985168457, 'learning_rate': 0.0, 'epoch': 0.86}
{'loss': 0.0, 'grad_norm': 3.1622776985168457, 'learning_rate': 0.0, 'epoch': 0.86}
{'loss': 0.0, 'grad_norm': 3.1622776985168457, 'learning_rate': 0.0, 'epoch': 0.86}
{'loss': 0.0, 'grad_norm': 3.1622776985168457, 'learning_rate': 0.0, 'epoch': 0.86}
{'loss': 0.0, 'grad_norm': 3.1622776985168457, 'learning_rate': 0.0, 'epoch': 0.86}
{'loss': 0.0, 'grad_norm': 3.1622776985168457, 'learning_rate': 0.0, 'epoch': 0.86}
{'loss': 0.0, 'grad_norm': 3.1622776985168457, 'learning_rate': 0.0, 'epoch': 0.86}
{'loss': 0.0, 'grad_norm': 3.1622776985168457, 'learning_rate': 0.0, 'epoch': 0.86}
{'loss': 0.0, 'grad_norm': 3.1622776985168457, 'learning_rate': 0.0, 'epoch': 0.86}
{'loss': 0.0, 'grad_norm': 3.1622776985168457, 'learning_rate': 0.0, 'epoch': 0.86}
{'loss': 0.0, 'grad_norm': 3.1622776985168457, 'learning_rate': 0.0, 'epoch': 0.86}
{'loss': 0.0, 'grad_norm': 3.1622776985168457, 'learning_rate': 0.0, 'epoch': 0.86}
{'loss': 0.0, 'grad_norm': 3.1622776985168457, 'learning_rate': 0.0, 'epoch': 0.86}
{'loss': 0.0, 'grad_norm': 3.1622776985168457, 'learning_rate': 0.0, 'epoch': 0.86}
{'loss': 0.0, 'grad_norm': 3.1622776985168457, 'learning_rate': 0.0, 'epoch': 0.86}
{'loss': 0.0, 'grad_norm': 3.1622776985168457, 'learning_rate': 0.0, 'epoch': 0.86}
{'loss': 0.0, 'grad_norm': 3.1622776985168457, 'learning_rate': 0.0, 'epoch': 0.86}
{'loss': 0.0, 'grad_norm': 3.1622776985168457, 'learning_rate': 0.0, 'epoch': 0.86}
{'loss': 0.0, 'grad_norm': 3.1622776985168457, 'learning_rate': 0.0, 'epoch': 0.86}
{'loss': 0.0, 'grad_norm': 3.1622776985168457, 'learning_rate': 0.0, 'epoch': 0.86}
{'loss': 0.0, 'grad_norm': 3.1622776985168457, 'learning_rate': 0.0, 'epoch': 0.86}
{'loss': 0.0, 'grad_norm': 3.1622776985168457, 'learning_rate': 0.0, 'epoch': 0.86}
{'loss': 0.0, 'grad_norm': 3.1622776985168457, 'learning_rate': 0.0, 'epoch': 0.86}
{'loss': 0.0, 'grad_norm': 3.1622776985168457, 'learning_rate': 0.0, 'epoch': 0.86}
{'loss': 0.0, 'grad_norm': 3.1622776985168457, 'learning_rate': 0.0, 'epoch': 0.86}
{'loss': 0.0, 'grad_norm': 3.1622776985168457, 'learning_rate': 0.0, 'epoch': 0.86}
{'loss': 0.0, 'grad_norm': 3.1622776985168457, 'learning_rate': 0.0, 'epoch': 0.86}
{'loss': 0.0, 'grad_norm': 3.1622776985168457, 'learning_rate': 0.0, 'epoch': 0.86}
{'loss': 0.0, 'grad_norm': 3.1622776985168457, 'learning_rate': 0.0, 'epoch': 0.86}
{'loss': 0.0, 'grad_norm': 3.1622776985168457, 'learning_rate': 0.0, 'epoch': 0.86}
{'loss': 0.0, 'grad_norm': 3.1622776985168457, 'learning_rate': 0.0, 'epoch': 0.86}
{'loss': 0.0, 'grad_norm': 3.1622776985168457, 'learning_rate': 0.0, 'epoch': 0.86}
{'loss': 0.0, 'grad_norm': 3.1622776985168457, 'learning_rate': 0.0, 'epoch': 0.86}
{'loss': 0.0, 'grad_norm': 3.1622776985168457, 'learning_rate': 0.0, 'epoch': 0.86}
{'loss': 0.0, 'grad_norm': 3.1622776985168457, 'learning_rate': 0.0, 'epoch': 0.86}
{'loss': 0.0, 'grad_norm': 3.1622776985168457, 'learning_rate': 0.0, 'epoch': 0.86}
{'loss': 0.0, 'grad_norm': 3.1622776985168457, 'learning_rate': 0.0, 'epoch': 0.86}
{'loss': 0.0, 'grad_norm': 3.1622776985168457, 'learning_rate': 0.0, 'epoch': 0.87}
{'loss': 0.0, 'grad_norm': 3.1622776985168457, 'learning_rate': 0.0, 'epoch': 0.87}
{'loss': 0.0, 'grad_norm': 3.1622776985168457, 'learning_rate': 0.0, 'epoch': 0.87}
{'loss': 0.0, 'grad_norm': 3.1622776985168457, 'learning_rate': 0.0, 'epoch': 0.87}
{'loss': 0.0, 'grad_norm': 3.1622776985168457, 'learning_rate': 0.0, 'epoch': 0.87}
{'loss': 0.0, 'grad_norm': 3.1622776985168457, 'learning_rate': 0.0, 'epoch': 0.87}
{'loss': 0.0, 'grad_norm': 3.1622776985168457, 'learning_rate': 0.0, 'epoch': 0.87}
{'loss': 0.0, 'grad_norm': 3.1622776985168457, 'learning_rate': 0.0, 'epoch': 0.87}
{'loss': 0.0, 'grad_norm': 3.1622776985168457, 'learning_rate': 0.0, 'epoch': 0.87}
{'loss': 0.0, 'grad_norm': 3.1622776985168457, 'learning_rate': 0.0, 'epoch': 0.87}
{'loss': 0.0, 'grad_norm': 3.1622776985168457, 'learning_rate': 0.0, 'epoch': 0.87}
{'loss': 0.0, 'grad_norm': 3.1622776985168457, 'learning_rate': 0.0, 'epoch': 0.87}
{'loss': 0.0, 'grad_norm': 3.1622776985168457, 'learning_rate': 0.0, 'epoch': 0.87}
{'loss': 0.0, 'grad_norm': 3.1622776985168457, 'learning_rate': 0.0, 'epoch': 0.87}
{'loss': 0.0, 'grad_norm': 3.1622776985168457, 'learning_rate': 0.0, 'epoch': 0.87}
{'loss': 0.0, 'grad_norm': 3.1622776985168457, 'learning_rate': 0.0, 'epoch': 0.87}
{'loss': 0.0, 'grad_norm': 3.1622776985168457, 'learning_rate': 0.0, 'epoch': 0.87}
{'loss': 0.0, 'grad_norm': 3.1622776985168457, 'learning_rate': 0.0, 'epoch': 0.87}
{'loss': 0.0, 'grad_norm': 3.1622776985168457, 'learning_rate': 0.0, 'epoch': 0.87}
{'loss': 0.0, 'grad_norm': 3.1622776985168457, 'learning_rate': 0.0, 'epoch': 0.87}
{'loss': 0.0, 'grad_norm': 3.1622776985168457, 'learning_rate': 0.0, 'epoch': 0.87}
{'loss': 0.0, 'grad_norm': 3.1622776985168457, 'learning_rate': 0.0, 'epoch': 0.87}
{'loss': 0.0, 'grad_norm': 3.1622776985168457, 'learning_rate': 0.0, 'epoch': 0.87}
{'loss': 0.0, 'grad_norm': 3.1622776985168457, 'learning_rate': 0.0, 'epoch': 0.87}
{'loss': 0.0, 'grad_norm': 3.1622776985168457, 'learning_rate': 0.0, 'epoch': 0.87}
{'loss': 0.0, 'grad_norm': 3.1622776985168457, 'learning_rate': 0.0, 'epoch': 0.87}
{'loss': 0.0, 'grad_norm': 3.1622776985168457, 'learning_rate': 0.0, 'epoch': 0.87}
{'loss': 0.0, 'grad_norm': 3.1622776985168457, 'learning_rate': 0.0, 'epoch': 0.87}
{'loss': 0.0, 'grad_norm': 3.1622776985168457, 'learning_rate': 0.0, 'epoch': 0.87}
{'loss': 0.0, 'grad_norm': 3.1622776985168457, 'learning_rate': 0.0, 'epoch': 0.87}
{'loss': 0.0, 'grad_norm': 3.1622776985168457, 'learning_rate': 0.0, 'epoch': 0.87}
{'loss': 0.0, 'grad_norm': 3.1622776985168457, 'learning_rate': 0.0, 'epoch': 0.87}
{'loss': 0.0, 'grad_norm': 3.1622776985168457, 'learning_rate': 0.0, 'epoch': 0.87}
{'loss': 0.0, 'grad_norm': 3.1622776985168457, 'learning_rate': 0.0, 'epoch': 0.87}
{'loss': 0.0, 'grad_norm': 3.1622776985168457, 'learning_rate': 0.0, 'epoch': 0.87}
{'loss': 0.0, 'grad_norm': 3.1622776985168457, 'learning_rate': 0.0, 'epoch': 0.87}
{'loss': 0.0, 'grad_norm': 3.1622776985168457, 'learning_rate': 0.0, 'epoch': 0.87}
{'loss': 0.0, 'grad_norm': 3.1622776985168457, 'learning_rate': 0.0, 'epoch': 0.87}
{'loss': 0.0, 'grad_norm': 3.1622776985168457, 'learning_rate': 0.0, 'epoch': 0.87}
{'loss': 0.0, 'grad_norm': 3.1622776985168457, 'learning_rate': 0.0, 'epoch': 0.87}
{'loss': 0.0, 'grad_norm': 3.1622776985168457, 'learning_rate': 0.0, 'epoch': 0.87}
{'loss': 0.0, 'grad_norm': 3.1622776985168457, 'learning_rate': 0.0, 'epoch': 0.87}
{'loss': 0.0, 'grad_norm': 3.1622776985168457, 'learning_rate': 0.0, 'epoch': 0.87}
{'loss': 0.0, 'grad_norm': 3.1622776985168457, 'learning_rate': 0.0, 'epoch': 0.87}
{'loss': 0.0, 'grad_norm': 3.1622776985168457, 'learning_rate': 0.0, 'epoch': 0.87}
{'loss': 0.0, 'grad_norm': 3.1622776985168457, 'learning_rate': 0.0, 'epoch': 0.87}
{'loss': 0.0, 'grad_norm': 3.1622776985168457, 'learning_rate': 0.0, 'epoch': 0.87}
{'loss': 0.0, 'grad_norm': 3.1622776985168457, 'learning_rate': 0.0, 'epoch': 0.87}
{'loss': 0.0, 'grad_norm': 3.1622776985168457, 'learning_rate': 0.0, 'epoch': 0.87}
{'loss': 0.0, 'grad_norm': 3.1622776985168457, 'learning_rate': 0.0, 'epoch': 0.87}
{'loss': 0.0, 'grad_norm': 3.1622776985168457, 'learning_rate': 0.0, 'epoch': 0.87}
{'loss': 0.0, 'grad_norm': 3.1622776985168457, 'learning_rate': 0.0, 'epoch': 0.87}
{'loss': 0.0, 'grad_norm': 3.1622776985168457, 'learning_rate': 0.0, 'epoch': 0.88}
{'loss': 0.0, 'grad_norm': 3.1622776985168457, 'learning_rate': 0.0, 'epoch': 0.88}
{'loss': 0.0, 'grad_norm': 3.1622776985168457, 'learning_rate': 0.0, 'epoch': 0.88}
{'loss': 0.0, 'grad_norm': 3.1622776985168457, 'learning_rate': 0.0, 'epoch': 0.88}
{'loss': 0.0, 'grad_norm': 3.1622776985168457, 'learning_rate': 0.0, 'epoch': 0.88}
{'loss': 0.0, 'grad_norm': 3.1622776985168457, 'learning_rate': 0.0, 'epoch': 0.88}
{'loss': 0.0, 'grad_norm': 3.1622776985168457, 'learning_rate': 0.0, 'epoch': 0.88}
{'loss': 0.0, 'grad_norm': 3.1622776985168457, 'learning_rate': 0.0, 'epoch': 0.88}
{'loss': 0.0, 'grad_norm': 3.1622776985168457, 'learning_rate': 0.0, 'epoch': 0.88}
{'loss': 0.0, 'grad_norm': 3.1622776985168457, 'learning_rate': 0.0, 'epoch': 0.88}
{'loss': 0.0, 'grad_norm': 3.1622776985168457, 'learning_rate': 0.0, 'epoch': 0.88}
{'loss': 0.0, 'grad_norm': 3.1622776985168457, 'learning_rate': 0.0, 'epoch': 0.88}
{'loss': 0.0, 'grad_norm': 3.1622776985168457, 'learning_rate': 0.0, 'epoch': 0.88}
{'loss': 0.0, 'grad_norm': 3.1622776985168457, 'learning_rate': 0.0, 'epoch': 0.88}
{'loss': 0.0, 'grad_norm': 3.1622776985168457, 'learning_rate': 0.0, 'epoch': 0.88}
{'loss': 0.0, 'grad_norm': 3.1622776985168457, 'learning_rate': 0.0, 'epoch': 0.88}
{'loss': 0.0, 'grad_norm': 3.1622776985168457, 'learning_rate': 0.0, 'epoch': 0.88}
{'loss': 0.0, 'grad_norm': 3.1622776985168457, 'learning_rate': 0.0, 'epoch': 0.88}
{'loss': 0.0, 'grad_norm': 3.1622776985168457, 'learning_rate': 0.0, 'epoch': 0.88}
{'loss': 0.0, 'grad_norm': 3.1622776985168457, 'learning_rate': 0.0, 'epoch': 0.88}
{'loss': 0.0, 'grad_norm': 3.1622776985168457, 'learning_rate': 0.0, 'epoch': 0.88}
{'loss': 0.0, 'grad_norm': 3.1622776985168457, 'learning_rate': 0.0, 'epoch': 0.88}
{'loss': 0.0, 'grad_norm': 3.1622776985168457, 'learning_rate': 0.0, 'epoch': 0.88}
{'loss': 0.0, 'grad_norm': 3.1622776985168457, 'learning_rate': 0.0, 'epoch': 0.88}
{'loss': 0.0, 'grad_norm': 3.1622776985168457, 'learning_rate': 0.0, 'epoch': 0.88}
{'loss': 0.0, 'grad_norm': 3.1622776985168457, 'learning_rate': 0.0, 'epoch': 0.88}
{'loss': 0.0, 'grad_norm': 3.1622776985168457, 'learning_rate': 0.0, 'epoch': 0.88}
{'loss': 0.0, 'grad_norm': 3.1622776985168457, 'learning_rate': 0.0, 'epoch': 0.88}
{'loss': 0.0, 'grad_norm': 3.1622776985168457, 'learning_rate': 0.0, 'epoch': 0.88}
{'loss': 0.0, 'grad_norm': 3.1622776985168457, 'learning_rate': 0.0, 'epoch': 0.88}
{'loss': 0.0, 'grad_norm': 3.1622776985168457, 'learning_rate': 0.0, 'epoch': 0.88}
{'loss': 0.0, 'grad_norm': 3.1622776985168457, 'learning_rate': 0.0, 'epoch': 0.88}
{'loss': 0.0, 'grad_norm': 3.1622776985168457, 'learning_rate': 0.0, 'epoch': 0.88}
{'loss': 0.0, 'grad_norm': 3.1622776985168457, 'learning_rate': 0.0, 'epoch': 0.88}
{'loss': 0.0, 'grad_norm': 3.1622776985168457, 'learning_rate': 0.0, 'epoch': 0.88}
{'loss': 0.0, 'grad_norm': 3.1622776985168457, 'learning_rate': 0.0, 'epoch': 0.88}
{'loss': 0.0, 'grad_norm': 3.1622776985168457, 'learning_rate': 0.0, 'epoch': 0.88}
{'loss': 0.0, 'grad_norm': 3.1622776985168457, 'learning_rate': 0.0, 'epoch': 0.88}
{'loss': 0.0, 'grad_norm': 3.1622776985168457, 'learning_rate': 0.0, 'epoch': 0.88}
{'loss': 0.0, 'grad_norm': 3.1622776985168457, 'learning_rate': 0.0, 'epoch': 0.88}
{'loss': 0.0, 'grad_norm': 3.1622776985168457, 'learning_rate': 0.0, 'epoch': 0.88}
{'loss': 0.0, 'grad_norm': 3.1622776985168457, 'learning_rate': 0.0, 'epoch': 0.88}
{'loss': 0.0, 'grad_norm': 3.1622776985168457, 'learning_rate': 0.0, 'epoch': 0.88}
{'loss': 0.0, 'grad_norm': 3.1622776985168457, 'learning_rate': 0.0, 'epoch': 0.88}
{'loss': 0.0, 'grad_norm': 3.1622776985168457, 'learning_rate': 0.0, 'epoch': 0.88}
{'loss': 0.0, 'grad_norm': 3.1622776985168457, 'learning_rate': 0.0, 'epoch': 0.88}
{'loss': 0.0, 'grad_norm': 3.1622776985168457, 'learning_rate': 0.0, 'epoch': 0.88}
{'loss': 0.0, 'grad_norm': 3.1622776985168457, 'learning_rate': 0.0, 'epoch': 0.88}
{'loss': 0.0, 'grad_norm': 3.1622776985168457, 'learning_rate': 0.0, 'epoch': 0.88}
{'loss': 0.0, 'grad_norm': 3.1622776985168457, 'learning_rate': 0.0, 'epoch': 0.88}
{'loss': 0.0, 'grad_norm': 3.1622776985168457, 'learning_rate': 0.0, 'epoch': 0.88}
{'loss': 0.0, 'grad_norm': 3.1622776985168457, 'learning_rate': 0.0, 'epoch': 0.88}
{'loss': 0.0, 'grad_norm': 3.1622776985168457, 'learning_rate': 0.0, 'epoch': 0.89}
{'loss': 0.0, 'grad_norm': 3.1622776985168457, 'learning_rate': 0.0, 'epoch': 0.89}
{'loss': 0.0, 'grad_norm': 3.1622776985168457, 'learning_rate': 0.0, 'epoch': 0.89}
{'loss': 0.0, 'grad_norm': 3.1622776985168457, 'learning_rate': 0.0, 'epoch': 0.89}
{'loss': 0.0, 'grad_norm': 3.1622776985168457, 'learning_rate': 0.0, 'epoch': 0.89}
{'loss': 0.0, 'grad_norm': 3.1622776985168457, 'learning_rate': 0.0, 'epoch': 0.89}
{'loss': 0.0, 'grad_norm': 3.1622776985168457, 'learning_rate': 0.0, 'epoch': 0.89}
{'loss': 0.0, 'grad_norm': 3.1622776985168457, 'learning_rate': 0.0, 'epoch': 0.89}
{'loss': 0.0, 'grad_norm': 3.1622776985168457, 'learning_rate': 0.0, 'epoch': 0.89}
{'loss': 0.0, 'grad_norm': 3.1622776985168457, 'learning_rate': 0.0, 'epoch': 0.89}
{'loss': 0.0, 'grad_norm': 3.1622776985168457, 'learning_rate': 0.0, 'epoch': 0.89}
{'loss': 0.0, 'grad_norm': 3.1622776985168457, 'learning_rate': 0.0, 'epoch': 0.89}
Error with cannot identify image file '/scratch3/li309/data/llava_data/train_data/llava_image_tune/ocr_vqa/images/376028076.jpg'
{'loss': 0.0, 'grad_norm': 3.1622776985168457, 'learning_rate': 0.0, 'epoch': 0.89}
{'loss': 0.0, 'grad_norm': 3.1622776985168457, 'learning_rate': 0.0, 'epoch': 0.89}
{'loss': 0.0, 'grad_norm': 3.1622776985168457, 'learning_rate': 0.0, 'epoch': 0.89}
{'loss': 0.0, 'grad_norm': 3.1622776985168457, 'learning_rate': 0.0, 'epoch': 0.89}
{'loss': 0.0, 'grad_norm': 3.1622776985168457, 'learning_rate': 0.0, 'epoch': 0.89}
{'loss': 0.0, 'grad_norm': 3.1622776985168457, 'learning_rate': 0.0, 'epoch': 0.89}
{'loss': 0.0, 'grad_norm': 3.1622776985168457, 'learning_rate': 0.0, 'epoch': 0.89}
{'loss': 0.0, 'grad_norm': 3.1622776985168457, 'learning_rate': 0.0, 'epoch': 0.89}
{'loss': 0.0, 'grad_norm': 3.1622776985168457, 'learning_rate': 0.0, 'epoch': 0.89}
{'loss': 0.0, 'grad_norm': 3.1622776985168457, 'learning_rate': 0.0, 'epoch': 0.89}
{'loss': 0.0, 'grad_norm': 3.1622776985168457, 'learning_rate': 0.0, 'epoch': 0.89}
{'loss': 0.0, 'grad_norm': 3.1622776985168457, 'learning_rate': 0.0, 'epoch': 0.89}
{'loss': 0.0, 'grad_norm': 3.1622776985168457, 'learning_rate': 0.0, 'epoch': 0.89}
{'loss': 0.0, 'grad_norm': 3.1622776985168457, 'learning_rate': 0.0, 'epoch': 0.89}
{'loss': 0.0, 'grad_norm': 3.1622776985168457, 'learning_rate': 0.0, 'epoch': 0.89}
{'loss': 0.0, 'grad_norm': 3.1622776985168457, 'learning_rate': 0.0, 'epoch': 0.89}
{'loss': 0.0, 'grad_norm': 3.1622776985168457, 'learning_rate': 0.0, 'epoch': 0.89}
{'loss': 0.0, 'grad_norm': 3.1622776985168457, 'learning_rate': 0.0, 'epoch': 0.89}
{'loss': 0.0, 'grad_norm': 3.1622776985168457, 'learning_rate': 0.0, 'epoch': 0.89}
{'loss': 0.0, 'grad_norm': 3.1622776985168457, 'learning_rate': 0.0, 'epoch': 0.89}
{'loss': 0.0, 'grad_norm': 3.1622776985168457, 'learning_rate': 0.0, 'epoch': 0.89}
{'loss': 0.0, 'grad_norm': 3.1622776985168457, 'learning_rate': 0.0, 'epoch': 0.89}
{'loss': 0.0, 'grad_norm': 3.1622776985168457, 'learning_rate': 0.0, 'epoch': 0.89}
{'loss': 0.0, 'grad_norm': 3.1622776985168457, 'learning_rate': 0.0, 'epoch': 0.89}
{'loss': 0.0, 'grad_norm': 3.1622776985168457, 'learning_rate': 0.0, 'epoch': 0.89}
{'loss': 0.0, 'grad_norm': 3.1622776985168457, 'learning_rate': 0.0, 'epoch': 0.89}
{'loss': 0.0, 'grad_norm': 3.1622776985168457, 'learning_rate': 0.0, 'epoch': 0.89}
{'loss': 0.0, 'grad_norm': 3.1622776985168457, 'learning_rate': 0.0, 'epoch': 0.89}
{'loss': 0.0, 'grad_norm': 3.1622776985168457, 'learning_rate': 0.0, 'epoch': 0.89}
{'loss': 0.0, 'grad_norm': 3.1622776985168457, 'learning_rate': 0.0, 'epoch': 0.89}
{'loss': 0.0, 'grad_norm': 3.1622776985168457, 'learning_rate': 0.0, 'epoch': 0.89}
{'loss': 0.0, 'grad_norm': 3.1622776985168457, 'learning_rate': 0.0, 'epoch': 0.89}
{'loss': 0.0, 'grad_norm': 3.1622776985168457, 'learning_rate': 0.0, 'epoch': 0.89}
{'loss': 0.0, 'grad_norm': 3.1622776985168457, 'learning_rate': 0.0, 'epoch': 0.89}
{'loss': 0.0, 'grad_norm': 3.1622776985168457, 'learning_rate': 0.0, 'epoch': 0.89}
{'loss': 0.0, 'grad_norm': 3.1622776985168457, 'learning_rate': 0.0, 'epoch': 0.89}
{'loss': 0.0, 'grad_norm': 3.1622776985168457, 'learning_rate': 0.0, 'epoch': 0.89}
{'loss': 0.0, 'grad_norm': 3.1622776985168457, 'learning_rate': 0.0, 'epoch': 0.89}
{'loss': 0.0, 'grad_norm': 3.1622776985168457, 'learning_rate': 0.0, 'epoch': 0.89}
{'loss': 0.0, 'grad_norm': 3.1622776985168457, 'learning_rate': 0.0, 'epoch': 0.89}
{'loss': 0.0, 'grad_norm': 3.1622776985168457, 'learning_rate': 0.0, 'epoch': 0.9}
{'loss': 0.0, 'grad_norm': 3.1622776985168457, 'learning_rate': 0.0, 'epoch': 0.9}
{'loss': 0.0, 'grad_norm': 3.1622776985168457, 'learning_rate': 0.0, 'epoch': 0.9}
{'loss': 0.0, 'grad_norm': 3.1622776985168457, 'learning_rate': 0.0, 'epoch': 0.9}
{'loss': 0.0, 'grad_norm': 3.1622776985168457, 'learning_rate': 0.0, 'epoch': 0.9}
{'loss': 0.0, 'grad_norm': 3.1622776985168457, 'learning_rate': 0.0, 'epoch': 0.9}
{'loss': 0.0, 'grad_norm': 3.1622776985168457, 'learning_rate': 0.0, 'epoch': 0.9}
{'loss': 0.0, 'grad_norm': 3.1622776985168457, 'learning_rate': 0.0, 'epoch': 0.9}
{'loss': 0.0, 'grad_norm': 3.1622776985168457, 'learning_rate': 0.0, 'epoch': 0.9}
{'loss': 0.0, 'grad_norm': 3.1622776985168457, 'learning_rate': 0.0, 'epoch': 0.9}
{'loss': 0.0, 'grad_norm': 3.1622776985168457, 'learning_rate': 0.0, 'epoch': 0.9}
{'loss': 0.0, 'grad_norm': 3.1622776985168457, 'learning_rate': 0.0, 'epoch': 0.9}
{'loss': 0.0, 'grad_norm': 3.1622776985168457, 'learning_rate': 0.0, 'epoch': 0.9}
{'loss': 0.0, 'grad_norm': 3.1622776985168457, 'learning_rate': 0.0, 'epoch': 0.9}
{'loss': 0.0, 'grad_norm': 3.1622776985168457, 'learning_rate': 0.0, 'epoch': 0.9}
{'loss': 0.0, 'grad_norm': 3.1622776985168457, 'learning_rate': 0.0, 'epoch': 0.9}
{'loss': 0.0, 'grad_norm': 3.1622776985168457, 'learning_rate': 0.0, 'epoch': 0.9}
{'loss': 0.0, 'grad_norm': 3.1622776985168457, 'learning_rate': 0.0, 'epoch': 0.9}
{'loss': 0.0, 'grad_norm': 3.1622776985168457, 'learning_rate': 0.0, 'epoch': 0.9}
{'loss': 0.0, 'grad_norm': 3.1622776985168457, 'learning_rate': 0.0, 'epoch': 0.9}
{'loss': 0.0, 'grad_norm': 3.1622776985168457, 'learning_rate': 0.0, 'epoch': 0.9}
{'loss': 0.0, 'grad_norm': 3.1622776985168457, 'learning_rate': 0.0, 'epoch': 0.9}
Error with image file is truncated (5 bytes not processed)
{'loss': 0.0, 'grad_norm': 3.1622776985168457, 'learning_rate': 0.0, 'epoch': 0.9}
{'loss': 0.0, 'grad_norm': 3.1622776985168457, 'learning_rate': 0.0, 'epoch': 0.9}
{'loss': 0.0, 'grad_norm': 3.1622776985168457, 'learning_rate': 0.0, 'epoch': 0.9}
{'loss': 0.0, 'grad_norm': 3.1622776985168457, 'learning_rate': 0.0, 'epoch': 0.9}
{'loss': 0.0, 'grad_norm': 3.1622776985168457, 'learning_rate': 0.0, 'epoch': 0.9}
{'loss': 0.0, 'grad_norm': 3.1622776985168457, 'learning_rate': 0.0, 'epoch': 0.9}
{'loss': 0.0, 'grad_norm': 3.1622776985168457, 'learning_rate': 0.0, 'epoch': 0.9}
{'loss': 0.0, 'grad_norm': 3.1622776985168457, 'learning_rate': 0.0, 'epoch': 0.9}
{'loss': 0.0, 'grad_norm': 3.1622776985168457, 'learning_rate': 0.0, 'epoch': 0.9}
{'loss': 0.0, 'grad_norm': 3.1622776985168457, 'learning_rate': 0.0, 'epoch': 0.9}
{'loss': 0.0, 'grad_norm': 3.1622776985168457, 'learning_rate': 0.0, 'epoch': 0.9}
{'loss': 0.0, 'grad_norm': 3.1622776985168457, 'learning_rate': 0.0, 'epoch': 0.9}
{'loss': 0.0, 'grad_norm': 3.1622776985168457, 'learning_rate': 0.0, 'epoch': 0.9}
{'loss': 0.0, 'grad_norm': 3.1622776985168457, 'learning_rate': 0.0, 'epoch': 0.9}
{'loss': 0.0, 'grad_norm': 3.1622776985168457, 'learning_rate': 0.0, 'epoch': 0.9}
{'loss': 0.0, 'grad_norm': 3.1622776985168457, 'learning_rate': 0.0, 'epoch': 0.9}
{'loss': 0.0, 'grad_norm': 3.1622776985168457, 'learning_rate': 0.0, 'epoch': 0.9}
{'loss': 0.0, 'grad_norm': 3.1622776985168457, 'learning_rate': 0.0, 'epoch': 0.9}
{'loss': 0.0, 'grad_norm': 3.1622776985168457, 'learning_rate': 0.0, 'epoch': 0.9}
{'loss': 0.0, 'grad_norm': 3.1622776985168457, 'learning_rate': 0.0, 'epoch': 0.9}
{'loss': 0.0, 'grad_norm': 3.1622776985168457, 'learning_rate': 0.0, 'epoch': 0.9}
{'loss': 0.0, 'grad_norm': 3.1622776985168457, 'learning_rate': 0.0, 'epoch': 0.9}
{'loss': 0.0, 'grad_norm': 3.1622776985168457, 'learning_rate': 0.0, 'epoch': 0.9}
{'loss': 0.0, 'grad_norm': 3.1622776985168457, 'learning_rate': 0.0, 'epoch': 0.9}
{'loss': 0.0, 'grad_norm': 3.1622776985168457, 'learning_rate': 0.0, 'epoch': 0.9}
{'loss': 0.0, 'grad_norm': 3.1622776985168457, 'learning_rate': 0.0, 'epoch': 0.9}
{'loss': 0.0, 'grad_norm': 3.1622776985168457, 'learning_rate': 0.0, 'epoch': 0.9}
{'loss': 0.0, 'grad_norm': 3.1622776985168457, 'learning_rate': 0.0, 'epoch': 0.9}
{'loss': 0.0, 'grad_norm': 3.1622776985168457, 'learning_rate': 0.0, 'epoch': 0.9}
{'loss': 0.0, 'grad_norm': 3.1622776985168457, 'learning_rate': 0.0, 'epoch': 0.9}
{'loss': 0.0, 'grad_norm': 3.1622776985168457, 'learning_rate': 0.0, 'epoch': 0.91}
{'loss': 0.0, 'grad_norm': 3.1622776985168457, 'learning_rate': 0.0, 'epoch': 0.91}
{'loss': 0.0, 'grad_norm': 3.1622776985168457, 'learning_rate': 0.0, 'epoch': 0.91}
{'loss': 0.0, 'grad_norm': 3.1622776985168457, 'learning_rate': 0.0, 'epoch': 0.91}
{'loss': 0.0, 'grad_norm': 3.1622776985168457, 'learning_rate': 0.0, 'epoch': 0.91}
{'loss': 0.0, 'grad_norm': 3.1622776985168457, 'learning_rate': 0.0, 'epoch': 0.91}
{'loss': 0.0, 'grad_norm': 3.1622776985168457, 'learning_rate': 0.0, 'epoch': 0.91}
{'loss': 0.0, 'grad_norm': 3.1622776985168457, 'learning_rate': 0.0, 'epoch': 0.91}
{'loss': 0.0, 'grad_norm': 3.1622776985168457, 'learning_rate': 0.0, 'epoch': 0.91}
{'loss': 0.0, 'grad_norm': 3.1622776985168457, 'learning_rate': 0.0, 'epoch': 0.91}
{'loss': 0.0, 'grad_norm': 3.1622776985168457, 'learning_rate': 0.0, 'epoch': 0.91}
{'loss': 0.0, 'grad_norm': 3.1622776985168457, 'learning_rate': 0.0, 'epoch': 0.91}
{'loss': 0.0, 'grad_norm': 3.1622776985168457, 'learning_rate': 0.0, 'epoch': 0.91}
{'loss': 0.0, 'grad_norm': 3.1622776985168457, 'learning_rate': 0.0, 'epoch': 0.91}
{'loss': 0.0, 'grad_norm': 3.1622776985168457, 'learning_rate': 0.0, 'epoch': 0.91}
{'loss': 0.0, 'grad_norm': 3.1622776985168457, 'learning_rate': 0.0, 'epoch': 0.91}
{'loss': 0.0, 'grad_norm': 3.1622776985168457, 'learning_rate': 0.0, 'epoch': 0.91}
{'loss': 0.0, 'grad_norm': 3.1622776985168457, 'learning_rate': 0.0, 'epoch': 0.91}
{'loss': 0.0, 'grad_norm': 3.1622776985168457, 'learning_rate': 0.0, 'epoch': 0.91}
{'loss': 0.0, 'grad_norm': 3.1622776985168457, 'learning_rate': 0.0, 'epoch': 0.91}
{'loss': 0.0, 'grad_norm': 3.1622776985168457, 'learning_rate': 0.0, 'epoch': 0.91}
{'loss': 0.0, 'grad_norm': 3.1622776985168457, 'learning_rate': 0.0, 'epoch': 0.91}
{'loss': 0.0, 'grad_norm': 3.1622776985168457, 'learning_rate': 0.0, 'epoch': 0.91}
{'loss': 0.0, 'grad_norm': 3.1622776985168457, 'learning_rate': 0.0, 'epoch': 0.91}
{'loss': 0.0, 'grad_norm': 3.1622776985168457, 'learning_rate': 0.0, 'epoch': 0.91}
{'loss': 0.0, 'grad_norm': 3.1622776985168457, 'learning_rate': 0.0, 'epoch': 0.91}
{'loss': 0.0, 'grad_norm': 3.1622776985168457, 'learning_rate': 0.0, 'epoch': 0.91}
{'loss': 0.0, 'grad_norm': 3.1622776985168457, 'learning_rate': 0.0, 'epoch': 0.91}
{'loss': 0.0, 'grad_norm': 3.1622776985168457, 'learning_rate': 0.0, 'epoch': 0.91}
{'loss': 0.0, 'grad_norm': 3.1622776985168457, 'learning_rate': 0.0, 'epoch': 0.91}
{'loss': 0.0, 'grad_norm': 3.1622776985168457, 'learning_rate': 0.0, 'epoch': 0.91}
{'loss': 0.0, 'grad_norm': 3.1622776985168457, 'learning_rate': 0.0, 'epoch': 0.91}
{'loss': 0.0, 'grad_norm': 3.1622776985168457, 'learning_rate': 0.0, 'epoch': 0.91}
{'loss': 0.0, 'grad_norm': 3.1622776985168457, 'learning_rate': 0.0, 'epoch': 0.91}
{'loss': 0.0, 'grad_norm': 3.1622776985168457, 'learning_rate': 0.0, 'epoch': 0.91}
{'loss': 0.0, 'grad_norm': 3.1622776985168457, 'learning_rate': 0.0, 'epoch': 0.91}
{'loss': 0.0, 'grad_norm': 3.1622776985168457, 'learning_rate': 0.0, 'epoch': 0.91}
{'loss': 0.0, 'grad_norm': 3.1622776985168457, 'learning_rate': 0.0, 'epoch': 0.91}
{'loss': 0.0, 'grad_norm': 3.1622776985168457, 'learning_rate': 0.0, 'epoch': 0.91}
{'loss': 0.0, 'grad_norm': 3.1622776985168457, 'learning_rate': 0.0, 'epoch': 0.91}
{'loss': 0.0, 'grad_norm': 3.1622776985168457, 'learning_rate': 0.0, 'epoch': 0.91}
{'loss': 0.0, 'grad_norm': 3.1622776985168457, 'learning_rate': 0.0, 'epoch': 0.91}
{'loss': 0.0, 'grad_norm': 3.1622776985168457, 'learning_rate': 0.0, 'epoch': 0.91}
{'loss': 0.0, 'grad_norm': 3.1622776985168457, 'learning_rate': 0.0, 'epoch': 0.91}
{'loss': 0.0, 'grad_norm': 3.1622776985168457, 'learning_rate': 0.0, 'epoch': 0.91}
{'loss': 0.0, 'grad_norm': 3.1622776985168457, 'learning_rate': 0.0, 'epoch': 0.91}
{'loss': 0.0, 'grad_norm': 3.1622776985168457, 'learning_rate': 0.0, 'epoch': 0.91}
{'loss': 0.0, 'grad_norm': 3.1622776985168457, 'learning_rate': 0.0, 'epoch': 0.91}
{'loss': 0.0, 'grad_norm': 3.1622776985168457, 'learning_rate': 0.0, 'epoch': 0.91}
{'loss': 0.0, 'grad_norm': 3.1622776985168457, 'learning_rate': 0.0, 'epoch': 0.91}
{'loss': 0.0, 'grad_norm': 3.1622776985168457, 'learning_rate': 0.0, 'epoch': 0.91}
{'loss': 0.0, 'grad_norm': 3.1622776985168457, 'learning_rate': 0.0, 'epoch': 0.91}
{'loss': 0.0, 'grad_norm': 3.1622776985168457, 'learning_rate': 0.0, 'epoch': 0.92}
{'loss': 0.0, 'grad_norm': 3.1622776985168457, 'learning_rate': 0.0, 'epoch': 0.92}
{'loss': 0.0, 'grad_norm': 3.1622776985168457, 'learning_rate': 0.0, 'epoch': 0.92}
{'loss': 0.0, 'grad_norm': 3.1622776985168457, 'learning_rate': 0.0, 'epoch': 0.92}
{'loss': 0.0, 'grad_norm': 3.1622776985168457, 'learning_rate': 0.0, 'epoch': 0.92}
{'loss': 0.0, 'grad_norm': 3.1622776985168457, 'learning_rate': 0.0, 'epoch': 0.92}
{'loss': 0.0, 'grad_norm': 3.1622776985168457, 'learning_rate': 0.0, 'epoch': 0.92}
{'loss': 0.0, 'grad_norm': 3.1622776985168457, 'learning_rate': 0.0, 'epoch': 0.92}
{'loss': 0.0, 'grad_norm': 3.1622776985168457, 'learning_rate': 0.0, 'epoch': 0.92}
{'loss': 0.0, 'grad_norm': 3.1622776985168457, 'learning_rate': 0.0, 'epoch': 0.92}
{'loss': 0.0, 'grad_norm': 3.1622776985168457, 'learning_rate': 0.0, 'epoch': 0.92}
{'loss': 0.0, 'grad_norm': 3.1622776985168457, 'learning_rate': 0.0, 'epoch': 0.92}
{'loss': 0.0, 'grad_norm': 3.1622776985168457, 'learning_rate': 0.0, 'epoch': 0.92}
{'loss': 0.0, 'grad_norm': 3.1622776985168457, 'learning_rate': 0.0, 'epoch': 0.92}
{'loss': 0.0, 'grad_norm': 3.1622776985168457, 'learning_rate': 0.0, 'epoch': 0.92}
{'loss': 0.0, 'grad_norm': 3.1622776985168457, 'learning_rate': 0.0, 'epoch': 0.92}
{'loss': 0.0, 'grad_norm': 3.1622776985168457, 'learning_rate': 0.0, 'epoch': 0.92}
{'loss': 0.0, 'grad_norm': 3.1622776985168457, 'learning_rate': 0.0, 'epoch': 0.92}
{'loss': 0.0, 'grad_norm': 3.1622776985168457, 'learning_rate': 0.0, 'epoch': 0.92}
{'loss': 0.0, 'grad_norm': 3.1622776985168457, 'learning_rate': 0.0, 'epoch': 0.92}
{'loss': 0.0, 'grad_norm': 3.1622776985168457, 'learning_rate': 0.0, 'epoch': 0.92}
{'loss': 0.0, 'grad_norm': 3.1622776985168457, 'learning_rate': 0.0, 'epoch': 0.92}
{'loss': 0.0, 'grad_norm': 3.1622776985168457, 'learning_rate': 0.0, 'epoch': 0.92}
{'loss': 0.0, 'grad_norm': 3.1622776985168457, 'learning_rate': 0.0, 'epoch': 0.92}
{'loss': 0.0, 'grad_norm': 3.1622776985168457, 'learning_rate': 0.0, 'epoch': 0.92}
{'loss': 0.0, 'grad_norm': 3.1622776985168457, 'learning_rate': 0.0, 'epoch': 0.92}
{'loss': 0.0, 'grad_norm': 3.1622776985168457, 'learning_rate': 0.0, 'epoch': 0.92}
{'loss': 0.0, 'grad_norm': 3.1622776985168457, 'learning_rate': 0.0, 'epoch': 0.92}
{'loss': 0.0, 'grad_norm': 3.1622776985168457, 'learning_rate': 0.0, 'epoch': 0.92}
{'loss': 0.0, 'grad_norm': 3.1622776985168457, 'learning_rate': 0.0, 'epoch': 0.92}
{'loss': 0.0, 'grad_norm': 3.1622776985168457, 'learning_rate': 0.0, 'epoch': 0.92}
{'loss': 0.0, 'grad_norm': 3.1622776985168457, 'learning_rate': 0.0, 'epoch': 0.92}
{'loss': 0.0, 'grad_norm': 3.1622776985168457, 'learning_rate': 0.0, 'epoch': 0.92}
{'loss': 0.0, 'grad_norm': 3.1622776985168457, 'learning_rate': 0.0, 'epoch': 0.92}
{'loss': 0.0, 'grad_norm': 3.1622776985168457, 'learning_rate': 0.0, 'epoch': 0.92}
{'loss': 0.0, 'grad_norm': 3.1622776985168457, 'learning_rate': 0.0, 'epoch': 0.92}
{'loss': 0.0, 'grad_norm': 3.1622776985168457, 'learning_rate': 0.0, 'epoch': 0.92}
{'loss': 0.0, 'grad_norm': 3.1622776985168457, 'learning_rate': 0.0, 'epoch': 0.92}
{'loss': 0.0, 'grad_norm': 3.1622776985168457, 'learning_rate': 0.0, 'epoch': 0.92}
{'loss': 0.0, 'grad_norm': 3.1622776985168457, 'learning_rate': 0.0, 'epoch': 0.92}
{'loss': 0.0, 'grad_norm': 3.1622776985168457, 'learning_rate': 0.0, 'epoch': 0.92}
{'loss': 0.0, 'grad_norm': 3.1622776985168457, 'learning_rate': 0.0, 'epoch': 0.92}
{'loss': 0.0, 'grad_norm': 3.1622776985168457, 'learning_rate': 0.0, 'epoch': 0.92}
{'loss': 0.0, 'grad_norm': 3.1622776985168457, 'learning_rate': 0.0, 'epoch': 0.92}
{'loss': 0.0, 'grad_norm': 3.1622776985168457, 'learning_rate': 0.0, 'epoch': 0.92}
{'loss': 0.0, 'grad_norm': 3.1622776985168457, 'learning_rate': 0.0, 'epoch': 0.92}
{'loss': 0.0, 'grad_norm': 3.1622776985168457, 'learning_rate': 0.0, 'epoch': 0.92}
{'loss': 0.0, 'grad_norm': 3.1622776985168457, 'learning_rate': 0.0, 'epoch': 0.92}
{'loss': 0.0, 'grad_norm': 3.1622776985168457, 'learning_rate': 0.0, 'epoch': 0.92}
{'loss': 0.0, 'grad_norm': 3.1622776985168457, 'learning_rate': 0.0, 'epoch': 0.92}
{'loss': 0.0, 'grad_norm': 3.1622776985168457, 'learning_rate': 0.0, 'epoch': 0.92}
{'loss': 0.0, 'grad_norm': 3.1622776985168457, 'learning_rate': 0.0, 'epoch': 0.92}
{'loss': 0.0, 'grad_norm': 3.1622776985168457, 'learning_rate': 0.0, 'epoch': 0.93}
{'loss': 0.0, 'grad_norm': 3.1622776985168457, 'learning_rate': 0.0, 'epoch': 0.93}
{'loss': 0.0, 'grad_norm': 3.1622776985168457, 'learning_rate': 0.0, 'epoch': 0.93}
{'loss': 0.0, 'grad_norm': 3.1622776985168457, 'learning_rate': 0.0, 'epoch': 0.93}
{'loss': 0.0, 'grad_norm': 3.1622776985168457, 'learning_rate': 0.0, 'epoch': 0.93}
{'loss': 0.0, 'grad_norm': 3.1622776985168457, 'learning_rate': 0.0, 'epoch': 0.93}
{'loss': 0.0, 'grad_norm': 3.1622776985168457, 'learning_rate': 0.0, 'epoch': 0.93}
{'loss': 0.0, 'grad_norm': 3.1622776985168457, 'learning_rate': 0.0, 'epoch': 0.93}
{'loss': 0.0, 'grad_norm': 3.1622776985168457, 'learning_rate': 0.0, 'epoch': 0.93}
{'loss': 0.0, 'grad_norm': 3.1622776985168457, 'learning_rate': 0.0, 'epoch': 0.93}
{'loss': 0.0, 'grad_norm': 3.1622776985168457, 'learning_rate': 0.0, 'epoch': 0.93}
{'loss': 0.0, 'grad_norm': 3.1622776985168457, 'learning_rate': 0.0, 'epoch': 0.93}
Error with image file is truncated (57 bytes not processed)
{'loss': 0.0, 'grad_norm': 3.1622776985168457, 'learning_rate': 0.0, 'epoch': 0.93}
{'loss': 0.0, 'grad_norm': 3.1622776985168457, 'learning_rate': 0.0, 'epoch': 0.93}
{'loss': 0.0, 'grad_norm': 3.1622776985168457, 'learning_rate': 0.0, 'epoch': 0.93}
{'loss': 0.0, 'grad_norm': 3.1622776985168457, 'learning_rate': 0.0, 'epoch': 0.93}
{'loss': 0.0, 'grad_norm': 3.1622776985168457, 'learning_rate': 0.0, 'epoch': 0.93}
{'loss': 0.0, 'grad_norm': 3.1622776985168457, 'learning_rate': 0.0, 'epoch': 0.93}
{'loss': 0.0, 'grad_norm': 3.1622776985168457, 'learning_rate': 0.0, 'epoch': 0.93}
{'loss': 0.0, 'grad_norm': 3.1622776985168457, 'learning_rate': 0.0, 'epoch': 0.93}
{'loss': 0.0, 'grad_norm': 3.1622776985168457, 'learning_rate': 0.0, 'epoch': 0.93}
{'loss': 0.0, 'grad_norm': 3.1622776985168457, 'learning_rate': 0.0, 'epoch': 0.93}
{'loss': 0.0, 'grad_norm': 3.1622776985168457, 'learning_rate': 0.0, 'epoch': 0.93}
{'loss': 0.0, 'grad_norm': 3.1622776985168457, 'learning_rate': 0.0, 'epoch': 0.93}
{'loss': 0.0, 'grad_norm': 3.1622776985168457, 'learning_rate': 0.0, 'epoch': 0.93}
{'loss': 0.0, 'grad_norm': 3.1622776985168457, 'learning_rate': 0.0, 'epoch': 0.93}
{'loss': 0.0, 'grad_norm': 3.1622776985168457, 'learning_rate': 0.0, 'epoch': 0.93}
{'loss': 0.0, 'grad_norm': 3.1622776985168457, 'learning_rate': 0.0, 'epoch': 0.93}
{'loss': 0.0, 'grad_norm': 3.1622776985168457, 'learning_rate': 0.0, 'epoch': 0.93}
